row_idx,year,n_terms,dkl,survived_5y,total_competitors,live_competitors,share_neighbors_alive
158437,1997,14,-0.20788436637755314,true,0,0,0.0
724077,2013,42,-0.25602857063923423,true,1,0,0.0
426836,2009,15,-0.3085451611427015,true,9,8,0.8888888888888888
12982,1990,3,0.5830321692704894,true,373,353,0.9463806970509383
400515,2009,75,-0.16366039005191624,true,1,1,1.0
582851,2013,79,-0.19992912871976554,false,5,0,0.0
870965,2016,61,-0.15584897242937412,true,2,0,0.0
346900,2007,13,-0.2539968212531063,true,0,0,0.0
436859,2000,151,0.04877785376058119,true,5,5,1.0
731167,2013,78,0.0071568025535508895,true,0,0,0.0
817755,2015,57,0.19305061132020773,false,163,82,0.5030674846625767
1029193,2019,10,0.08442994415316551,true,13,1,0.07692307692307693
472742,2003,31,0.10183103572272412,true,4,4,1.0
599303,2016,425,-0.0254143084717664,false,2,0,0.0
401519,2009,66,0.39123934580219455,false,9,6,0.6666666666666666
903782,2017,17,-0.06162897796178157,false,1,0,0.0
362983,2007,155,-0.07010656056680897,true,4,3,0.75
425497,2009,13,0.1628683297482585,true,25,14,0.56
741680,2013,21,0.11033376049255139,true,0,0,0.0
216854,1999,25,0.19910563617523103,true,0,0,0.0
433912,2010,3,2.34157184076712,true,9,4,0.4444444444444444
1042892,2019,43,-0.1870660371277264,false,168,53,0.31547619047619047
596077,2016,28,0.06502079583807951,false,1,0,0.0
954629,2017,47,0.028535932035773204,false,2,1,0.5
954042,2017,9,-0.041735738269791156,true,1,1,1.0
140629,1996,31,0.21944486168232924,true,0,0,0.0
755245,2013,16,0.0442368719435855,true,0,0,0.0
582862,2013,17,-0.04681045740003942,false,2,1,0.5
49698,1993,10,0.3004262771168351,true,1,1,1.0
318156,2004,25,0.09005421766006005,true,4,1,0.25
54249,1993,3,0.490756715279522,false,12,3,0.25
549582,2003,208,0.1124709804704418,false,4,2,0.5
854425,2016,18,-0.10578290314725347,true,95,62,0.6526315789473685
981143,2018,12,0.04831285362094473,true,1,0,0.0
41330,1992,3,-0.496576525697229,true,1,0,0.0
189370,1998,24,-0.07091484986148267,true,7,7,1.0
944780,2017,12,0.10814920553194263,true,0,0,0.0
44246,1992,5,-0.000809452949714462,true,7,0,0.0
821314,2015,5,-0.11881613404668467,true,26,10,0.38461538461538464
969333,2018,125,0.01712429131530646,true,0,0,0.0
163158,1997,13,0.14248756080968228,true,3,3,1.0
554352,2006,22,-0.1945032159970559,false,0,0,0.0
359849,2007,87,0.009139439089457468,false,0,0,0.0
306883,2003,40,-0.09149143042385877,true,1,1,1.0
689642,2012,44,0.2836609385272215,true,1,0,0.0
459913,2002,29,-0.0944396060082715,false,3,2,0.6666666666666666
188857,1998,5,-0.2996706581767352,true,0,0,0.0
627126,2010,84,0.04280404293433815,false,3,0,0.0
911624,2017,104,-0.2657197768321251,false,43,26,0.6046511627906976
246071,2000,7,0.2255724921035407,false,712,519,0.7289325842696629
438252,2000,18,-0.015275290784530604,false,0,0,0.0
306273,2003,24,-0.09995965821973041,true,2,2,1.0
823730,2015,410,-0.1514996396694377,true,1,1,1.0
317008,2004,65,0.1489089457092092,true,1,1,1.0
510674,2005,19,-0.25706916610269825,false,4,4,1.0
999936,2018,14,0.08771363238393448,false,1,0,0.0
989991,2018,16,-0.1875055731385329,true,0,0,0.0
152253,1997,86,0.023017127323187836,true,7,7,1.0
564129,2008,107,0.11749981872613535,true,0,0,0.0
83309,1994,7,0.0786531617994326,true,1,1,1.0
14718,1990,25,0.257061637244945,false,2,2,1.0
224760,1999,20,0.24823751379668035,false,1,0,0.0
434201,2010,68,0.0391630050546965,true,0,0,0.0
666907,2011,4,0.010492877872103179,false,0,0,0.0
457752,2002,8,0.010095080662484435,true,0,0,0.0
414538,2009,17,0.22194386196314664,false,0,0,0.0
104176,1995,12,-0.07257291121933651,false,0,0,0.0
902927,2017,74,-0.08503724913459632,false,0,0,0.0
620422,2019,531,0.17585019652006073,false,0,0,0.0
95874,1995,59,0.08617284241561407,false,0,0,0.0
400374,2009,3,-0.19658512285050556,false,728,430,0.5906593406593407
408658,2009,26,0.057992769543997014,true,0,0,0.0
283898,2001,9,0.09688266744293195,true,2,1,0.5
845176,2015,9,-0.151518875762517,true,734,386,0.5258855585831063
886095,2016,24,-0.03716146979281465,true,0,0,0.0
608369,2018,167,0.021188316543041097,false,0,0,0.0
254234,2000,18,-0.27625184939459047,true,0,0,0.0
792361,2014,24,-0.047328788038674574,true,3,2,0.6666666666666666
111710,1995,8,-0.2721829600780037,false,8,3,0.375
688864,2012,15,-0.2014091375298328,false,1,0,0.0
994017,2018,9,0.027610516375901284,false,0,0,0.0
1012909,2018,3117,-0.08359955006607955,false,77,1,0.012987012987012988
990535,2018,47,-0.259377543720019,false,24,0,0.0
245009,2000,10,0.3312449782788649,true,10,5,0.5
805887,2015,15,-0.10249551303884896,false,1,1,1.0
822678,2015,18,0.20835446717740336,false,0,0,0.0
136374,1996,18,-0.18245832652925653,true,0,0,0.0
644133,2010,201,-0.13862217418270983,true,0,0,0.0
516164,2005,23,-0.06989796626590739,false,2,2,1.0
468315,2003,20,-0.2571764635886087,false,0,0,0.0
742819,2013,35,-0.012908792543990799,true,0,0,0.0
365863,2007,15,0.17368218892809129,true,1,1,1.0
1052771,2019,18,0.006690106087446246,true,3,3,1.0
780568,2014,21,-0.04310846254439671,false,0,0,0.0
429137,2010,53,-0.1103499316982619,false,0,0,0.0
483850,2004,26,-0.14164597510148447,false,0,0,0.0
704682,2012,109,0.014983291092772077,true,2,2,1.0
18941,1991,11,0.3607232502335975,true,1,1,1.0
490562,2004,272,-0.08069985601089691,true,2,2,1.0
135900,1996,3,-0.12065841446291259,false,95,49,0.5157894736842106
332448,2006,94,-0.08502759775441326,true,0,0,0.0
327320,2006,29,-0.04608673398773622,false,28,20,0.7142857142857143
193428,1998,7,-0.00937214216509652,true,0,0,0.0
699564,2012,28,0.28932498391309647,false,0,0,0.0
968754,2018,75,0.4805145830842683,false,1,0,0.0
325737,2011,26,0.20063573697327808,false,0,0,0.0
311024,2003,3,-0.26983394044100173,true,76,74,0.9736842105263158
227165,1999,28,0.2408476765197829,true,41,41,1.0
713731,2012,18,-0.2409487609023353,true,1,1,1.0
22383,1991,16,-0.03684995302819427,true,1,0,0.0
170364,1997,16,-0.25141591845117617,true,0,0,0.0
1036316,2019,89,0.1279688228708924,true,1,1,1.0
438301,2000,30,-0.2536868681995559,true,0,0,0.0
2009,1990,13,0.979368228362528,true,0,0,0.0
21592,1991,35,0.16568230838914388,true,0,0,0.0
583353,2013,107,-0.18399378830076607,false,1,0,0.0
687671,2012,13,0.3367574254876118,true,0,0,0.0
13727,1990,11,0.09300371794604079,false,0,0,0.0
255315,2000,508,-0.02787337387337807,false,2,0,0.0
574636,2011,205,-0.08577803991783117,false,1,1,1.0
760803,2014,74,-0.07156148635744852,true,17,15,0.8823529411764706
100053,1995,52,0.12621287885682442,false,1,1,1.0
188379,1998,22,-0.02459704826413489,true,4,3,0.75
696162,2012,6,-0.2846249533447729,false,4,0,0.0
11821,1990,7,0.15864894871937985,true,0,0,0.0
232202,1999,22,-0.2765388127571935,false,6,5,0.8333333333333334
950757,2017,37,-0.09394276150266556,true,3,2,0.6666666666666666
672522,2011,23,-0.31058767716671554,false,0,0,0.0
380758,2008,5,-0.10284811372124825,true,688,424,0.6162790697674418
577356,2012,338,0.029598158657060836,false,1,0,0.0
824810,2015,176,0.03546664292510737,true,1,0,0.0
85695,1994,17,-0.24402921754789375,true,0,0,0.0
599349,2017,80,0.08523330786179528,false,0,0,0.0
844887,2015,8,0.14301397440732977,true,0,0,0.0
450082,2002,16,-0.010757531551120358,true,0,0,0.0
277268,2001,102,1.0849750269408118,true,1055,1051,0.9962085308056872
219128,1999,19,-0.013129364207638439,true,2,2,1.0
670507,2011,5,-0.06022666459016879,false,328,203,0.6189024390243902
743125,2013,13,0.2632041229118265,false,1,0,0.0
217866,1999,22,0.025468735240059104,false,0,0,0.0
631988,2010,28,-0.16935700563714917,true,0,0,0.0
741422,2013,26,0.0288943006724125,false,1,0,0.0
358289,2007,41,0.4664333275562189,true,988,614,0.6214574898785425
342398,2007,33,-0.17383776967150588,true,3,2,0.6666666666666666
411479,2009,47,-0.1827184135193045,false,2,1,0.5
170291,1997,24,0.38949694135607604,true,0,0,0.0
161254,1997,13,-0.00980849938397732,false,1,0,0.0
682690,2012,39,0.03406954248065297,false,1,0,0.0
82720,1994,32,0.13946041892814875,true,0,0,0.0
802465,2015,12,0.02920276565220803,true,1,0,0.0
801086,2014,71,-0.06463724685265149,false,0,0,0.0
291553,2002,30,-0.20734720519576566,true,0,0,0.0
258457,2000,82,-0.17629457342242905,true,5,2,0.4
864310,2014,5,-0.20532374764798877,false,1,1,1.0
72236,1994,15,0.010383278217497072,true,2,2,1.0
643331,2010,36,0.12775746076358185,false,0,0,0.0
184026,1998,30,0.1780978292610138,true,0,0,0.0
389331,2008,61,-0.10309595079210432,false,0,0,0.0
91901,1995,8,-0.22236650812888215,false,0,0,0.0
554406,2006,15,-0.0625883335320454,false,0,0,0.0
1038009,2019,32,0.08788010007665648,false,0,0,0.0
506935,2005,7,-0.03041388358456043,true,0,0,0.0
267925,2000,52,-0.0814453916635891,true,0,0,0.0
330988,2006,26,-0.07924791730245584,true,483,433,0.8964803312629399
94828,1995,85,0.19090704429845884,false,1,0,0.0
927740,2017,14,0.013239037502095208,true,0,0,0.0
668055,2011,39,0.23886403854682037,true,1,1,1.0
649125,2011,4,-0.24047720510334258,true,35,15,0.42857142857142855
718473,2013,54,0.16617227535634171,false,0,0,0.0
961983,2018,30,0.09955919214080566,false,1,0,0.0
1031195,2019,174,-0.17921289901098403,false,121,23,0.19008264462809918
428867,2010,9,-0.06605624031979129,true,34,19,0.5588235294117647
539791,2006,27,-0.06897267141119912,true,0,0,0.0
435573,2007,17,-0.1661461576346186,true,17,11,0.6470588235294118
922657,2017,16,-0.16001414002836611,false,194,34,0.17525773195876287
957619,2018,38,0.7685322180363903,false,0,0,0.0
124213,1996,9,0.05262800954393576,true,23,14,0.6086956521739131
283288,2001,92,-0.006806712580107899,true,0,0,0.0
898928,2016,30,-0.013501423097693532,true,1,1,1.0
724143,2013,31,0.17033265435143452,true,1,1,1.0
134634,1996,10,-0.3429127787459283,false,2,2,1.0
51663,1993,15,-0.13593240379093618,true,1,0,0.0
868209,2016,33,0.15650292484071393,false,0,0,0.0
307853,2003,23,-0.1220044557508233,true,4,3,0.75
520883,2005,9,-0.2686901567335145,true,1,1,1.0
803863,2015,50,-0.15216071277259768,false,0,0,0.0
19318,1991,13,0.23556914653895866,true,0,0,0.0
748788,2013,15,-0.24716176922321953,true,5,4,0.8
417937,2009,243,-0.021126165046875034,true,0,0,0.0
954571,2017,35,-0.04452856240703351,false,1,0,0.0
2666,1990,30,0.7223212115447195,false,4,1,0.25
173605,1997,10,0.10347479443898955,false,498,335,0.6726907630522089
124972,1996,8,0.45438847280392203,true,1,1,1.0
856499,2016,20,0.002837563756157735,false,0,0,0.0
338865,2007,145,-0.17778790112975607,false,1,1,1.0
64337,1993,7,-0.2406393626391674,false,4,4,1.0
450363,2002,6,0.40958737525793953,false,0,0,0.0
878616,2016,59,0.13174058596456373,false,7,0,0.0
472394,2003,35,-0.24577690576049527,false,2,1,0.5
21150,1991,26,0.06245403644120362,false,0,0,0.0
963511,2018,26,0.006104546699847724,false,2,0,0.0
636216,2010,4,-0.16218653121271132,false,88,54,0.6136363636363636
404010,2009,17,-0.036286849311899516,true,0,0,0.0
167853,1997,9,-0.1836370764968951,false,5,2,0.4
215709,1999,6,0.02023051694584499,true,3,3,1.0
184969,1998,10,-0.1013807901849928,true,1,0,0.0
1064796,2019,9,-0.18701915178293937,false,0,0,0.0
485739,2004,43,0.034330904364595405,false,1,0,0.0
27763,1991,8,0.09085627121464679,false,0,0,0.0
1035703,2019,52,-0.13201444329328105,false,1,1,1.0
556822,2006,10,0.025808009929041198,false,1,0,0.0
350905,2007,4,-0.15848961065543676,true,2,2,1.0
350332,2007,62,0.01345811034081379,true,0,0,0.0
221044,1999,14,-0.3545887262352503,true,3,3,1.0
693977,2012,78,0.18608348531700258,false,1,0,0.0
1049471,2019,27,0.09409028683498644,false,0,0,0.0
567151,2009,173,-0.03766581360978538,false,1,0,0.0
38327,1992,17,0.05680175636181062,false,0,0,0.0
370093,2008,131,-0.07142109925344631,false,1,0,0.0
635207,2010,57,-0.24189855343604805,true,627,366,0.583732057416268
492945,2004,4,-0.19391739363481175,false,3,2,0.6666666666666666
7416,1990,9,0.41099268125232324,false,7,2,0.2857142857142857
991224,2018,110,-0.047191291187753226,true,0,0,0.0
934951,2017,58,0.09123283944519134,false,0,0,0.0
612138,2018,82,-0.05719802800895302,false,0,0,0.0
908677,2017,42,-0.12228931036959434,true,1,0,0.0
602025,2017,22,0.04566668306125177,false,0,0,0.0
903935,2017,67,0.08032305879834656,true,0,0,0.0
925138,2017,35,-0.11044542702320825,false,0,0,0.0
293314,2002,8,0.1686302498423098,true,0,0,0.0
656417,2011,12,0.2566812407429282,false,0,0,0.0
1042962,2019,313,0.05081799393906383,false,0,0,0.0
313384,2004,11,-0.2980641243656512,false,1,0,0.0
904488,2017,13,-0.09943228454997577,true,0,0,0.0
954186,2017,162,0.07414786442310373,false,19,15,0.7894736842105263
365591,2007,31,0.26799500293369416,true,0,0,0.0
41638,1992,18,-0.04158207164409067,false,0,0,0.0
286243,2001,19,-0.010870081140705423,false,1,1,1.0
994085,2018,35,0.028961521824165892,true,0,0,0.0
946923,2017,373,0.02034992937825786,true,4,2,0.5
269672,2001,13,-0.12806107559088176,true,1,0,0.0
425686,2009,3,-0.05234198885912633,false,22,16,0.7272727272727273
94287,1995,5,-0.5854826825299417,true,9,6,0.6666666666666666
810721,2015,90,0.06658485124596591,false,2,1,0.5
40112,1992,21,-0.045769208733339006,true,0,0,0.0
285863,2001,13,-0.13564758892249085,false,0,0,0.0
513776,2005,34,0.008414918694838569,true,0,0,0.0
964656,2018,6,-0.03332254163504533,false,6,0,0.0
36970,1992,85,0.03943412271837232,false,0,0,0.0
238268,2000,73,-0.02891174995167134,false,0,0,0.0
838014,2015,35,-0.1511194552145101,true,800,349,0.43625
53067,1993,29,0.1596570208958088,false,0,0,0.0
580847,2013,245,-0.00337816291241122,false,0,0,0.0
626588,2010,48,0.10719326069711776,true,3,2,0.6666666666666666
133431,1996,5,-0.046327776511740915,false,2,0,0.0
401523,2009,28,0.18877186930315926,false,0,0,0.0
1016050,2019,123,-0.01988689726582127,true,0,0,0.0
1027515,2019,9,0.15428895452597136,false,28,8,0.2857142857142857
457510,2002,350,0.039952817772576754,false,1,1,1.0
331699,2006,33,0.09364206232503891,true,276,186,0.6739130434782609
726880,2013,9,0.5284789398961385,true,57,28,0.49122807017543857
945500,2017,10,-0.0453509662625633,true,0,0,0.0
124583,1996,20,0.2578128768141372,false,0,0,0.0
1029006,2019,45,0.0665652289934453,true,1,1,1.0
534070,2006,17,-0.07718536406089083,true,3,3,1.0
440724,2000,6,-0.18814411850850554,true,0,0,0.0
149246,1996,37,0.01286010128001891,true,0,0,0.0
474942,2003,168,0.03777276187433953,false,6,3,0.5
364355,2007,56,-0.04597360606992229,true,1,1,1.0
350772,2007,35,0.010565434120677786,false,0,0,0.0
782313,2014,30,0.14440103757405787,false,1,0,0.0
83083,1994,8,-0.16437407634530032,false,1,0,0.0
934036,2017,104,-0.17697765672065646,false,28,16,0.5714285714285714
129849,1996,15,-0.10812863444524545,false,0,0,0.0
36235,1992,21,0.18274835689360014,false,0,0,0.0
868153,2016,122,-0.043863152017790785,false,1,0,0.0
477227,2003,32,0.04536347177546052,false,1,0,0.0
323307,2007,29,-0.28962541961022215,true,11,5,0.45454545454545453
179162,1997,9,-0.024270967343953842,false,0,0,0.0
203929,1998,11,-0.1309536897910739,false,0,0,0.0
492408,2004,31,-0.0356254619942904,false,0,0,0.0
51526,1993,18,-0.13732056271547588,false,1,0,0.0
1007775,2018,35,0.1973902626279509,true,0,0,0.0
955486,2017,115,-0.16167477023993815,true,0,0,0.0
193998,1998,14,-0.006720659519218408,true,0,0,0.0
85337,1994,9,-0.17980201184605882,false,0,0,0.0
912223,2017,15,0.052019560815340427,false,223,116,0.5201793721973094
265399,2000,165,0.016883824404765324,true,0,0,0.0
828741,2015,14,0.014463020945871818,true,2,2,1.0
431175,2010,20,0.09198590398262585,true,0,0,0.0
838020,2015,249,0.006585606037276648,true,0,0,0.0
692117,2012,32,0.11334077233944306,true,0,0,0.0
1011451,2018,11,0.20910482516736284,false,4,2,0.5
286333,2001,27,0.03632257340260203,false,3,0,0.0
72750,1994,8,-0.025941342311424975,true,0,0,0.0
269729,2001,7,0.06026946324846438,false,32,17,0.53125
398223,2008,6,0.1504027359218556,false,1198,719,0.6001669449081803
985871,2018,7,0.11735425340481598,false,81,45,0.5555555555555556
537650,2006,23,0.03156932918374178,false,0,0,0.0
535686,2006,12,0.041617572879459,false,1,0,0.0
49432,1993,19,0.09335764154215376,true,8,5,0.625
659378,2011,11,-0.5876789777382765,false,100,46,0.46
931196,2017,40,0.03424403755200256,false,6,4,0.6666666666666666
708728,2012,15,0.03731249089676769,true,0,0,0.0
651521,2011,65,-0.14378622273873365,true,0,0,0.0
431580,2010,60,0.09166534626467637,true,0,0,0.0
109150,1995,38,-0.16766862795427784,false,0,0,0.0
705686,2012,17,-0.009022256948234997,true,2,2,1.0
631186,2010,22,0.21118090380710353,false,0,0,0.0
422973,2009,70,-0.21808320067899345,false,1,1,1.0
1022993,2019,36,-0.02309375136141867,true,0,0,0.0
250255,2000,12,-0.0869026495655385,true,5,5,1.0
733724,2013,11,-0.02852255890063482,true,895,493,0.5508379888268157
770000,2014,13,0.21437920193428717,false,0,0,0.0
125821,1996,23,-0.09638658598226346,false,1,1,1.0
714010,2012,47,0.001914171895378125,true,0,0,0.0
170892,1997,124,0.0799706106859368,false,1,0,0.0
909144,2017,74,0.07513990388497671,false,2,1,0.5
688022,2012,27,-0.24672611379516862,true,0,0,0.0
316744,2004,25,-0.2825275355934451,true,4,4,1.0
854509,2016,48,-0.03326232762312742,false,0,0,0.0
1039816,2019,16,-0.22093761132648737,false,0,0,0.0
26837,1991,17,0.4554638846613548,false,0,0,0.0
674477,2011,6,-0.21928232806825143,false,9,4,0.4444444444444444
301595,2002,32,-0.2321834327359067,true,0,0,0.0
340264,2007,10,-0.2982180568295121,false,14,10,0.7142857142857143
123243,1996,29,-0.03480390734034966,false,1,0,0.0
149772,1997,14,0.10845958891501706,true,0,0,0.0
176247,1997,3,-0.15096439350967295,false,0,0,0.0
88375,1994,3,-0.23587913076691613,true,8,5,0.625
156599,1997,30,-0.1942454968914582,false,0,0,0.0
453,1990,22,1.657787980985466,true,0,0,0.0
338621,2007,24,-0.05345652399797718,true,0,0,0.0
10706,1990,38,0.4812019141848509,true,0,0,0.0
1023975,2019,18,-0.020814717018849294,false,0,0,0.0
501287,2005,17,-0.2955019008621642,true,3,3,1.0
977294,2018,97,-0.05978397959614412,false,0,0,0.0
164687,1997,22,0.03732737873782899,true,0,0,0.0
389793,2008,4,-0.09472781260778795,true,12,8,0.6666666666666666
533491,2006,20,0.058335338937560266,true,0,0,0.0
653881,2011,5,-0.23171125261035197,true,5,2,0.4
709301,2012,134,0.20047154132908673,false,0,0,0.0
70802,1994,5,-0.3796632964416613,false,4,0,0.0
444176,2001,11,-0.263226516738877,true,0,0,0.0
599410,2016,123,-0.08689801390967933,false,0,0,0.0
371307,2008,30,0.19983867669982391,false,0,0,0.0
839934,2015,64,-0.06628032582638665,false,1,1,1.0
571909,2010,127,0.03141985572067618,false,1,0,0.0
791425,2014,25,0.185532485049543,false,0,0,0.0
950079,2017,39,0.07125685023093364,true,0,0,0.0
283921,2001,68,0.017350390796893933,true,0,0,0.0
184050,1998,18,-0.24229531196439336,false,0,0,0.0
642313,2010,38,0.001316525664130097,true,3,3,1.0
356294,2007,27,-0.11375887843423271,false,1,0,0.0
136821,1996,9,0.2938688785017476,true,4,4,1.0
197829,1998,8,-0.07033347943055723,false,9,3,0.3333333333333333
239503,2000,16,0.04083507312907386,false,7,6,0.8571428571428571
916488,2017,21,-0.08101560273245667,false,3,2,0.6666666666666666
1034725,2019,33,0.14733322248769642,false,1,0,0.0
1003552,2018,53,-0.016605545267799116,false,0,0,0.0
1009013,2018,128,-0.10733554924321975,true,68,54,0.7941176470588235
720213,2013,41,0.23897712230864432,false,0,0,0.0
483142,2004,13,0.11172094295964552,true,0,0,0.0
842589,2015,47,-0.07675229126139005,true,1,1,1.0
773969,2014,21,-0.04983984732334612,true,2,0,0.0
399539,2009,100,-0.07556468920787829,false,2,2,1.0
402629,2009,6,-0.3480064204412896,true,5,2,0.4
219207,1999,21,-0.16997355534376535,true,0,0,0.0
373495,2008,72,-0.06797304685726768,true,0,0,0.0
1003010,2018,7,-0.017134004545712678,false,6,3,0.5
220375,1999,78,0.052048987623097176,true,5,5,1.0
154746,1997,45,0.03779490499882421,true,0,0,0.0
81701,1994,78,0.08757741892338977,true,1,1,1.0
865686,2016,69,-0.04198122730888709,true,27,10,0.37037037037037035
466856,2003,30,0.06790592363850578,false,28,9,0.32142857142857145
291719,2002,14,-0.2458610288067984,true,4,3,0.75
887851,2016,110,-0.11979662851421757,true,0,0,0.0
335093,2006,45,0.10393382411980578,true,102,81,0.7941176470588235
313912,2004,22,0.09472872318573167,false,0,0,0.0
57896,1993,10,0.0403331553842321,false,0,0,0.0
2781,1990,33,1.0654026024566958,false,0,0,0.0
76194,1994,12,0.13858069922135563,true,0,0,0.0
884795,2016,9,-0.13066265030457114,true,791,408,0.515802781289507
204299,1998,164,-0.09298019994105022,false,0,0,0.0
842543,2015,16,0.13479056376104914,true,17,9,0.5294117647058824
441800,2000,16,-0.0018815819643940301,false,2,1,0.5
389232,2008,40,-0.09509051823522086,true,3,2,0.6666666666666666
718197,2013,17,0.07094626245714242,false,1,0,0.0
100601,1995,10,-0.25408373590826905,true,0,0,0.0
827742,2015,15,0.11905880806585412,true,0,0,0.0
174193,1997,15,-0.25774972197231527,false,1,0,0.0
1058778,2019,81,-0.04089431048056458,false,1,1,1.0
373350,2008,8,0.02828486666636465,true,6,6,1.0
601229,2016,94,0.0760922739351777,false,39,3,0.07692307692307693
165047,1997,25,0.04178296449212837,false,0,0,0.0
196574,1998,10,-0.32522984603001515,false,0,0,0.0
306955,2003,9,-0.009177676220962994,true,2,2,1.0
458412,2002,10,-0.20135832791817965,true,0,0,0.0
771069,2014,5,0.20316907280926877,false,22,9,0.4090909090909091
90103,1994,23,-0.17538151453594608,false,0,0,0.0
754459,2013,55,0.030572400659625742,true,2,1,0.5
328609,2006,136,-0.23315367969727507,true,9,9,1.0
1038162,2019,40,-0.017550764975822197,false,1,0,0.0
166849,1997,14,0.14669873821803847,true,0,0,0.0
276057,2001,84,-0.021417577232837992,false,17,11,0.6470588235294118
171625,1997,13,-0.025720408865745448,true,1,1,1.0
253931,2000,8,0.2808216397654357,false,1,0,0.0
893520,2016,26,0.00704765206943847,false,1,1,1.0
616096,2019,140,0.10415223760834147,false,0,0,0.0
94292,1995,18,0.07596852250131558,true,1,1,1.0
696556,2012,113,-0.09659983827294649,true,22,9,0.4090909090909091
311082,2003,18,0.1514098457026991,true,11,5,0.45454545454545453
712075,2012,5,0.35680929614268475,false,1,1,1.0
546312,2006,38,0.15925968704813798,true,0,0,0.0
458020,2002,17,-0.28916449641696307,true,0,0,0.0
893219,2016,10,0.03618924933632428,false,76,32,0.42105263157894735
856217,2016,8,0.45835712669657536,false,0,0,0.0
492483,2004,24,-0.1209036965578294,true,0,0,0.0
909547,2017,54,-0.010640566205599278,false,0,0,0.0
294572,2002,29,0.028207290746134817,false,0,0,0.0
533928,2006,21,-0.06417787968216171,true,11,9,0.8181818181818182
390696,2008,133,0.00333346413155855,false,0,0,0.0
852568,2016,73,0.06876319451481905,true,35,11,0.3142857142857143
1004531,2018,54,-0.23625408277375737,false,1,0,0.0
313528,2004,96,0.04370189157667248,true,1,1,1.0
972903,2018,31,-0.025303598278036077,true,0,0,0.0
1061725,2019,99,-0.18740944597558062,false,0,0,0.0
724081,2013,13,0.6054920929522636,true,196,109,0.5561224489795918
690867,2012,14,0.5324937225904831,true,476,220,0.46218487394957986
86222,1994,9,0.39817501094971686,true,8,5,0.625
96937,1995,9,0.040553689824553096,true,5,5,1.0
947518,2017,51,-0.2059549410638084,false,4,2,0.5
656477,2011,201,-0.2192533874945397,true,11,11,1.0
308806,2003,54,-0.1652940180531166,true,15,8,0.5333333333333333
790533,2014,12,-0.40181563195530323,true,1,1,1.0
45524,1992,7,0.05823930372724284,false,29,16,0.5517241379310345
1008688,2018,6,-0.07281973748511561,true,0,0,0.0
596847,2016,1685,0.026640224559002057,false,8,0,0.0
504664,2005,10,-0.11025202004793666,true,0,0,0.0
27140,1991,5,-0.2966373013019208,true,0,0,0.0
720251,2013,17,0.10642059916344682,false,1,1,1.0
244060,1999,7,-0.0216144846111348,true,0,0,0.0
937176,2017,26,-0.096840239126319,false,6,2,0.3333333333333333
884362,2016,15,-0.2833689601144309,false,1,0,0.0
11109,1990,9,0.08008579145538608,false,0,0,0.0
1048358,2019,64,-0.25326681084748426,true,2,0,0.0
112941,1995,24,-0.1308250163519924,true,1,0,0.0
490100,2004,8,-0.5067326836724497,true,0,0,0.0
614166,2019,94,0.09346591050460784,false,3,2,0.6666666666666666
288353,2001,109,-0.0967199981861615,true,2,1,0.5
1041032,2019,73,0.0027979447325909845,true,0,0,0.0
380248,2008,13,1.0522947679136214,false,37,17,0.4594594594594595
217083,1999,18,0.05819401562342996,true,2,1,0.5
460423,2002,20,0.11759453717847368,false,0,0,0.0
846632,2015,65,0.03522263628164346,true,2,2,1.0
794842,2014,43,0.05681837816061641,true,0,0,0.0
664329,2011,576,-0.015769025427756045,true,8,8,1.0
902796,2017,47,0.14202552950395475,true,0,0,0.0
611604,2018,73,0.17041253789017974,true,2,1,0.5
455160,2002,15,-0.15918671315635358,false,9,0,0.0
482203,2004,43,0.03871654555023696,false,8,5,0.625
101660,1995,27,-0.029190583254364633,true,0,0,0.0
521295,2005,12,-0.04115611086259019,true,2,2,1.0
71903,1994,13,-0.12894738128447525,false,0,0,0.0
536174,2006,13,0.0549745238353454,false,101,45,0.44554455445544555
997676,2018,113,-0.17759487330314627,true,7,2,0.2857142857142857
419097,2009,22,0.157196264539885,false,3,3,1.0
1051499,2019,76,0.12307854728863354,true,5,2,0.4
127538,1996,46,-0.07852494375174413,true,4,3,0.75
993005,2018,18,-0.05428857848389512,false,0,0,0.0
743923,2013,211,-0.2679762890103907,false,6,2,0.3333333333333333
278292,2001,41,0.05155550017746613,true,4,2,0.5
11270,1990,14,0.19496706950966392,true,15,10,0.6666666666666666
964838,2018,5,-0.28865922178244574,false,4,1,0.25
685271,2012,10,0.31550759726382793,false,1,0,0.0
61504,1993,16,-0.06445750343991108,false,0,0,0.0
619616,2019,153,0.0746105256892795,false,0,0,0.0
363395,2007,122,0.12748326079981798,true,0,0,0.0
557880,2007,27,-0.12916400327082567,false,2,0,0.0
377809,2008,85,-0.017283490625758624,false,0,0,0.0
1005857,2018,33,0.13104613447541702,true,0,0,0.0
999289,2018,199,-0.02899096242241317,false,0,0,0.0
144942,1996,53,-0.1061413258810262,true,2,1,0.5
218594,1999,14,0.3178199676459119,false,0,0,0.0
291279,2002,5,0.08630047263174667,true,1,1,1.0
754905,2013,10,0.03174645649326191,false,0,0,0.0
150696,1997,51,-0.0567368976248126,true,0,0,0.0
190277,1998,5,0.04922619260088812,true,756,370,0.4894179894179894
413968,2009,43,-0.03585319515427976,false,1,1,1.0
217060,1999,74,0.018175421793768187,false,0,0,0.0
180121,1997,22,-0.19770638450653344,false,0,0,0.0
171728,1997,22,-0.1377979359620447,true,0,0,0.0
833366,2015,20,0.02984018691530199,true,1,1,1.0
605215,2017,110,-0.2041718248889275,false,5,1,0.2
246370,2000,32,0.09124838398064128,true,13,9,0.6923076923076923
519844,2005,13,0.5089754981428687,true,29,29,1.0
640789,2010,3,-0.07368764930173022,false,132,75,0.5681818181818182
275056,2001,14,-0.24075136601855185,true,0,0,0.0
316310,2004,168,-0.07713346799660492,false,7,2,0.2857142857142857
580675,2012,1057,-0.041187558540732194,false,1,0,0.0
5435,1990,7,0.2519333613032009,true,0,0,0.0
748298,2013,11,0.09824687793321729,true,0,0,0.0
716967,2012,6,-0.1435677808410709,false,2,2,1.0
797039,2014,57,0.03620443481849556,false,0,0,0.0
709878,2012,30,0.09556104714768665,false,1,0,0.0
393777,2008,38,-0.10320423010204882,true,49,40,0.8163265306122449
342956,2007,4,-0.2673648268225941,true,0,0,0.0
1056971,2019,40,-0.14473404404128232,false,6,2,0.3333333333333333
533546,2006,21,0.05009180580484962,false,0,0,0.0
949582,2017,6,0.07149219312904531,true,0,0,0.0
820806,2015,14,-0.02033697359713038,true,0,0,0.0
225807,1999,10,-0.28553190888528857,false,0,0,0.0
350488,2007,69,0.2899079759022287,true,2,2,1.0
712700,2012,35,-0.033256695909810396,false,3,1,0.3333333333333333
1025345,2019,73,-0.09248661025366722,false,1,0,0.0
969196,2018,319,-0.08170346605298295,false,9,3,0.3333333333333333
631067,2010,70,0.045947579590150944,false,8,1,0.125
1042725,2019,19,-0.12879007475641213,false,4,0,0.0
446060,2001,9,0.08125631296518065,true,2,2,1.0
371271,2008,48,-0.24099722374608756,true,1,1,1.0
844468,2015,21,0.003266790344877535,false,9,5,0.5555555555555556
288935,2001,29,-0.32651905312761365,false,1,1,1.0
75098,1994,10,0.0961752569534493,true,3,1,0.3333333333333333
347836,2007,3,0.029968409125017637,true,311,223,0.7170418006430869
540201,2006,17,-0.02769719022959727,true,2,2,1.0
202392,1998,27,0.019254311225895826,false,1,0,0.0
776943,2014,84,0.14108939382417685,false,0,0,0.0
476431,2003,12,0.23865704396262277,true,170,109,0.6411764705882353
430230,2010,7,-0.012551956379460272,false,34,23,0.6764705882352942
513467,2005,89,0.38032127756791256,true,2,2,1.0
750773,2013,23,0.1487804939503432,true,0,0,0.0
440109,2000,32,-0.14272309914289671,true,6,4,0.6666666666666666
653994,2011,76,-0.07345647241190623,false,2,1,0.5
567061,2010,57,-0.13228582032648273,false,1,0,0.0
964774,2018,95,0.15132096892968683,true,1,1,1.0
919509,2017,18,-0.05957477624162877,false,0,0,0.0
280264,2001,35,0.09919443226860203,false,1,1,1.0
597460,2016,254,-0.13699900785050811,false,0,0,0.0
655591,2011,4,0.07217983653191595,true,0,0,0.0
557050,2006,143,-0.026032859925605223,false,3,0,0.0
799602,2014,52,-0.17544054983701507,false,0,0,0.0
568018,2010,23,0.09755946656926895,false,0,0,0.0
301786,2002,5,-0.3449504692389933,false,0,0,0.0
111401,1995,36,0.015776480587864405,false,0,0,0.0
1070381,2019,29,0.06631870837083653,false,1,1,1.0
306582,2003,36,-0.3655942326471697,true,7,3,0.42857142857142855
353420,2007,60,-0.06801648690688733,true,0,0,0.0
562743,2008,70,-0.09160019455473112,false,0,0,0.0
856154,2016,21,-0.2497516633630017,true,0,0,0.0
323539,2007,54,-0.1786256207543806,false,0,0,0.0
56798,1993,13,0.045687881913070605,false,0,0,0.0
360823,2007,21,-0.0440449804669365,true,0,0,0.0
461263,2003,9,0.312899868619672,true,701,582,0.8302425106990015
611537,2018,178,0.0773069430163531,false,1,0,0.0
1041298,2019,30,0.20182120028684736,true,1,1,1.0
1058004,2019,13,-0.07572088926157683,true,0,0,0.0
925212,2017,69,-0.17129897940137706,false,0,0,0.0
81221,1994,3,-0.41885142138939324,true,123,113,0.9186991869918699
877580,2016,202,0.14486887888480693,true,3,3,1.0
604527,2017,9,-0.09067558154639688,false,10,2,0.2
827394,2015,44,-0.04143846631676773,false,4,2,0.5
126616,1996,46,0.07932193898111173,true,0,0,0.0
796064,2014,13,0.1597402522009368,true,1,1,1.0
182281,1998,19,-0.1518380511936348,true,4,0,0.0
107591,1995,17,-0.2809285753818562,true,5,3,0.6
952997,2017,55,0.20466470887307953,true,0,0,0.0
812447,2015,40,0.1056352306192192,false,0,0,0.0
779441,2014,24,0.005763760918710226,true,7,4,0.5714285714285714
847556,2015,132,-0.0038225761639840705,false,1,0,0.0
334941,2006,8,-0.12376790642878266,false,10,9,0.9
95502,1995,27,-0.2525511805969458,true,0,0,0.0
665083,2011,50,-0.14871462296852211,true,8,7,0.875
193218,1998,6,0.4650910042246217,true,17,17,1.0
750099,2013,60,-0.35538627100933695,false,100,91,0.91
22599,1991,17,-0.18521698585842117,true,10,8,0.8
82167,1994,14,-0.2191485521783818,false,0,0,0.0
996149,2018,9,-0.045084886039156835,false,0,0,0.0
381650,2008,126,-0.18923186297865602,false,2,2,1.0
131642,1996,17,0.19850978749395498,true,0,0,0.0
357436,2007,16,-0.059163454708185625,true,0,0,0.0
985324,2018,12,0.04529333995173701,false,0,0,0.0
878293,2016,145,0.6003405972611215,true,6,3,0.5
935235,2017,5,0.10280708836974739,false,4,2,0.5
375566,2008,3,-0.28656514484087037,false,22,13,0.5909090909090909
336374,2007,14,-0.1986338122799669,false,0,0,0.0
833353,2015,28,-0.026908480396429013,true,0,0,0.0
36301,1992,14,-0.01650656366377934,false,0,0,0.0
468166,2003,21,-0.1622816848123083,true,0,0,0.0
783247,2014,15,-0.12177736587303922,false,1,0,0.0
66802,1993,12,-0.4646318162431422,false,2,0,0.0
160431,1997,18,-0.07320739573547907,true,0,0,0.0
934462,2017,44,-0.11244353754475167,false,0,0,0.0
74629,1994,35,0.2257922502575358,false,2,0,0.0
703658,2012,32,-0.03754386430626955,false,1,0,0.0
29947,1991,9,0.1136717360558519,false,0,0,0.0
853170,2016,11,-0.027274124416704737,false,0,0,0.0
22235,1991,17,0.18151407751669968,false,0,0,0.0
87443,1994,12,-0.32675251710314246,true,0,0,0.0
667026,2011,9,0.18406340980598124,false,2,0,0.0
665560,2011,57,-0.0951330510764663,false,0,0,0.0
1061051,2019,19,0.728628570412277,true,10,8,0.8
896393,2016,106,-0.022522257739839624,true,1,0,0.0
169865,1997,15,-0.5129285981150922,false,5,3,0.6
849876,2015,66,-0.04992401403328017,true,6,2,0.3333333333333333
661628,2011,5,-0.07978959977555888,true,572,345,0.6031468531468531
1033050,2019,16,0.29649408263516985,true,7,7,1.0
558545,2007,83,-0.021859327098663783,false,0,0,0.0
910387,2017,27,-0.15557109759677523,true,0,0,0.0
651167,2011,48,0.1624698232785189,true,3,2,0.6666666666666666
430079,2010,16,-0.07238980006445761,true,11,4,0.36363636363636365
105773,1995,81,0.05685718204629442,false,2,2,1.0
633484,2010,21,-0.069219686523323,false,1,0,0.0
828449,2015,244,-0.05170895854503321,true,0,0,0.0
516507,2005,76,-0.03020027606519271,true,3,2,0.6666666666666666
411150,2009,145,-0.09457517833498619,true,4,4,1.0
104633,1995,12,0.13873705719890328,true,0,0,0.0
904819,2017,9,-0.045149281915727535,false,0,0,0.0
756792,2013,1026,-0.011387251954243283,true,0,0,0.0
685147,2012,10,-0.07905341274614575,false,487,265,0.5441478439425051
284386,2001,18,-0.15255939767575377,true,0,0,0.0
121380,1996,6,-0.09625916674623447,true,37,22,0.5945945945945946
268639,2001,16,0.009989078248038297,true,1,0,0.0
322900,2007,12,-0.12483771105738573,false,0,0,0.0
793489,2014,110,0.02113077542420516,false,0,0,0.0
109708,1995,50,0.0335860267590542,true,0,0,0.0
1036514,2019,10,-0.1350195397742011,true,1,1,1.0
948595,2017,171,-0.003751800357254531,true,0,0,0.0
793930,2014,31,-0.05635155386501012,true,4,2,0.5
802481,2015,434,0.09483454968394334,false,0,0,0.0
828750,2015,43,0.409742253077952,true,1,1,1.0
1028712,2019,62,-0.20782886283507063,false,53,2,0.03773584905660377
771629,2014,7,-0.12446047938657401,true,6,2,0.3333333333333333
1011974,2018,34,0.44832457124588476,true,0,0,0.0
53378,1993,9,-0.09367193742474811,true,3,3,1.0
586058,2014,91,-0.011802293453296642,false,5,0,0.0
523680,2005,6,0.009019512961964793,true,10,6,0.6
692041,2012,29,-0.10037897976467036,false,1647,853,0.5179113539769278
1029915,2019,19,-0.012757128328279244,false,783,348,0.4444444444444444
91469,1995,28,-0.1495277275912663,true,2,1,0.5
769210,2014,9,-0.11249179600740788,false,0,0,0.0
522264,2005,18,0.23410046354723235,true,0,0,0.0
235415,1999,13,0.005861477995950715,false,0,0,0.0
547298,2006,53,0.08780914280151464,true,2,2,1.0
257725,2000,54,0.0473396054392583,true,0,0,0.0
454622,2002,19,-0.13529643938688451,false,0,0,0.0
868235,2016,26,0.19824499818420094,false,0,0,0.0
142900,1996,8,0.20467321224164792,true,0,0,0.0
100542,1995,6,-0.3009928919321121,false,0,0,0.0
8259,1990,42,0.43893969919847287,false,1,0,0.0
714288,2012,20,0.24010988366830865,true,16,9,0.5625
767294,2014,13,0.16641355323659912,true,0,0,0.0
994568,2018,218,0.07931430151633023,false,0,0,0.0
126136,1996,7,0.020169067214383496,false,18,15,0.8333333333333334
133672,1996,8,-0.10263815583969649,true,1,1,1.0
763947,2014,17,-0.16338852063632991,true,4,3,0.75
370132,2008,9,-0.05886089206606471,true,1,1,1.0
202743,1998,12,0.20521346445933197,false,4,2,0.5
376897,2008,8,-0.14764904555240843,true,2,2,1.0
786501,2014,227,0.04273621298085262,true,3,2,0.6666666666666666
443791,2001,58,-0.005941295573597571,true,1,0,0.0
560014,2007,181,-0.0076365787170900035,false,0,0,0.0
931408,2017,13,-0.20889239151830186,true,0,0,0.0
2894,1990,5,0.9000373528049472,true,0,0,0.0
539730,2006,309,-0.17187634653360995,true,0,0,0.0
806584,2015,492,-0.024545234371863955,false,10,7,0.7
845516,2015,30,0.2542297328744958,true,1,0,0.0
351188,2007,26,0.014547513018130509,true,2,2,1.0
391204,2008,24,-0.17937500379122628,false,414,278,0.6714975845410628
623680,2010,9,0.3351336881736495,true,0,0,0.0
513534,2005,18,-0.3147701771187279,true,1,0,0.0
402586,2009,43,-0.2520629998344761,true,24,19,0.7916666666666666
141503,1996,18,-0.16556050364344443,false,0,0,0.0
317604,2004,94,0.01779326037279816,false,0,0,0.0
393269,2008,20,-0.04561290855900069,true,0,0,0.0
697228,2012,55,0.10776356653880725,false,0,0,0.0
242188,2000,39,0.08481559885525947,true,9,5,0.5555555555555556
133487,1996,45,-0.17869297120327365,true,18,14,0.7777777777777778
664019,2011,3,-0.3070275784526064,true,1,0,0.0
438800,2000,22,-0.15207587504097297,true,0,0,0.0
897904,2016,9,-0.08793932557287842,false,482,248,0.5145228215767634
424330,2009,16,-0.2878629495289067,true,407,183,0.44963144963144963
650774,2011,20,-0.2259022054458475,false,0,0,0.0
218906,1999,25,-0.013955457689514894,true,10,9,0.9
678454,2011,12,-0.016281926134920077,true,0,0,0.0
116555,1995,11,-0.2837621029119983,false,2,1,0.5
314648,2004,43,-0.15459293148603592,false,3,0,0.0
332117,2006,26,0.010474693309766359,true,6,2,0.3333333333333333
494313,2004,3,0.2903008851083406,true,4,1,0.25
75148,1994,32,0.10475999540822922,false,0,0,0.0
945298,2017,5,-0.26679868514130956,true,1,1,1.0
700950,2012,51,0.010196272701611164,false,0,0,0.0
497056,2004,34,-0.020355835353450757,true,0,0,0.0
372463,2008,7,0.0038381841792096694,true,223,125,0.5605381165919282
680674,2012,17,0.06263444034523769,false,1,0,0.0
351071,2007,106,0.07696814469855529,true,0,0,0.0
276053,2001,97,0.2447732089671053,false,1,0,0.0
189793,1998,18,-0.2941099750358145,false,0,0,0.0
767179,2014,255,-0.09538478376093984,true,1,1,1.0
565727,2009,19,-0.024722955540315006,false,1,0,0.0
671738,2011,94,0.2082016963713671,true,0,0,0.0
444345,2001,5,0.8541839107556495,true,0,0,0.0
270989,2001,15,0.18153401004890046,true,0,0,0.0
655971,2011,3,0.2322166762220732,true,34,22,0.6470588235294118
941892,2017,9,-0.1537047359557988,false,2,0,0.0
864796,2015,157,0.29739882273146456,false,5,0,0.0
438247,2000,17,-0.281045272591836,false,1,1,1.0
386466,2008,16,0.17757718816204537,true,2,2,1.0
599631,2017,37,-0.043093798523123894,false,0,0,0.0
397582,2008,9,-0.19700507092459674,false,5,5,1.0
30858,1991,24,0.4690252010501963,false,1,1,1.0
332340,2006,7,0.021626782074426032,true,195,114,0.5846153846153846
847652,2015,20,-0.10472424588275064,true,0,0,0.0
673631,2011,70,0.17492040422653954,true,0,0,0.0
455430,2002,108,-0.04054573086850599,true,2,1,0.5
186612,1998,16,0.018306487459426535,true,0,0,0.0
756986,2013,155,-0.24995066740780114,true,0,0,0.0
915999,2017,51,0.05105734374480431,true,2,2,1.0
785544,2014,126,0.10551128698229473,true,0,0,0.0
433735,2010,17,-0.0037781408225354696,false,0,0,0.0
662522,2011,20,0.09664606648339813,true,4,0,0.0
602752,2016,187,0.029867348862354426,false,0,0,0.0
418861,2009,71,0.48873858770852596,false,0,0,0.0
979713,2018,87,0.15318841636022373,false,0,0,0.0
580215,2012,394,-0.15820139901218822,false,1,0,0.0
105669,1995,6,-0.6120393130440869,false,0,0,0.0
258647,2000,19,0.09669250718008993,true,0,0,0.0
561717,2008,42,-0.11472925125356781,false,0,0,0.0
160487,1997,22,0.2745559753239082,false,4,2,0.5
668953,2011,151,0.09316648683098894,false,13,6,0.46153846153846156
687866,2012,30,-0.043523537166628046,true,0,0,0.0
636546,2010,4,-0.08574360740037079,false,7,3,0.42857142857142855
503099,2005,28,0.18795668851798908,false,193,91,0.47150259067357514
710741,2012,14,-0.07060451436715276,false,2,0,0.0
799405,2014,57,0.020046511347556084,false,0,0,0.0
734684,2013,16,0.04012089990861334,false,0,0,0.0
41905,1992,11,0.4111697123197473,false,0,0,0.0
77137,1994,25,0.057386049369409164,false,1,0,0.0
1045508,2019,16,0.15081526205956886,false,22,0,0.0
654972,2011,77,0.29122755896417996,true,2,2,1.0
161576,1997,23,-0.35285476912315783,true,0,0,0.0
1041161,2019,17,-0.20097449500976516,false,6,2,0.3333333333333333
343806,2007,9,0.13527247793788355,true,0,0,0.0
574106,2011,26,-0.11179199411487684,false,1,0,0.0
345346,2007,32,-0.120148599399867,true,1,1,1.0
691129,2012,48,0.16695185321140382,true,305,159,0.521311475409836
284741,2001,88,-0.21946733228473647,true,6,6,1.0
472053,2003,48,-0.07222847266246557,true,0,0,0.0
271980,2001,67,0.08011454041523347,true,2,2,1.0
1042775,2019,3152,-0.10042831118720463,false,60,1,0.016666666666666666
660827,2011,60,0.059107702977161836,false,0,0,0.0
389160,2008,25,-0.018307315830391246,false,0,0,0.0
671314,2011,32,0.09245743675971063,false,0,0,0.0
58110,1993,9,-0.05995792553384227,true,1,0,0.0
455079,2002,10,-0.008610826134781924,true,0,0,0.0
498125,2004,5,-0.19754412345199324,false,0,0,0.0
204257,1998,11,-0.34448233297078623,true,3,3,1.0
684378,2012,5,0.4602536575355156,true,15,12,0.8
153031,1997,26,0.3495898692436956,false,1,1,1.0
732070,2013,68,0.06941819283577422,true,0,0,0.0
759670,2014,74,-0.03259483642121719,false,0,0,0.0
215615,1999,48,-0.00666299064009479,true,4,4,1.0
1004394,2018,26,-0.014011784444651454,true,0,0,0.0
478558,2004,3,-0.10030698864018994,true,0,0,0.0
301649,2002,36,-0.3021380921661496,true,0,0,0.0
257440,2000,30,-0.05012175642056338,false,0,0,0.0
162228,1997,36,-0.08756491536978661,true,9,9,1.0
996660,2018,386,-0.19136899095159876,false,2,0,0.0
1053039,2019,317,-0.18330703162845952,false,0,0,0.0
117946,1995,38,0.21271995653200992,true,2,2,1.0
551076,2004,58,-0.09951304280525353,false,2,1,0.5
383209,2008,7,-0.11604775702324943,false,7,4,0.5714285714285714
195377,1998,6,-0.5753430290378567,true,2,2,1.0
695035,2012,5,-0.1334013029993253,true,594,356,0.5993265993265994
791095,2014,133,0.1198786075103726,false,1,1,1.0
1058837,2019,3,-0.0009165280249670005,false,9,4,0.4444444444444444
577441,2012,104,0.11403748118479573,true,1,1,1.0
740725,2013,51,0.0704510214947236,true,0,0,0.0
165227,1997,14,-0.18174316312741112,false,1,0,0.0
246436,2000,14,-0.019916474400289097,false,0,0,0.0
425472,2009,41,0.11577414182604695,false,0,0,0.0
153032,1997,18,0.28590856019112554,false,1,1,1.0
239739,2000,22,0.2288448908662959,true,0,0,0.0
50002,1993,39,0.14746928277677807,true,0,0,0.0
234212,1999,72,0.09639387857021653,true,0,0,0.0
888728,2016,58,-0.09861630614409389,false,0,0,0.0
186967,1998,6,-0.03183677064716495,false,2,2,1.0
860964,2016,17,0.129437486141879,true,2,0,0.0
899709,2016,4,-0.0728947901242396,false,1,1,1.0
814352,2015,48,0.010180180849569176,false,1,0,0.0
423830,2009,9,0.4766738289446302,true,0,0,0.0
395139,2008,31,-0.10331201733229278,false,1,1,1.0
758827,2014,34,-0.1446127958380945,false,6,1,0.16666666666666666
636054,2010,11,-0.26783307762180275,false,590,350,0.5932203389830508
795349,2014,7,0.16873081369791887,false,4,2,0.5
582811,2013,24,-0.11545283969372022,false,0,0,0.0
526228,2005,27,-0.14026469455187485,true,4,2,0.5
580988,2013,135,-0.023602046038757596,false,0,0,0.0
622826,2010,16,0.2690849836688338,true,0,0,0.0
251774,2000,34,-0.036352799337599606,true,0,0,0.0
364201,2007,10,-0.45736017747897506,true,79,48,0.6075949367088608
459032,2002,70,-0.27812980510930085,false,1,1,1.0
314910,2004,12,0.24626268006152152,false,0,0,0.0
557435,2006,617,-0.044091255432870735,false,0,0,0.0
549773,2004,7,-0.02441314135152073,false,10,8,0.8
185251,1998,45,-0.03892120068292293,true,0,0,0.0
337023,2007,98,0.12300439296332133,true,0,0,0.0
623565,2010,15,-0.18270784082256597,true,3,3,1.0
865469,2015,54,0.007514561360491001,false,0,0,0.0
16329,1991,40,0.01894975458716086,true,1,1,1.0
527822,2006,148,-0.07970703710634819,true,1,1,1.0
865242,2016,245,-0.003150765104256159,false,1,1,1.0
880756,2016,64,-0.15141840407441265,false,0,0,0.0
341375,2007,13,-0.26036585285378155,false,48,33,0.6875
1055054,2019,72,0.040162380958196575,false,3,0,0.0
954582,2017,130,-0.1922461427198492,true,0,0,0.0
62187,1993,29,0.33120848455870444,false,1,0,0.0
358726,2007,43,0.09204035891236284,true,1,0,0.0
372673,2008,12,0.06534638764598721,true,47,29,0.6170212765957447
142762,1996,23,-0.11327658274320562,false,2,2,1.0
988381,2018,96,-0.24359630030099932,false,12,2,0.16666666666666666
315385,2004,123,-0.18310279907735705,true,3,1,0.3333333333333333
631232,2010,23,-0.03187310132076604,false,0,0,0.0
875063,2016,34,0.042088850295959546,false,0,0,0.0
1006429,2018,20,0.11168642881126001,true,74,20,0.2702702702702703
561722,2007,127,-0.11528002344798782,false,2,0,0.0
291763,2002,5,-0.2972254135009256,false,248,126,0.5080645161290323
373433,2008,12,-0.08725742883098686,false,0,0,0.0
391980,2008,11,0.2258226938373582,false,4,3,0.75
71847,1994,9,0.035376528855709743,false,0,0,0.0
717469,2012,17,-0.30339558829081703,false,3,2,0.6666666666666666
157143,1997,49,-0.06719031460683578,false,2,0,0.0
433374,2010,42,0.015619554317157558,false,0,0,0.0
744441,2013,13,-0.21208465715010494,true,0,0,0.0
590756,2015,61,-0.08581586422555443,false,1,0,0.0
730384,2013,18,-0.062426393015200254,false,15,10,0.6666666666666666
877149,2016,250,-0.0450286560173736,false,0,0,0.0
232820,1999,11,-0.45262317672896657,false,1,0,0.0
927236,2017,45,0.016962237070598185,true,0,0,0.0
655885,2011,9,-0.16167265098794026,false,13,4,0.3076923076923077
301652,2002,13,0.12178917873458595,false,0,0,0.0
658799,2011,17,0.18970111852304328,true,131,73,0.5572519083969466
922839,2017,8,0.1633923293422317,true,1,0,0.0
380617,2008,65,0.030610618330394246,true,1,1,1.0
198168,1998,51,-0.14183273370562066,true,0,0,0.0
90640,1994,17,0.016582826339588408,true,1,1,1.0
94259,1995,25,-0.28130366616731806,true,0,0,0.0
553655,2005,66,-0.1594425914672648,false,0,0,0.0
299840,2002,19,-0.25979333263542514,true,6,3,0.5
1057483,2019,14,0.030999649373710803,false,0,0,0.0
466845,2003,17,-0.14705122023316974,true,0,0,0.0
360036,2007,33,-0.15459402688577217,true,5,4,0.8
726121,2013,89,0.28934162375938843,false,1,0,0.0
1022686,2019,59,0.2811792715722836,true,25,13,0.52
40383,1992,13,0.48484865131359367,true,0,0,0.0
1009709,2018,30,-0.061188379233637846,false,0,0,0.0
212218,1999,8,0.402281873269013,true,0,0,0.0
133140,1996,36,0.1323869227612975,true,2,2,1.0
386911,2008,21,0.19816355153994447,false,0,0,0.0
1054156,2019,39,-0.14281283254187915,false,0,0,0.0
518094,2005,328,0.10133035896256093,false,1,0,0.0
87357,1994,44,0.272860252089421,true,4,3,0.75
1007365,2018,91,0.05220079966275737,false,1,0,0.0
349515,2007,5,-0.1502491947680804,true,3,2,0.6666666666666666
892688,2016,13,0.3553081698768379,false,4,2,0.5
265484,2000,90,-0.14046989681370725,true,0,0,0.0
280166,2001,84,0.1428743154630645,false,0,0,0.0
887415,2016,6,-0.024724003357494695,true,0,0,0.0
418754,2009,46,-0.2232347981557803,true,131,88,0.6717557251908397
610900,2018,763,-0.05562940104481928,false,1,0,0.0
692358,2012,32,0.16493685297008387,true,0,0,0.0
884208,2016,32,-0.08558146154615986,false,28,8,0.2857142857142857
876979,2016,759,-0.05902961358126335,true,0,0,0.0
724339,2013,115,-0.13334139114853283,false,0,0,0.0
110180,1995,31,0.30165416344827367,false,0,0,0.0
391618,2008,19,-0.21516883546691545,false,0,0,0.0
610568,2018,461,-0.025458504435869944,false,0,0,0.0
366771,2007,6,0.36948823324404945,false,1220,736,0.6032786885245902
999909,2018,38,0.20598382074524757,true,1,1,1.0
326946,2003,23,-0.06294154011157893,false,0,0,0.0
619218,2019,160,0.043727230076503254,false,4,0,0.0
936962,2017,45,-0.07726257987662954,true,0,0,0.0
467793,2003,27,0.1001490084235126,false,0,0,0.0
559667,2007,152,-0.0302342846142567,false,0,0,0.0
74795,1994,30,-0.05228834993227949,false,0,0,0.0
1012332,2018,9,0.16597114891346898,false,2,0,0.0
298419,2002,19,-0.40415348897504977,true,6,6,1.0
541659,2006,27,0.3646202443852635,true,1,1,1.0
846204,2015,6,-0.06154180983804736,true,0,0,0.0
662006,2011,24,0.4416011897015988,false,1,0,0.0
187204,1998,45,-0.1682939018554901,true,1,0,0.0
1005308,2018,7,0.17290576816854752,false,1,0,0.0
73534,1994,17,0.22749196758249468,false,0,0,0.0
412101,2009,4,-0.004513132596885683,false,20,13,0.65
874262,2016,44,-0.2411677087066284,false,2,0,0.0
631781,2010,18,0.23139360823611455,false,326,138,0.4233128834355828
678418,2011,60,0.0072092257255063075,true,0,0,0.0
236637,2000,29,-0.07823390069970104,true,6,6,1.0
604532,2017,62,0.04856425909140549,false,4,0,0.0
671999,2011,46,0.10349879453574307,true,1,1,1.0
571285,2011,164,-0.07809934163841081,false,1,0,0.0
137886,1996,8,-0.06486474268693598,false,5,3,0.6
845307,2015,62,0.1389872339606164,false,0,0,0.0
739316,2013,5,-0.5143406655631999,true,27,20,0.7407407407407407
925736,2017,49,-0.03187158522659672,false,2,0,0.0
324455,2008,10,-0.12071418975238046,true,0,0,0.0
314210,2004,9,-0.25135015020616436,true,8,7,0.875
63584,1993,14,0.025808873513367026,true,2,1,0.5
453294,2002,23,0.0994671656298749,true,0,0,0.0
866811,2016,50,-0.09191004365792477,false,2,0,0.0
924645,2017,24,0.06065174972892251,false,0,0,0.0
206727,1999,32,0.1672055020507841,true,4,2,0.5
401699,2009,22,-0.03642283764265564,true,0,0,0.0
1056261,2019,97,0.031306097079248474,true,0,0,0.0
980426,2018,12,-0.13022683564680992,true,0,0,0.0
216822,1999,31,-0.028796556789215444,false,0,0,0.0
863627,2016,5,-0.1341746744586878,false,77,44,0.5714285714285714
55613,1993,5,-0.21004473255734535,false,7,0,0.0
209610,1999,9,-0.3096878241948069,false,20,8,0.4
145779,1996,79,-0.303204069402383,false,29,10,0.3448275862068966
53805,1993,4,0.380864491640577,true,5,5,1.0
466981,2003,35,-0.01526422366021496,false,0,0,0.0
717822,2012,16,0.13253197573998143,false,1,1,1.0
605026,2017,91,0.07514231427494167,false,10,0,0.0
201067,1998,17,-0.22347762780534186,true,2,1,0.5
662425,2011,223,0.05947859114702014,true,0,0,0.0
508696,2005,14,0.34218304526723564,true,0,0,0.0
491161,2004,27,-0.18188650724408895,false,1,1,1.0
195271,1998,28,0.12729832962874976,true,13,9,0.6923076923076923
253401,2000,25,-0.00642369797656972,true,2,2,1.0
713889,2012,26,-0.028248249900268974,false,0,0,0.0
848638,2015,12,-0.19002079373696912,false,432,189,0.4375
349982,2007,22,0.003203571980796127,false,0,0,0.0
933078,2017,64,0.022585816524145486,false,0,0,0.0
223030,1999,15,-0.014059781839770302,true,1,0,0.0
87005,1994,17,-0.2319942339466845,false,0,0,0.0
932422,2017,16,0.2669665730340389,false,1,0,0.0
985276,2018,22,-0.1956711606020054,false,5,2,0.4
16004,1991,37,0.128093953116303,false,1,0,0.0
782210,2014,16,0.058575896437696784,true,1,1,1.0
695090,2012,13,0.1614708693160205,true,0,0,0.0
744032,2013,35,-0.03149735735767223,true,0,0,0.0
178935,1997,173,-0.028752118033553042,true,8,7,0.875
987116,2018,25,0.12517871450485618,false,0,0,0.0
491453,2004,68,-0.012529155806931591,false,2,0,0.0
560130,2007,118,-0.07906688643801374,false,0,0,0.0
539125,2006,16,-0.13029301584921704,false,13,6,0.46153846153846156
217278,1999,18,0.009289146349562571,true,4,4,1.0
1204,1990,28,0.7839334797637365,false,0,0,0.0
724907,2013,28,-0.09937296742774038,true,87,59,0.6781609195402298
677948,2011,203,0.029613234035758218,true,0,0,0.0
329729,2006,128,0.08027999816692422,false,3,1,0.3333333333333333
726543,2013,11,0.12454770933269899,true,4,2,0.5
348900,2007,16,0.05465625718536771,false,0,0,0.0
265219,2000,9,0.19124069575910063,true,0,0,0.0
310164,2003,187,0.10189159090205369,false,1,0,0.0
64221,1993,11,0.2644020521967265,false,0,0,0.0
659507,2011,3,0.20316561066866878,true,27,14,0.5185185185185185
873003,2016,19,-0.014329043912228556,false,0,0,0.0
1000831,2018,37,0.2193566619695595,true,0,0,0.0
1067138,2019,98,-0.11920171325962947,true,3,3,1.0
1005852,2018,96,-0.04357244688453843,true,3,2,0.6666666666666666
622715,2010,20,0.030205940134262477,true,4,2,0.5
432968,2010,4,-0.047656918643115276,true,0,0,0.0
911909,2017,271,0.03273035998257612,false,1,0,0.0
965085,2018,42,-0.23039457070000324,true,39,9,0.23076923076923078
453552,2002,31,0.12685047381346237,true,1,1,1.0
163719,1997,19,-0.35304406250333376,true,0,0,0.0
772657,2014,11,-0.11978447386953484,false,18,9,0.5
771367,2014,9,0.10224139475380767,false,0,0,0.0
29893,1991,10,0.1925497182415361,true,5,2,0.4
563557,2008,59,0.04528216039685873,false,4,0,0.0
26068,1991,15,0.09976474548372671,true,0,0,0.0
948502,2017,5,-0.10421410898511407,false,1,0,0.0
656777,2011,23,-0.050278007458367746,false,1,0,0.0
674955,2011,54,-0.07249742862989805,true,3,3,1.0
478772,2004,97,-0.10640526562700359,false,3,0,0.0
903270,2017,345,-0.02505901163148616,false,0,0,0.0
899068,2016,42,-0.004677437141225482,false,12,1,0.08333333333333333
244436,2000,5,-0.03712195294014542,true,35,26,0.7428571428571429
833566,2015,6,-0.06967244537495798,true,0,0,0.0
335778,2007,35,0.1194126521857104,false,1,0,0.0
808953,2015,7,-0.06484355032295763,false,78,23,0.2948717948717949
236233,2000,37,0.19611653405993046,true,1,1,1.0
342763,2007,11,0.094936131144439,false,0,0,0.0
1045317,2019,121,0.1506581704343235,true,0,0,0.0
957971,2018,28,-0.02207093235974522,false,0,0,0.0
422719,2009,19,-0.07625660064712392,false,0,0,0.0
154738,1997,69,0.011452053450785371,true,1,1,1.0
241998,2000,9,-0.38735810313634644,false,0,0,0.0
385624,2008,27,-0.13316804571090612,true,22,19,0.8636363636363636
908242,2017,4,0.035849808636854164,true,100,52,0.52
634491,2010,36,-0.37393643908375296,false,385,146,0.37922077922077924
1042179,2019,21,0.004645633666437554,false,1,0,0.0
446827,2001,11,-0.057156609948610715,false,0,0,0.0
822977,2015,11,0.6474411478925486,true,5,3,0.6
341132,2007,27,-0.03931177040026235,true,2,2,1.0
496284,2004,22,-0.0455351039504146,true,0,0,0.0
1026745,2019,23,-0.16167369459988468,true,15,14,0.9333333333333333
895069,2016,57,0.054364057470318805,false,2,0,0.0
880032,2016,7,-0.04816990153650913,true,0,0,0.0
1065263,2019,17,-0.1910300017974036,false,17,12,0.7058823529411765
268040,2000,3,0.06311202979295771,false,0,0,0.0
732608,2013,10,0.08002635810240477,false,3,2,0.6666666666666666
810434,2015,73,-0.12367415836084739,true,0,0,0.0
956703,2017,140,0.09879326734016658,false,0,0,0.0
541865,2006,5,0.4216272811095294,false,0,0,0.0
149625,1996,15,-0.16534431487762546,false,1,0,0.0
928012,2017,336,0.027002838195531176,true,2,2,1.0
883175,2016,14,-0.0214110950660249,true,1,0,0.0
88878,1994,16,-0.04508979255973955,false,0,0,0.0
775508,2014,43,-0.04920522004176853,false,0,0,0.0
1000358,2018,23,0.04459628750893341,false,2,1,0.5
339632,2007,9,-0.12404342398321067,true,0,0,0.0
591749,2015,110,0.06677497444261427,false,0,0,0.0
1047364,2019,16,0.8404658068291297,true,12,7,0.5833333333333334
622372,2010,8,0.3236385234250978,false,0,0,0.0
87982,1994,11,-0.36669465142873836,false,11,2,0.18181818181818182
1065856,2019,173,-0.0809985736500316,false,4,0,0.0
474800,2003,16,0.3072833512497315,true,0,0,0.0
226950,1999,159,-0.042088590039067064,true,2,1,0.5
825885,2015,739,0.19597908110517492,false,2,0,0.0
932992,2017,118,0.10531617230952595,false,3,0,0.0
328271,2006,18,0.17283102858957733,true,3,3,1.0
654563,2011,5,0.06787720278650777,false,18,6,0.3333333333333333
410749,2009,11,0.11864896865253716,true,1,0,0.0
28146,1991,42,0.18290049083139426,true,0,0,0.0
503393,2005,87,0.2943804800160761,true,0,0,0.0
1019677,2019,32,-0.042633959323986836,false,0,0,0.0
162932,1997,47,0.27450421084571364,true,0,0,0.0
373480,2008,9,-0.18867757208830138,true,0,0,0.0
241940,2000,13,0.02423611111212587,false,1,0,0.0
109233,1995,18,-0.09342297117462106,false,0,0,0.0
645619,2011,30,0.13838208134913632,false,0,0,0.0
162665,1997,55,0.07854829231135518,false,1,0,0.0
533949,2006,9,-0.19219311140417084,true,9,7,0.7777777777777778
1052070,2019,57,0.1217776396631729,false,0,0,0.0
333658,2006,78,0.10523599000660422,false,5,2,0.4
782700,2014,22,-0.006858184553128588,true,0,0,0.0
338061,2007,24,-0.141232087241276,false,0,0,0.0
715341,2012,66,0.055429014861950066,true,1,1,1.0
65829,1993,9,0.22501777686122715,false,2,1,0.5
683253,2012,7,-0.3362403033266119,true,31,13,0.41935483870967744
396197,2008,5,-0.22639655930489688,true,3,3,1.0
1034966,2019,50,-0.19274755044592773,false,5,1,0.2
74312,1994,5,0.10959894303168127,true,17,13,0.7647058823529411
432568,2010,6,-0.191640332265143,false,0,0,0.0
561677,2008,24,0.04438616213954205,false,0,0,0.0
110089,1995,10,-0.08156024508680293,false,0,0,0.0
183563,1998,9,0.1055966145577143,true,454,225,0.4955947136563877
761572,2014,350,-0.09024581719076696,true,1,1,1.0
538627,2006,14,-0.3174133878344181,true,0,0,0.0
964034,2018,4,0.01487430618588359,true,41,24,0.5853658536585366
906750,2017,16,-0.1044446728366113,false,1,1,1.0
971902,2018,12,0.4855883594618291,false,18,7,0.3888888888888889
195172,1998,11,-0.11882743867093648,false,1,0,0.0
624220,2010,3,0.1208990578724416,true,53,34,0.6415094339622641
1043244,2019,12,-0.1943023881560375,false,0,0,0.0
648367,2011,21,-0.13402079151614155,true,384,217,0.5651041666666666
374761,2008,67,-0.08443067872641574,true,7,7,1.0
986530,2018,10,-0.04739524594079736,false,7,0,0.0
419580,2009,12,-0.11821121181451932,true,254,142,0.5590551181102362
46678,1992,159,0.08622983771691395,true,1,1,1.0
464495,2003,14,0.4502009190985641,false,22,8,0.36363636363636365
420638,2009,26,0.4371918642097814,true,0,0,0.0
469780,2003,12,0.07870698165262802,false,6,2,0.3333333333333333
463447,2003,10,-0.056144464012177764,true,0,0,0.0
769837,2014,75,-0.0573037463426882,true,0,0,0.0
1058532,2019,37,-0.0776209133987118,true,0,0,0.0
747342,2013,24,0.31042689267596923,false,1,1,1.0
358976,2007,48,0.23057468687100968,true,6,6,1.0
326286,2014,12,-0.05112672784063754,false,1,1,1.0
616592,2019,2437,-0.07470886378662911,false,1,0,0.0
112261,1995,185,-0.2663299242724486,false,2,0,0.0
1522,1990,6,1.3435247288268224,false,1,0,0.0
393794,2008,18,-0.11938833866743348,false,1,1,1.0
273084,2001,64,0.08613429796707539,false,1,1,1.0
803545,2015,9,-0.029666419841342773,true,2,2,1.0
649564,2011,494,0.17004646240236276,true,10,10,1.0
362502,2007,26,-0.13606414218034768,true,1,1,1.0
833966,2015,80,0.11185653222667913,false,0,0,0.0
748889,2013,174,0.05627169647321395,false,0,0,0.0
60058,1993,7,-0.029096372074462806,true,0,0,0.0
511074,2005,14,-0.029438723595866634,false,0,0,0.0
88162,1994,12,-0.19462845437764997,true,17,13,0.7647058823529411
683059,2012,21,0.28814073213426106,false,0,0,0.0
347980,2007,30,-0.5026935974125335,false,1,1,1.0
822237,2015,93,-0.1481819212880353,true,1,0,0.0
702379,2012,36,-0.06765014834988214,true,0,0,0.0
170337,1997,8,-0.1830025942386797,false,11,4,0.36363636363636365
165013,1997,15,-0.5459567651447399,true,2,2,1.0
458510,2002,6,0.009102010309542052,true,3,3,1.0
273536,2001,5,0.4140201323776722,false,211,119,0.5639810426540285
352999,2007,16,-0.016380366104922217,true,3,1,0.3333333333333333
229961,1999,58,-0.19752173867164569,true,0,0,0.0
5125,1990,6,0.5659991773769697,true,0,0,0.0
279448,2001,20,-0.18750618988074308,true,0,0,0.0
916625,2017,42,-0.041221811256202834,false,1,0,0.0
230331,1999,5,-0.11004813346706932,true,0,0,0.0
722557,2013,43,0.03935824079558703,true,1,0,0.0
462791,2003,7,-0.38663378617371347,true,3,0,0.0
39007,1992,40,0.10086290662982389,true,8,4,0.5
428541,2010,15,0.31880571189596285,false,1,1,1.0
315447,2004,70,-0.14235393209323988,false,4,1,0.25
515132,2005,9,0.2481958059989715,true,25,19,0.76
323178,2007,3,-0.029420795921976328,true,0,0,0.0
310135,2003,3,-0.2733657878718123,true,8,4,0.5
179543,1997,19,-0.08211591055949796,false,2,0,0.0
1046965,2019,77,-0.012272230695913322,false,1,0,0.0
287360,2001,37,-0.01930971388136271,false,2,2,1.0
529028,2006,16,-0.19145141427016998,false,1,0,0.0
114618,1995,7,-0.09104565619319072,true,0,0,0.0
635578,2010,22,0.08573851262277721,true,0,0,0.0
169253,1997,21,0.04640967274997543,false,0,0,0.0
465246,2003,25,-0.15258357659143496,true,0,0,0.0
886576,2016,8,-0.2838690749470487,true,1,1,1.0
333144,2006,70,-0.17552869336511723,true,0,0,0.0
992769,2018,51,-0.13464375449872845,true,0,0,0.0
339974,2007,535,-0.3271739089466186,true,52,52,1.0
181679,1998,13,0.06774418744226374,false,1,0,0.0
257641,2000,17,-0.19148405484991127,true,4,4,1.0
55258,1993,8,-0.540464309717942,true,1,1,1.0
611653,2018,61,-0.10832299846701421,false,1,0,0.0
604880,2017,50,0.06035546388307189,false,0,0,0.0
518465,2005,28,-0.048253603257444766,false,2,1,0.5
986162,2018,34,-0.001065802823360329,true,7,6,0.8571428571428571
62639,1993,30,-0.1457064746197867,false,2,0,0.0
354239,2007,26,-0.40157810984608666,true,0,0,0.0
1021944,2019,33,0.1347301414470028,false,3,0,0.0
192332,1998,15,0.04315446607866136,false,0,0,0.0
84106,1994,24,-0.12213816937957933,true,2,2,1.0
172826,1997,7,-0.26847521570833344,true,2,2,1.0
383933,2008,54,0.056383848241364554,false,2,0,0.0
11509,1990,16,0.07980937217442285,false,0,0,0.0
703290,2012,16,-0.0821472776473442,true,4,4,1.0
323768,2007,336,-0.28343669164871166,false,0,0,0.0
1019123,2019,22,-0.19723494045137002,true,0,0,0.0
734862,2013,96,-0.00030421786715528754,false,0,0,0.0
236664,2000,9,-0.07090640862563102,false,121,59,0.48760330578512395
18748,1991,20,0.5897374027425526,true,3,2,0.6666666666666666
450639,2002,21,-0.1651697451645182,false,0,0,0.0
920545,2017,75,0.022824643383973164,false,0,0,0.0
695388,2012,35,0.010983483790081294,true,0,0,0.0
424995,2009,11,-0.2556593166885053,true,17,12,0.7058823529411765
356252,2007,23,0.1462583912668256,true,23,18,0.782608695652174
457204,2002,8,0.1348859769523898,false,4,2,0.5
864981,2014,37,-0.05614702952405537,false,1,1,1.0
168250,1997,11,0.5011269353717287,true,14,9,0.6428571428571429
72743,1994,31,-0.29896307232852504,true,1,0,0.0
937573,2017,38,-0.1809017039939178,false,0,0,0.0
627132,2010,39,0.06598316020609829,true,1,0,0.0
529185,2006,13,-0.1978053019102024,false,3,2,0.6666666666666666
927047,2017,162,-0.18594054965590967,true,1,1,1.0
633140,2010,60,0.5033040868292886,true,0,0,0.0
432473,2010,28,-0.16274461806892226,true,0,0,0.0
448149,2001,12,-0.19779354214353795,false,0,0,0.0
1037809,2019,11,0.12496062042035927,true,1,1,1.0
319376,2005,27,-0.1496370842233432,false,0,0,0.0
1023371,2019,6,0.5579554672609497,true,0,0,0.0
999623,2018,17,-0.08604799201642344,false,0,0,0.0
586359,2014,425,-0.07432570704942343,false,0,0,0.0
540923,2006,30,-0.11069747286324283,true,3,2,0.6666666666666666
970187,2018,21,0.3068786959102381,true,1,0,0.0
100067,1995,83,0.052713358510223074,true,0,0,0.0
221205,1999,12,-0.04465047355256946,false,2,2,1.0
391024,2008,15,0.09388202113725619,true,0,0,0.0
670978,2011,44,0.12599201844935237,false,2,2,1.0
946124,2017,48,-0.00005234986229130101,false,3,0,0.0
113192,1995,15,-0.1544805551689281,true,0,0,0.0
242666,2000,31,0.15879523212737823,true,0,0,0.0
794300,2014,56,-0.08629866219362059,false,734,358,0.4877384196185286
782675,2014,173,0.09671429136545662,true,0,0,0.0
83831,1994,3,-0.5635120247938534,true,3,3,1.0
521914,2005,47,-0.16125825470551192,false,3,1,0.3333333333333333
727924,2013,19,-0.014024819873823091,false,1,0,0.0
874725,2016,389,-0.10560034693686049,false,1,0,0.0
562212,2008,66,-0.15359969724820477,false,4,0,0.0
1016115,2019,91,-0.10777294981966223,false,0,0,0.0
811320,2015,26,-0.1000419319428607,false,1,1,1.0
258802,2000,8,-0.1288826066565152,true,3,3,1.0
316962,2004,11,-0.05090011261535121,true,1,1,1.0
213234,1999,19,-0.060426052759383175,true,0,0,0.0
217612,1999,22,0.7754646268268273,false,325,253,0.7784615384615384
777422,2014,49,-0.19146263745182157,true,0,0,0.0
990271,2018,17,0.1388750945435504,false,0,0,0.0
243309,1996,68,0.20900924226048279,true,0,0,0.0
586968,2014,615,-0.11706069959037047,false,1,0,0.0
789827,2014,45,0.2543989798096611,false,8,3,0.375
931669,2017,25,-0.15914301162935907,true,0,0,0.0
295900,2002,18,-0.171454211604539,false,0,0,0.0
25996,1991,20,0.43655221801748834,false,0,0,0.0
260992,2000,28,-0.1754863385498906,true,3,3,1.0
1016065,2019,27,-0.13384968750370518,false,0,0,0.0
855112,2016,40,-0.2509793301347898,true,3,0,0.0
399783,2009,66,-0.03973228930503314,false,0,0,0.0
487956,2004,11,-0.018623491784358848,true,150,67,0.44666666666666666
841471,2015,15,0.09895049627093755,false,1,0,0.0
756762,2013,24,0.1173110483668438,true,0,0,0.0
281870,2001,39,-0.2278752035339462,false,10,7,0.7
1037446,2019,149,-0.006276070967953906,false,3,2,0.6666666666666666
421184,2009,48,-0.012948277432347055,true,0,0,0.0
799745,2014,18,0.151240134874989,false,2,0,0.0
545828,2006,57,-0.001883527535200713,false,0,0,0.0
805890,2015,10,0.07586497678788451,true,0,0,0.0
453401,2002,19,0.07011770767518843,true,0,0,0.0
442547,2001,20,-0.13237112540106555,false,0,0,0.0
624875,2010,15,0.10477608976320774,true,1343,816,0.6075949367088608
14721,1990,7,0.025988004180345747,true,3,1,0.3333333333333333
1017111,2019,57,-0.3736663573166137,false,2,0,0.0
508909,2005,22,-0.3156114048218335,true,21,21,1.0
229304,1999,25,0.26816933535148824,true,3,3,1.0
832888,2015,40,0.1686496821115746,false,0,0,0.0
968722,2018,224,0.07278258897160406,true,3,3,1.0
795389,2014,73,0.1112486695792585,true,2,1,0.5
502808,2005,22,0.028752208011759706,true,1,1,1.0
40238,1992,5,-0.18199765749867503,true,24,14,0.5833333333333334
178972,1997,55,0.17931449391681564,true,0,0,0.0
240181,2000,30,0.004364998643192841,true,0,0,0.0
747821,2013,153,0.22409412522416527,true,2,0,0.0
375440,2008,19,-0.2000334916288793,true,1,1,1.0
499870,2005,8,-0.0762309917043007,false,56,24,0.42857142857142855
393193,2008,14,0.18288379489835194,true,0,0,0.0
590567,2015,89,0.14637091374325006,false,2,0,0.0
369009,2008,15,-0.02952956478235791,true,1,1,1.0
605216,2017,318,0.02800906046268059,false,53,10,0.18867924528301888
396873,2008,5,-0.05436309335909595,true,39,33,0.8461538461538461
221527,1999,10,-0.4110925027765431,false,0,0,0.0
627865,2010,7,-0.10606939717943664,true,21,16,0.7619047619047619
753586,2013,31,-0.2971237579001702,false,37,20,0.5405405405405406
250821,2000,13,-0.036904342508063515,true,0,0,0.0
342504,2007,20,-0.13514450537241274,false,0,0,0.0
615528,2019,68,0.1512864886991001,false,0,0,0.0
394625,2008,105,-0.18491750692049091,false,0,0,0.0
1060,1990,16,0.9618441197842404,true,0,0,0.0
656794,2011,29,0.1421868567219926,true,0,0,0.0
940073,2017,22,-0.2877220874378894,true,0,0,0.0
1058746,2019,31,0.01033156642299815,true,0,0,0.0
644050,2010,31,0.12503775595466937,false,0,0,0.0
1063820,2019,10,-0.19440590848457084,false,0,0,0.0
774396,2014,19,-0.16174553795980096,true,2,0,0.0
1011690,2018,776,-0.02496842520620568,false,0,0,0.0
903901,2017,62,0.14314425098171224,false,1,0,0.0
1023267,2019,13,0.0028555977898259144,true,0,0,0.0
531048,2006,33,0.00004320419238190709,true,0,0,0.0
454238,2002,20,0.4201019978421314,true,215,117,0.5441860465116279
745356,2013,71,-0.1836691624283473,true,1,1,1.0
1007224,2018,282,-0.17790059773867428,true,6,5,0.8333333333333334
302357,2002,67,0.12906967616348197,true,0,0,0.0
359175,2007,14,-0.03674218459306555,false,31,16,0.5161290322580645
397827,2008,17,-0.05520314605450061,false,490,303,0.6183673469387755
56574,1993,3,-0.04002047687492194,false,6,5,0.8333333333333334
737595,2011,32,0.05999650759561437,false,0,0,0.0
403701,2009,20,-0.08166725786782081,true,0,0,0.0
138533,1996,17,0.03458116023212732,false,1,0,0.0
24360,1991,16,-0.17340845912912428,false,0,0,0.0
868421,2016,16,-0.05790502989774282,false,1,0,0.0
809679,2015,52,-0.05001709376411334,true,7,7,1.0
721063,2013,5,0.03844998783882403,true,19,6,0.3157894736842105
953561,2017,20,0.6252585867349723,true,1,1,1.0
508443,2005,30,0.0979377031688573,true,193,90,0.46632124352331605
591126,2015,4,-0.009223887083998683,false,3,1,0.3333333333333333
80997,1994,33,0.030739302192017703,false,1,0,0.0
839313,2015,9,-0.029620789430070182,false,0,0,0.0
678909,2011,3,-0.023104035466300132,true,63,32,0.5079365079365079
438112,2000,31,-0.006784205573100444,true,0,0,0.0
851450,2016,51,-0.02027053661454392,true,0,0,0.0
972120,2018,8,-0.03359937916627587,false,0,0,0.0
791829,2014,24,-0.04810809061694954,false,0,0,0.0
249254,2000,6,-0.2604379023242327,false,43,33,0.7674418604651163
687487,2012,39,-0.09247248340490355,false,5,4,0.8
497789,2004,18,0.0297580594632878,false,0,0,0.0
696073,2012,21,0.37775988760677137,false,0,0,0.0
1063725,2019,26,-0.05259218053057957,false,0,0,0.0
640828,2010,89,-0.08761473477680948,true,0,0,0.0
49367,1993,18,0.01429389538878123,true,0,0,0.0
1028162,2019,110,-0.0014317763293618668,true,0,0,0.0
1602,1990,10,1.0583311432173703,true,8,1,0.125
991434,2018,35,0.16905269901153286,false,3,0,0.0
90546,1994,8,-0.6764332207449417,true,0,0,0.0
38700,1992,3,-0.09723831964927854,true,0,0,0.0
821588,2015,17,0.18483405592395918,false,0,0,0.0
72240,1994,6,-0.006967341597452048,false,0,0,0.0
371186,2008,169,-0.07610297746260031,true,2,2,1.0
467016,2003,14,-0.15704014978732506,true,4,4,1.0
244378,2000,14,-0.03522559528518787,true,2,2,1.0
1021610,2019,607,0.05534936656848455,false,1,0,0.0
1031846,2019,281,0.09433393569420234,true,0,0,0.0
862963,2016,4,0.03094211402466307,false,75,13,0.17333333333333334
944810,2017,16,0.055028399821774876,false,2,0,0.0
250616,2000,9,-0.08636733250326323,true,0,0,0.0
792936,2014,22,-0.33446522901490994,true,3,3,1.0
634216,2010,14,0.18069734607189591,true,6,3,0.5
530124,2006,10,-0.10233594715784111,false,0,0,0.0
1005952,2018,17,-0.03709370888931929,true,83,25,0.30120481927710846
122126,1996,7,0.22814536047776102,true,0,0,0.0
983117,2018,50,-0.03255765659620824,false,0,0,0.0
322505,2006,17,-0.08109931485850996,false,0,0,0.0
865734,2016,39,-0.22848569881857905,false,1,0,0.0
637409,2010,11,-0.12016462882466339,false,6,3,0.5
910945,2017,34,-0.12127672641969856,true,15,8,0.5333333333333333
40502,1992,4,-0.10396469351256865,true,2,0,0.0
428004,2010,15,0.01449676099944952,false,4,1,0.25
54318,1993,10,0.12309068342523766,false,0,0,0.0
500898,2005,147,0.05410169984309654,false,2,1,0.5
120615,1996,24,-0.15728345707568359,true,0,0,0.0
915095,2017,33,0.033324634540487175,true,1,1,1.0
80233,1994,9,0.07951105393613922,false,59,32,0.5423728813559322
119926,1996,26,-0.09997351322589942,false,0,0,0.0
697408,2012,44,0.07860799676418839,false,14,7,0.5
451663,2002,6,0.2297781741117273,false,0,0,0.0
616047,2019,67,0.18498098097789528,false,0,0,0.0
822980,2015,335,0.05816396067190599,true,2,0,0.0
865534,2016,3,0.015016084903304083,true,3,3,1.0
1016513,2019,20,-0.061566936265383454,true,2,2,1.0
885655,2016,105,0.11003550478350599,false,36,5,0.1388888888888889
1069525,2018,124,0.029647270102856282,false,0,0,0.0
71857,1994,21,-0.009349101044509034,false,0,0,0.0
577918,2012,180,-0.03226722749227662,false,0,0,0.0
889894,2016,101,-0.1845947004958748,false,1,0,0.0
904942,2017,29,0.001760095281892582,true,0,0,0.0
1038082,2019,58,-0.05544741976173828,true,2,2,1.0
830953,2015,87,0.008667241641526324,true,1,0,0.0
604552,2017,56,-0.10514702826016276,false,0,0,0.0
526786,2005,21,-0.03884525525133675,true,0,0,0.0
456377,2002,5,-0.06656773614421585,false,1,0,0.0
1014521,2018,13,-0.14260857831360862,false,9,5,0.5555555555555556
1044484,2019,92,-0.05369453545635583,false,35,5,0.14285714285714285
849974,2016,33,-0.009274975154887954,false,0,0,0.0
795049,2014,17,-0.014670237214505555,true,1,0,0.0
872180,2016,14,0.06448968508742503,false,1,0,0.0
410642,2009,93,-0.0753541637575994,false,1,1,1.0
500917,2005,72,-0.23153524604598275,true,0,0,0.0
34161,1992,11,0.06863931391148093,true,0,0,0.0
888829,2016,981,-0.030136515410106313,false,1,0,0.0
701997,2012,29,0.0848365793506849,true,1,0,0.0
259150,2000,260,-0.035210840745530714,true,53,53,1.0
350210,2007,103,-0.17875684785689394,true,9,9,1.0
941655,2017,10,0.12805721437516304,true,0,0,0.0
584711,2014,90,0.07468523983568787,false,0,0,0.0
7197,1990,9,0.5716080760358357,true,5,5,1.0
728839,2013,14,-0.01851755441222025,true,0,0,0.0
826357,2015,71,0.05142281583114894,true,5,2,0.4
613763,2018,100,-0.2344337982920015,false,0,0,0.0
113475,1995,11,0.3977817256424938,true,0,0,0.0
408995,2009,51,-0.0875469788740375,true,0,0,0.0
384305,2008,36,-0.0702160711340909,true,1,1,1.0
288636,2001,8,0.2790345238856098,true,2,2,1.0
392014,2008,6,-0.39384363303324843,true,2,0,0.0
723177,2013,9,0.10000458348063734,false,1,0,0.0
567521,2010,228,0.04866034267303343,false,0,0,0.0
210080,1999,64,-0.247731217247658,true,1,1,1.0
398827,2008,161,0.1455793037357136,true,0,0,0.0
628258,2010,16,-0.11786451230990913,true,91,66,0.7252747252747253
995095,2018,16,-0.11150109979272038,true,0,0,0.0
1000325,2018,38,0.0004026834002113233,false,0,0,0.0
432413,2010,4,0.01620771283895195,true,0,0,0.0
828836,2015,60,0.1970759499483865,false,6,2,0.3333333333333333
445035,2001,18,0.09840149759911299,true,0,0,0.0
630977,2010,36,-0.17629830274822034,true,1,1,1.0
720008,2013,16,0.4050018899470196,true,0,0,0.0
455087,2002,24,-0.09332644338734664,true,2,1,0.5
37141,1992,25,0.2113103588780012,false,0,0,0.0
230749,1999,6,-0.12021793784386414,false,21,19,0.9047619047619048
984105,2018,19,0.08348119194283221,false,4,0,0.0
330723,2006,39,0.11888721202479147,true,0,0,0.0
248556,2000,42,-0.05008723596921705,true,0,0,0.0
114214,1995,16,-0.3052247708887297,false,0,0,0.0
745554,2013,49,0.07405538242439658,false,5,2,0.4
560963,2007,1400,0.02781791108209708,false,0,0,0.0
22112,1991,12,0.11531295503113759,true,5,5,1.0
100213,1995,10,-0.10082788200675896,false,1,0,0.0
222057,1999,8,0.06315769783782876,true,1,0,0.0
536801,2006,7,-0.2121296601818763,false,0,0,0.0
524873,2005,55,0.13740615900538788,true,6,4,0.6666666666666666
957918,2018,12,0.20265697236175306,false,2,0,0.0
67526,1993,22,0.12330482562180745,true,0,0,0.0
968472,2018,21,0.11406147200816186,false,2,0,0.0
695162,2012,5,0.12428805513143892,true,0,0,0.0
523862,2005,36,0.08559138631132424,true,2,1,0.5
285743,2001,53,-0.1696896479644998,false,0,0,0.0
969888,2018,68,0.07114541955940545,false,1,0,0.0
962282,2018,188,-0.08704189488453817,false,5,1,0.2
408522,2009,5,0.03964829956872329,false,200,115,0.575
893729,2016,88,-0.028474343259462742,false,0,0,0.0
498632,2004,41,-0.11858287861917827,true,0,0,0.0
555812,2006,891,0.07235690706146825,false,0,0,0.0
291046,2002,21,-0.27570535318484524,false,0,0,0.0
1049872,2019,14,-0.18638751627941197,false,0,0,0.0
445512,2001,10,-0.3312244664866295,false,1,0,0.0
504857,2005,86,-0.005820010542151088,true,0,0,0.0
169083,1997,11,-0.24075386778142338,false,0,0,0.0
173102,1997,25,0.21622769092916982,false,0,0,0.0
995987,2018,795,-0.10658223616568518,true,3,2,0.6666666666666666
10333,1990,5,0.6838048896921851,false,26,9,0.34615384615384615
417620,2009,19,0.14024396452046428,false,0,0,0.0
454211,2002,7,0.38701494488891,true,0,0,0.0
254532,2000,15,-0.09306717576840651,true,0,0,0.0
109236,1995,27,-0.08425142180969925,false,0,0,0.0
106846,1995,18,-0.07260803654384151,false,4,2,0.5
525799,2005,44,-0.009360539243815857,false,0,0,0.0
396940,2008,14,-0.20361642651393108,true,3,2,0.6666666666666666
946507,2017,83,-0.1376846525223323,true,1,1,1.0
445595,2001,29,0.4281806381533677,false,0,0,0.0
39042,1992,43,0.06616508938920784,false,0,0,0.0
913316,2017,55,-0.1598667778214633,false,1,0,0.0
477290,2003,18,-0.1562625827172388,false,5,5,1.0
632792,2010,86,0.31338200653578596,false,2,1,0.5
950481,2017,65,0.09167815515796907,false,0,0,0.0
37215,1992,5,-0.0504019105657143,true,0,0,0.0
579417,2013,472,0.05858969676733672,false,2,0,0.0
208128,1999,30,-0.030919191986459538,true,0,0,0.0
9786,1990,20,0.33040231855319124,true,1,1,1.0
892302,2016,125,-0.06900595244271734,false,2,1,0.5
220855,1999,28,-0.15282766058583785,true,5,2,0.4
199745,1998,9,-0.053651573553859855,true,0,0,0.0
784544,2014,49,-0.09001102438429154,true,0,0,0.0
928276,2017,16,-0.2572764450659486,false,15,8,0.5333333333333333
954313,2017,57,-0.03936565143220516,false,2,1,0.5
835728,2015,135,-0.13887069762087378,false,52,20,0.38461538461538464
416880,2009,44,-0.08774365630900594,false,0,0,0.0
703109,2012,25,0.26931948313576193,false,6,5,0.8333333333333334
53203,1993,5,-0.11028659667398433,true,0,0,0.0
23005,1991,3,-0.219736480949269,false,6,2,0.3333333333333333
661427,2011,28,-0.04360493874164373,true,0,0,0.0
69200,1994,7,-0.11285286509983816,false,2,1,0.5
461688,2003,33,-0.18371303963249463,false,0,0,0.0
428759,2010,130,-0.00010112505242343417,true,0,0,0.0
1022687,2019,119,0.11349608321438343,true,1,1,1.0
62785,1993,15,-0.29065293996856667,true,0,0,0.0
880549,2016,10,-0.09713391384776848,true,471,229,0.4861995753715499
8867,1990,74,0.3496954123490186,false,1,0,0.0
594216,2015,419,0.019182642286263984,false,1,0,0.0
374889,2008,5,-0.02732594708005376,true,666,429,0.6441441441441441
435031,2010,34,0.07301879983821369,true,2,2,1.0
46939,1992,26,-0.11072774496899385,true,0,0,0.0
75021,1994,37,-0.07801364395872312,false,0,0,0.0
970268,2018,20,0.11397645366595022,false,0,0,0.0
567665,2009,30,-0.09962161017798898,false,0,0,0.0
200441,1998,22,0.16957555950090253,true,0,0,0.0
642839,2010,43,-0.09510981388776063,false,0,0,0.0
574961,2011,146,0.023291595120561226,false,0,0,0.0
828038,2015,23,-0.08523181148424186,true,2,1,0.5
214991,1999,12,-0.3896486035133071,true,0,0,0.0
292151,2002,106,-1.1854943652816825,true,1055,1051,0.9962085308056872
647993,2011,57,-0.14769509757586619,true,3,1,0.3333333333333333
27073,1991,21,0.1269800955292446,true,0,0,0.0
1054851,2019,184,0.16845539432452794,false,0,0,0.0
688037,2012,20,0.015500065492265236,true,0,0,0.0
545025,2006,21,0.03467167580569264,true,0,0,0.0
257428,2000,20,0.3128167365822092,true,1,1,1.0
929785,2017,76,-0.1056615698796941,false,34,8,0.23529411764705882
788864,2014,28,0.024487860341524836,false,2,0,0.0
221434,1999,20,0.13409010092217155,true,26,16,0.6153846153846154
838129,2015,109,-0.14002266053209222,true,10,10,1.0
917571,2017,26,-0.021279349265241443,false,14,7,0.5
946898,2017,180,0.0538992777806504,false,2,0,0.0
165934,1997,13,-0.013853203972905348,false,0,0,0.0
604258,2017,109,-0.06493895503485358,true,1,0,0.0
276921,2001,102,1.0849750269408118,true,1055,1051,0.9962085308056872
613206,2018,15,0.05676053439041606,false,0,0,0.0
789343,2014,17,0.0694780730647171,true,3,2,0.6666666666666666
207582,1998,76,0.01475456786405882,true,0,0,0.0
16232,1991,7,0.061340829405136965,true,0,0,0.0
275388,2001,9,0.02472737461235841,true,0,0,0.0
764057,2014,30,0.20789564919111303,false,96,42,0.4375
269688,2001,9,0.013107534014221933,true,1,1,1.0
509676,2005,9,-0.23096173575165402,false,66,27,0.4090909090909091
793294,2014,221,0.19754641990590827,false,3,2,0.6666666666666666
680306,2011,2390,-0.13085376046143926,true,0,0,0.0
290916,2002,13,-0.10756360654582409,true,36,14,0.3888888888888889
940358,2017,16,-0.02159770606750122,true,5,2,0.4
701118,2012,12,-0.08692736605609763,true,0,0,0.0
326960,2002,135,-0.04234484554543805,false,1,1,1.0
1061128,2019,85,0.16042381813060969,true,1,1,1.0
1058101,2019,6,0.08045874296980582,false,0,0,0.0
72775,1994,16,0.1960036401925409,true,9,9,1.0
297775,2002,12,0.1682497904017355,false,0,0,0.0
95073,1995,11,-0.3775504494950104,false,3,1,0.3333333333333333
604643,2017,60,0.19264025348075275,false,0,0,0.0
419530,2009,11,-0.02111098267221312,true,0,0,0.0
992132,2018,42,0.09580494099903003,true,1,0,0.0
983461,2018,41,-0.13703531463880658,true,0,0,0.0
674292,2011,11,0.001073674971016736,true,1283,746,0.5814497272018706
365711,2007,20,-0.21180389187851922,false,0,0,0.0
945037,2017,47,-0.0836705651596299,false,1,0,0.0
246782,2000,20,-0.07940307924758905,false,0,0,0.0
206779,1999,18,-0.24889745473321057,false,0,0,0.0
142347,1996,26,-0.16444118637015315,true,77,43,0.5584415584415584
942500,2017,58,-0.12006829223304116,false,2,0,0.0
1030777,2019,40,-0.11716798342510071,false,0,0,0.0
613945,2019,112,0.020778548726428703,false,23,6,0.2608695652173913
569191,2010,4,0.1800401448006248,false,2,0,0.0
236800,2000,74,0.027473165313006476,true,0,0,0.0
74813,1994,23,0.11837680706137643,false,0,0,0.0
208938,1999,101,0.31598653609795413,true,7,7,1.0
67163,1993,61,-0.09377409222529653,true,0,0,0.0
663970,2011,10,0.09088023360253494,true,576,333,0.578125
244565,2000,35,-0.06424134051740626,true,3,3,1.0
474576,2003,14,-0.2852320058404736,false,2,0,0.0
423777,2009,15,0.3861351279337333,true,10,5,0.5
781491,2014,55,-0.37539159114842713,true,1163,621,0.5339638865004299
109599,1995,8,-0.07501193080089763,false,0,0,0.0
495865,2004,19,0.009907966350565012,true,36,23,0.6388888888888888
135346,1996,9,-0.386844321045583,true,0,0,0.0
45649,1992,137,-0.030741037859117526,true,2,2,1.0
176587,1997,14,-0.2637205638311819,false,31,19,0.6129032258064516
813812,2015,22,-0.008329263203770587,false,0,0,0.0
331378,2006,23,-0.010039937352832595,false,0,0,0.0
1046968,2019,21,0.1558001470035606,true,1,1,1.0
344571,2007,33,0.15657976691587727,true,1,1,1.0
755480,2013,60,0.025985924484253964,false,0,0,0.0
1004965,2018,35,-0.08621255902918623,false,19,0,0.0
476619,2003,24,0.11114234694911129,false,2,0,0.0
986877,2018,64,0.0015368741548256182,true,0,0,0.0
759109,2014,8,0.15186852402165485,false,1,0,0.0
564954,2009,246,-0.23537969507395573,false,2,0,0.0
465739,2003,46,-0.028679471898542808,false,0,0,0.0
125672,1996,10,0.47520978911394796,false,3,1,0.3333333333333333
693423,2012,15,0.1024834464590283,false,0,0,0.0
825402,2015,22,-0.047933381893264126,false,0,0,0.0
293294,2002,31,0.2625281247300615,false,0,0,0.0
418541,2009,20,0.3913396026232139,true,0,0,0.0
140193,1996,14,-0.10510750656168,true,0,0,0.0
229320,1999,39,0.18566408874534268,true,0,0,0.0
598696,2016,168,0.06298287009747483,true,0,0,0.0
109595,1995,5,-0.16744837230053022,false,49,26,0.5306122448979592
362976,2007,90,-0.12424619398383108,false,0,0,0.0
208886,1999,12,0.34422598883284916,true,0,0,0.0
681238,2012,31,-0.03422481396863386,true,0,0,0.0
536876,2006,38,-0.09683973996855588,true,5,5,1.0
500603,2005,9,-0.5827537317995715,false,0,0,0.0
672582,2011,175,-0.09584491131183093,false,1,0,0.0
652736,2011,9,0.04863724052367857,true,0,0,0.0
316960,2004,62,-0.17593810783709074,true,10,5,0.5
747726,2013,105,0.04444045915930417,true,3,3,1.0
567673,2010,115,-0.013154492963840525,false,0,0,0.0
291290,2002,8,0.08127317206489071,true,0,0,0.0
746420,2013,74,-0.008631265833680679,true,0,0,0.0
217551,1999,7,-0.22542169310801796,true,0,0,0.0
850798,2016,21,0.00012677548098238844,false,0,0,0.0
106872,1995,50,-0.1453778945087958,true,0,0,0.0
381692,2008,8,0.02525092467608747,false,0,0,0.0
967664,2018,97,-0.11916913636924065,false,2,0,0.0
910503,2017,5,-0.017777632876624594,true,834,384,0.460431654676259
52952,1993,4,0.2919507429068471,true,0,0,0.0
632565,2010,20,-0.1958065379097791,false,0,0,0.0
610525,2018,398,-0.059647178542953316,false,0,0,0.0
479889,2004,17,0.1957293975862635,false,0,0,0.0
2922,1990,12,1.102660813263327,true,0,0,0.0
254865,2000,8,-0.1903654433034676,true,30,26,0.8666666666666667
805211,2015,16,-0.11367126424057616,true,1,1,1.0
457197,2002,13,-0.13097395572093262,true,1,0,0.0
846278,2015,9,0.20697381742691334,true,1,1,1.0
572908,2011,40,0.07513833080158872,false,0,0,0.0
248123,2000,11,-0.13844022300434577,true,0,0,0.0
793793,2014,19,0.01431977087256886,true,0,0,0.0
415429,2009,16,-0.6519773174638361,true,95,56,0.5894736842105263
432298,2010,23,0.5303019569723046,true,5,4,0.8
117414,1995,28,-0.019103430956027623,false,0,0,0.0
311763,2003,38,0.08795769013571508,true,0,0,0.0
881978,2016,24,-0.0237315016927786,true,1,1,1.0
456482,2002,10,0.04399675961047045,true,0,0,0.0
924552,2017,31,0.07608235814569397,false,0,0,0.0
1039845,2019,25,0.022136083182103583,false,0,0,0.0
356335,2007,40,-0.14324505156702294,true,3,3,1.0
875590,2016,20,0.42261882098420855,true,0,0,0.0
608717,2018,135,-0.010806778723381871,true,0,0,0.0
66222,1993,7,-0.040604303480527904,true,22,11,0.5
860530,2016,35,-0.15714441056617545,false,0,0,0.0
802250,2015,20,-0.17162241545811252,false,2,0,0.0
592117,2015,74,0.10658712717857233,false,0,0,0.0
408818,2009,438,-0.24292197556169803,true,0,0,0.0
1031742,2019,38,-0.11734661785736922,true,1,1,1.0
71505,1994,3,0.005265133882123685,true,280,188,0.6714285714285714
988680,2018,29,0.015082189697555037,false,0,0,0.0
1021661,2019,35,0.044282155706600435,false,0,0,0.0
639800,2010,233,0.23898927652898205,false,0,0,0.0
814504,2015,28,0.11912755147534781,false,9,0,0.0
129820,1996,11,-0.19949397977711847,false,1,0,0.0
672559,2011,9,-0.1141998394624748,false,1,1,1.0
205662,1999,25,0.025153843292287092,true,0,0,0.0
116097,1995,11,0.2775296460196417,false,2,1,0.5
180947,1998,5,0.2896717851479762,true,5,4,0.8
647151,2011,16,0.3982143399995808,true,0,0,0.0
144929,1996,26,-0.19674106750553655,false,2,0,0.0
685101,2012,11,-0.2812881018691282,false,66,44,0.6666666666666666
523264,2005,20,-0.1816398483638384,true,0,0,0.0
812364,2015,19,0.10500042877698146,false,0,0,0.0
800204,2014,51,0.15608593347000976,false,0,0,0.0
533519,2006,18,-0.1000445341505074,true,0,0,0.0
993464,2018,27,-0.19110847652180052,false,1,0,0.0
318171,2004,26,-0.20398434876168103,true,2,0,0.0
741859,2013,9,-0.1781157442778749,true,0,0,0.0
672308,2011,4,-0.4650269220825436,true,3,2,0.6666666666666666
871347,2016,13,0.24532936673600592,false,27,11,0.4074074074074074
1029072,2019,8,-0.010667780494611812,false,72,28,0.3888888888888889
93776,1995,15,-0.5054418376323495,true,4,3,0.75
190359,1998,13,-0.2647095231488237,false,0,0,0.0
170600,1997,39,0.4500272196383408,false,5,5,1.0
961007,2018,29,0.1231618357186024,false,0,0,0.0
632979,2010,38,-0.1885961032506529,true,0,0,0.0
401249,2009,77,-0.15071578298266708,false,0,0,0.0
173561,1997,11,0.3534469032185399,true,0,0,0.0
774650,2014,12,0.17748055032797438,true,0,0,0.0
186395,1998,32,0.22814270325243413,true,4,4,1.0
698691,2012,26,-0.022932485916272505,true,2,2,1.0
263710,2000,26,0.11298977332358184,false,0,0,0.0
680624,2012,73,0.32123344655705255,false,1,0,0.0
350099,2007,266,-0.058536040639126874,true,1,0,0.0
525899,2005,14,0.7735121682817914,true,180,112,0.6222222222222222
546054,2006,3,-0.3745677053564256,true,50,27,0.54
750208,2013,35,0.07104151946341641,true,0,0,0.0
98854,1995,18,-0.25690306985681044,true,0,0,0.0
893335,2016,41,0.06663629140810912,true,1,0,0.0
950688,2017,38,-0.02317949106893913,false,0,0,0.0
594345,2016,15,-0.021557371370194645,false,0,0,0.0
397512,2008,42,-0.013499541171417384,false,0,0,0.0
232439,1999,3,-0.04138732009799284,true,5,3,0.6
368909,2008,44,-0.30021882560343105,true,1,1,1.0
355601,2007,31,-0.0996685076470758,false,0,0,0.0
694843,2012,30,0.018251950889514923,true,788,454,0.5761421319796954
343190,2007,174,0.21124511556817405,true,5,3,0.6
141590,1996,19,-0.35978791513364783,true,1,1,1.0
112260,1995,175,-0.264137288603453,false,2,0,0.0
515791,2005,147,0.21975926237385757,true,0,0,0.0
1016703,2019,15,0.011843186111002879,false,523,235,0.44933078393881454
109487,1995,9,0.07325771213778776,true,0,0,0.0
869911,2016,80,0.0726817285236514,false,0,0,0.0
93720,1995,3,-0.720623130575083,false,4,2,0.5
173376,1997,21,-0.21588417714428587,false,0,0,0.0
728997,2013,84,0.19363306765414556,false,0,0,0.0
49939,1993,67,-0.12197652089177602,true,1,1,1.0
992826,2018,88,-0.14259217911811106,false,1,0,0.0
368045,2007,5,-0.07942835587908093,false,109,73,0.6697247706422018
32229,1992,4,0.32594167805334084,true,0,0,0.0
927659,2017,29,-0.08361106606100055,false,0,0,0.0
701656,2012,20,0.11044198518676662,true,1,1,1.0
148968,1996,144,0.21253869822198546,true,0,0,0.0
391548,2008,170,0.11158183688022882,true,1,1,1.0
55818,1993,3,-0.44025876410928433,true,1,1,1.0
976597,2018,64,0.06806679250868353,true,2,2,1.0
895523,2016,18,-0.19305499735792875,false,1,1,1.0
92118,1995,21,-0.1404877315188724,true,0,0,0.0
470503,2003,341,0.1701997973286291,false,2,0,0.0
645002,2010,6,0.054613782821121504,false,0,0,0.0
940539,2017,124,-0.07047714702844932,false,1,0,0.0
112236,1995,14,0.07204901089535198,true,0,0,0.0
271040,2001,115,0.021403039122782186,true,2,1,0.5
624052,2010,28,0.09532785390818432,true,0,0,0.0
39582,1992,29,-0.27068704645658226,true,15,9,0.6
197753,1998,101,0.15735751467871495,true,0,0,0.0
298931,2002,70,-0.24897623830792082,false,8,0,0.0
425237,2009,5,-0.1818471850640906,true,85,44,0.5176470588235295
757389,2013,67,0.04287260296814566,true,2,2,1.0
348237,2007,11,-0.019176322241503563,false,0,0,0.0
299633,2002,48,-0.143590605456696,true,1,1,1.0
719490,2013,65,-0.08053467080253363,false,0,0,0.0
934178,2017,51,-0.07373755367003376,false,1,0,0.0
45060,1992,68,-0.13914039661383715,true,3,3,1.0
341048,2007,17,-0.04985867266620847,true,0,0,0.0
123343,1996,3,-0.28718664100350644,true,11,7,0.6363636363636364
372932,2008,69,0.08308976077836228,true,2,2,1.0
833057,2015,38,-0.06951330443344661,true,0,0,0.0
931154,2017,11,-0.030987333879644474,true,89,68,0.7640449438202247
855542,2016,145,-0.19789858496846024,true,13,10,0.7692307692307693
935703,2017,114,-0.08823990357470679,false,109,23,0.21100917431192662
235891,2000,36,-0.10618222642804298,false,0,0,0.0
758498,2014,29,0.031856471271631825,true,0,0,0.0
57713,1993,13,-0.10237353770784363,false,1,0,0.0
370687,2008,17,0.33740085680156273,true,3,3,1.0
963652,2018,31,-0.22788341168257809,true,8,3,0.375
977638,2018,51,0.12627672852586613,false,0,0,0.0
390062,2008,34,-0.13979619854286707,false,0,0,0.0
546731,2006,145,0.10064286141574152,true,3,3,1.0
1026218,2019,17,0.13847565604297252,true,4,3,0.75
548852,2003,59,-0.02789214028426823,false,0,0,0.0
56181,1993,4,-0.3087036782077277,false,0,0,0.0
223333,1999,105,-0.08504625287627299,true,0,0,0.0
168144,1997,11,0.14061496268039786,true,3,3,1.0
893507,2016,15,-0.06196246403788308,false,0,0,0.0
221442,1999,62,0.11592137391026824,true,1,1,1.0
634117,2010,14,-0.17868730883619666,false,0,0,0.0
974803,2018,6,-0.1473683639534329,true,0,0,0.0
904242,2017,15,0.08733642303304379,false,0,0,0.0
590761,2015,49,-0.03445697881777754,false,0,0,0.0
645120,2010,45,-0.11679853527449957,false,1,1,1.0
610281,2018,517,-0.05330029023082794,true,0,0,0.0
646287,2011,10,-0.24275041686262355,true,0,0,0.0
120082,1996,10,-0.02515739540988271,true,390,172,0.441025641025641
177432,1997,21,-0.22451599317618776,false,0,0,0.0
1037605,2019,5,0.058565460119784696,true,30,15,0.5
755546,2013,34,-0.10592236200158389,true,2,2,1.0
911298,2017,117,-0.0043175104747401605,false,1,0,0.0
907874,2017,68,-0.02505368789775897,false,1,0,0.0
547545,2006,6,0.0025654413500832973,false,0,0,0.0
938457,2017,312,-0.0034996342169462125,false,0,0,0.0
808211,2015,18,-0.09399977389912184,true,0,0,0.0
17680,1991,10,0.32674817348097296,true,0,0,0.0
115422,1995,24,0.03213141503020722,false,0,0,0.0
966571,2018,47,0.09326769390108769,false,4,4,1.0
1036849,2019,28,0.00467466546251849,true,0,0,0.0
793065,2014,29,-0.2819805922332952,true,1681,797,0.4741225461035098
126145,1996,10,-0.41266539599899765,true,1,1,1.0
381515,2008,3,-0.25842785922603184,true,7,4,0.5714285714285714
677232,2011,4,0.02282797826810956,true,241,214,0.8879668049792531
816249,2015,23,-0.0024145651570925963,true,0,0,0.0
990106,2018,28,-0.01976892835346078,false,0,0,0.0
575930,2012,550,-0.09900267536824359,false,2,1,0.5
937811,2017,3,0.00847173008985358,false,29,11,0.3793103448275862
611351,2018,655,-0.07206117921400068,false,3,0,0.0
948764,2017,30,-0.07985755035390696,false,1,0,0.0
805831,2015,145,-0.11088013624161341,false,0,0,0.0
67244,1993,15,0.054697909947789114,true,0,0,0.0
561661,2008,97,-0.20730125732176052,false,0,0,0.0
777162,2014,39,0.3023107211535292,false,49,29,0.5918367346938775
382577,2008,39,0.2041261980063629,false,0,0,0.0
921540,2017,79,0.08791597381872585,false,0,0,0.0
179913,1997,4,-0.22256909917994072,true,5,5,1.0
1047359,2019,87,0.07828521523611975,true,0,0,0.0
484889,2004,42,-0.06715513454327926,true,1,0,0.0
31301,1991,38,0.2945364118527243,true,2,2,1.0
234505,1999,18,0.1262537662263883,true,6,6,1.0
855491,2016,22,-0.05174279388942793,false,45,24,0.5333333333333333
1016093,2019,38,-0.2197414656736063,false,12,7,0.5833333333333334
959311,2018,5,-0.005357719121419358,false,0,0,0.0
823609,2015,10,0.23496624069583927,true,1,0,0.0
16632,1991,11,0.2574922110997955,true,0,0,0.0
181363,1998,17,-0.26018632508722117,true,0,0,0.0
269017,2001,10,-0.11281417770001223,false,5,2,0.4
770228,2014,18,-0.14166606572028595,false,0,0,0.0
815384,2015,55,0.09005117109998073,true,0,0,0.0
286772,2001,35,-0.08352903832900083,true,1,1,1.0
990537,2018,15,-0.0754420809256402,false,17,3,0.17647058823529413
838076,2015,109,-0.040887114344782205,false,1,1,1.0
562168,2008,119,-0.0918398229061772,false,0,0,0.0
140250,1996,7,-0.07750224986820342,false,3,1,0.3333333333333333
873118,2016,19,-0.04553350061108752,false,0,0,0.0
804557,2015,38,0.2228349697423111,false,19,10,0.5263157894736842
455862,2002,15,-0.15745629041666565,false,1,1,1.0
398168,2008,7,-0.010428713005724788,true,23,18,0.782608695652174
736299,2013,19,0.15239190682377401,false,0,0,0.0
297042,2002,83,-0.2964843740228069,false,0,0,0.0
1014196,2018,120,-0.08954320834361518,true,4,2,0.5
493431,2004,11,-0.3231214527569488,false,0,0,0.0
795795,2014,39,0.041320028432005884,true,1,1,1.0
106439,1995,5,-0.31112076798981825,true,5,1,0.2
121775,1996,12,-0.24125311732800192,true,2,1,0.5
458318,2002,18,-0.2734642872279922,false,0,0,0.0
59498,1993,10,-0.16049938554921805,true,0,0,0.0
69331,1994,24,-0.0639812812576519,true,3,1,0.3333333333333333
769795,2014,17,0.22539013172520317,true,12,12,1.0
768340,2014,14,-0.12783160165519725,false,536,227,0.42350746268656714
257275,2000,8,-0.18460201601344828,true,0,0,0.0
758052,2013,5,-0.35009905066197433,false,284,149,0.5246478873239436
838270,2015,36,0.1825049988216474,false,1,0,0.0
881055,2016,16,-0.09377169877879687,true,4,3,0.75
54971,1993,7,-0.2721552731897692,false,1,1,1.0
996360,2018,19,0.004612851848260213,false,6,1,0.16666666666666666
199071,1998,15,0.08293826960754291,false,0,0,0.0
859274,2016,44,0.04577575877198736,true,0,0,0.0
181491,1998,19,-0.18226576291672636,false,0,0,0.0
1043694,2019,3,0.038000032362546676,true,3,1,0.3333333333333333
1024298,2019,41,-0.09649701882774409,true,0,0,0.0
777381,2014,28,0.025147110158666663,true,0,0,0.0
650046,2011,19,0.01356442968594429,true,4,2,0.5
605676,2017,194,-0.03838838500483899,false,1,0,0.0
152102,1997,48,-0.043108070045543734,true,2,2,1.0
405368,2009,23,0.08890883839910035,false,0,0,0.0
318381,2004,27,0.04308855691956559,true,0,0,0.0
1062205,2019,16,0.019604986786345258,false,87,41,0.47126436781609193
722548,2013,5,-0.5492962526243659,true,0,0,0.0
298267,2002,12,-0.19785155526202658,false,0,0,0.0
479555,2004,27,-0.04303829140499893,true,1,1,1.0
500521,2005,21,0.13793151677055704,false,2,1,0.5
120103,1996,12,-0.06293389197630894,false,0,0,0.0
578498,2012,27,0.08477693902108818,false,0,0,0.0
820087,2015,10,0.05400740962240036,true,17,9,0.5294117647058824
948109,2017,25,-0.017515181361448917,true,0,0,0.0
788990,2014,38,0.20234601604679447,true,0,0,0.0
553587,2005,18,0.2051099865374928,false,2,0,0.0
1014564,2018,182,0.19369381881330394,false,2,0,0.0
849880,2015,71,0.008757501429178305,true,0,0,0.0
386195,2008,53,0.11860130869995977,true,3,3,1.0
447531,2001,29,-0.48556806301108235,false,302,237,0.7847682119205298
90473,1994,16,-0.018806137759615815,false,0,0,0.0
470936,2003,14,-0.23563241507844435,true,0,0,0.0
1059005,2019,36,0.012736448201873252,false,95,20,0.21052631578947367
219797,1999,6,-0.1576647674450653,true,26,26,1.0
591838,2014,246,-0.10334965393723561,false,0,0,0.0
848334,2015,40,-0.07329035811013362,false,0,0,0.0
876941,2016,297,-0.14967203015285468,false,8,5,0.625
839583,2015,7,0.11890402532797673,true,31,15,0.4838709677419355
84603,1994,9,0.24308961667786733,true,0,0,0.0
858828,2016,37,-0.1013967646615539,false,7,4,0.5714285714285714
710769,2012,13,-0.15817945530638244,true,205,111,0.5414634146341464
356066,2007,10,-0.1339488519072205,true,0,0,0.0
298249,2002,12,0.16253395347666455,false,0,0,0.0
546418,2006,6,-0.04805052165484369,false,8,7,0.875
119713,1996,39,0.20619742762165405,false,0,0,0.0
178523,1997,18,0.20265637618878785,true,5,5,1.0
1015880,2019,95,-0.0677008389453313,true,5,5,1.0
890517,2016,421,-0.17936435589263544,false,0,0,0.0
866060,2016,32,0.06469966516055159,true,0,0,0.0
172073,1997,4,-0.3635522847689874,true,2,2,1.0
360075,2007,150,-0.24230903006747173,true,53,53,1.0
898526,2016,33,0.07399606749833776,false,0,0,0.0
450173,2002,20,-0.11523987737440322,false,0,0,0.0
556960,2006,50,0.0932164778970046,false,3,0,0.0
856071,2016,21,-0.13427314741586915,true,0,0,0.0
335265,2006,12,-0.4012437020656767,true,0,0,0.0
470524,2003,3,0.2917148835457297,true,1,0,0.0
811950,2015,15,-0.1114310719411078,false,0,0,0.0
441493,2000,3,-0.0711534055515628,true,1,1,1.0
445903,2001,95,-0.20327918527116928,true,30,28,0.9333333333333333
881595,2016,42,0.020595958318970098,true,1,1,1.0
712436,2012,51,0.059541527694385366,true,0,0,0.0
598631,2016,119,-0.06733499983290692,true,0,0,0.0
972665,2018,52,-0.14922517972593097,false,0,0,0.0
494681,2004,6,-0.09472025286985541,true,0,0,0.0
78423,1994,16,0.11786754387706555,true,0,0,0.0
428168,2010,70,0.1274763501808911,true,2,0,0.0
637582,2010,132,-0.06075728169333239,true,0,0,0.0
378278,2008,7,0.02642466801246357,true,223,125,0.5605381165919282
832858,2015,207,-0.1111539838247575,true,1,1,1.0
885367,2016,7,0.3129700280908043,true,28,11,0.39285714285714285
878201,2016,55,0.04801146611100382,true,41,17,0.4146341463414634
812021,2015,25,0.0989842986859788,false,6,0,0.0
349265,2007,15,-0.06408111461098365,false,0,0,0.0
761253,2014,353,-0.14159048807868357,true,0,0,0.0
880577,2016,171,-0.024291918798606815,false,0,0,0.0
334453,2006,7,-0.027811274691046606,true,35,21,0.6
492389,2004,58,0.022194872894505835,false,1,0,0.0
809470,2015,5,-0.1848819280651144,false,15,2,0.13333333333333333
200434,1998,4,-0.19165128640657336,false,9,7,0.7777777777777778
761626,2014,56,0.011915990139955923,false,1,1,1.0
10694,1990,12,0.6426864923360069,true,0,0,0.0
472967,2003,7,0.01351334537793214,true,16,7,0.4375
99118,1995,27,0.2834823528600561,true,1,1,1.0
630723,2010,9,-0.11475358733802299,true,8,7,0.875
523977,2005,17,0.04124606212725723,true,0,0,0.0
628955,2010,6,-0.30512015775668466,false,1047,646,0.6170009551098377
354612,2007,21,0.08043259976517625,true,12,6,0.5
203841,1998,24,-0.23336434445652898,true,5,2,0.4
365659,2007,10,0.10692783083238133,true,0,0,0.0
742567,2013,27,0.18485762949325668,true,0,0,0.0
629460,2010,17,-0.07863119525466988,true,0,0,0.0
933238,2017,28,-0.05819464205391345,true,0,0,0.0
1068674,2019,76,0.015268471658496097,false,1,1,1.0
545750,2006,193,0.12052174508702329,false,3,2,0.6666666666666666
795595,2014,46,0.09484724652701004,true,0,0,0.0
568190,2010,10,0.05715346051545911,false,3,0,0.0
619909,2019,39,-0.1833966244678793,false,0,0,0.0
335293,2006,25,0.08302197497706043,true,0,0,0.0
202019,1998,21,0.258297696817551,true,0,0,0.0
1025537,2019,20,0.07632356303300192,false,3,1,0.3333333333333333
253117,2000,4,0.03394097679073127,true,0,0,0.0
742568,2013,10,0.0038972631802343116,true,246,100,0.4065040650406504
550603,2004,25,0.1730051189330064,false,0,0,0.0
676561,2011,79,-0.2175638276981573,true,0,0,0.0
231637,1999,28,-0.06607235594675664,true,0,0,0.0
335676,2006,53,-0.0540163414454371,true,5,2,0.4
720830,2013,5,0.1745330708149826,true,14,8,0.5714285714285714
314525,2004,9,-0.16517333542275736,false,0,0,0.0
245448,2000,6,0.1567400553355469,true,7,6,0.8571428571428571
844405,2015,104,-0.13130903943282846,false,6,5,0.8333333333333334
790965,2014,118,0.011252178826219428,false,0,0,0.0
481417,2004,6,-0.20779911451403876,false,9,7,0.7777777777777778
989141,2018,202,0.2724863540206699,true,0,0,0.0
874603,2016,183,-0.1006597745839386,false,0,0,0.0
548408,2006,197,0.051931697120112474,false,2,2,1.0
1004863,2018,35,-0.153535431330325,true,72,57,0.7916666666666666
190638,1998,26,-0.04184524573237525,false,0,0,0.0
16910,1991,5,-0.09570860947845716,false,0,0,0.0
309008,2003,15,-0.007500194643069058,false,0,0,0.0
743661,2013,46,0.17087087442711635,false,0,0,0.0
752225,2013,34,-0.01630374156329939,true,2,2,1.0
846285,2015,31,-0.45243676269526656,false,154,104,0.6753246753246753
460217,2002,22,-0.4659370617785825,false,0,0,0.0
490998,2004,7,0.9241737056430184,true,64,53,0.828125
611807,2018,439,-0.039191726589207665,false,0,0,0.0
423754,2009,44,0.04562840139942814,true,0,0,0.0
1048899,2019,78,-0.1959086424087877,false,2,0,0.0
195965,1998,23,0.19811788343296044,true,1,0,0.0
658918,2011,18,-0.38886686030667317,false,326,138,0.4233128834355828
25411,1991,9,-0.0629311858145325,true,0,0,0.0
588344,2014,462,-0.01952958475205735,false,0,0,0.0
499370,2004,19,-0.15002379444281466,true,1,0,0.0
729113,2013,61,-0.04901957453362016,true,0,0,0.0
523960,2005,69,-0.015877284143617665,true,1,1,1.0
439743,2000,36,-0.17648151815394453,true,1,1,1.0
399231,2009,286,-0.26238988036524713,true,1,1,1.0
735984,2013,68,-0.049054403013183645,true,0,0,0.0
325051,2010,47,-0.035262080865748224,false,1,1,1.0
246777,2000,15,-0.4013560117165085,true,0,0,0.0
42768,1992,6,-0.20707588359390083,true,0,0,0.0
153453,1997,21,-0.116305431266988,true,0,0,0.0
346168,2007,3,-0.23905030556447748,false,5,1,0.2
187377,1998,17,0.16960035536342932,false,2,0,0.0
277823,2001,6,-0.027754240090439808,false,0,0,0.0
1001668,2018,66,-0.3446608338622408,false,27,6,0.2222222222222222
564504,2008,385,-0.11576440382405462,false,5,0,0.0
197281,1998,7,-0.13639077740150718,true,3,0,0.0
1044323,2019,27,0.07756480339643268,false,15,6,0.4
691537,2012,19,0.2737648847774947,false,1,0,0.0
1012269,2018,7,0.1404774904354369,true,48,14,0.2916666666666667
29273,1991,7,0.24253429667444149,false,8,7,0.875
916413,2017,36,-0.0022974386869023533,false,3,0,0.0
682723,2012,23,0.14045486572300803,true,4,0,0.0
762375,2014,21,-0.1779158449104763,true,0,0,0.0
881123,2016,7,-0.0855980461804835,false,3,0,0.0
816621,2015,26,0.15259140326931497,true,0,0,0.0
493385,2004,6,-0.11243618382701026,false,0,0,0.0
897219,2016,22,-0.03121615566595981,true,0,0,0.0
162364,1997,8,-0.1610669542699874,false,9,3,0.3333333333333333
344319,2007,11,-0.05124320961212092,true,0,0,0.0
900188,2016,23,0.14089648898233254,false,1,0,0.0
143250,1996,46,-0.24204954005238655,false,1,0,0.0
128834,1996,86,-0.14879150241922146,true,0,0,0.0
371894,2008,8,-0.04215208016706384,true,0,0,0.0
168007,1997,12,-0.35137253077421704,true,0,0,0.0
730094,2013,24,-0.11622662223712155,false,0,0,0.0
387306,2008,16,0.13694860720934,true,1,1,1.0
570634,2011,68,-0.06230046221122354,false,1,0,0.0
945663,2017,67,-0.1442715606607723,false,161,31,0.19254658385093168
634005,2010,64,0.34358663186604677,true,1,1,1.0
177064,1997,21,-0.20663108289124743,true,0,0,0.0
699,1990,63,1.0468131074357796,false,0,0,0.0
959559,2018,89,-0.1343590629544078,true,14,9,0.6428571428571429
1004131,2018,27,-0.19848638743099478,false,48,13,0.2708333333333333
115179,1995,31,0.23393385703611758,true,1,1,1.0
112755,1995,21,0.05674284560194032,false,0,0,0.0
363361,2007,19,-0.10934889804531167,true,0,0,0.0
839471,2015,11,0.033638328750319246,false,1,0,0.0
772706,2014,84,-0.03886339056279908,false,7,2,0.2857142857142857
942658,2017,24,-0.14402210945262972,true,0,0,0.0
924944,2017,157,-0.0050852958106064605,true,1,1,1.0
1054423,2019,12,-0.13795227348748273,true,1,0,0.0
72749,1994,16,-0.0046218911741586766,false,0,0,0.0
1006411,2018,23,-0.009475901885762639,false,690,292,0.42318840579710143
797149,2014,58,0.19045151442182728,true,1,1,1.0
324716,2009,13,0.09157642137952404,false,0,0,0.0
605554,2017,92,0.051076082006858314,false,1,0,0.0
433813,2010,43,0.10987636485324748,true,2,2,1.0
784369,2014,11,-0.05453231291326599,true,31,9,0.2903225806451613
234978,1999,5,0.016178961383499058,false,26,11,0.4230769230769231
392887,2008,21,0.01840613965388016,false,55,27,0.4909090909090909
132554,1996,28,0.06737336840438513,false,4,2,0.5
1044132,2019,111,-0.08331780576470393,false,1,0,0.0
609280,2018,148,-0.06930416345915535,false,0,0,0.0
182246,1998,17,-0.08258696955916278,true,2,2,1.0
702229,2012,6,0.2462010660869094,true,3,2,0.6666666666666666
792961,2014,36,0.0039540718927950635,false,3,0,0.0
307612,2003,17,-0.28253512027314986,true,0,0,0.0
11719,1990,15,0.21697387749890584,true,0,0,0.0
324521,2009,67,0.07526329509750074,false,2,0,0.0
638135,2010,22,0.01232230083170549,true,0,0,0.0
748908,2013,46,0.0626285949541856,false,0,0,0.0
132688,1996,19,-0.14714652625329538,true,54,30,0.5555555555555556
293583,2002,26,0.009996461243596322,true,0,0,0.0
676085,2011,40,0.3799900421707161,false,1,0,0.0
429136,2010,13,0.4793361979303228,false,2,0,0.0
278530,2001,38,-0.03271111998915721,false,2,1,0.5
666760,2011,27,-0.022900663653077302,false,3,0,0.0
279625,2001,66,0.21969357452420724,false,0,0,0.0
48554,1993,15,-0.004623702886783043,false,1,1,1.0
762373,2014,11,0.01824978692519519,false,0,0,0.0
416325,2009,13,0.09043646282322104,false,1,0,0.0
227136,1999,29,-0.15641382634068002,false,0,0,0.0
22017,1991,8,-0.04829961953221673,false,4,0,0.0
782041,2014,76,0.04147706990085531,false,0,0,0.0
425052,2009,40,0.5538906123637215,false,91,40,0.43956043956043955
1040266,2019,21,-0.2950937623690635,false,9,4,0.4444444444444444
860249,2016,68,0.3559256176974275,false,1,1,1.0
370794,2008,83,-0.2120442861518521,false,0,0,0.0
901613,2017,26,0.48852066436696173,true,1,0,0.0
179654,1997,20,0.09830885418751656,true,1,1,1.0
620337,2019,50,-0.2409485595774008,false,0,0,0.0
548153,2006,36,0.03149978851244839,true,0,0,0.0
732788,2013,27,0.09884467624368831,false,2,0,0.0
247820,2000,10,-0.05204417691338126,false,1,0,0.0
227014,1999,12,0.10921546052701103,true,0,0,0.0
780524,2014,31,-0.08847949915502618,false,0,0,0.0
562841,2008,28,-0.04979544679373493,false,6,0,0.0
1064022,2019,55,0.11605673675738792,true,0,0,0.0
836693,2015,17,-0.01692920489206795,true,119,77,0.6470588235294118
37029,1992,7,0.1505745483407379,true,8,8,1.0
857648,2016,6,0.290963781596143,true,0,0,0.0
5628,1990,15,0.44872906028579784,true,0,0,0.0
340213,2007,11,-0.024700858523349467,false,1,0,0.0
240323,2000,11,0.02047908822864386,true,1,0,0.0
939710,2017,33,0.15085284136780075,false,0,0,0.0
237392,2000,14,-0.23930541169348896,true,0,0,0.0
1000036,2018,6,0.331966572304923,false,2,1,0.5
947692,2017,918,-0.16387033961150044,false,4,0,0.0
741947,2013,33,-0.036151014552397776,false,7,4,0.5714285714285714
114123,1995,6,0.22607280463788637,false,1,1,1.0
603337,2016,422,0.0986956468247655,false,2,0,0.0
710033,2012,422,0.03985107588423098,false,45,11,0.24444444444444444
608870,2018,81,-0.06122848510109158,false,0,0,0.0
414252,2009,21,-0.22032280318625563,true,1,0,0.0
361176,2007,17,0.26547157823350087,true,112,84,0.75
17459,1991,8,0.3359214265062329,false,0,0,0.0
192989,1998,47,-0.0666482379834612,true,2,2,1.0
949253,2017,74,0.6406828183388642,false,1,0,0.0
654613,2011,9,0.10202471593633256,true,5,4,0.8
85683,1994,30,0.254574682005166,true,1,1,1.0
252532,2000,12,0.029584962603959042,true,2,0,0.0
576146,2012,210,0.01495209232137773,false,10,2,0.2
268712,2000,154,-0.13689520419936496,true,3,3,1.0
481552,2004,28,0.3765043612568775,true,4,4,1.0
1012973,2018,65,0.11187223466499763,true,2,2,1.0
945934,2017,5,-0.20731459762802373,false,297,124,0.4175084175084175
696921,2012,5,-0.06176303984979725,false,1,0,0.0
831644,2015,34,0.022160049724344155,false,0,0,0.0
138584,1996,25,-0.13513853825938504,true,2,2,1.0
421407,2009,13,-0.14820221347740858,true,0,0,0.0
945715,2017,9,0.16888809460509613,true,22,7,0.3181818181818182
50841,1993,5,-0.17208019140621378,false,1,1,1.0
154235,1997,9,-0.3677643334392471,true,1,1,1.0
199123,1998,55,-0.23528959818552897,true,12,8,0.6666666666666666
124727,1996,9,-0.09665560677391749,false,0,0,0.0
49962,1993,3,-0.3832391788979992,true,138,122,0.8840579710144928
410354,2009,20,-0.21864259177590828,false,0,0,0.0
976847,2018,6,-0.34789629190574267,false,0,0,0.0
376519,2008,5,-0.028913301495782306,true,2,2,1.0
22418,1991,7,-0.32906423951983754,false,2,1,0.5
142400,1996,4,-0.23252599720318834,false,0,0,0.0
186607,1998,18,0.40605011518772116,true,2,2,1.0
284861,2001,20,-0.05069133720626606,true,1,1,1.0
99541,1995,61,0.01806442493656757,true,0,0,0.0
755948,2013,19,0.06755802416909429,true,4,1,0.25
787655,2014,3,-0.11183014019381421,true,1413,728,0.5152158527954707
250853,2000,21,-0.07939611570879279,true,0,0,0.0
134661,1996,27,-0.1072268243127601,false,1,0,0.0
578922,2013,111,-0.0014167014801720335,false,0,0,0.0
583774,2013,86,0.08298853791572824,false,1,0,0.0
471979,2003,19,-0.12065679839717003,true,0,0,0.0
180696,1997,12,-0.08517830919923597,false,6,5,0.8333333333333334
888790,2016,78,-0.18768542164493152,true,4,3,0.75
808766,2015,295,-0.14674031015428746,true,1,1,1.0
667093,2011,136,-0.09069382138253479,false,2,2,1.0
367745,2007,104,-0.021180905541947403,true,1,1,1.0
721223,2013,30,0.23980365982490337,true,1,0,0.0
643622,2010,11,-0.3273297774057138,true,79,54,0.6835443037974683
326892,2001,785,0.018180166206133386,false,76,21,0.27631578947368424
763460,2014,32,-0.36790586294291483,true,55,26,0.4727272727272727
94722,1995,33,-0.27406436727524497,true,0,0,0.0
528634,2006,5,-0.3129291614954752,true,4,3,0.75
472008,2003,15,-0.25536162253700834,true,2,1,0.5
877443,2016,174,-0.12365297250352114,false,0,0,0.0
408357,2009,62,-0.20428140036068143,true,1,0,0.0
395513,2008,17,-0.4590101861899605,true,0,0,0.0
550840,2004,17,0.17040337484006685,false,0,0,0.0
99406,1995,5,0.09579389349214917,false,714,324,0.453781512605042
979346,2018,11,0.47282076708765786,true,10,8,0.8
280811,2001,13,0.174725136193425,true,1,1,1.0
917385,2017,129,0.0030657077207694172,true,2,1,0.5
593146,2015,518,-0.048630904422667154,false,0,0,0.0
791021,2014,43,-0.07999541372466812,true,0,0,0.0
569,1990,10,1.4513297142711288,false,3,0,0.0
454499,2002,5,-0.2849134322790752,false,1,0,0.0
818118,2015,25,-0.011455259685408059,false,1,0,0.0
1058283,2019,32,-0.05519327165714394,false,0,0,0.0
901442,2017,129,0.016651683706236042,false,0,0,0.0
464990,2003,38,0.1416694556809075,true,0,0,0.0
67469,1993,19,-0.0898822654390301,false,2,1,0.5
475919,2003,32,0.09390704254064275,true,2,1,0.5
181645,1998,3,-0.24753476247660444,false,4,0,0.0
595151,2016,257,-0.14009850742882612,false,0,0,0.0
823269,2015,303,-0.03346023087416228,true,0,0,0.0
111092,1991,11,-0.20230492718250215,false,24,12,0.5
686970,2012,12,-0.22544854316552332,true,0,0,0.0
673860,2011,39,-0.08990886278887533,true,1,0,0.0
493497,2004,14,-0.3514773187258422,false,8,5,0.625
545424,2006,16,-0.13400011722596794,true,0,0,0.0
848453,2015,138,-0.1153949447160425,true,0,0,0.0
792029,2014,210,0.21826780058476558,false,2,0,0.0
756387,2013,5,-0.12930686747237807,true,4,3,0.75
218300,1999,15,0.06590381160055347,true,0,0,0.0
617376,2019,490,-0.1224881531521893,true,0,0,0.0
163219,1997,3,-0.21848620338599467,true,2,0,0.0
986747,2018,90,0.058368668226085774,true,0,0,0.0
751756,2013,16,0.27588380265897516,true,0,0,0.0
667681,2011,12,0.03855726148774963,true,1,1,1.0
300596,2002,29,0.09424838225657783,true,7,5,0.7142857142857143
854264,2016,5,0.13056776232678757,true,3,1,0.3333333333333333
815930,2015,46,0.11928751268482785,true,0,0,0.0
366093,2007,100,-0.023591782824687435,true,1,1,1.0
900318,2016,19,0.027459985964937594,false,0,0,0.0
973261,2018,7,-0.04445088201457725,false,4,1,0.25
591121,2015,95,-0.009170998244829587,false,0,0,0.0
749620,2013,15,0.11474213035805292,false,1,0,0.0
638528,2010,64,-0.0020129571701952287,true,0,0,0.0
623495,2010,426,0.15049252018764525,false,0,0,0.0
505347,2005,21,-0.015962057237343785,false,0,0,0.0
947172,2017,28,-0.16763239461011548,false,0,0,0.0
961160,2018,173,-0.26343149805147625,false,1,1,1.0
381255,2008,30,-0.03417812895864358,false,0,0,0.0
86959,1994,15,-0.6200138797014647,false,2,1,0.5
267770,2000,12,0.0025502381551962827,true,0,0,0.0
715058,2012,395,-0.009570783894884194,true,15,9,0.6
391297,2008,11,-0.011449801851487251,true,0,0,0.0
947696,2017,25,-0.04739702743742846,true,2,0,0.0
164957,1997,21,-0.02787952877865063,false,0,0,0.0
499560,2005,34,0.3497748265325189,false,6,4,0.6666666666666666
399248,2009,55,-0.10005121421303897,true,23,16,0.6956521739130435
454328,2002,19,-0.16516368816414584,false,1,0,0.0
796726,2014,23,0.10215643449290557,false,0,0,0.0
79175,1994,90,-0.09228723242339942,false,0,0,0.0
728934,2013,19,0.21128004788011712,false,0,0,0.0
679095,2011,59,-0.1334805029026791,true,0,0,0.0
786069,2014,29,-0.08104235954386763,false,0,0,0.0
623745,2010,3,0.05176467201589663,true,5,4,0.8
415203,2009,61,0.058016551858556475,false,6,4,0.6666666666666666
290838,2002,62,0.24388475295503387,false,0,0,0.0
663069,2011,11,0.12802779061563996,true,0,0,0.0
744987,2013,55,0.1541047797465529,false,0,0,0.0
295841,2002,9,0.22645264699593337,false,2,1,0.5
862031,2016,18,-0.05632532330140716,false,1,0,0.0
716779,2012,13,0.3260627079834846,false,0,0,0.0
161242,1997,11,-0.13301388629731203,false,0,0,0.0
258672,2000,501,-0.02413626904401278,false,0,0,0.0
385054,2008,30,0.0150651042595209,false,25,17,0.68
821656,2015,164,0.11595585758624027,false,0,0,0.0
648777,2011,65,0.3855241605062254,false,5,3,0.6
785662,2014,18,0.10179705223170377,true,0,0,0.0
485139,2004,15,-0.18539628208869452,false,3,1,0.3333333333333333
483154,2004,9,-0.01636736252077764,true,36,12,0.3333333333333333
725178,2013,8,0.10315154960405515,true,0,0,0.0
19254,1991,18,0.18982558073029798,false,0,0,0.0
796721,2014,72,0.03743695209568543,true,0,0,0.0
580197,2013,23,-0.0040272812073860464,false,0,0,0.0
221144,1999,28,0.2359343765928914,true,0,0,0.0
569094,2010,688,-0.0020977032055977674,false,1,0,0.0
904588,2017,46,-0.13023504867845226,true,5,3,0.6
543530,2006,29,-0.07473311854348275,true,0,0,0.0
729427,2013,5,0.04125505077227931,true,177,96,0.5423728813559322
539425,2006,19,-0.047444034532167834,true,229,127,0.5545851528384279
558538,2007,72,0.24608003133017053,false,0,0,0.0
155752,1997,11,0.0014471349203004635,true,0,0,0.0
675245,2011,29,-0.03909677105532783,true,4,4,1.0
402772,2009,255,-0.13682230183398403,true,1,1,1.0
898,1990,7,1.487128553539554,true,0,0,0.0
260096,2000,17,-0.030840666027055263,false,0,0,0.0
952089,2017,39,0.06320547358118489,false,3,0,0.0
931651,2017,72,0.2642409364740512,true,4,0,0.0
479600,2004,186,-0.18585731137195838,true,0,0,0.0
611935,2018,5,-0.1071752862715396,false,17,5,0.29411764705882354
54856,1993,114,0.08668408816919193,true,0,0,0.0
449079,2001,17,-0.06760258858131873,true,0,0,0.0
1056872,2019,16,-0.1483845473241434,false,216,102,0.4722222222222222
798260,2014,492,0.10873861175048471,true,0,0,0.0
708012,2012,76,0.11173327739148409,true,4,1,0.25
1055193,2019,9,-0.1520001506388695,false,3,3,1.0
52932,1993,26,-0.07098736316953858,false,1,1,1.0
901930,2017,54,-0.06717661845562972,false,1,0,0.0
361115,2007,24,-0.0035726276538436963,true,1,1,1.0
906136,2017,5,0.06440076868047662,true,4,3,0.75
509731,2005,33,0.2597750887854886,false,5,4,0.8
741115,2013,116,-0.05395232892576285,true,2,1,0.5
541199,2006,35,-0.18279245007067146,false,1,1,1.0
356178,2007,57,0.06239899602344057,true,1,1,1.0
163352,1997,144,-0.04440684133193962,true,0,0,0.0
523306,2005,13,-0.024113827594709036,false,0,0,0.0
286704,2001,22,0.10739580704059914,false,0,0,0.0
842780,2015,68,0.11731399127732445,false,0,0,0.0
921438,2017,58,-0.10544274895574812,true,8,3,0.375
448640,2001,13,-0.20441171256733437,true,3,3,1.0
36591,1992,6,0.17305736130560856,true,4,2,0.5
120558,1996,19,-0.5333078458366485,false,0,0,0.0
957768,2018,36,0.10290756534524981,false,4,1,0.25
1030825,2019,108,0.12216157371663305,false,4,1,0.25
655997,2011,15,0.02307777718031634,true,1,1,1.0
191776,1998,191,-0.12147851922127373,false,0,0,0.0
720301,2013,34,0.004369294028479409,false,1,0,0.0
593688,2015,315,-0.05422068657561008,false,0,0,0.0
498969,2004,21,-0.17551818910641614,false,6,3,0.5
243699,1997,28,0.19223485531922613,false,4,3,0.75
538072,2006,36,0.032153231887474654,false,0,0,0.0
186804,1998,30,0.03415243022361736,false,1,0,0.0
39599,1992,12,0.04510223499581745,false,0,0,0.0
545494,2006,4,0.11698769651862939,true,16,13,0.8125
450427,2002,29,-0.3801487493041913,true,0,0,0.0
269901,2001,36,-0.006453320772811466,true,4,4,1.0
667663,2011,7,-0.02059650512447142,false,3,2,0.6666666666666666
1033205,2019,42,0.1594788243204377,true,0,0,0.0
535659,2006,17,-0.07492472677969708,true,1,1,1.0
310946,2003,13,-0.2816472624627888,true,5,5,1.0
501140,2005,20,0.02084660847962283,true,6,5,0.8333333333333334
875502,2016,50,0.09795772473958486,true,0,0,0.0
274156,2001,11,-0.038657184221150054,false,0,0,0.0
393062,2008,22,0.06999433498635454,false,0,0,0.0
1028105,2019,205,0.10851405660550206,false,1,0,0.0
556904,2006,353,0.1025963767606215,false,1,0,0.0
648254,2011,21,-0.08918277965672061,true,0,0,0.0
922265,2017,669,-0.03703551644543435,true,1,1,1.0
585497,2014,18,0.09650436175684796,false,0,0,0.0
69976,1994,10,-0.3881607521820989,false,2,1,0.5
291756,2002,12,-0.2593144822539024,true,0,0,0.0
794098,2014,48,0.031819769496562955,true,3,1,0.3333333333333333
608135,2018,70,-0.021755338704176452,false,0,0,0.0
846707,2015,210,-0.037708166675154864,true,3,3,1.0
584431,2013,582,0.08099036895670642,false,2,0,0.0
16909,1991,10,0.9319536818360561,false,0,0,0.0
208399,1999,6,-0.7607177353822205,true,0,0,0.0
511553,2005,18,0.11482575460435562,true,1,1,1.0
162428,1997,33,-0.0378388376519867,false,1,0,0.0
753382,2013,49,0.16752161665739074,false,4,2,0.5
652087,2011,4,-0.2587415762046632,false,1,0,0.0
85947,1994,6,-0.2087963578516705,true,12,0,0.0
784454,2014,20,0.02863233730501058,false,2,1,0.5
670448,2011,4,-0.24976072273624084,true,64,46,0.71875
173824,1997,282,-0.1409689803402756,true,0,0,0.0
503418,2005,104,-0.057628931537646366,true,0,0,0.0
117099,1995,7,-0.2015623002578142,true,0,0,0.0
849564,2015,77,-0.08197093985693904,false,0,0,0.0
775238,2014,146,0.26177211643254905,true,1,1,1.0
50100,1993,21,-0.20673113889342964,false,5,5,1.0
486403,2004,30,-0.2770322414118578,true,3,3,1.0
843265,2015,39,0.027290946494702872,true,1,1,1.0
295523,2002,6,-0.02077401070407081,false,0,0,0.0
351364,2007,13,-0.25772291399262137,true,0,0,0.0
598341,2016,95,0.044586126730076,false,1,0,0.0
960148,2018,43,-0.25721812872297356,false,1,0,0.0
422671,2009,6,-0.10399214151310954,false,1,0,0.0
22945,1991,9,-0.1423029922117296,false,2,0,0.0
727154,2013,63,-0.0883807630302913,false,29,9,0.3103448275862069
248990,2000,22,-0.0681561907873478,true,1,1,1.0
77020,1994,27,-0.22483516987348207,false,1,0,0.0
116880,1995,12,-0.06537320368093447,false,0,0,0.0
677076,2011,32,0.08540433552885762,false,5,1,0.2
141400,1996,14,-0.21536119213504357,false,0,0,0.0
225127,1999,223,-0.09170429565184346,true,38,21,0.5526315789473685
399133,2009,24,0.08356082758404959,true,1,0,0.0
591911,2015,409,-0.03058436943324816,false,4,0,0.0
862606,2016,63,0.06116028403702245,false,79,31,0.3924050632911392
701697,2012,23,0.1843564042977226,true,0,0,0.0
865421,2014,462,-0.1818093074873195,false,2,1,0.5
748301,2013,331,0.037929526784956646,true,7,7,1.0
583917,2014,30,0.011688453679700395,false,0,0,0.0
657247,2011,17,-0.1052708214344662,true,195,119,0.6102564102564103
588923,2015,17,0.03367601200698278,false,0,0,0.0
489607,2004,876,-0.040079439418356344,true,1,1,1.0
394395,2008,33,-0.036677982482903104,true,0,0,0.0
843418,2015,13,0.10543636416233593,false,0,0,0.0
238617,2000,101,0.0035409143201392546,true,0,0,0.0
951287,2017,5,0.15712401189481717,true,1,0,0.0
210179,1999,15,0.1330979703588735,false,0,0,0.0
927353,2017,80,-0.0858947429077137,false,0,0,0.0
30052,1991,5,0.15181079322898583,false,22,13,0.5909090909090909
275966,2001,81,0.12274204238641051,true,0,0,0.0
462186,2003,14,0.03749371001247459,true,112,49,0.4375
908367,2017,23,-0.06487466337564474,false,0,0,0.0
614754,2019,67,0.023856467884662003,true,0,0,0.0
656713,2011,8,-0.7331631916257999,false,0,0,0.0
879558,2016,10,-0.0037255420922672755,true,0,0,0.0
431873,2010,31,0.10004152703136349,true,22,11,0.5
520896,2005,13,0.4872501278219685,false,89,54,0.6067415730337079
178521,1997,15,0.48278030583209564,true,6,6,1.0
945035,2017,25,0.0815480251857883,true,0,0,0.0
424900,2009,24,-0.06370900623441678,true,0,0,0.0
864158,2014,86,-0.1521102527580087,true,0,0,0.0
307530,2003,58,-0.09486300415905902,true,4,4,1.0
420383,2009,14,0.15862959019555767,false,0,0,0.0
188769,1998,11,0.06955380623700513,true,1,1,1.0
400392,2009,23,0.028948802896101355,true,0,0,0.0
17273,1991,8,0.015023053352060778,false,11,7,0.6363636363636364
581326,2013,344,-0.05072471216510088,false,0,0,0.0
511461,2005,41,-0.3696483652845526,true,2,2,1.0
373712,2008,30,-0.06957487719833022,false,1,1,1.0
407224,2009,69,-0.03832745618860578,false,0,0,0.0
1017608,2019,5,-0.23012730039641394,true,2,0,0.0
112886,1995,19,-0.20101157274774817,true,23,23,1.0
1034790,2019,26,-0.15536399174561932,true,0,0,0.0
403927,2009,12,-0.069491075874196,true,0,0,0.0
225608,1999,13,-0.08294158616014435,true,0,0,0.0
453378,2002,29,-0.28125531338348875,false,2,0,0.0
654390,2011,26,-0.008827358428056264,true,217,114,0.5253456221198156
1012532,2018,4,-0.27394936420062876,false,21,7,0.3333333333333333
628036,2010,10,0.11635298091989998,true,1,1,1.0
301523,2002,8,0.03760500345427786,false,0,0,0.0
246885,2000,9,-0.04262501470212232,false,0,0,0.0
704899,2012,69,-0.17972745554019376,true,7,6,0.8571428571428571
75825,1994,19,0.009441041764591596,true,2,2,1.0
73902,1994,6,-0.37524460498913736,false,4,1,0.25
975681,2018,27,0.020244188619819248,false,0,0,0.0
516312,2005,34,0.06621415354156834,true,1,1,1.0
2249,1990,9,0.9029336261223175,false,0,0,0.0
392268,2008,8,-0.26172488024730534,true,931,572,0.6143931256713212
174040,1997,17,0.037245527177937277,true,1,1,1.0
451803,2002,328,-0.23187328364124093,false,0,0,0.0
1024327,2019,156,0.06685724934425563,false,2,0,0.0
814039,2015,41,0.050630263116622665,true,0,0,0.0
218195,1999,18,0.1999771912042938,true,4,4,1.0
635712,2010,68,0.007957972126710011,true,3,2,0.6666666666666666
237544,2000,33,-0.0979948869676388,true,0,0,0.0
834906,2015,27,0.329966795658982,true,15,7,0.4666666666666667
4068,1990,11,0.7094724776702455,true,0,0,0.0
872744,2016,93,0.04345477586995816,false,1,0,0.0
1064637,2019,3,-0.23662338571084085,true,1,1,1.0
87847,1994,5,-0.30232564300577014,true,8,6,0.75
648611,2011,14,0.03027136917731532,true,29,21,0.7241379310344828
899190,2016,42,-0.034020007705674704,false,0,0,0.0
639778,2010,27,0.0008194130437688685,false,2,0,0.0
236580,2000,80,-0.00977878145102773,true,1,1,1.0
462442,2003,3,0.23226915612434595,true,0,0,0.0
137266,1996,34,0.2610110647310666,true,1,0,0.0
560012,2007,53,0.007947682724199545,false,0,0,0.0
1057509,2019,198,-0.15584164873504847,false,0,0,0.0
256647,2000,12,-0.07701821993933411,true,0,0,0.0
677454,2011,57,0.3576126099740584,false,0,0,0.0
804213,2015,34,-0.07664487591568481,true,0,0,0.0
893021,2016,129,0.05429489516738073,true,0,0,0.0
282031,2001,24,-0.10556477340061754,false,0,0,0.0
741905,2013,86,0.38594452640612165,false,0,0,0.0
550623,2004,14,-0.0223102101612076,false,0,0,0.0
276596,2001,51,0.22423470582775984,true,4,4,1.0
832513,2015,766,0.037869589577832485,false,0,0,0.0
1022427,2019,50,0.0051047952336871205,false,0,0,0.0
145343,1996,46,-0.3365505771194597,true,1,1,1.0
600824,2017,18,0.12674528594561174,false,0,0,0.0
831901,2015,163,-0.07747404356663168,true,10,9,0.9
939665,2017,129,0.099180982016156,false,3,0,0.0
265404,2000,131,-0.017555356907441144,true,11,11,1.0
21622,1991,12,0.09405191112169042,false,0,0,0.0
581896,2013,141,-0.1257193689120628,false,0,0,0.0
653797,2011,9,0.6543586485020345,false,15,11,0.7333333333333333
121016,1996,7,0.20743165060739077,true,0,0,0.0
396130,2008,327,0.11497299834962993,true,3,3,1.0
694157,2012,16,0.04260955637554176,false,1,0,0.0
281847,2001,19,-0.21392941904306717,true,0,0,0.0
822993,2015,38,0.03292956438689121,false,1,1,1.0
840073,2015,15,0.03123017632597591,true,0,0,0.0
1045896,2019,73,0.053177099833773056,true,0,0,0.0
814510,2015,53,0.16445595731896656,true,1,0,0.0
202625,1998,25,0.005570994276161478,true,0,0,0.0
934629,2017,48,0.15960297337767937,false,1,0,0.0
378040,2008,127,-0.05939897884025758,false,1,1,1.0
130638,1996,25,-0.20815383768384788,false,1,1,1.0
947086,2017,17,0.024406605672949055,true,0,0,0.0
342354,2007,10,-0.17239111093849147,false,13,11,0.8461538461538461
1007899,2018,29,-0.0030142268706025988,true,5,3,0.6
677525,2011,10,-0.0967309837544521,true,1,1,1.0
1064443,2019,13,0.059499973810750895,false,546,239,0.43772893772893773
689867,2012,23,0.07570995798802205,false,2,0,0.0
916532,2017,19,0.07011060647992906,true,3,0,0.0
951242,2017,8,0.07165761933641512,false,0,0,0.0
169743,1997,39,-0.29459040628192046,true,0,0,0.0
51643,1993,6,0.13246485104527128,true,0,0,0.0
529127,2006,145,-0.012403503155604234,true,1,1,1.0
712132,2012,23,0.2254887854354175,false,0,0,0.0
108316,1995,15,0.21162959947831528,false,2,2,1.0
1059776,2019,3,0.05729642161706394,false,0,0,0.0
15867,1990,6,0.2693371880340827,true,3,0,0.0
106143,1995,5,-0.02982246996655835,false,15,10,0.6666666666666666
628195,2010,7,-0.32066440673259144,true,0,0,0.0
202775,1998,11,-0.22454799829032446,true,0,0,0.0
523886,2005,21,-0.29316808803500116,true,1,1,1.0
571707,2011,295,-0.15980341820020083,false,3,0,0.0
157126,1997,28,-0.0447496388801536,true,0,0,0.0
310595,2003,18,0.35824311165511524,false,0,0,0.0
98531,1995,8,0.13703973616211762,true,0,0,0.0
514393,2005,15,-0.12391870270596606,true,0,0,0.0
29282,1991,22,0.07850561398060751,false,0,0,0.0
452890,2002,80,-0.14746266225503923,false,0,0,0.0
279866,2001,19,-0.3195722453723926,true,1,1,1.0
548960,2002,182,-0.22731706616759606,false,1,0,0.0
646515,2011,19,-0.01726799039015603,true,64,32,0.5
665636,2011,32,0.23517546307867132,true,127,64,0.5039370078740157
352195,2007,36,0.1598222203613382,false,7,3,0.42857142857142855
570405,2011,57,-0.08667598786252118,false,0,0,0.0
626911,2010,6,-0.09796635016382549,false,18,14,0.7777777777777778
630110,2010,130,0.010799195447964038,true,4,2,0.5
796898,2014,151,-0.06417351429763674,true,1,1,1.0
358086,2007,12,-0.04836398212327264,false,0,0,0.0
525912,2005,3,-0.5716788154200625,false,34,24,0.7058823529411765
1008977,2018,34,-0.2489999072361213,true,64,28,0.4375
148856,1996,9,-0.20572056340445677,false,2,0,0.0
997534,2018,36,-0.3502074879948198,false,2,1,0.5
830124,2015,69,-0.09242530140967986,false,58,16,0.27586206896551724
1009764,2018,18,0.14351060093668444,true,1,0,0.0
366025,2007,16,0.025064523624148904,false,658,314,0.47720364741641336
254279,2000,32,-0.07657424254873035,false,44,35,0.7954545454545454
39686,1992,14,-0.26589767485671345,false,16,11,0.6875
19508,1991,3,-0.25881722000980645,true,1,0,0.0
242510,2000,37,-0.10974317780028198,true,1,1,1.0
430752,2010,184,-0.18226505624570688,true,0,0,0.0
350354,2007,5,0.14036387778782178,true,16,11,0.6875
226404,1999,22,0.041575744377483126,false,0,0,0.0
41507,1992,13,-0.44924458032212033,true,28,26,0.9285714285714286
745634,2013,55,-0.04417944320787637,false,0,0,0.0
206807,1999,20,0.21372639273335814,false,4,1,0.25
931085,2017,22,-0.13491402880608927,true,0,0,0.0
563753,2008,151,-0.004805011221269417,false,1,0,0.0
729267,2013,165,-0.2141788547874568,true,0,0,0.0
697777,2012,48,0.203965929386678,false,0,0,0.0
102145,1995,11,-0.6116407397185082,false,0,0,0.0
113207,1995,8,-0.1577208001815773,true,1,0,0.0
927426,2017,203,-0.1560663044591113,false,5,0,0.0
954745,2017,35,0.0842522142066695,false,1,0,0.0
109637,1995,23,-0.14555069828783207,true,0,0,0.0
684601,2012,9,0.2245179893910798,true,812,461,0.5677339901477833
411028,2009,7,-0.30619848148598905,true,0,0,0.0
943445,2017,22,-0.016875067790094178,true,101,50,0.49504950495049505
417696,2009,13,0.1237469636377071,false,4,1,0.25
758813,2014,35,-0.059525924496832694,true,3,3,1.0
594178,2016,79,0.10245676289175076,false,3,2,0.6666666666666666
380233,2008,56,-0.05448307982763456,true,0,0,0.0
1048999,2019,8,-0.142794537189058,false,2,0,0.0
156672,1997,23,-0.00983394939197968,true,3,3,1.0
740345,2013,8,-0.12774028190908027,true,0,0,0.0
359273,2007,11,0.08957403493578919,true,1,1,1.0
734416,2013,104,-0.029591008572896538,true,7,7,1.0
55392,1993,4,0.05676409250523218,true,32,24,0.75
743233,2013,26,-0.3084187369986209,true,11,6,0.5454545454545454
1006536,2018,72,-0.014580876707054102,true,0,0,0.0
973534,2018,21,-0.042449814720106005,false,56,23,0.4107142857142857
869675,2016,29,0.05093851258479898,true,0,0,0.0
462396,2003,3,0.3064017356968858,false,824,483,0.5861650485436893
315183,2004,7,0.0441547452050326,false,0,0,0.0
422466,2009,48,0.15519141228407118,false,1,0,0.0
568964,2010,101,-0.02126846547409844,false,0,0,0.0
609592,2018,165,0.13473280819902422,false,0,0,0.0
529384,2006,20,0.27108952487989324,false,1,0,0.0
239098,2000,19,-0.054057291918105044,true,0,0,0.0
372340,2008,153,0.25859989772112346,false,1,0,0.0
417507,2009,15,-0.15751178713414316,true,2,2,1.0
249345,2000,343,0.007864623485652089,false,1,1,1.0
311201,2003,7,-0.2633427390497314,true,8,7,0.875
849762,2015,17,-0.10915104963473077,false,206,48,0.23300970873786409
1068905,2019,34,0.06915117465033482,false,22,9,0.4090909090909091
791213,2014,20,-0.15100796168277864,true,1,1,1.0
500280,2005,8,-0.13168226299415053,true,0,0,0.0
606331,2018,29,-0.15623533424996516,false,0,0,0.0
990825,2018,174,0.043162713717942225,false,3,0,0.0
80731,1994,94,0.04877023673933589,false,0,0,0.0
813190,2015,32,0.19460708572924013,false,2,2,1.0
633020,2010,22,-0.07791898299091748,false,80,55,0.6875
576616,2012,225,0.06003885437314693,false,1,0,0.0
346047,2007,23,0.14514095990123987,false,0,0,0.0
136277,1996,19,0.12702622296712018,true,2,2,1.0
387842,2008,37,0.13690272915194246,false,0,0,0.0
73901,1994,15,-0.10600902814294866,false,56,19,0.3392857142857143
935466,2017,48,-0.08126288642797075,false,0,0,0.0
108738,1995,18,-0.08128457454859905,true,0,0,0.0
755971,2013,16,-0.04488058504532422,false,2,1,0.5
657315,2011,9,0.3584823554641705,true,702,399,0.5683760683760684
921107,2017,4,-0.07751107312192751,true,0,0,0.0
195208,1998,9,-0.02430177045604065,false,191,96,0.5026178010471204
1012844,2018,177,-0.18080615834858493,true,3,2,0.6666666666666666
1040861,2019,146,0.10357323509508909,false,1,0,0.0
1023702,2019,16,0.16695859942054714,false,0,0,0.0
837510,2015,21,0.13907659365086467,false,3,0,0.0
784281,2014,338,-0.05789175011639047,true,0,0,0.0
1063463,2019,19,-0.03118262324349974,true,0,0,0.0
145437,1996,12,0.0747397980746225,true,0,0,0.0
147956,1996,23,-0.053725455325562166,true,11,5,0.45454545454545453
419855,2009,75,0.1230974044294193,true,0,0,0.0
747882,2013,46,0.014773043234975525,false,0,0,0.0
249029,2000,12,-0.43541053511035166,true,0,0,0.0
186229,1998,17,0.18221702849286103,true,0,0,0.0
905365,2017,417,0.005793753989366657,false,1,0,0.0
956292,2017,24,-0.3460571755502233,true,119,39,0.3277310924369748
352526,2007,19,0.02442143926909157,true,2,2,1.0
568781,2010,200,-0.07410861892719556,false,9,0,0.0
496471,2004,74,-0.04083046052774719,false,1,0,0.0
16694,1991,15,0.17675561481225888,true,0,0,0.0
183573,1998,6,-0.057428218183513735,true,0,0,0.0
544530,2006,21,0.06833018587726869,true,0,0,0.0
44146,1992,76,-0.012199482838517461,true,0,0,0.0
273274,2001,5,0.3110285993268267,false,20,10,0.5
726186,2013,185,0.056207534363394984,true,1,1,1.0
183632,1998,5,-0.6169850725000448,false,8,6,0.75
352513,2007,37,0.1254393721487621,false,19,14,0.7368421052631579
138116,1996,90,-0.16895945047460348,false,0,0,0.0
680580,2012,29,-0.15346752521074158,true,0,0,0.0
1039230,2019,64,-0.20405019275163827,true,17,4,0.23529411764705882
927519,2017,13,0.014650880800725297,false,2,0,0.0
977783,2018,14,0.057572619429397065,false,0,0,0.0
860996,2016,58,0.08587016358114408,true,1,1,1.0
560576,2007,325,-0.15330774326838137,false,2,0,0.0
285944,2001,7,0.18882270184212402,true,0,0,0.0
771128,2014,49,0.24425257899305652,true,3,2,0.6666666666666666
631729,2010,23,-0.2172972108840927,false,5,2,0.4
227220,1999,14,-0.226180355869686,true,8,7,0.875
203840,1998,15,0.11986200006867875,false,0,0,0.0
916261,2017,17,-0.1508550581013548,false,92,70,0.7608695652173914
831324,2015,20,0.02112481562949764,false,2,0,0.0
981314,2018,36,-0.07261915355873416,false,78,16,0.20512820512820512
30482,1991,45,0.12393726103178793,false,2,2,1.0
114827,1995,14,-0.059097273126060834,true,0,0,0.0
686244,2012,5,0.3694638885659227,false,33,11,0.3333333333333333
50550,1993,11,-0.43129664530286327,true,15,6,0.4
808943,2015,93,0.09878357687546035,false,1,0,0.0
28581,1991,9,0.20245106860252093,true,0,0,0.0
434366,2010,51,0.1499123184507809,true,3,3,1.0
675160,2011,82,0.01769127593268216,true,2,1,0.5
768640,2014,57,0.008732909750035489,true,1,1,1.0
691608,2012,6,-0.10476164702225343,false,13,8,0.6153846153846154
457088,2002,29,-0.12464626889379371,false,1,0,0.0
912121,2017,17,-0.013972242161284676,false,0,0,0.0
699690,2012,117,-0.042800646287442845,true,0,0,0.0
220758,1999,12,0.049634412624497415,true,3,3,1.0
85850,1994,33,0.06356849167453316,false,1,0,0.0
687825,2012,17,0.0001072918880566931,true,265,152,0.5735849056603773
506931,2005,35,-0.12300248853044415,true,1,1,1.0
951999,2017,59,0.04181101319901881,false,5,2,0.4
197151,1998,21,-0.38344362152932376,true,1,0,0.0
119401,1996,14,-0.2746266632111505,false,2,0,0.0
986262,2018,125,0.1718023857818336,true,1,1,1.0
285376,2001,39,0.207672357185416,true,0,0,0.0
397658,2008,117,-0.007752975118131111,true,10,5,0.5
276637,2001,10,0.12374272196458591,true,0,0,0.0
753419,2013,25,0.04069635497905555,true,0,0,0.0
383312,2008,13,0.1977274181871369,true,0,0,0.0
1001393,2018,57,-0.18281007775825042,false,1,0,0.0
376227,2008,85,0.14988663515894984,false,0,0,0.0
201139,1998,32,0.07776263582605303,true,2,2,1.0
243182,1995,31,-0.08566430092647348,false,0,0,0.0
303510,2002,11,0.3098840324335841,true,16,10,0.625
116809,1995,11,-0.5752129018852061,false,7,1,0.14285714285714285
677675,2011,28,-0.013082198164618752,false,1,0,0.0
1040608,2019,32,-0.011120110321837018,true,0,0,0.0
1011673,2018,8,-0.2859863776025069,false,2,0,0.0
30022,1991,10,-0.29874574484850847,true,25,9,0.36
1044383,2019,72,-0.14571793267402988,false,446,160,0.35874439461883406
187282,1998,16,-0.18452288465565125,true,0,0,0.0
1005040,2018,76,0.27066410656043116,true,6,5,0.8333333333333334
129565,1996,34,-0.004080163017977867,false,0,0,0.0
756316,2013,9,-0.18886685236172696,true,3,1,0.3333333333333333
158534,1997,42,0.16555639137990497,false,1,0,0.0
905221,2017,29,-0.010688301049960103,false,0,0,0.0
389696,2008,459,-0.04092752123693888,false,1,1,1.0
710704,2012,18,0.32164452914218966,false,0,0,0.0
348390,2007,8,-0.14014568429616148,false,0,0,0.0
371035,2008,14,-0.07921207289501986,true,0,0,0.0
999611,2018,89,-0.23251348749725853,false,0,0,0.0
797887,2014,72,-0.01781557898135766,true,2,1,0.5
160131,1997,43,-0.28031273358404096,true,0,0,0.0
303500,2002,6,0.6856007854691022,false,0,0,0.0
650954,2011,120,0.12593041009774053,true,1,1,1.0
1060265,2019,48,0.22474801603448036,false,1,0,0.0
109112,1995,16,-0.46897964563677963,true,2,2,1.0
228581,1999,28,0.040972773272811125,true,0,0,0.0
891183,2016,171,0.14746794677670083,true,2,0,0.0
234807,1999,19,0.015745205468388868,false,0,0,0.0
769281,2014,560,-0.03367934649247406,false,0,0,0.0
410818,2009,7,-0.0957646024692469,true,0,0,0.0
769868,2014,51,-0.05185047993512448,false,3,0,0.0
707458,2012,18,-0.20121517875531847,false,0,0,0.0
641118,2010,21,-0.4157910083805598,true,27,24,0.8888888888888888
467911,2003,3,-0.35146275536145044,true,0,0,0.0
681147,2012,16,0.07150452640088112,false,1,1,1.0
257209,2000,28,-0.10460551031234111,false,1,0,0.0
832112,2015,4,-0.0009298861796693814,false,2,0,0.0
784538,2014,177,0.013021806402280678,true,2,1,0.5
204853,1998,5,-0.05808002328386763,false,0,0,0.0
86727,1994,20,-0.17502263553133446,false,1,1,1.0
721472,2013,10,-0.09187076886938872,true,496,269,0.5423387096774194
918955,2017,52,-0.1349454486948849,false,1,0,0.0
42863,1992,13,-0.13835204677498059,false,0,0,0.0
141957,1996,3,-0.21572275275892494,false,0,0,0.0
318416,2004,3,-0.11215245746937619,true,0,0,0.0
703971,2012,16,0.2990067352864738,false,3,1,0.3333333333333333
326403,2011,279,-0.04322039439031222,true,1,0,0.0
789443,2014,55,0.015647072489700875,false,9,3,0.3333333333333333
692365,2012,58,-0.013096674216368953,true,5,4,0.8
920946,2017,7,0.0884119115360269,true,0,0,0.0
468309,2003,13,-0.29487261944424237,true,0,0,0.0
691800,2012,167,-0.14654742133347698,true,1,0,0.0
920796,2017,140,-0.12404064363245704,false,0,0,0.0
266383,2000,79,0.1213169308443125,true,0,0,0.0
1069523,2018,13,-0.19561923889505017,false,1,1,1.0
437420,2000,309,-0.11220042541672504,true,0,0,0.0
993903,2018,3,0.08742375845659467,true,0,0,0.0
163346,1997,10,-0.019992172251885876,true,2,1,0.5
790874,2014,126,0.04819234693376284,true,0,0,0.0
275066,2001,56,0.1418671047586173,true,0,0,0.0
160493,1997,14,-0.1282022211540257,false,0,0,0.0
5732,1990,7,0.5709033046607956,true,1,1,1.0
753211,2013,82,-0.07164482954839713,false,2,0,0.0
531246,2006,9,-0.017087635195906614,true,1,1,1.0
834996,2015,17,-0.17575071662682262,true,1525,747,0.4898360655737705
109959,1995,19,-0.19323817572177404,true,0,0,0.0
923307,2017,62,0.02110584384167158,true,2,2,1.0
194455,1998,16,-0.1951009676794726,false,0,0,0.0
220545,1999,27,0.015620953332997622,false,0,0,0.0
636033,2010,79,-0.07783750010796098,true,1,0,0.0
792756,2014,62,-0.1478730200956777,false,2,1,0.5
62530,1993,6,-0.07275954383837213,false,203,89,0.43842364532019706
523235,2005,89,-0.018581555343175182,true,5,3,0.6
458553,2002,26,-0.16204090579800035,false,2,1,0.5
449746,2002,12,0.25058675171639244,true,0,0,0.0
772427,2014,203,0.1149108043490017,true,0,0,0.0
84852,1994,41,-0.332635408733748,false,2,1,0.5
404336,2009,36,0.061863316494351395,false,0,0,0.0
164260,1997,11,-0.5961393553404069,false,7,1,0.14285714285714285
364901,2007,100,-0.08635721448867528,false,0,0,0.0
722796,2013,32,0.22394350790864603,false,0,0,0.0
677701,2011,88,0.14590238972302583,false,13,4,0.3076923076923077
37118,1992,8,0.37330462541499454,true,0,0,0.0
565029,2009,14,-0.1611543943963465,false,0,0,0.0
355931,2007,7,-0.11242657523762034,true,21,8,0.38095238095238093
257603,2000,52,-0.3020859707799888,false,2,1,0.5
655461,2011,38,0.23699338928146396,true,5,4,0.8
642467,2010,13,0.1173661793961358,true,3,1,0.3333333333333333
289332,2001,16,0.09834462656608611,false,0,0,0.0
317426,2004,6,0.20632737358563968,false,4,1,0.25
11835,1990,10,0.04846460576859091,false,0,0,0.0
669214,2011,22,-0.013479857085093805,true,1,0,0.0
168398,1997,50,0.20730310447696487,false,1,0,0.0
215913,1999,12,-0.1918253947952735,false,0,0,0.0
854441,2016,32,0.03255889802640777,false,1,1,1.0
453833,2002,6,0.13107397381125985,true,8,8,1.0
314360,2004,169,0.1250250858061035,false,0,0,0.0
423267,2009,15,-0.021975701525704938,false,0,0,0.0
385819,2008,203,-0.25903121790645134,true,0,0,0.0
158153,1997,27,-0.248588083824266,true,1,1,1.0
134920,1996,3,0.7567532286417711,true,15,11,0.7333333333333333
54374,1993,5,-0.23544950124040387,false,0,0,0.0
925672,2017,196,-0.058796769209868316,true,4,2,0.5
126051,1996,12,-0.41250914136497485,false,0,0,0.0
864996,2015,252,0.0391892570946486,false,2,0,0.0
272322,2001,27,-0.06513548071458963,true,1,1,1.0
244244,2000,626,0.1512997071304003,true,0,0,0.0
596918,2016,365,-0.0625179307053827,false,1,0,0.0
1043848,2019,44,0.07183545464201746,true,0,0,0.0
300953,2002,21,-0.019633062692274272,true,0,0,0.0
64799,1993,9,-0.3406235763911116,false,0,0,0.0
619512,2019,343,-0.12302122745745114,false,1,0,0.0
352541,2007,29,0.09561258431765562,false,4,2,0.5
218459,1999,8,0.004241785291423383,false,1,1,1.0
318432,2004,12,-0.2646083768652501,true,0,0,0.0
569058,2010,281,-0.03150741286758141,false,0,0,0.0
911079,2017,16,-0.14433996229246038,true,1,0,0.0
197354,1998,16,0.12609632372403823,true,0,0,0.0
117448,1995,5,0.09646279208089581,false,1,0,0.0
825824,2015,32,0.028393398242759993,false,5,0,0.0
1031452,2019,74,-0.03241620953664448,false,65,1,0.015384615384615385
279756,2001,3,0.16884475138998756,true,5,4,0.8
729894,2013,59,-0.0033058366918705673,true,2,2,1.0
4653,1990,8,0.4507798515799859,false,0,0,0.0
2452,1990,5,0.6973142631642215,true,0,0,0.0
1034818,2019,90,-0.22785127756970436,false,0,0,0.0
447504,2001,16,0.017169662163439625,true,3,2,0.6666666666666666
887676,2016,73,-0.03884711256118889,false,6,4,0.6666666666666666
799675,2014,30,-0.028286927224998593,true,7,4,0.5714285714285714
790342,2014,158,-0.0558593281297739,false,2,0,0.0
411096,2009,21,-0.10307644665588,true,384,263,0.6848958333333334
116865,1995,30,0.5319287332510099,false,0,0,0.0
600080,2016,104,-0.012994825696208245,true,1,1,1.0
1009447,2018,82,0.16790036597428593,false,0,0,0.0
761105,2014,35,0.08519461871821843,false,0,0,0.0
1022862,2019,5,-0.04990388792127476,true,495,204,0.4121212121212121
814189,2015,6,-0.1757236599294698,true,0,0,0.0
570353,2010,353,0.03233286579079664,false,1,0,0.0
430984,2010,15,-0.11128655618171468,false,0,0,0.0
558979,2007,98,0.03610360766095955,false,0,0,0.0
214605,1999,44,0.07340614871543139,true,1,0,0.0
397862,2008,3,-0.31779220559937205,false,7,3,0.42857142857142855
984035,2018,11,-0.33504594468485127,false,0,0,0.0
936222,2017,49,0.1249257081277646,true,1,0,0.0
16706,1991,6,0.4036529969401972,false,4,1,0.25
928904,2017,367,-0.0144824477834411,true,5,1,0.2
344951,2007,50,-0.10756539741073112,true,4,2,0.5
1068593,2019,71,-0.3256563345361667,false,29,7,0.2413793103448276
803448,2015,222,0.050264127785241364,true,0,0,0.0
282973,2001,25,-0.18510358581970987,false,0,0,0.0
1040101,2019,59,-0.14332063041380483,false,0,0,0.0
135576,1996,12,0.7414502203515889,false,0,0,0.0
82479,1994,9,-0.31592978223438273,true,0,0,0.0
536197,2006,10,-0.11416833229911205,true,0,0,0.0
268084,2000,35,-0.17147525828251986,false,0,0,0.0
445809,2001,10,-0.16985649399047364,false,0,0,0.0
324670,2009,27,-0.13405119233572282,true,0,0,0.0
551500,2005,31,-0.089980997598051,false,1,0,0.0
1024784,2019,40,0.030703616207906848,false,55,33,0.6
204717,1998,11,-0.2025003885856762,true,1,0,0.0
99937,1995,5,-0.48924179257314115,true,1,1,1.0
192169,1998,16,0.14051505750448978,true,0,0,0.0
400115,2009,38,-0.05789061290601083,true,0,0,0.0
874177,2016,12,0.0725115818227886,false,0,0,0.0
556757,2006,119,-0.018286918587674172,false,0,0,0.0
299709,2002,208,-0.06775332718686045,true,0,0,0.0
603596,2017,211,0.04076208116004132,false,0,0,0.0
466192,2003,13,-0.1041958678060464,false,0,0,0.0
370113,2008,8,0.13782351252903968,true,0,0,0.0
179301,1997,11,0.1993485471641483,false,53,29,0.5471698113207547
834061,2015,161,0.027074857189475665,false,3,0,0.0
853188,2016,38,0.17192652549354026,true,2,0,0.0
744107,2013,13,-0.2387195529282211,true,5,4,0.8
1045170,2019,41,-0.060650787664949135,false,52,2,0.038461538461538464
551656,2004,10,-0.043517091854077705,false,0,0,0.0
523173,2005,15,-0.0444841328912613,false,0,0,0.0
730714,2013,20,0.12587784648759826,true,0,0,0.0
477597,2004,144,0.11090622827964491,false,2,1,0.5
930551,2017,105,-0.011440947760177345,true,2,2,1.0
782102,2014,175,0.10956362467527025,false,5,2,0.4
1007609,2018,47,0.20094267901298313,false,42,27,0.6428571428571429
355304,2007,45,0.138713908052833,true,1,0,0.0
757330,2013,323,-0.13604769754621415,false,3,2,0.6666666666666666
1041133,2019,17,-0.05576829695873364,false,7,3,0.42857142857142855
353527,2007,7,-0.23229706178187914,false,51,39,0.7647058823529411
548894,2005,19,0.016579264675741,true,0,0,0.0
406149,2009,9,0.030907092469822928,false,1,1,1.0
68076,1993,26,-0.16769669152302935,false,0,0,0.0
636477,2010,244,0.08815910201206245,false,0,0,0.0
276849,2001,93,1.0952489492766286,true,1055,1051,0.9962085308056872
332090,2006,6,0.18175895624332128,true,2,2,1.0
834986,2015,29,-0.10229158444406483,true,335,139,0.41492537313432837
307925,2003,7,1.0601114152261584,true,78,53,0.6794871794871795
440325,2000,24,0.07218725442909424,false,2,1,0.5
203636,1998,102,-0.28982579398759833,true,62,60,0.967741935483871
591525,2014,815,-0.03132203227959973,false,0,0,0.0
899377,2016,147,-0.016375473259635953,false,1,0,0.0
830576,2015,42,0.004810155553791162,false,1,0,0.0
961613,2018,9,-0.005628819333887591,false,6,0,0.0
649699,2011,107,-0.04471745497757418,true,0,0,0.0
392819,2008,196,-0.12214846186448636,true,0,0,0.0
569742,2010,16,0.1734677495037591,false,0,0,0.0
86646,1994,7,-0.42807869926007225,true,31,16,0.5161290322580645
393166,2008,27,-0.11195561139700949,true,3,1,0.3333333333333333
852516,2016,30,-0.07313636349912223,false,23,6,0.2608695652173913
849251,2015,13,-0.14931248642358863,false,0,0,0.0
218888,1999,26,-0.11619933178523745,false,2,1,0.5
440234,2000,13,0.10455176196956373,true,0,0,0.0
917486,2017,19,0.09184545920324627,false,2,2,1.0
758240,2014,45,-0.10529534910019667,false,2,2,1.0
187102,1998,25,0.029148943566546848,true,0,0,0.0
492850,2004,9,0.24123071980798105,false,1,0,0.0
996241,2018,95,0.05273260072220598,true,1,1,1.0
906814,2017,60,0.001731499229411071,false,1,0,0.0
641623,2010,76,-0.069088963948305,false,3,2,0.6666666666666666
588630,2015,179,0.04618269609348813,false,0,0,0.0
812594,2015,40,0.08885108580177459,true,0,0,0.0
562414,2008,38,0.020353274816442557,false,0,0,0.0
941060,2017,1094,-0.04599753556917863,true,19,19,1.0
918257,2017,27,-0.20199370904239267,false,0,0,0.0
766068,2014,98,0.10763121431176259,true,0,0,0.0
125374,1996,14,-0.1451361939963336,true,0,0,0.0
1003569,2018,48,0.022369409667321705,false,0,0,0.0
8077,1990,5,-0.057265055988663605,true,2,1,0.5
1054143,2019,12,0.0457145951325737,false,21,6,0.2857142857142857
545701,2006,82,-0.053414769103151016,true,3,3,1.0
47295,1992,20,0.24595824237283725,false,0,0,0.0
518875,2005,15,-0.20661287212395418,true,0,0,0.0
556407,2006,197,0.004159109998884247,false,1,0,0.0
779262,2014,19,0.38790024312141114,true,1,1,1.0
75823,1994,27,-0.13910056232235402,false,1,1,1.0
720086,2013,28,0.07710625024035789,false,0,0,0.0
998597,2018,37,-0.0638399338955935,false,1,0,0.0
64599,1993,69,-0.08806952821987846,true,0,0,0.0
116145,1995,12,0.07787852706608867,true,8,7,0.875
765364,2014,19,0.18794368570803588,true,0,0,0.0
648124,2011,7,-0.25965241536781036,true,8,6,0.75
140877,1996,14,-0.21054661292651033,false,0,0,0.0
1047145,2019,77,0.09519049583585026,false,0,0,0.0
190291,1998,32,-0.046719748176497156,false,0,0,0.0
285750,2001,78,-0.17839396442169209,true,2,1,0.5
84293,1994,3,-0.22055016092786772,false,4,0,0.0
145262,1996,18,-0.11600833436277735,false,10,3,0.3
531203,2006,5,0.20683520617302342,true,0,0,0.0
138111,1996,3,-0.3318582717677545,true,73,31,0.4246575342465753
38475,1992,102,0.0591326874560929,false,0,0,0.0
542043,2006,34,-0.11603875470042802,true,0,0,0.0
1026632,2019,48,0.22357905910269515,false,2,0,0.0
108693,1995,33,0.2779333739661034,false,2,2,1.0
294764,2002,51,-0.24730633466051444,false,0,0,0.0
191523,1998,49,-0.21252441087268892,true,1,1,1.0
585626,2014,34,0.10094690006576368,false,1,0,0.0
6439,1990,12,0.2408420044135866,false,12,10,0.8333333333333334
607549,2018,92,-0.007721984345852917,false,1,0,0.0
915549,2017,131,-0.08851326949835592,false,4,1,0.25
524341,2005,33,-0.1258049001353072,true,3,3,1.0
385781,2008,16,-0.0999478853963165,true,4,3,0.75
680,1990,13,1.7482128620418038,true,0,0,0.0
49923,1993,11,-0.23922126293904622,true,128,67,0.5234375
1065484,2019,51,0.1827309675648534,false,0,0,0.0
339317,2007,17,-0.0007703491375998794,false,533,337,0.6322701688555347
143910,1996,10,-0.30687982052129037,true,0,0,0.0
640909,2010,42,-0.03915045308268095,false,5,5,1.0
741387,2013,27,-0.077429643419336,false,1,0,0.0
307174,2003,9,0.25429449990905173,true,0,0,0.0
372183,2008,26,-0.14593435840196012,true,290,204,0.7034482758620689
143723,1996,10,-0.013780755431319847,true,0,0,0.0
163597,1997,3,-0.32303132286336833,false,0,0,0.0
384215,2008,361,-0.049819321979982956,true,14,14,1.0
317707,2004,15,-0.06309605131399731,false,8,3,0.375
834888,2015,4,0.28096299367679034,false,2,0,0.0
178598,1997,11,-0.25616615394933273,true,2,2,1.0
449500,2002,6,0.17232418305612196,false,0,0,0.0
178003,1997,71,-0.049415118751054976,false,0,0,0.0
154742,1997,14,0.5198378253804181,true,0,0,0.0
793092,2014,7,-0.06827526139554418,true,0,0,0.0
786548,2014,42,0.2661974787404562,false,31,16,0.5161290322580645
319798,2005,15,0.20964561346902322,false,2,1,0.5
1008969,2018,14,-0.036192435460287165,false,0,0,0.0
99802,1995,10,0.039262494450134966,true,0,0,0.0
985314,2016,46,-0.28560235931939015,false,1,0,0.0
419205,2009,7,-0.05697250353803618,true,0,0,0.0
520067,2005,20,-0.3393405689970992,true,6,5,0.8333333333333334
896073,2016,3,-0.17483979757325585,true,641,259,0.4040561622464899
102948,1995,11,-0.14918547103359714,false,0,0,0.0
939904,2017,100,0.0072064262487447905,false,0,0,0.0
207286,1999,7,-0.3688812085599613,false,0,0,0.0
296250,2002,773,0.016858180100027376,false,75,23,0.30666666666666664
431059,2010,23,0.1386661186650917,false,2,1,0.5
655260,2011,7,0.09384724330922278,false,0,0,0.0
206560,1999,20,-0.29913785815111993,true,65,55,0.8461538461538461
731737,2013,16,-0.08185021817303628,true,30,25,0.8333333333333334
286244,2001,21,-0.3515626583816358,true,3,3,1.0
834394,2015,65,-0.05162565500895333,true,0,0,0.0
250612,2000,12,0.06165390918546709,true,0,0,0.0
938613,2017,26,-0.22758824954266332,false,52,26,0.5
594233,2016,54,-0.19475821290301187,false,1,0,0.0
953319,2017,16,-0.09214506529171373,true,1,1,1.0
569098,2010,70,-0.031170660304187692,false,0,0,0.0
19098,1991,13,0.46079060007561345,true,18,7,0.3888888888888889
856986,2016,3,-0.20370386907650584,false,641,260,0.40561622464898595
1053553,2019,73,0.12348214950809133,false,0,0,0.0
642702,2010,15,0.13464460658005972,true,1,1,1.0
383050,2008,31,-0.025942167208623523,true,0,0,0.0
488508,2004,44,0.13862979450071045,false,0,0,0.0
742962,2013,24,0.16031451550016396,false,73,13,0.1780821917808219
314469,2004,185,-0.17402460174291567,true,2,2,1.0
557232,2007,114,-0.14136286541621645,false,1,0,0.0
260044,2000,16,0.27976705213376896,true,48,40,0.8333333333333334
928256,2017,16,-0.047528752248686246,false,4,0,0.0
696511,2012,15,-0.18412504299744992,false,45,28,0.6222222222222222
473782,2003,16,-0.07828269247963693,true,13,6,0.46153846153846156
308745,2003,5,0.05288593183135326,true,1,1,1.0
320451,2005,35,0.2760472677347421,false,0,0,0.0
1033496,2019,47,-0.11075833715038996,false,0,0,0.0
636264,2010,18,-0.1525565953196253,false,8,3,0.375
569887,2010,5,0.06018115562995163,false,3,0,0.0
469380,2003,16,0.009735579853009213,false,0,0,0.0
63472,1993,11,-0.21474954449263706,true,0,0,0.0
478782,2004,3,0.42599940224465893,false,134,78,0.582089552238806
1038873,2019,61,0.046540637955058806,false,1,1,1.0
598268,2016,384,0.051803340359146244,false,1,0,0.0
838797,2015,111,-0.011082785083244673,true,0,0,0.0
423651,2009,84,0.08676466929869875,false,1,1,1.0
584754,2014,60,0.15875654587076493,false,0,0,0.0
134138,1996,12,-0.08465351633806861,true,0,0,0.0
1061360,2019,32,-0.1228146217144701,false,0,0,0.0
576294,2012,517,-0.14601426131497863,false,13,2,0.15384615384615385
405136,2009,238,-0.023891906667539597,false,0,0,0.0
883151,2016,70,-0.05141949199523754,true,3,2,0.6666666666666666
209131,1999,9,0.0728797466633484,true,0,0,0.0
266126,2000,45,-0.1536813856890884,true,1,1,1.0
366897,2007,12,0.20632247296300044,false,0,0,0.0
420987,2009,25,0.1822040283144606,true,1,1,1.0
733243,2013,25,-0.1342892639918123,true,3,2,0.6666666666666666
970565,2018,18,-0.05353499154887231,true,0,0,0.0
605625,2017,76,-0.007036907808858572,false,0,0,0.0
428771,2010,2459,-0.01005692114759893,true,19,11,0.5789473684210527
298327,2002,20,-0.30966344735767937,false,5,3,0.6
462387,2003,64,0.2477130180852427,true,0,0,0.0
732294,2013,23,-0.05290140610099758,true,2,1,0.5
7489,1990,7,0.09968292314258687,false,0,0,0.0
138535,1996,9,-0.6053816950430742,true,0,0,0.0
561155,2008,402,-0.11634262861589661,true,0,0,0.0
391728,2008,12,-0.06277941476139315,true,0,0,0.0
666706,2011,16,-0.36843951200945924,false,208,78,0.375
1022402,2019,73,-0.1827911440570178,true,0,0,0.0
863546,2016,214,0.6332562601044498,true,3,3,1.0
311413,2003,39,0.1297746650611411,false,1,0,0.0
218891,1999,15,0.04445135915244691,true,0,0,0.0
321210,2006,7,0.36589728091259843,true,2,2,1.0
960642,2018,30,-0.08019306494129719,true,1,1,1.0
467377,2003,25,0.09553995998601206,true,3,2,0.6666666666666666
344768,2007,23,0.033032026538634796,false,0,0,0.0
807006,2015,7,0.1423734057069055,true,19,9,0.47368421052631576
879015,2016,83,0.02092286398824683,false,6,1,0.16666666666666666
842563,2015,11,-0.20764618144528502,true,523,228,0.4359464627151052
476426,2003,42,-0.002113116975094087,false,0,0,0.0
106070,1995,26,-0.19083039091416598,false,1,0,0.0
885735,2016,10,0.030851697224928643,true,0,0,0.0
542780,2006,510,-0.11161304762237911,false,2,2,1.0
625532,2010,6,-0.07176440773912773,false,14,10,0.7142857142857143
307913,2003,19,0.3307108906343803,true,0,0,0.0
266603,2000,55,-0.08014479829020171,true,4,4,1.0
691306,2012,23,-0.09275729710295177,true,1,1,1.0
518506,2005,37,-0.15949885214077408,true,1,1,1.0
813996,2015,660,0.19549889252585206,true,1,1,1.0
283114,2001,40,-0.2331481645466642,true,0,0,0.0
707777,2012,9,-0.0904793067954941,true,0,0,0.0
1061374,2019,153,0.11938742378103395,false,2,0,0.0
403144,2009,26,-0.2491467143890702,true,1,1,1.0
336635,2007,48,-0.2643857702979595,false,0,0,0.0
990548,2018,3,0.03437948065135199,true,1,1,1.0
929508,2017,104,-0.09672924615882295,true,85,8,0.09411764705882353
471511,2003,25,-0.06075134631695356,false,0,0,0.0
429811,2010,86,0.3492103493707259,true,12,11,0.9166666666666666
435199,2010,150,-0.13144186011749515,true,2,2,1.0
68960,1994,61,-0.06377590144127687,false,1,1,1.0
781459,2014,26,-0.1846335289973018,false,705,344,0.4879432624113475
63053,1993,58,0.21009360026174928,false,0,0,0.0
20942,1991,5,0.04583222441603585,false,0,0,0.0
1038476,2019,86,0.05886488970405068,false,0,0,0.0
859316,2016,33,-0.04161877678885162,true,0,0,0.0
405120,2009,188,0.05479646097027846,false,0,0,0.0
588846,2014,104,0.06500756757555815,false,0,0,0.0
138187,1996,38,0.04434585852808581,false,0,0,0.0
396190,2008,8,0.1318621247080669,true,1203,721,0.5993349958437241
973145,2018,354,-0.01697016939789009,false,0,0,0.0
677053,2011,174,-0.006715623333178655,false,1,1,1.0
371004,2008,3,0.39806206048619686,true,11,9,0.8181818181818182
37260,1992,30,0.04009187815492865,false,0,0,0.0
825249,2015,53,0.07508210649631675,false,0,0,0.0
998258,2018,26,-0.17498229230424656,false,3,1,0.3333333333333333
737001,2013,9,0.05378694249679583,false,0,0,0.0
1064111,2019,963,-0.05816825365023082,false,0,0,0.0
548341,2006,17,-0.038398457688368026,true,7,6,0.8571428571428571
343012,2007,6,0.41570071530078234,false,1220,736,0.6032786885245902
749461,2013,65,-0.06181796719604726,true,32,20,0.625
107218,1995,17,-0.3420518128410075,false,0,0,0.0
1008198,2018,29,-0.25485617277659234,true,11,3,0.2727272727272727
569740,2010,289,0.016733967560966345,false,1,0,0.0
288533,2001,90,0.009147474596369776,false,32,17,0.53125
592162,2015,767,-0.05217350137874277,false,1,0,0.0
968936,2018,27,0.5493575401371453,true,4,1,0.25
540192,2006,36,0.05023332823099569,true,7,5,0.7142857142857143
947488,2017,243,-0.04422519876851805,false,17,11,0.6470588235294118
141133,1996,8,-0.36466808353849256,true,1,1,1.0
22787,1991,59,0.09684059480983986,true,0,0,0.0
743724,2013,62,-0.032639254133118634,true,0,0,0.0
340726,2007,175,-0.14941785891714687,true,0,0,0.0
890772,2016,9,-0.0792559334947347,false,4,1,0.25
479922,2004,83,-0.07990912293065211,false,1,0,0.0
894346,2016,12,-0.01958971488030148,false,0,0,0.0
444085,2001,32,-0.13340318072797164,true,1,1,1.0
699457,2012,75,-0.17086209713189504,false,1,0,0.0
1026556,2019,21,0.26274253215061893,false,4,2,0.5
131685,1996,3,-0.5864828188768207,false,31,11,0.3548387096774194
281818,2001,20,-0.3473938942953749,false,0,0,0.0
943371,2017,19,-0.014113100216309071,false,1,0,0.0
442680,2001,5,-0.4131393549244331,true,1,1,1.0
1062895,2019,15,-0.17204820938812038,false,0,0,0.0
870876,2016,3,0.2111143838533538,false,21,10,0.47619047619047616
345905,2007,39,-0.055938961275763255,true,0,0,0.0
1051425,2019,6,-0.10896730148384481,true,0,0,0.0
903294,2017,16,-0.002215321089986233,false,0,0,0.0
981394,2018,14,-0.005191792384977134,false,19,10,0.5263157894736842
944675,2017,166,-0.059059135156078746,false,0,0,0.0
556497,2006,20,-0.14506925740509136,false,1,0,0.0
783239,2014,19,0.008553453779610365,true,3,2,0.6666666666666666
508837,2005,14,0.6667778708739416,true,24,18,0.75
298227,2002,9,0.19901927109592954,false,103,60,0.5825242718446602
206572,1999,13,-0.341520945316208,false,10,5,0.5
302144,2002,6,0.33977426939949407,true,0,0,0.0
487518,2004,66,0.1880334318379253,false,0,0,0.0
1040321,2019,16,0.11616306174974955,false,0,0,0.0
117261,1995,16,0.12165962355912896,true,1,1,1.0
854813,2016,9,-0.007518665969573846,false,0,0,0.0
281269,2001,134,-0.30554611358284856,true,1,1,1.0
5010,1990,7,0.6645724670836151,false,0,0,0.0
993007,2018,107,-0.041758989521626155,false,2,0,0.0
338686,2007,64,0.29734343748226166,true,38,30,0.7894736842105263
491125,2004,41,-0.10611014862306689,false,1,0,0.0
310221,2003,18,-0.15787239694193644,true,0,0,0.0
722638,2013,44,0.3051554708624957,false,1,0,0.0
409647,2009,4,-0.0009336373928032771,false,12,6,0.5
571296,2011,110,0.24196540773084774,false,2,0,0.0
892839,2016,88,0.011931865158594235,false,0,0,0.0
315909,2004,16,0.15129392718633472,false,0,0,0.0
890422,2016,43,0.05303143871611926,false,1,0,0.0
460221,2002,32,-0.41929746350991515,false,1,1,1.0
993800,2018,12,-0.07335017127052446,false,3,1,0.3333333333333333
229712,1999,41,0.0059396540058473946,true,0,0,0.0
790608,2014,47,0.2183150008753314,true,4,2,0.5
687416,2012,4,-0.6918850017869573,true,0,0,0.0
555474,2006,30,-0.1694462765807323,false,1,0,0.0
184224,1998,40,0.1939230827405085,true,5,4,0.8
693752,2012,164,-0.15327029861524366,false,0,0,0.0
638602,2010,44,-0.02271905786227535,false,0,0,0.0
899135,2016,4,-0.027924085745459237,true,0,0,0.0
729348,2013,10,0.28204932849733666,true,0,0,0.0
79568,1994,11,-0.1778016035248875,false,1,0,0.0
1040964,2019,3,0.28591333279000075,true,0,0,0.0
562503,2008,456,-0.0972002835057797,false,0,0,0.0
171922,1997,40,-0.06564915307139962,true,1,1,1.0
204337,1998,14,0.048741482146032133,true,0,0,0.0
507180,2005,40,0.165945884459072,true,0,0,0.0
42917,1992,13,0.027609592447732645,true,16,10,0.625
596580,2016,276,-0.01836216980359895,false,2,0,0.0
900236,2016,18,0.4121806906273733,true,15,9,0.6
789598,2014,25,0.10779296239021452,true,0,0,0.0
887628,2016,9,-0.1297172188914386,true,934,463,0.49571734475374735
697539,2012,158,-0.03532887577422317,true,3,2,0.6666666666666666
265947,2000,12,-0.11829302291319621,true,1,1,1.0
794711,2014,5,0.651970118536882,false,0,0,0.0
953207,2017,28,0.023900552413350873,true,1,1,1.0
1053568,2019,20,-0.14030238095032832,false,0,0,0.0
207642,1999,8,0.07729660701934815,true,0,0,0.0
911731,2017,455,0.02764600257400618,false,0,0,0.0
766413,2014,23,-0.06448026782519989,true,75,37,0.49333333333333335
713395,2012,245,0.06044998743049179,true,1,1,1.0
835204,2015,27,0.15720927071397917,true,14,5,0.35714285714285715
760627,2014,75,0.31730762516426125,false,7,1,0.14285714285714285
848990,2015,264,-0.13948606585409085,true,0,0,0.0
369224,2008,5,0.36546466355520035,false,28,18,0.6428571428571429
739566,2013,128,0.0977420137583822,false,1,0,0.0
852774,2016,12,-0.14121991649407128,true,0,0,0.0
60843,1993,20,0.13458075018447424,true,0,0,0.0
739442,2013,9,0.12343738277557037,true,1,1,1.0
117039,1995,8,-0.4168369500178919,false,1,0,0.0
901054,2016,292,-0.10180732673283632,false,0,0,0.0
815154,2015,72,0.019763057528197514,true,10,3,0.3
956676,2017,62,-0.17407744794280067,false,32,8,0.25
284858,2001,92,-0.1132745039798504,false,0,0,0.0
1025474,2019,39,0.018861921728539954,false,0,0,0.0
85110,1994,14,-0.046617239310614345,false,0,0,0.0
143593,1996,13,-0.004389960680786231,false,1,0,0.0
195774,1998,10,-0.06922511562644029,true,0,0,0.0
974137,2018,3,-0.1640714622895061,false,15,4,0.26666666666666666
192469,1999,73,-0.0866076026492495,false,1,0,0.0
418162,2009,30,0.0447731041078514,true,68,45,0.6617647058823529
303384,2002,38,0.11934162391198999,false,0,0,0.0
457977,2002,31,0.04502989098919219,false,0,0,0.0
1032677,2019,159,-0.0873075664323597,true,0,0,0.0
869532,2016,403,-0.015808384614950377,true,0,0,0.0
830301,2015,221,-0.1650769476813574,true,46,44,0.9565217391304348
430324,2010,11,-0.25985306313913714,false,79,55,0.6962025316455697
609949,2017,355,-0.040560974224855606,false,0,0,0.0
112632,1995,15,0.20150137990702977,false,2,0,0.0
964007,2018,79,-0.14066078511230096,false,0,0,0.0
52199,1993,32,0.13176203591581626,true,2,1,0.5
722120,2013,9,0.07481258385857092,true,863,476,0.5515643105446119
184961,1998,8,0.24372082301120646,true,2,0,0.0
457275,2002,6,-0.08701030104499186,true,0,0,0.0
945190,2017,270,-0.03757197751712571,true,1,1,1.0
584752,2014,332,-0.07745700667037347,false,1,0,0.0
1001299,2018,179,-0.12067160205443539,false,0,0,0.0
221405,1999,19,0.02120771805297217,true,0,0,0.0
99811,1995,32,-0.4126993566870878,false,28,15,0.5357142857142857
130325,1996,22,-0.1633541660842739,true,0,0,0.0
780274,2014,5,0.011086553502981822,false,0,0,0.0
713630,2012,27,0.04745008885915336,true,0,0,0.0
89412,1994,11,0.3108816184458014,true,0,0,0.0
452688,2002,45,-0.07271591189729953,false,1,1,1.0
926126,2017,23,-0.18867321826662042,true,1,0,0.0
120145,1996,8,0.4978702427575765,false,0,0,0.0
751266,2013,35,0.20388443183520444,false,5,3,0.6
169182,1997,36,0.04650350506796741,false,0,0,0.0
738204,2012,39,0.1382861716889332,false,0,0,0.0
889570,2016,3,0.1966001096926817,true,2,2,1.0
375941,2008,8,-0.15100460372003432,true,6,6,1.0
732562,2013,577,-0.07091450157286294,true,3,1,0.3333333333333333
389326,2008,19,0.5663882048000275,true,22,11,0.5
882475,2016,338,-0.06453586145996848,true,0,0,0.0
180700,1997,9,0.001462562168416781,false,0,0,0.0
184786,1998,45,-0.10968203083910133,false,1,1,1.0
884184,2016,8,-0.11436274037050875,false,8,3,0.375
537866,2006,205,-0.02255322792397818,true,0,0,0.0
662641,2011,355,-0.0727995636599541,true,3,3,1.0
396676,2008,7,-0.15565563382454073,true,1,1,1.0
377238,2008,68,0.057694684540253505,true,3,2,0.6666666666666666
641919,2010,44,-0.15890343218479508,true,3,1,0.3333333333333333
644795,2010,20,0.09421774133643446,false,0,0,0.0
145300,1996,14,0.07463651912227576,true,4,2,0.5
1004632,2018,17,-0.2125561419978803,false,80,47,0.5875
101308,1995,27,-0.2230769264525465,false,4,2,0.5
772246,2014,10,-0.17163068731073672,true,1,1,1.0
879760,2016,32,0.043196940010820306,false,0,0,0.0
666585,2011,52,-0.06941712440629555,true,1,1,1.0
141572,1996,8,0.23207315610718204,false,2,2,1.0
1002117,2018,22,0.011066997453362148,false,1,0,0.0
918838,2017,65,0.05002923610025256,false,1,0,0.0
100785,1995,19,0.15683539028188775,false,0,0,0.0
982243,2018,45,0.09010160529849198,false,0,0,0.0
870738,2016,34,0.070188038123014,false,0,0,0.0
173860,1997,15,-0.16450212334910574,true,0,0,0.0
89042,1994,57,0.0085116089407693,false,0,0,0.0
1019304,2019,21,0.03326708573414017,true,22,3,0.13636363636363635
612678,2018,938,-0.030492131099666864,false,1,0,0.0
992512,2018,32,-0.0660241089479836,false,0,0,0.0
389152,2008,35,0.128453643501806,true,1154,677,0.5866551126516465
412986,2009,45,0.10942347819575016,false,0,0,0.0
36895,1992,22,-0.051249223507951136,true,0,0,0.0
777486,2014,429,0.060323965501098975,false,1,1,1.0
444911,2001,19,-0.37055545865813677,false,3,0,0.0
60471,1993,35,0.2658557846232741,true,0,0,0.0
557987,2007,343,-0.025648819997440064,false,0,0,0.0
882426,2016,35,-0.13769176667024885,false,486,218,0.448559670781893
1026021,2019,44,0.007145340713412551,false,1,1,1.0
850645,2016,43,-0.09305629148975925,false,54,15,0.2777777777777778
773997,2014,163,0.09592744084318339,true,0,0,0.0
742970,2013,23,0.16163621724390165,false,71,13,0.18309859154929578
1002087,2018,20,0.1318057966647599,false,0,0,0.0
624208,2010,163,0.07085436001205014,false,5,0,0.0
1000665,2018,25,-0.1981127996430052,false,0,0,0.0
319399,2005,35,0.047072319311907584,true,8,5,0.625
630969,2010,7,0.1030590883540734,false,231,122,0.5281385281385281
678505,2011,48,0.2902757778048084,false,0,0,0.0
679929,2011,10,0.09431230519942702,true,0,0,0.0
662492,2011,18,-0.4761094557662462,false,326,138,0.4233128834355828
575579,2012,28,0.10155622067930992,false,0,0,0.0
591856,2015,122,0.0414608554844893,false,4,0,0.0
605892,2017,169,-0.08539108084253222,false,0,0,0.0
925526,2017,15,-0.2578514782671997,false,1,0,0.0
522051,2005,58,0.0917190146732878,true,0,0,0.0
965575,2018,13,-0.013323922283697165,true,22,13,0.5909090909090909
444123,2001,60,0.05140703670337565,false,0,0,0.0
316232,2004,23,-0.13367394804028976,false,0,0,0.0
232574,1999,124,-0.024121223956782067,true,8,5,0.625
914217,2017,16,-0.18517869516070729,true,3,1,0.3333333333333333
1029592,2019,13,0.11751092010550934,true,0,0,0.0
726834,2013,28,0.13720121875438984,false,9,1,0.1111111111111111
641224,2010,15,0.10320952148722018,true,1151,697,0.6055603822762815
116554,1995,13,0.4194827989654071,false,0,0,0.0
216736,1999,18,0.04266789829405049,false,0,0,0.0
120908,1996,48,-0.0907620013775059,false,10,9,0.9
484708,2004,91,0.07522376677267584,false,1,1,1.0
404651,2009,14,0.044450149768149316,false,0,0,0.0
31399,1991,20,0.17575570236739413,false,0,0,0.0
485700,2004,10,0.03756713120419075,false,0,0,0.0
420664,2009,74,-0.04782803200517893,true,33,32,0.9696969696969697
538771,2006,9,-0.17776313663399002,true,7,6,0.8571428571428571
242042,2000,20,-0.2233063525043919,true,2,2,1.0
716995,2012,21,0.17026489961968938,true,0,0,0.0
837929,2015,20,0.16975330355344376,false,0,0,0.0
777929,2014,130,0.05632690570993937,false,3,3,1.0
5517,1990,14,0.36067212782856206,true,3,3,1.0
872291,2016,156,0.10954862835820123,false,0,0,0.0
594861,2015,46,-0.03271424581343574,true,0,0,0.0
697487,2012,65,0.06444399006924595,true,3,1,0.3333333333333333
511724,2005,14,-0.19027170428157447,true,10,8,0.8
30047,1991,57,-0.09902993665896798,false,0,0,0.0
342104,2007,43,0.5340984123213586,false,1,1,1.0
978728,2018,157,-0.09524882084526443,true,0,0,0.0
488892,2004,12,0.12142707021993804,true,0,0,0.0
142490,1996,12,-0.22129454187181086,false,0,0,0.0
1019546,2019,227,0.1067964927435896,false,53,3,0.05660377358490566
1005522,2018,16,0.037582261875400036,false,177,71,0.4011299435028249
762984,2014,22,0.06378544336808023,true,1,0,0.0
551574,2005,15,-0.027553404813949633,false,0,0,0.0
478839,2004,65,-0.059605793847448574,true,1,1,1.0
43904,1992,27,0.07626630219376729,true,0,0,0.0
935856,2017,209,0.041102842379080684,true,3,3,1.0
20462,1991,20,-0.004311595372360699,false,0,0,0.0
302104,2002,7,-0.2172029279257286,false,2,2,1.0
472202,2003,7,-0.22378473042884295,true,6,4,0.6666666666666666
60713,1993,3,-0.31547431451240726,false,222,112,0.5045045045045045
21794,1991,30,0.21002422011236632,false,0,0,0.0
301410,2002,13,-0.0814372364852165,false,1,1,1.0
222223,1999,25,-0.0282724596810775,true,0,0,0.0
659969,2011,16,-0.3713862072324279,false,208,78,0.375
1063103,2019,42,0.05104319216774389,false,0,0,0.0
829955,2015,10,0.06919708910679745,true,0,0,0.0
242342,2000,22,0.13548006856710693,true,1,1,1.0
16328,1991,7,0.23861803867485687,false,5,4,0.8
820553,2015,41,-0.13027996840472422,false,0,0,0.0
290185,2002,4,0.23106179843599506,false,2,2,1.0
429207,2010,5,0.07791061639225827,true,30,20,0.6666666666666666
166029,1997,11,-0.004923099776690698,true,8,5,0.625
101201,1995,13,0.012957850833116957,false,0,0,0.0
510159,2005,8,-0.17778175354718595,true,0,0,0.0
599216,2016,269,-0.04644439518027976,false,1,0,0.0
721048,2013,8,-0.30593445923971974,true,10,3,0.3
446849,2001,61,-0.3204436669948105,true,2,2,1.0
448021,2001,10,0.0005472869904901145,true,0,0,0.0
916962,2017,9,0.15580019041952475,true,27,8,0.2962962962962963
27834,1991,5,0.013888709828261625,false,6,2,0.3333333333333333
1054886,2019,20,-0.038064190763028805,false,1,0,0.0
387465,2008,82,0.011265343617048451,true,1,1,1.0
795928,2014,5,0.10463193371998525,false,24,15,0.625
491568,2004,6,0.08722750519656142,true,0,0,0.0
315785,2004,16,-0.14971998080461724,true,0,0,0.0
675896,2011,13,-0.07712665505173888,false,2,0,0.0
235927,2000,35,-0.10973206435253235,false,0,0,0.0
996367,2018,333,-0.0378196427743589,false,2,0,0.0
938935,2017,11,0.05289460833743931,true,4,3,0.75
864522,2015,59,0.04595607317179251,false,5,2,0.4
839300,2015,125,-0.0612091352060018,false,0,0,0.0
122985,1996,22,-0.30570830474193045,true,17,15,0.8823529411764706
835264,2015,38,0.03073923779268828,false,0,0,0.0
564630,2009,207,-0.0756595276823342,false,0,0,0.0
352020,2007,61,-0.1283529924699769,true,0,0,0.0
81008,1994,20,0.1556773670709246,true,0,0,0.0
1001838,2018,36,-0.19919326473772525,false,0,0,0.0
197514,1998,17,-0.3926560911049837,false,0,0,0.0
24640,1991,4,0.3395790099702243,true,0,0,0.0
5440,1990,9,1.0227708213910613,true,0,0,0.0
61027,1993,18,-0.1402431233874495,true,0,0,0.0
803528,2015,11,-0.20391420080976008,true,1341,661,0.4929157345264728
1009316,2018,76,-0.25170272183353104,false,103,13,0.1262135922330097
166070,1997,8,-0.27649439706097034,false,1,0,0.0
183825,1998,23,-0.17525440545113913,true,12,8,0.6666666666666666
1001500,2018,22,-0.16987089647697307,true,110,62,0.5636363636363636
306660,2003,17,-0.2610509109221759,false,1,1,1.0
458654,2002,8,0.4373410032537626,false,6,6,1.0
209643,1999,9,-0.3136688480634051,false,1,1,1.0
215418,1999,27,-0.17469417094606499,true,1,0,0.0
202179,1998,28,-0.20266247970628992,false,3,0,0.0
543996,2006,7,0.0898662973186184,false,195,115,0.5897435897435898
69197,1994,5,-0.006302824582974154,false,26,17,0.6538461538461539
286885,2001,17,0.2678277844994339,true,1,0,0.0
615340,2018,229,-0.016089056434703597,false,0,0,0.0
135709,1996,212,0.175122189380982,true,4,2,0.5
1033559,2019,138,0.024951168864413287,true,0,0,0.0
169041,1997,9,-0.2252149566108539,true,7,2,0.2857142857142857
720148,2013,254,-0.07533292651147416,false,3,3,1.0
942403,2017,56,0.12610065858867348,true,2,0,0.0
70421,1994,15,-0.0017211298881143478,true,0,0,0.0
323383,2007,5,0.1547948762781628,true,0,0,0.0
706580,2012,22,0.19906211939364304,true,1,1,1.0
1008826,2018,22,0.09864852647723676,true,0,0,0.0
276536,2001,28,-0.23286462252914664,false,4,1,0.25
854358,2016,15,-0.19056323844473422,false,0,0,0.0
430591,2010,17,-0.03883258013008195,false,0,0,0.0
1013988,2018,5,0.10659660131398763,true,112,41,0.36607142857142855
890531,2016,556,-0.1351408846375981,true,0,0,0.0
1008664,2018,103,-0.1413798448494905,false,40,24,0.6
635229,2010,13,0.5565425392485048,true,0,0,0.0
611159,2018,76,0.08066054925896182,false,0,0,0.0
787701,2014,74,0.01083714626038823,false,1,0,0.0
561413,2007,346,0.04749269997398464,false,0,0,0.0
818917,2015,26,-0.12307570016067348,true,2,2,1.0
842243,2015,8,0.0059225952137769156,true,26,8,0.3076923076923077
323741,2007,21,-0.11514331180126103,true,0,0,0.0
591456,2015,8,0.10618249107817057,false,0,0,0.0
411760,2009,13,0.02925399992518951,true,25,17,0.68
234589,1999,14,-0.10185190720969572,false,0,0,0.0
1002831,2018,37,-0.11676982780723044,true,2,2,1.0
292158,2002,6,0.08720659544922782,false,2,1,0.5
884615,2016,24,0.1434326569311466,false,7,2,0.2857142857142857
531297,2006,31,-0.32741889543813674,true,0,0,0.0
264584,2000,6,0.049742829397452226,true,33,24,0.7272727272727273
74139,1994,3,0.35973612354211504,true,5,5,1.0
686432,2012,11,-0.1540665703424544,false,0,0,0.0
554425,2005,59,0.04180006323787566,false,1,0,0.0
847651,2015,32,-0.09234064236104178,false,0,0,0.0
354642,2007,60,0.03818887563507811,true,2,2,1.0
564404,2009,32,-0.028903516479119595,false,0,0,0.0
920895,2017,15,0.023652462761952542,false,47,16,0.3404255319148936
1018630,2019,839,-0.20633602564427544,true,0,0,0.0
1047836,2019,47,-0.1741957628491817,false,60,5,0.08333333333333333
241485,2000,49,0.13881794023957994,true,1,0,0.0
706539,2012,14,0.08557497340594367,true,0,0,0.0
436756,2000,39,-0.055655841163580355,true,0,0,0.0
1021590,2019,40,0.04113314814456359,true,3,0,0.0
383821,2008,20,-0.053577780892165805,true,4,4,1.0
593503,2015,226,-0.09547508404516325,false,0,0,0.0
495901,2004,9,0.19218309184347415,false,19,6,0.3157894736842105
738062,2012,124,-0.10530645017191276,true,1,0,0.0
345855,2007,5,-0.10664069501133078,true,0,0,0.0
776816,2014,198,0.0001596687793163909,true,5,2,0.4
949800,2017,18,0.05573766675410852,false,0,0,0.0
514313,2005,27,-0.029923719581472774,false,1,1,1.0
121585,1996,17,0.08910281724799152,false,0,0,0.0
831168,2015,44,-0.1472302184607024,true,8,6,0.75
295608,2002,5,0.23505249830150543,false,6,3,0.5
405944,2009,20,-0.20590583719969935,true,2,2,1.0
76965,1994,9,-0.19897473310341152,false,1,1,1.0
163140,1997,14,-0.3578091694633372,true,0,0,0.0
366840,2007,20,0.01922115162011373,true,0,0,0.0
520714,2005,10,-0.06141828453929765,true,1,1,1.0
319992,2005,3,0.23178543948180774,true,20,9,0.45
766218,2014,24,0.3181421464633125,true,1,1,1.0
185463,1998,10,-0.06596944741144029,true,1,1,1.0
602450,2017,58,-0.08564661824024444,false,0,0,0.0
937997,2017,91,-0.0522210759484496,false,0,0,0.0
712078,2012,77,0.1314847479937704,true,1,1,1.0
1040001,2019,30,-0.18658192785766214,false,0,0,0.0
375513,2008,6,-0.3400323335088089,false,5,0,0.0
970896,2018,60,-0.19616705189266703,false,0,0,0.0
382537,2008,55,0.14057448991499744,false,1,0,0.0
1023937,2019,63,0.0790996390175529,true,1,1,1.0
358684,2007,7,-0.0335235392798241,true,2,1,0.5
301479,2002,22,0.16333117569081956,true,1,0,0.0
597218,2016,53,-0.021683439375385305,false,4,0,0.0
856703,2016,26,-0.21318941459120477,false,215,97,0.4511627906976744
622834,2010,6,-0.09066367676386555,true,6,5,0.8333333333333334
350636,2007,30,-0.14800043545871588,true,4,4,1.0
625608,2010,112,-0.018074206594169695,false,0,0,0.0
654227,2011,10,-0.2740000960193827,true,7,3,0.42857142857142855
744236,2013,15,-0.08080033285933563,true,2,1,0.5
274674,2001,11,-0.31346553225154494,true,3,3,1.0
446575,2001,27,-0.38292864700819607,false,1,0,0.0
1046213,2019,21,-0.20718496529191466,false,0,0,0.0
1023281,2019,92,-0.13475270594169642,false,0,0,0.0
662347,2011,12,-0.18431095588244073,false,8,6,0.75
813974,2015,42,0.05333371615791371,false,5,3,0.6
546147,2006,28,-0.05469586766214807,true,2,2,1.0
459327,2002,32,-0.12647084255110475,true,0,0,0.0
312962,2004,15,-0.31138404749970583,false,0,0,0.0
806329,2015,283,-0.16000454657051755,true,2,1,0.5
530543,2006,13,0.15916303488695327,false,12,10,0.8333333333333334
626839,2010,10,-0.5006319082153405,true,108,75,0.6944444444444444
32396,1992,19,-0.13269681733864225,true,2,1,0.5
214908,1999,29,0.5322228563839921,true,1,0,0.0
343889,2007,16,0.3167610585189742,true,18,13,0.7222222222222222
554186,2005,134,0.10118113055742661,false,2,1,0.5
460430,2002,8,0.074051143169517,false,2,0,0.0
7399,1990,11,0.4709468862659847,true,0,0,0.0
624575,2010,70,-0.15090935218458146,false,301,177,0.5880398671096345
904613,2017,19,-0.13485170239736277,false,23,10,0.43478260869565216
838040,2015,569,-0.03052662754584201,false,6,1,0.16666666666666666
856173,2016,18,0.09826306529242057,false,24,12,0.5
430923,2010,8,0.4230658271219001,false,61,35,0.5737704918032787
580541,2013,174,-0.08101237710595477,false,0,0,0.0
1389,1990,14,1.3493584657409583,true,0,0,0.0
14201,1990,19,0.1261568855218096,true,0,0,0.0
840209,2015,268,0.00034496571183506575,false,20,1,0.05
787878,2014,25,-0.1174525897448877,false,619,352,0.568659127625202
324038,2008,204,-0.040485893710569876,true,0,0,0.0
680455,2011,23,0.417604807884838,true,1,1,1.0
453651,2002,20,0.029689251640448333,false,1,0,0.0
921716,2017,17,-0.14225206459587447,false,0,0,0.0
1047659,2019,34,0.044996307813092606,true,5,1,0.2
829413,2015,11,0.5119063327842834,true,6,3,0.5
225696,1999,71,-0.1670665241441136,true,69,69,1.0
463705,2003,118,-0.09611015722823435,false,0,0,0.0
545027,2006,10,0.04730545603302794,true,0,0,0.0
474417,2003,12,0.16246101187084427,false,1,0,0.0
1030975,2019,7,0.24152196822791439,false,11,1,0.09090909090909091
347233,2007,9,0.0850417339420817,true,1,1,1.0
618043,2019,158,-0.22894042630613498,false,22,2,0.09090909090909091
888928,2016,90,-0.03138414064275086,true,1,0,0.0
505613,2005,17,-0.004824271245277956,true,1,1,1.0
84138,1994,27,-0.1421654948286024,false,1,0,0.0
278535,2001,8,-0.17692586149203926,true,1,1,1.0
968211,2018,35,-0.055109068027069164,true,0,0,0.0
669072,2011,122,0.2029214092702052,true,0,0,0.0
146710,1996,20,-0.061805806767688765,true,3,2,0.6666666666666666
939900,2017,37,-0.08944897802520746,false,3,1,0.3333333333333333
947429,2017,3,-0.11994179796615789,false,577,230,0.3986135181975737
159868,1997,23,0.17397405201268157,true,10,10,1.0
601489,2017,135,-0.0680291074724213,false,0,0,0.0
130624,1996,49,-0.04369805803722793,false,16,12,0.75
841006,2015,3,0.003801851726517924,true,2,0,0.0
578753,2012,57,-0.37691084780782,false,0,0,0.0
191643,1998,13,-0.10721841853414737,false,0,0,0.0
1011146,2018,40,0.24528217639808414,true,1,1,1.0
459390,2002,3,0.2580573632429619,true,0,0,0.0
300645,2002,25,-0.20363409163265977,true,1,1,1.0
669129,2011,17,0.09389802952973625,true,662,363,0.5483383685800605
936838,2017,13,-0.2555373866904347,false,0,0,0.0
682347,2012,58,0.14439506201962793,false,2,1,0.5
495404,2004,15,-0.20452441948800093,true,0,0,0.0
762576,2014,11,0.14072299033561286,true,2,0,0.0
158270,1997,18,-0.3343151664743216,false,23,6,0.2608695652173913
210841,1999,31,0.16307387769462434,true,2,1,0.5
809286,2015,121,-0.04901647436507295,true,0,0,0.0
779862,2014,14,0.12008110389905724,false,0,0,0.0
970179,2018,57,0.08255760597033301,false,2,0,0.0
704432,2012,11,0.0037408534845031483,false,0,0,0.0
492551,2004,104,-0.019159229215558682,true,1,1,1.0
765472,2014,119,0.2130623722707714,true,5,4,0.8
1034528,2019,76,-0.1009611044913088,true,0,0,0.0
720625,2013,40,-0.02014438209768432,false,0,0,0.0
962953,2018,17,-0.13184878695484858,false,0,0,0.0
786421,2014,33,-0.05772580896010826,true,16,2,0.125
363710,2007,21,-0.021577044439781368,true,0,0,0.0
39126,1992,15,-0.2593612015404192,false,0,0,0.0
66859,1993,11,-0.012383312575231287,true,0,0,0.0
538830,2006,16,-0.08895374119145671,true,0,0,0.0
745517,2013,17,-0.05185260155977822,true,0,0,0.0
782935,2014,121,-0.1450149097848734,false,128,29,0.2265625
833765,2015,29,-0.09272642545705923,false,293,127,0.4334470989761092
552533,2005,59,0.06733693278609199,false,0,0,0.0
235561,1999,6,-0.06466543652831369,false,0,0,0.0
1013949,2018,19,0.11534004865489766,false,0,0,0.0
662388,2011,5,-0.0040909787205132275,true,0,0,0.0
251736,2000,35,0.21250576562900036,false,78,24,0.3076923076923077
928273,2017,11,-0.13978444742985907,false,953,433,0.45435466946484787
47226,1992,16,-0.008686188064294775,true,1,1,1.0
201575,1998,3,0.20777084152314984,true,3,2,0.6666666666666666
488883,2004,29,0.09188387486752347,false,1,0,0.0
987900,2018,20,-0.29276655470301716,true,1,0,0.0
82764,1994,19,-0.11419186233576539,false,0,0,0.0
469187,2003,69,0.24483826764927752,false,1,0,0.0
588157,2014,119,-0.03680440569449406,false,2,0,0.0
249313,2000,17,-0.11548540490584003,true,1,1,1.0
955700,2017,3,-0.15522858022286545,true,4,1,0.25
609874,2018,74,-0.09338333592138337,false,2,0,0.0
719758,2013,18,0.2286423051650175,true,1,1,1.0
997624,2018,24,0.05354806851491478,false,0,0,0.0
638242,2010,14,-0.07897509400606229,true,0,0,0.0
47146,1992,9,0.16012143954919456,true,3,2,0.6666666666666666
612557,2018,926,0.02320875152016111,false,4,0,0.0
346015,2007,6,-0.16618863217059499,false,32,24,0.75
439840,2000,14,0.1748766656262477,true,0,0,0.0
919355,2017,20,0.044511639302855954,true,0,0,0.0
649255,2011,17,0.4049523462517479,false,1,1,1.0
383377,2008,15,0.017769982995555544,true,16,7,0.4375
346996,2007,8,0.05654262668818788,true,83,51,0.6144578313253012
241762,2000,33,-0.09763429648416366,true,1,1,1.0
644611,2010,61,0.29565071982075875,true,10,8,0.8
809337,2015,13,0.20027756008021758,false,6,3,0.5
1047371,2019,109,0.0776545871481682,false,1,0,0.0
640414,2010,65,-0.18236006666782867,true,6,4,0.6666666666666666
1067287,2019,76,0.24631293075252003,true,0,0,0.0
216459,1999,47,0.10926321336785971,false,3,2,0.6666666666666666
871563,2016,12,0.13848074668795807,true,1,1,1.0
64248,1993,16,-0.016813923341688408,false,0,0,0.0
173267,1997,3,-0.19564178755222095,false,157,82,0.5222929936305732
1002085,2018,118,0.15940286698118245,false,8,0,0.0
623883,2010,15,-0.05410242171316604,false,0,0,0.0
548044,2006,540,0.05526211858351626,true,52,52,1.0
505055,2005,7,-0.04328912809390317,true,0,0,0.0
85435,1994,19,-0.3285082028973747,false,13,10,0.7692307692307693
534815,2006,82,0.04866297653096652,true,2,1,0.5
585621,2014,77,-0.06686144162609331,false,0,0,0.0
382389,2008,18,-0.06233078984516105,true,0,0,0.0
8260,1990,9,0.6377498162792055,false,1,0,0.0
526912,2005,22,0.0005152807813733062,true,0,0,0.0
662121,2011,18,0.037131693260962884,true,1,1,1.0
80681,1994,6,-0.061771235104173705,true,14,10,0.7142857142857143
8982,1990,28,0.5490929529122583,false,0,0,0.0
126818,1996,11,-0.06775613850734974,true,1,0,0.0
97154,1995,22,-0.04891531357155543,true,0,0,0.0
559577,2007,300,-0.029423815409206355,false,0,0,0.0
194041,1998,20,0.28894451793172315,true,1,1,1.0
1021129,2019,7,0.04791497856452498,false,42,15,0.35714285714285715
1017551,2019,35,0.03681397999508551,false,0,0,0.0
612662,2018,40,-0.1374075712253937,true,0,0,0.0
361705,2007,9,-0.18582518032052597,true,0,0,0.0
124932,1996,19,-0.11179176093037935,true,1,1,1.0
561981,2008,45,0.024484582273380795,false,1,0,0.0
333469,2006,42,-0.1286673083426626,true,0,0,0.0
189597,1998,5,0.04926084537169473,false,756,371,0.49074074074074076
391320,2008,4,-0.2622941219709354,true,1,1,1.0
431744,2010,47,0.031268107390014954,true,3,0,0.0
387015,2008,26,-0.1966470088926302,true,6,2,0.3333333333333333
498278,2004,34,-0.16037698661148525,true,23,20,0.8695652173913043
699839,2012,101,-0.1908334002218659,true,0,0,0.0
441773,2000,70,-0.18269341102609982,true,1,1,1.0
811896,2015,50,-0.1496052979174678,false,1,0,0.0
898566,2016,37,-0.08403877536731486,false,1,1,1.0
35429,1992,13,-0.0160365552964592,true,3,3,1.0
381941,2008,8,0.2462476534176936,true,0,0,0.0
505187,2005,91,-0.11322123566579823,true,6,3,0.5
237349,2000,15,-0.14534421717191126,true,2,2,1.0
359730,2007,85,0.02603687765281837,false,0,0,0.0
1057162,2019,37,0.04258649029220152,false,1,0,0.0
493533,2004,34,-0.07859981847336606,false,0,0,0.0
588155,2014,75,0.006522052748992646,false,0,0,0.0
64944,1993,3,0.07612607034292651,true,0,0,0.0
442445,2001,41,0.16522263281848826,true,2,1,0.5
522110,2005,69,0.2148906277089182,true,4,4,1.0
409206,2009,3,0.0012585885413187725,true,1,1,1.0
465955,2003,38,-0.27222674866204777,false,1,0,0.0
733611,2013,24,0.08753346629699532,false,0,0,0.0
391037,2008,99,0.0099834380463113,false,2,1,0.5
637608,2010,33,-0.06242408486647921,true,2,1,0.5
11573,1990,12,0.2369613315268735,true,11,11,1.0
822921,2015,62,0.12047792066600449,false,0,0,0.0
948800,2017,23,0.1690981892717529,false,0,0,0.0
101370,1995,22,-0.12957905140709514,false,8,2,0.25
137622,1996,20,-0.10810127815480719,false,1,1,1.0
563657,2008,27,0.2060010595070958,false,1,0,0.0
1061807,2019,17,-0.035149186908065566,false,0,0,0.0
522613,2005,12,0.018283961055381326,true,1,1,1.0
545425,2006,14,-0.038608784523308515,true,0,0,0.0
533378,2006,19,-0.05331549135823899,true,0,0,0.0
192312,1998,16,0.029929417519160673,true,10,8,0.8
889457,2016,13,0.22851205743705716,true,5,4,0.8
486213,2004,21,0.1598714911216108,true,0,0,0.0
108043,1995,25,0.08658950745638272,false,0,0,0.0
256282,2000,9,-0.05207652482138592,false,0,0,0.0
547823,2006,15,0.06819919216793124,true,6,5,0.8333333333333334
305587,2003,8,0.0644732358358997,true,10,9,0.9
579099,2012,467,-0.11115861504239266,false,2,0,0.0
799162,2014,571,-0.03639050404746946,false,3,3,1.0
396478,2008,11,0.1823830456861284,true,44,30,0.6818181818181818
181908,1998,35,0.16680471636833172,false,0,0,0.0
262370,2000,51,-0.07091038843402053,true,19,15,0.7894736842105263
574086,2011,415,0.14587903666309998,false,4,2,0.5
777709,2014,136,-0.11597626986279153,true,1,1,1.0
457422,2002,72,0.0018140799769579274,true,0,0,0.0
593720,2015,286,0.06121936680571105,false,1,0,0.0
88408,1994,15,-0.12051115770036613,false,0,0,0.0
957810,2018,49,0.0077205752568625385,false,5,1,0.2
703978,2012,101,0.3120385120680562,true,24,9,0.375
697397,2012,105,0.15905786974032665,false,0,0,0.0
449958,2002,17,-0.0744320610080278,true,0,0,0.0
849313,2015,3,-0.052174655212111176,false,1214,601,0.4950576606260296
193463,1998,20,-0.02430644984769792,true,1,0,0.0
1068361,2019,28,0.11139909637240475,true,0,0,0.0
139310,1996,20,-0.18678666344424055,false,0,0,0.0
805627,2015,76,0.07761085370696197,false,0,0,0.0
604334,2016,331,0.03066154621238759,false,1,0,0.0
186138,1998,32,0.04456757931555444,false,0,0,0.0
835811,2015,17,0.11245640890724928,false,0,0,0.0
90499,1994,7,-0.00220960513155255,true,0,0,0.0
929803,2017,112,0.03764159563833225,false,5,0,0.0
620000,2019,172,0.14034898009448105,false,2,0,0.0
746733,2013,100,0.10558596830420353,true,0,0,0.0
451934,2002,5,0.08477083169597144,true,4,4,1.0
154269,1997,5,-0.18211483932007955,false,2,2,1.0
1044292,2019,27,0.11643470916731502,false,6,1,0.16666666666666666
373429,2008,15,-0.14205295466304424,false,12,10,0.8333333333333334
381113,2008,28,-0.10593764929552663,false,0,0,0.0
451266,2002,35,-0.049699896920088804,true,0,0,0.0
475771,2003,12,-0.09205315512715817,true,2,1,0.5
188815,1998,21,-0.4511840654064816,false,1,0,0.0
867820,2016,157,-0.07274600390875552,false,0,0,0.0
82089,1994,9,0.3847282021831262,true,0,0,0.0
645309,2010,18,-0.2206703453495873,true,25,13,0.52
7568,1990,19,0.4230257580266086,true,1,1,1.0
89323,1994,15,0.2996943361720934,false,0,0,0.0
100516,1995,46,-0.12691898235251653,false,1,0,0.0
570380,2010,109,-0.08557706147772093,false,0,0,0.0
811210,2015,138,0.025850041036350913,false,0,0,0.0
390224,2008,13,0.10623642692282864,false,0,0,0.0
718017,2013,100,0.39882064836057207,false,4,2,0.5
849677,2015,19,0.012522573515974855,true,0,0,0.0
778308,2014,165,-0.03306422505368456,true,5,5,1.0
1051330,2019,80,-0.0669142960948097,false,0,0,0.0
653721,2011,22,0.12991732192367733,true,0,0,0.0
273511,2001,12,-0.26855007239933126,true,1,1,1.0
299985,2002,10,-0.32266991738219364,false,0,0,0.0
387536,2008,9,-0.20246358243247542,true,24,11,0.4583333333333333
520757,2005,49,0.2468518193827025,false,0,0,0.0
135178,1996,12,-0.10249662063448461,true,1,1,1.0
1006616,2018,51,0.05670511002643952,true,0,0,0.0
610007,2018,29,0.017184855755779438,false,0,0,0.0
1042862,2019,40,-0.019315552455430485,false,0,0,0.0
483936,2004,19,-0.06343646646226997,true,1,1,1.0
1028630,2019,69,0.024058041462071245,false,2,1,0.5
874703,2016,71,0.18295699862217063,false,2,2,1.0
988259,2018,290,-0.11979672809971031,true,80,61,0.7625
459354,2002,13,-0.20437475034553998,false,0,0,0.0
946617,2017,83,0.060693478430002834,true,0,0,0.0
310602,2003,16,-0.27713070330536027,true,0,0,0.0
55906,1993,16,-0.07834173141113787,false,0,0,0.0
1003565,2018,30,0.10263666013879913,false,0,0,0.0
700776,2012,40,0.19299867310640728,true,0,0,0.0
340917,2007,7,-0.33647949480842065,true,0,0,0.0
446977,2001,4,-0.1869617848465026,true,0,0,0.0
611002,2018,55,-0.10057877495996603,false,0,0,0.0
5213,1990,3,0.9689601842242923,true,373,353,0.9463806970509383
615885,2019,37,-0.3156418623854238,false,0,0,0.0
636646,2010,62,-0.0871834825684461,true,1,1,1.0
940548,2017,5,-0.19189118610766442,false,8,2,0.25
499031,2004,13,-0.1448625481500656,true,0,0,0.0
965367,2018,5,-0.029246147034756476,false,0,0,0.0
379098,2008,3,0.5946220288841779,true,0,0,0.0
218836,1999,21,-0.44003347887439137,false,3,2,0.6666666666666666
91507,1995,7,-0.20685110948216767,true,0,0,0.0
1046325,2019,5,-0.12590085607534185,false,43,15,0.3488372093023256
753406,2013,17,0.26996434968299443,false,0,0,0.0
85674,1994,3,0.10912583696237732,false,304,169,0.555921052631579
235968,2000,12,-0.05064454405399044,true,0,0,0.0
861410,2016,14,-0.16315724961645195,false,0,0,0.0
176731,1997,6,-0.0024565261448561415,false,4,2,0.5
1038158,2019,34,-0.18617517493817637,true,3,1,0.3333333333333333
134684,1996,10,-0.5549944464601309,true,0,0,0.0
596663,2016,107,0.006856832865220319,false,1,0,0.0
380634,2008,36,-0.11842217534595534,false,8,0,0.0
681021,2012,30,-0.25997726150864153,true,13,10,0.7692307692307693
856759,2016,28,-0.15966861696096313,false,0,0,0.0
135240,1996,4,-0.022614652288610593,true,1,1,1.0
210677,1999,42,0.0983382638560979,true,0,0,0.0
252333,2000,73,-0.024411781028432777,true,3,3,1.0
447135,2001,24,-0.0011636736591391639,false,0,0,0.0
767779,2014,118,-0.28179291477953416,true,5,4,0.8
363749,2007,29,-0.07263325782611219,true,0,0,0.0
328894,2006,40,0.08708999667419715,false,0,0,0.0
1013656,2018,20,-0.1595937107382941,true,1,1,1.0
554999,2006,48,0.08107861075407508,false,8,3,0.375
986381,2018,22,0.23490999212582597,false,0,0,0.0
296323,2002,84,-0.21238391563818926,false,0,0,0.0
424489,2009,13,0.030243476391043522,false,2,0,0.0
452452,2002,10,0.15333143672560468,false,0,0,0.0
351220,2007,3,0.07254380644345737,true,123,85,0.6910569105691057
676213,2011,22,-0.29719759528759493,true,53,35,0.660377358490566
663416,2011,292,0.07901446325652195,true,3,2,0.6666666666666666
195288,1998,12,-0.039642836114645696,true,2,2,1.0
389137,2008,11,-0.13905732300504958,true,43,20,0.46511627906976744
729764,2013,786,-0.22017239564947388,true,56,56,1.0
116587,1995,68,-0.06702348600083852,true,3,3,1.0
316359,2004,27,0.14182530749744693,false,0,0,0.0
433129,2010,36,-0.2515783193385204,false,385,146,0.37922077922077924
729031,2013,26,0.19904119976312096,true,2,0,0.0
64585,1993,26,-0.2018925928740014,false,1,0,0.0
824748,2015,79,-0.23748515101411405,true,4,1,0.25
204277,1998,15,0.07702082554156675,false,1,1,1.0
280088,2001,12,-0.19767889169127173,true,6,1,0.16666666666666666
197523,1998,8,-0.21355460352760858,true,5,5,1.0
885656,2016,31,-0.03219903065477148,true,590,242,0.4101694915254237
68394,1993,9,-0.08121065259472715,true,1,0,0.0
159977,1997,15,-0.15869205707329836,true,3,3,1.0
670008,2011,9,0.2983281886744882,false,702,400,0.5698005698005698
919220,2017,12,-0.031794679494508316,false,0,0,0.0
863343,2016,17,0.09938573948992335,false,0,0,0.0
994996,2018,34,-0.005232634720134577,true,0,0,0.0
675854,2011,32,-0.44423627074821237,false,30,4,0.13333333333333333
930268,2017,170,-0.08955497310397575,false,0,0,0.0
935638,2017,111,-0.1073140347680388,false,9,3,0.3333333333333333
237149,2000,37,0.09187247919395247,false,1,0,0.0
604657,2017,197,-0.05609310041271609,false,0,0,0.0
701404,2012,26,0.019606243243145194,true,0,0,0.0
328928,2006,9,0.22670050028977595,false,102,57,0.5588235294117647
987248,2018,167,-0.002315194672977583,true,4,3,0.75
548004,2006,16,-0.019331305861109982,true,6,6,1.0
1061430,2019,412,-0.1511286543926742,false,1,0,0.0
245280,2000,18,-0.1865449227560667,true,0,0,0.0
736785,2013,22,-0.2375687309632637,true,40,16,0.4
324343,2008,7,-0.312117893007561,false,162,83,0.5123456790123457
889045,2016,59,-0.14252937292513312,true,7,1,0.14285714285714285
902040,2017,13,0.10031983316697257,false,0,0,0.0
212562,1999,27,0.07931436944489167,false,3,2,0.6666666666666666
1039818,2019,25,0.0059362559639586365,false,20,8,0.4
872038,2016,16,-0.16798424686588653,true,16,12,0.75
7484,1990,15,0.4833362756203732,false,2,2,1.0
356556,2007,275,-0.10598469152332912,false,0,0,0.0
117415,1995,5,0.028361391295431915,true,714,323,0.4523809523809524
574168,2011,90,-0.05714391052099721,false,0,0,0.0
822307,2015,5,0.03234853979456265,true,0,0,0.0
517145,2005,6,0.08457175695008434,true,2,0,0.0
308830,2003,15,-0.26844786869146375,false,1,1,1.0
704861,2012,47,-0.07694462847521955,true,3,2,0.6666666666666666
856821,2016,43,0.18810056276527565,false,4,0,0.0
993650,2018,201,-0.22018847184134938,true,1,0,0.0
319711,2005,51,-0.17185629374301659,true,1,0,0.0
330393,2006,5,0.11814511376831227,true,0,0,0.0
478816,2004,79,-0.2523749829119044,true,5,4,0.8
301930,2002,18,-0.2644726175220029,true,2,1,0.5
276330,2001,87,-0.29731941734793477,true,2,1,0.5
912867,2017,51,-0.11980550680250346,false,2,1,0.5
342743,2007,9,-0.10463224415623618,false,1,1,1.0
889661,2016,12,-0.08513885301050816,false,0,0,0.0
817395,2015,22,-0.07633920709172948,true,0,0,0.0
568786,2010,132,-0.08754379643821508,false,0,0,0.0
806151,2015,100,0.043255744753699865,false,0,0,0.0
151625,1997,130,0.12863440690583605,true,0,0,0.0
175210,1997,3,-0.37120994221231385,true,80,48,0.6
185224,1998,6,-0.018126682651332438,true,2,2,1.0
954298,2017,35,0.12893971889911082,false,0,0,0.0
253972,2000,36,-0.23137147426070293,true,7,7,1.0
294688,2002,7,0.09678211944193649,false,0,0,0.0
149949,1996,15,-0.06267476778567893,false,0,0,0.0
87724,1994,6,-0.37166787386706446,false,0,0,0.0
368310,2008,25,-0.26856904230464895,false,19,5,0.2631578947368421
24158,1991,8,-0.03859003124222049,true,0,0,0.0
1059741,2019,26,0.028637497777034504,false,0,0,0.0
461662,2003,6,0.4414441501349211,true,1,1,1.0
1000832,2018,6,-0.1540548522234042,true,1,0,0.0
375603,2008,20,-0.2640927576499301,true,0,0,0.0
864390,2013,37,0.029899338221254013,false,3,0,0.0
1054673,2019,14,-0.1724591202121415,true,0,0,0.0
10392,1990,4,0.3111681441541627,false,0,0,0.0
191070,1998,28,-0.2347123374437423,true,5,1,0.2
97889,1995,8,-0.41689715185819143,false,0,0,0.0
140412,1996,12,-0.47770651364654704,false,2,0,0.0
797117,2014,135,0.053939415739724605,false,3,2,0.6666666666666666
595897,2016,316,0.04323737748887657,false,0,0,0.0
373042,2008,27,-0.01528170890615943,false,0,0,0.0
972563,2018,44,-0.06644911791299712,false,1,0,0.0
549389,2006,21,-0.1623056096324058,false,0,0,0.0
975466,2018,59,-0.09287315483677183,false,1,0,0.0
703705,2012,29,0.034405809872216864,true,0,0,0.0
530475,2006,208,-0.1815502964753759,true,0,0,0.0
757463,2013,35,0.2581986110449339,false,0,0,0.0
787693,2014,23,0.05480247276292083,true,11,6,0.5454545454545454
188104,1998,25,0.010466291059816335,true,11,8,0.7272727272727273
1017013,2019,16,-0.021886581955206985,false,1,0,0.0
1004560,2018,34,0.01010837996816516,false,1,0,0.0
1039386,2019,90,-0.002764049385807432,true,7,5,0.7142857142857143
871727,2016,4,0.2828506480416735,false,16,8,0.5
193194,1998,20,0.0023718225993576425,true,0,0,0.0
860440,2016,30,0.06471538902172469,true,0,0,0.0
498099,2004,22,-0.13739628617254152,false,0,0,0.0
521628,2005,7,-0.04288042138185055,true,5,2,0.4
792501,2014,25,0.05127008584606951,true,2,2,1.0
358428,2007,16,0.1196212139155266,false,0,0,0.0
851771,2016,74,0.07639649436778573,false,0,0,0.0
913983,2017,11,0.13642383167874428,false,1,1,1.0
305953,2003,60,-0.01231871733274037,true,0,0,0.0
404675,2009,424,-0.09527617934224741,true,4,3,0.75
994413,2018,20,-0.14217182852445642,false,0,0,0.0
1053431,2019,2540,-0.07015995662732788,false,1,0,0.0
823957,2015,22,-0.05370075140536468,true,3,2,0.6666666666666666
526378,2005,23,0.10190892572194343,true,59,36,0.6101694915254238
635788,2010,240,-0.09253259051804896,false,0,0,0.0
81201,1994,8,0.06486659671485118,true,0,0,0.0
869929,2016,66,-0.04615706130513342,true,0,0,0.0
176238,1997,31,-0.2931456548665148,true,0,0,0.0
383399,2008,7,0.39346212972131056,false,0,0,0.0
168937,1997,19,0.027558222017134426,true,0,0,0.0
853298,2016,7,-0.010841504955150683,true,28,5,0.17857142857142858
165018,1997,11,0.4347199057861024,true,1,0,0.0
169731,1997,26,0.09284342195724804,false,0,0,0.0
1033618,2019,93,-0.08840214471323105,false,23,0,0.0
414833,2009,28,0.19197809542640165,false,1,1,1.0
193402,1998,15,-0.07800373748816636,false,0,0,0.0
835905,2015,184,-0.021752186039734056,true,0,0,0.0
51027,1993,12,-0.03031939293260777,true,8,4,0.5
744930,2013,6,-0.14470923950970427,false,1,0,0.0
715723,2012,9,-0.12251283379607436,false,1,0,0.0
509072,2005,16,-0.12704372773785177,true,0,0,0.0
291294,2002,14,0.14779705312031588,true,1,1,1.0
759476,2014,77,-0.09276653018048542,false,15,9,0.6
456364,2002,7,0.32620296405608773,true,1024,736,0.71875
480384,2004,7,-0.06182677992449648,true,0,0,0.0
507374,2005,7,-0.10680985966649637,true,0,0,0.0
482713,2004,31,-0.037573869670881166,true,2,2,1.0
168803,1997,9,0.2624435806377221,true,0,0,0.0
608651,2018,8,0.09668344522366823,false,1,0,0.0
784961,2014,11,-0.018445612050694393,false,28,10,0.35714285714285715
262602,2000,7,0.08480591306510732,true,2,2,1.0
388662,2008,28,-0.057665402193431525,true,0,0,0.0
482104,2004,10,-0.12960438366577165,false,0,0,0.0
221474,1999,77,-0.03471237830735907,true,0,0,0.0
221421,1999,129,-0.0693108793625612,true,1,1,1.0
724456,2013,22,-0.0723033120780121,false,0,0,0.0
400432,2009,30,0.005506962529875814,true,3,3,1.0
343900,2007,11,0.31859340208255293,false,1,0,0.0
118073,1996,9,-0.31637401494724315,true,2,1,0.5
130271,1996,13,-0.2408441014190803,false,1,1,1.0
181613,1998,3,-0.2479486983478072,false,2,2,1.0
86680,1994,13,-0.3770724878801559,false,0,0,0.0
459324,2002,10,0.2351821944189325,true,0,0,0.0
146110,1996,6,-0.047541335308795674,false,0,0,0.0
1055931,2019,123,0.2549030468319664,false,0,0,0.0
442931,2001,9,0.1315097110751724,true,0,0,0.0
562782,2008,43,0.12993096751587085,false,0,0,0.0
552093,2005,82,-0.04438830571443875,false,29,24,0.8275862068965517
346073,2007,49,-0.07147992846670892,true,4,3,0.75
128123,1996,8,-0.33184211484183823,false,0,0,0.0
249792,2000,14,-0.02959339677976569,true,1,1,1.0
1060066,2019,13,0.09629033173819312,false,1,0,0.0
922670,2017,94,-0.07034373173279906,true,1,1,1.0
989691,2018,39,0.055653305115650475,false,0,0,0.0
388386,2008,9,-0.017533428969246145,true,0,0,0.0
611428,2018,93,-0.17256834658415965,false,0,0,0.0
98147,1995,10,-0.24713827015103274,false,0,0,0.0
949682,2017,43,-0.11735117255805694,false,0,0,0.0
68114,1993,5,-0.2671680431771941,true,155,74,0.4774193548387097
945375,2017,13,0.0016711786482908053,true,1,1,1.0
939121,2017,157,0.15929923745483077,false,5,0,0.0
974805,2018,342,-0.04552858241160829,true,0,0,0.0
618112,2019,117,-0.05271288824208131,false,0,0,0.0
157915,1997,7,0.2136718391586827,true,3,2,0.6666666666666666
513227,2005,22,0.017219326834170268,true,232,128,0.5517241379310345
165660,1997,3,-0.42891215631813395,true,9,3,0.3333333333333333
929609,2017,36,-0.04511773975985012,true,1,1,1.0
288486,2001,79,0.021864973283637568,true,0,0,0.0
244426,2000,22,-0.19511328372049697,false,3,1,0.3333333333333333
63920,1993,30,-0.10975373595257576,false,0,0,0.0
279767,2001,46,0.2577601463847019,true,3,3,1.0
422710,2009,9,-0.004313022783841269,true,33,19,0.5757575757575758
833774,2015,93,-0.054841525443893424,true,1,0,0.0
682647,2012,26,0.2545878386885878,false,0,0,0.0
950071,2017,33,-0.0734731267675226,true,93,49,0.5268817204301075
361878,2007,11,-0.09879996791209678,true,20,13,0.65
230927,1999,3,0.3513112971305432,false,458,264,0.5764192139737991
3423,1990,8,0.5337896379118856,false,0,0,0.0
969412,2018,8,-0.07091837132174916,false,0,0,0.0
916741,2017,267,-0.060858980797540596,false,1,0,0.0
1000626,2018,309,0.18099077606758884,true,0,0,0.0
1006766,2018,95,-0.09898333287210281,false,2,1,0.5
655606,2011,108,0.14173962442711607,true,5,4,0.8
908212,2017,10,-0.11062972602697219,false,0,0,0.0
444168,2001,1172,0.17802547624949883,false,0,0,0.0
92468,1995,27,1.0851155036306102,false,5,2,0.4
502505,2005,12,-0.1114366584978681,true,0,0,0.0
244676,2000,22,-0.006403071845425323,true,2,2,1.0
719938,2013,29,0.7234994965481851,false,2,2,1.0
801912,2015,27,-0.053737413388606825,true,1,0,0.0
429092,2010,54,-0.07818495415096827,false,4,0,0.0
440391,2000,149,0.025249473809931366,false,0,0,0.0
563210,2008,55,-0.06979451098418021,false,0,0,0.0
151151,1997,64,0.018614769553432886,true,43,24,0.5581395348837209
146987,1996,14,-0.1546348163588993,true,1,1,1.0
65098,1993,20,-0.21175975086640264,false,2,2,1.0
324731,2009,29,0.14477738770299187,false,0,0,0.0
300845,2002,73,-0.030663640952555138,true,0,0,0.0
265194,2000,18,-0.15196025818301795,false,1,1,1.0
608784,2018,3,-0.2877917279329516,false,9,2,0.2222222222222222
675232,2011,116,-0.057444512683468396,true,1,1,1.0
367339,2007,48,0.04275823368646492,false,2,1,0.5
925652,2017,29,0.036283623810764,false,0,0,0.0
57765,1993,30,-0.00778984918390524,false,0,0,0.0
784136,2014,14,0.39370037174503203,true,1,0,0.0
242441,2000,34,-0.003165930000958106,false,3,2,0.6666666666666666
163055,1997,51,-0.131121711964842,true,0,0,0.0
482399,2004,52,-0.010718079715744011,false,0,0,0.0
155299,1997,29,0.050560061794103994,true,3,3,1.0
523701,2005,22,-0.33278537687853404,true,4,3,0.75
572105,2011,504,0.11710139310860557,false,0,0,0.0
190654,1998,20,-0.3751811946535044,true,9,9,1.0
1030219,2019,42,-0.016191309630397832,false,36,17,0.4722222222222222
540935,2006,4,-0.12765453063354748,true,0,0,0.0
800653,2014,15,0.34981379315566485,true,211,116,0.5497630331753555
454514,2002,74,-0.16480863599763662,false,1,0,0.0
409184,2009,7,-0.29933447750271114,true,144,93,0.6458333333333334
466754,2003,5,0.19772559734751205,true,920,521,0.566304347826087
918375,2017,19,0.02593946367426625,false,0,0,0.0
119292,1996,11,0.2271432451350135,true,0,0,0.0
600557,2016,410,-0.06319715313907803,false,1,0,0.0
372433,2008,28,0.10251473694209601,false,298,143,0.4798657718120805
775504,2014,71,-0.10864187827423955,false,7,3,0.42857142857142855
650858,2011,43,0.1642255923826541,true,0,0,0.0
7263,1990,9,0.1241196068389252,true,0,0,0.0
147897,1996,22,0.10849458250256383,true,2,2,1.0
92150,1995,12,-0.06671222065088411,false,3,1,0.3333333333333333
245286,2000,9,-0.12740726044563022,true,3,2,0.6666666666666666
474136,2003,4,-0.10354805663095412,false,5,2,0.4
97394,1995,29,0.07903545703739123,false,0,0,0.0
450404,2002,24,-0.2604732283121649,false,0,0,0.0
52548,1993,12,-0.02365364225497757,true,10,7,0.7
637458,2010,39,0.18966621745171341,true,2,2,1.0
127693,1996,9,-0.1371492781340029,true,1,1,1.0
121504,1996,16,-0.18134568123849126,false,6,1,0.16666666666666666
145771,1996,77,-0.2996337823430868,false,29,10,0.3448275862068966
554990,2006,73,-0.24976159433504286,false,1,0,0.0
365239,2007,17,-0.16348313207254428,false,2,1,0.5
268532,2000,4,-0.021296200375140018,true,3,3,1.0
557179,2007,66,0.15560174358796086,false,0,0,0.0
268362,2000,50,-0.17934164427664268,true,4,2,0.5
764117,2014,20,-0.04248713848442964,true,1,1,1.0
593303,2015,95,-0.03226848256602732,false,0,0,0.0
151275,1997,9,0.18714068621508329,false,0,0,0.0
948584,2017,90,-0.02254467904771129,true,1,1,1.0
852736,2016,23,0.32726066174827917,true,2,1,0.5
697187,2012,177,0.11971945391007122,true,1,1,1.0
841102,2015,21,-0.10977852580802017,true,17,16,0.9411764705882353
41898,1992,58,0.08745739855520496,true,0,0,0.0
521792,2005,4,0.06345056466515242,true,0,0,0.0
1012288,2018,40,0.21834231726339492,true,1,1,1.0
208874,1999,16,-0.24518907222081232,true,3,2,0.6666666666666666
850109,2016,56,0.045391806436216875,false,32,10,0.3125
443835,2001,10,0.026497647829277327,true,0,0,0.0
186700,1998,17,-0.22825399226854604,false,2,1,0.5
323249,2007,98,-0.08914333019069076,true,0,0,0.0
168862,1997,13,-0.43036808264685433,true,1,1,1.0
720929,2013,50,0.05557607859972613,true,0,0,0.0
718304,2013,47,0.20528189244619188,false,0,0,0.0
328358,2006,77,0.005730365489483802,true,0,0,0.0
684662,2012,23,-0.015678799516005704,true,0,0,0.0
791800,2014,18,0.6196307529585621,false,10,5,0.5
223648,1999,4,0.2154398097891148,true,2,2,1.0
11562,1990,7,0.6650282067664364,false,0,0,0.0
660018,2011,110,0.013920556409779294,false,0,0,0.0
883223,2016,194,-0.08270100597434382,true,1,1,1.0
72430,1994,10,-0.11448824742578267,false,6,4,0.6666666666666666
148634,1996,9,-0.06658073788490526,false,34,19,0.5588235294117647
345557,2007,143,0.0021508975478568004,true,21,16,0.7619047619047619
1065431,2019,31,-0.2860356681505287,false,0,0,0.0
52040,1993,5,0.1366503295426824,true,17,8,0.47058823529411764
636911,2010,12,-0.29429007280187225,true,49,32,0.6530612244897959
810838,2015,59,-0.08126358166374725,false,2,0,0.0
933930,2017,56,-0.004378289197035201,false,3,0,0.0
225395,1999,7,0.27236223227717016,true,16,8,0.5
1056497,2019,400,0.07361906211430647,true,0,0,0.0
822778,2015,76,-0.017150965897730686,true,1,0,0.0
143722,1996,18,0.07645094490870363,true,0,0,0.0
924035,2017,352,0.05581313222130335,false,12,0,0.0
536644,2006,11,-0.047947677006848544,true,1,1,1.0
694954,2012,10,-0.14609897818006257,false,0,0,0.0
908428,2017,20,-0.08938071256763269,false,0,0,0.0
335821,2007,7,0.02003202132291637,true,0,0,0.0
932797,2017,19,0.3019628619022532,false,0,0,0.0
16073,1991,14,0.030312523708451167,true,19,15,0.7894736842105263
862167,2016,4,0.07788930213330669,false,0,0,0.0
432155,2010,9,-0.24024923242598994,false,114,57,0.5
666783,2011,13,-0.08475258651156192,true,0,0,0.0
484783,2004,18,-0.05554626821504982,true,0,0,0.0
13794,1990,18,0.16576068848301162,false,0,0,0.0
961246,2018,186,-0.013568589550720045,false,1,0,0.0
614981,2019,227,0.08725361696523848,false,3,0,0.0
518093,2005,3,0.19067240486164483,true,56,34,0.6071428571428571
1065535,2019,238,0.25640818186698056,true,1,1,1.0
6670,1990,3,0.01768483995183523,true,1,0,0.0
105723,1995,4,0.1893606759815878,true,0,0,0.0
142908,1996,45,-0.08086888241985069,true,0,0,0.0
487581,2004,9,-0.208887281173892,true,0,0,0.0
32513,1992,18,-0.0004412818550472153,false,1,0,0.0
20155,1991,52,-0.00016232455975817572,true,0,0,0.0
373058,2008,44,0.03729742521185031,true,0,0,0.0
833374,2015,35,-0.006278353667481973,false,0,0,0.0
568119,2010,55,-0.03892981017435648,false,0,0,0.0
458040,2002,15,-0.3160781512888162,false,1,0,0.0
15399,1990,20,-0.004732298841030769,true,2,1,0.5
854744,2016,15,-0.06975829440616454,false,0,0,0.0
375177,2008,47,0.029268722521557322,true,0,0,0.0
495169,2004,175,-0.30944718371583413,true,222,200,0.9009009009009009
564850,2008,72,-0.10580204233119073,false,1,0,0.0
457561,2002,7,0.01044367705169158,true,1,1,1.0
472840,2003,167,0.11498872315720199,true,0,0,0.0
584907,2013,484,-0.01855582869243788,false,11,0,0.0
919154,2017,69,-0.11966136432938468,false,48,6,0.125
1069029,2019,57,0.08762543837209691,false,0,0,0.0
606545,2017,202,0.03087829939616693,false,0,0,0.0
695189,2012,13,-0.4030923007745102,true,0,0,0.0
671554,2011,14,-0.23651598245486838,true,1,1,1.0
406858,2009,70,0.05413098076902134,true,3,2,0.6666666666666666
64268,1993,43,0.14788786459839764,false,1,0,0.0
1068893,2019,93,-0.1911778253589631,false,0,0,0.0
56093,1993,28,0.01749442894620401,true,1,1,1.0
368690,2008,93,0.031017077308156615,true,0,0,0.0
354792,2007,11,-0.15725055610530347,false,0,0,0.0
1062782,2019,20,-0.1271530548620765,true,1,1,1.0
941176,2017,56,-0.050242843526367764,false,0,0,0.0
148569,1996,22,-0.19180142274411693,false,0,0,0.0
499304,2004,10,0.04771533883146173,false,4,1,0.25
619320,2019,477,0.020560560596318833,false,1,0,0.0
481303,2004,6,0.1007786233232899,true,0,0,0.0
982913,2018,46,0.035442414077810014,true,5,4,0.8
19269,1991,10,-0.1331764706341767,true,1,1,1.0
428224,2010,5,0.1575534767680935,false,3,0,0.0
97750,1995,11,0.14926143251304502,true,0,0,0.0
707484,2012,56,-0.2566979063128665,true,0,0,0.0
180936,1998,5,-0.1655901887494231,false,13,7,0.5384615384615384
190719,1998,36,-0.03709502492415595,false,0,0,0.0
525717,2005,32,-0.03917493077680323,true,0,0,0.0
482814,2004,11,0.08288530070671118,false,0,0,0.0
165349,1997,22,-0.10053258448867464,false,0,0,0.0
61752,1993,8,-0.4912569167603058,true,27,6,0.2222222222222222
23167,1991,3,-0.5307469563478122,false,2,0,0.0
255609,2000,18,-0.1274060088127298,true,1,0,0.0
405434,2009,81,-0.20191669564175907,true,24,17,0.7083333333333334
20278,1991,12,0.5069848601315714,false,3,1,0.3333333333333333
998971,2018,68,-0.08838097768239894,false,17,9,0.5294117647058824
756397,2013,5,-0.12930686747237807,true,4,3,0.75
344786,2007,114,-0.03280874207290552,false,0,0,0.0
86953,1994,6,-0.16458874668674994,false,0,0,0.0
683174,2012,12,-0.07992466261060116,false,30,16,0.5333333333333333
1046351,2019,17,-0.2711033540912293,false,0,0,0.0
638045,2010,50,0.20799535861083385,true,0,0,0.0
39742,1991,44,0.008474390862536652,false,3,1,0.3333333333333333
307999,2003,7,-0.10695300215155346,true,0,0,0.0
772410,2014,10,-0.35368401754726175,true,1,0,0.0
685523,2012,24,0.36743218298754243,false,0,0,0.0
161678,1997,3,-0.3825080007906827,false,12,8,0.6666666666666666
1010735,2018,33,-0.0030193852188640236,true,2,0,0.0
404256,2009,5,-0.1000833732107802,true,97,63,0.6494845360824743
565073,2009,7,-0.0072207729022713,false,0,0,0.0
948239,2017,53,-0.054886032074462854,true,0,0,0.0
784528,2014,171,0.02361683351276067,false,3,2,0.6666666666666666
442443,2001,11,0.03413243516305009,true,0,0,0.0
869352,2016,49,-0.17037185702445345,false,23,4,0.17391304347826086
91817,1995,15,0.06021080377149879,false,0,0,0.0
112149,1995,12,-0.32101399738966396,true,0,0,0.0
667702,2011,59,-0.13684449340850247,true,19,8,0.42105263157894735
1066564,2019,6,-0.03405303895514056,true,1,1,1.0
960675,2018,21,-0.1019571886514159,false,1,0,0.0
947578,2017,12,-0.0676638900314046,false,2,1,0.5
850628,2016,209,0.06837210880221489,false,45,24,0.5333333333333333
1004178,2018,144,-0.05317445753829375,false,0,0,0.0
792543,2014,8,0.010078595563405734,true,58,32,0.5517241379310345
637500,2010,108,-0.15177299421784163,true,4,3,0.75
454735,2002,17,0.09199086626755815,true,0,0,0.0
674279,2011,38,0.040293706915900174,true,0,0,0.0
32121,1992,16,-0.366525409175253,true,0,0,0.0
181076,1998,7,-0.15260460624662908,true,185,117,0.6324324324324324
885773,2016,107,-0.09138832798885899,false,0,0,0.0
752883,2013,222,0.08066316469016677,false,0,0,0.0
89791,1994,24,-0.26495332983035613,true,0,0,0.0
691210,2012,26,-0.021142558856215743,true,11,6,0.5454545454545454
396092,2008,15,-0.02117010515534723,false,189,117,0.6190476190476191
417091,2009,3,-0.11828689558201333,true,4,3,0.75
952424,2017,23,-0.13463645521904244,false,0,0,0.0
887421,2016,12,0.16205298254820466,true,1,1,1.0
502025,2005,16,0.049782275601683246,false,4,1,0.25
465451,2003,16,-0.1533076404511835,false,0,0,0.0
210215,1999,6,0.427176528624166,true,0,0,0.0
829615,2015,3,0.07946927397136694,false,168,90,0.5357142857142857
846765,2015,11,-0.04666518518880114,false,711,378,0.5316455696202531
1033353,2019,16,0.03828141457156331,true,2,0,0.0
397545,2008,67,-0.10744193279921799,true,30,24,0.8
191514,1998,14,0.3101667680406628,false,0,0,0.0
302379,2002,18,-0.055124123065758646,true,2,1,0.5
343928,2007,227,-0.16003361356295365,true,5,3,0.6
937812,2017,32,-0.02898858232672108,false,9,2,0.2222222222222222
244667,2000,7,-0.28630764201649583,false,5,1,0.2
203552,1998,56,-0.10564508991785226,true,0,0,0.0
545537,2006,13,-0.16494169805115266,false,0,0,0.0
902267,2017,49,-0.15304466531190108,false,1,0,0.0
237333,2000,52,0.12019910357963459,false,2,0,0.0
1015409,2019,27,0.12807738435136606,false,1,0,0.0
591750,2015,106,0.0755376338363587,false,1,0,0.0
620420,2019,135,-0.10166382536889707,false,3,0,0.0
3220,1990,11,0.9210882432290362,false,0,0,0.0
1005220,2018,43,-0.13296323168343882,true,0,0,0.0
577247,2011,193,-0.05066954416292102,false,1,0,0.0
64644,1993,8,-0.18294027198848717,true,1,0,0.0
89540,1994,17,0.09971405884340534,true,0,0,0.0
328627,2006,9,-0.19742843807371369,false,0,0,0.0
296014,2002,5,-0.17505257753619752,false,1,1,1.0
859110,2016,5,-0.007379773586169591,true,37,16,0.43243243243243246
695446,2012,15,0.4490115052820407,false,1,0,0.0
629230,2010,17,0.35507796975722616,false,543,329,0.6058931860036832
298191,2002,61,-0.11251448002824649,true,0,0,0.0
1031041,2019,66,0.0830588747819263,true,0,0,0.0
462921,2003,9,0.10966745379950638,true,2,0,0.0
874915,2016,68,0.08370181167106683,false,1,0,0.0
268722,2001,69,-0.2816538936271389,true,0,0,0.0
502413,2005,4,-0.14733857349999901,false,0,0,0.0
201165,1998,14,-0.2844663297872927,false,0,0,0.0
592917,2015,14,-0.10935208151904874,true,1,0,0.0
190510,1998,30,0.054076471146652594,false,0,0,0.0
95802,1995,11,0.10660669750888196,false,1,0,0.0
30715,1991,23,0.2757843593331879,false,0,0,0.0
273757,2001,15,-0.054500493250844606,false,1,1,1.0
376015,2008,21,-0.031149602211125504,true,28,16,0.5714285714285714
195072,1998,24,-0.014981450994278944,true,0,0,0.0
595665,2016,549,0.05378075205723576,false,1,0,0.0
314706,2004,10,-0.21275651309528243,false,0,0,0.0
849205,2015,33,0.20824009728189719,false,26,9,0.34615384615384615
877000,2016,24,0.14368915150436123,false,129,38,0.29457364341085274
807485,2015,33,0.044033509298223805,true,0,0,0.0
102438,1995,14,-0.1104917515663546,true,1,1,1.0
961373,2018,12,0.5897134319743422,true,21,21,1.0
876864,2016,276,-0.21130352458688684,true,3,3,1.0
729061,2013,9,-0.2404451222550037,true,1,1,1.0
30703,1991,8,0.43521426548769426,false,3,1,0.3333333333333333
487799,2004,24,-0.16127407957146822,false,0,0,0.0
917993,2017,55,-0.22826899887266805,false,6,0,0.0
467489,2003,25,0.03598050945264486,false,0,0,0.0
185598,1998,38,0.035893551951071245,false,0,0,0.0
210340,1999,18,-0.049266652946554856,true,1,0,0.0
784679,2014,71,-0.060348397143337174,false,1,0,0.0
158318,1997,20,-0.1822851325257755,true,0,0,0.0
1049065,2019,12,0.21435384691691084,false,0,0,0.0
417755,2009,223,0.14597330903658223,false,6,0,0.0
634109,2010,53,0.3570374563637593,false,2,0,0.0
1049632,2019,77,-0.3505164348169547,true,2,1,0.5
276474,2001,45,-0.04099913145840972,false,0,0,0.0
979897,2018,93,-0.0843642580927213,false,4,2,0.5
534802,2006,22,0.03699243910245675,true,3,3,1.0
614574,2019,12,0.02814327852591525,true,0,0,0.0
356263,2007,3,-0.19973988656448327,false,6,4,0.6666666666666666
370969,2008,274,-0.10589354647459981,false,3,0,0.0
878676,2016,3,-0.3139849488892832,true,3,2,0.6666666666666666
843915,2015,34,-0.23453048500839735,true,3,1,0.3333333333333333
993679,2018,61,0.2876029794845154,false,0,0,0.0
884662,2016,40,-0.09755802005168057,false,1,0,0.0
953493,2017,40,-0.22688722099556635,false,5,1,0.2
127221,1996,17,-0.300230550382131,true,0,0,0.0
381792,2008,8,-0.08215293465826878,true,1,1,1.0
472576,2003,20,0.16874698767035934,false,1,0,0.0
724695,2013,73,-0.05376802248796686,false,0,0,0.0
613578,2018,83,0.009079140596334412,false,0,0,0.0
312072,2003,31,-0.11049772536010138,false,31,17,0.5483870967741935
193171,1998,12,-0.15095088628843545,true,2,1,0.5
470371,2003,14,0.15936960342656192,true,0,0,0.0
58971,1993,4,-0.07932748369593234,true,5,4,0.8
654284,2011,83,-0.06204421609213817,true,1,1,1.0
702706,2012,167,-0.08168942263156875,false,0,0,0.0
652561,2011,124,-0.09115925324004426,true,2,0,0.0
830173,2015,210,0.19774965838243874,false,0,0,0.0
280284,2001,9,-0.10362847921676188,false,23,17,0.7391304347826086
985953,2018,192,-0.04276130972058967,false,1,0,0.0
677753,2011,13,0.12407235522418603,true,0,0,0.0
3823,1990,9,0.7324001714517152,false,0,0,0.0
259292,2000,21,-0.23648615033638798,false,0,0,0.0
492193,2004,149,-0.2958258553337334,true,4,3,0.75
248709,2000,13,0.009618411863002052,false,0,0,0.0
282006,2001,66,0.04368566524138906,false,0,0,0.0
795509,2014,40,0.05134239684887021,true,0,0,0.0
263260,2000,10,-0.049884663614461644,true,1,1,1.0
133526,1996,16,0.02779859546127028,true,0,0,0.0
609712,2018,86,-0.04745533611245545,false,0,0,0.0
834318,2015,21,-0.025675926652628966,false,1,0,0.0
951345,2017,9,0.1478860928114436,true,0,0,0.0
862483,2016,28,-0.20777771343773477,true,283,119,0.4204946996466431
896858,2016,35,-0.04588276447896211,false,4,2,0.5
1048970,2019,25,0.07732921403754744,false,0,0,0.0
373314,2008,5,0.40206659026139047,true,22,17,0.7727272727272727
50267,1993,27,0.03787935150624566,false,0,0,0.0
541232,2006,13,-0.0036186245197598055,true,0,0,0.0
894383,2016,60,0.09741856316779351,false,4,0,0.0
336527,2007,19,-0.03902095917303772,false,0,0,0.0
331826,2006,15,-0.16666745015536222,true,90,67,0.7444444444444445
496669,2004,4,0.12832559749300998,true,0,0,0.0
23624,1991,3,-0.28331651355870235,false,5,3,0.6
718497,2013,23,-0.0010838023633148453,false,0,0,0.0
994072,2018,50,-0.21604172970610325,false,41,19,0.4634146341463415
329243,2006,20,0.06196280262249587,true,3,2,0.6666666666666666
465395,2003,82,-0.006182685734763105,true,0,0,0.0
926116,2017,78,0.044645806501803165,false,0,0,0.0
578143,2012,358,-0.19866871157081345,false,0,0,0.0
942749,2017,9,-0.13079935868416293,false,1,0,0.0
745329,2013,24,0.01472707521216865,true,0,0,0.0
950103,2017,21,0.11634079289546229,true,0,0,0.0
577864,2012,4,-0.19160057009787845,false,3,0,0.0
58825,1993,37,-0.1387596730598748,true,0,0,0.0
397283,2008,38,-0.21021605779202446,true,2,1,0.5
503247,2005,14,0.0811927061041402,false,1,1,1.0
858037,2016,119,-0.1667255304894404,false,6,1,0.16666666666666666
144203,1996,9,-0.328196098057532,true,24,8,0.3333333333333333
131982,1996,7,-0.14166406260206,false,3,3,1.0
902982,2017,33,0.015535950078479743,false,3,3,1.0
120341,1996,17,-0.18083883581401405,true,1,0,0.0
121894,1996,16,-0.008005891588783953,true,0,0,0.0
423161,2009,33,0.09231752899449219,false,1,0,0.0
800921,2014,127,-0.06152211478450731,true,0,0,0.0
494079,2004,11,-0.28110068237465935,true,0,0,0.0
292435,2002,16,0.10399652741691767,true,15,11,0.7333333333333333
476760,2003,22,-0.2918840574157837,false,0,0,0.0
1031404,2019,19,-0.042978296451961384,true,2,1,0.5
988971,2018,175,-0.1426977513783516,true,0,0,0.0
891121,2016,18,0.004423819677113805,false,0,0,0.0
488894,2004,14,0.40357509726849283,false,5,4,0.8
883964,2016,36,0.06569535450426489,false,1,0,0.0
41,1990,18,2.08985616350488,false,0,0,0.0
395984,2008,9,0.036152448970008244,false,0,0,0.0
224816,1999,56,0.22029264582051056,true,0,0,0.0
683904,2012,3,0.00849323774827404,false,1372,780,0.5685131195335277
316791,2004,76,0.1348984548409753,true,1,1,1.0
528283,2006,4,-0.5702200385409277,false,13,7,0.5384615384615384
891174,2016,11,-0.03861634987285267,false,107,39,0.3644859813084112
475779,2003,7,-0.2873630493672663,true,85,42,0.49411764705882355
703825,2012,19,0.2078112883101797,true,0,0,0.0
206243,1999,12,0.22764851460138402,true,14,10,0.7142857142857143
404389,2009,13,-0.09154999730333468,false,0,0,0.0
926291,2017,181,-0.1375582212762647,false,0,0,0.0
325461,2011,5,-0.23892918732445168,true,0,0,0.0
670333,2011,18,0.06662507375895732,true,1,0,0.0
877612,2016,275,-0.2200506164907372,false,10,8,0.8
450586,2002,13,-0.0006883065880805006,true,0,0,0.0
334565,2006,213,-0.03447258590520974,true,6,6,1.0
1004511,2018,14,-0.25845171518188526,false,0,0,0.0
603582,2017,101,0.03087035526536086,false,3,0,0.0
656940,2011,157,0.09355421992009028,false,3,0,0.0
134543,1996,19,-0.15101788796426785,true,1,1,1.0
4865,1990,117,0.30434153924086704,false,0,0,0.0
600227,2017,194,-0.08018098207660884,false,0,0,0.0
175991,1997,9,-0.15489959410063037,true,4,1,0.25
891078,2016,67,0.02256805021804542,false,2,0,0.0
221675,1999,22,0.010516397924903664,true,0,0,0.0
709073,2012,14,1.1683603583102258,false,7,3,0.42857142857142855
424532,2009,21,0.008214983459091663,true,0,0,0.0
389516,2008,33,-0.17523548191604643,true,0,0,0.0
747410,2013,412,0.11436460729541365,false,3,0,0.0
149829,1997,9,-0.21048638166574474,true,0,0,0.0
779725,2014,56,-0.015090133313552911,true,1,1,1.0
563920,2008,481,-0.03249544766954848,false,0,0,0.0
547080,2006,40,-0.13431268915338812,true,1,1,1.0
133252,1996,73,-0.3984562614636893,true,2,1,0.5
1012979,2018,64,0.03316082936358988,true,1,1,1.0
890959,2016,14,0.28194912338445466,false,3,1,0.3333333333333333
884133,2016,9,0.16873298979897022,true,0,0,0.0
130793,1996,13,0.040251610716558694,true,0,0,0.0
474196,2003,226,-0.11709566384154169,false,1,0,0.0
48639,1993,12,0.8350628137470268,false,0,0,0.0
862536,2016,100,-0.060885051810266155,false,3,2,0.6666666666666666
1001277,2018,64,-0.08483779526192192,false,82,26,0.3170731707317073
567516,2010,355,0.1323919624774339,false,1,0,0.0
248128,2000,56,0.07729549986429696,false,0,0,0.0
863289,2016,169,0.07098038055119593,false,0,0,0.0
917099,2017,53,-0.051380310566931264,false,214,107,0.5
322286,2006,179,-0.06794515362552911,false,1,0,0.0
701808,2012,16,0.03460182661844868,true,0,0,0.0
674678,2011,53,0.31150657115992386,true,4,3,0.75
970860,2018,7,-0.04978900845783141,false,4,0,0.0
912941,2017,27,-0.004402766665859481,false,0,0,0.0
429832,2010,10,-0.023954340042471323,false,0,0,0.0
1041155,2019,23,0.15921264689120207,false,0,0,0.0
50153,1993,5,-0.209081323527311,false,32,10,0.3125
276153,2001,50,0.14840226867483253,true,1,1,1.0
543964,2006,142,-0.10874414126412812,true,1,1,1.0
231650,1999,80,0.20832017520585033,true,3,2,0.6666666666666666
551576,2005,14,0.12485299858227972,false,0,0,0.0
20217,1991,6,-0.330550923692396,true,0,0,0.0
837437,2015,85,-0.07656873820594257,true,0,0,0.0
54580,1993,24,-0.022307772657561564,false,2,1,0.5
1021745,2019,5,-0.33172185368246687,false,6,0,0.0
228243,1999,44,0.33784555735284094,true,4,0,0.0
13635,1990,11,0.08680376766735165,false,9,3,0.3333333333333333
577490,2012,138,0.033805644423953396,false,0,0,0.0
541724,2006,16,0.04165847518664112,false,64,41,0.640625
219977,1999,483,-0.07666362772323465,true,6,6,1.0
844270,2015,65,-0.07783598537692171,false,1,0,0.0
533456,2006,49,0.46533787288289297,true,0,0,0.0
820435,2015,42,-0.03511157477108107,true,0,0,0.0
3285,1990,12,0.6299864230797576,false,66,45,0.6818181818181818
585394,2014,96,0.013592661294689279,false,0,0,0.0
208795,1999,20,-0.10527174741712653,true,0,0,0.0
993019,2018,266,0.08522929626744347,true,3,3,1.0
821505,2015,26,-0.1350392744761706,true,1,0,0.0
656632,2011,20,0.6256796551272554,true,4,2,0.5
50601,1993,20,0.2788010079611025,false,1,1,1.0
335663,2006,53,-0.0540163414454371,false,5,3,0.6
723584,2013,21,-0.05831697928825008,false,706,388,0.5495750708215298
4954,1990,16,0.3124670618439209,false,0,0,0.0
12980,1990,8,0.1948407260981675,false,0,0,0.0
502371,2005,14,0.9155323262142643,true,443,301,0.6794582392776524
44378,1992,3,-0.015878982872264302,false,0,0,0.0
645592,2011,89,0.22048136926799522,false,1,1,1.0
141738,1996,9,-0.07316905279974062,true,0,0,0.0
620248,2019,391,0.06272934857525136,false,1,0,0.0
418744,2009,13,-0.14987196771237254,true,2,2,1.0
333402,2006,14,-0.008412684915939828,false,0,0,0.0
423715,2009,24,0.08230080793498118,false,0,0,0.0
986655,2018,55,-0.05043344191127108,true,8,6,0.75
873657,2016,178,-0.2629599392476276,true,7,6,0.8571428571428571
810809,2015,3,0.03367671375530712,false,27,8,0.2962962962962963
311311,2003,22,-0.036867867174864344,false,0,0,0.0
1001108,2018,20,-0.17980402420307584,false,0,0,0.0
106353,1995,4,-0.2178987947942952,true,18,14,0.7777777777777778
365821,2007,13,-0.013542619521262012,false,410,262,0.6390243902439025
591640,2015,65,0.02952758477616335,true,7,3,0.42857142857142855
31052,1991,17,-0.05239872278126034,true,5,2,0.4
277690,2001,102,-0.547325066153507,true,1055,1051,0.9962085308056872
252922,2000,30,-0.006698107697559408,true,1,1,1.0
706585,2012,15,-0.173871985652851,false,0,0,0.0
685079,2012,11,-0.3748813921952783,true,0,0,0.0
598414,2016,129,0.1304494076383076,false,0,0,0.0
95496,1995,12,-0.09316637819329276,true,2,0,0.0
55723,1993,4,-0.1755427547175481,false,6,1,0.16666666666666666
272700,2001,13,-0.2046793928572166,true,1,1,1.0
343986,2007,5,-0.012428102680733133,false,989,610,0.6167846309403437
196041,1998,36,0.058527222538907964,false,0,0,0.0
900310,2016,56,0.22115961111628124,false,9,5,0.5555555555555556
448412,2001,33,-0.019688269176453943,false,1,0,0.0
884264,2016,3,0.3933354766833528,false,21,9,0.42857142857142855
972785,2018,240,-0.10293931330892647,false,2,1,0.5
565877,2009,233,0.022484208464683242,false,0,0,0.0
33210,1992,13,-0.06916581785304654,false,0,0,0.0
576178,2012,16,-0.04258607587231111,false,0,0,0.0
815512,2015,44,0.06612814140649093,false,1,0,0.0
800887,2014,44,0.1976078205217524,true,0,0,0.0
564525,2008,141,-0.07095543601493848,false,0,0,0.0
6764,1990,7,0.7419261143747038,true,21,15,0.7142857142857143
138257,1996,25,0.02788153102822566,false,0,0,0.0
22324,1991,6,0.05455365319538252,false,1,0,0.0
178728,1997,10,0.09372900378535753,true,0,0,0.0
597532,2016,239,0.05545378741206841,false,2,0,0.0
665319,2011,28,0.043062311539458165,false,0,0,0.0
368448,2008,31,0.09988695889162891,false,1,0,0.0
295851,2002,14,-0.17961186552499075,false,0,0,0.0
512720,2005,7,-0.08412528326391389,false,0,0,0.0
718595,2013,26,0.12771444855675984,true,0,0,0.0
473226,2003,49,0.05146114881043751,true,7,6,0.8571428571428571
630401,2010,18,-0.1419104649971228,false,1,0,0.0
983047,2018,15,0.25815117078162153,false,0,0,0.0
289195,2001,179,-0.06833707930023225,true,1,1,1.0
522402,2005,9,0.0059567145237107155,false,0,0,0.0
433765,2010,204,-0.1296598753542373,true,0,0,0.0
228949,1999,21,0.13920091007091795,true,1,1,1.0
329542,2006,263,-0.03418356193664085,false,1,0,0.0
926887,2017,10,-0.1818339914585394,true,20,7,0.35
424300,2009,24,0.3936444850847485,false,0,0,0.0
435744,2007,87,-0.17239384211617637,false,0,0,0.0
326958,2003,1484,0.13430675556347094,true,1,0,0.0
336305,2007,21,0.5350353104571699,false,0,0,0.0
843586,2015,21,0.06498538675309895,false,0,0,0.0
512701,2005,43,0.14463753066536356,true,2,2,1.0
272241,2001,11,0.12926057644365585,true,0,0,0.0
239637,2000,22,0.25606080582003266,true,0,0,0.0
704083,2012,21,0.22882822890338694,true,0,0,0.0
688481,2012,39,0.31575482371598174,true,0,0,0.0
589998,2015,11,0.40175190954095985,false,0,0,0.0
169289,1997,11,-0.1593218813767283,false,1,1,1.0
472140,2003,46,-0.26933356006717,true,4,3,0.75
51998,1993,12,-0.06734337574046911,true,8,8,1.0
1068699,2019,8,-0.002141973784662632,false,2,1,0.5
1004063,2018,330,-0.026084423228730724,true,9,7,0.7777777777777778
975879,2018,21,-0.046608715892707764,true,1,0,0.0
306029,2003,36,-0.18461976648727774,false,1,1,1.0
944969,2017,88,-0.3065935814516809,true,2,2,1.0
1023960,2019,149,0.09772989643384822,true,3,3,1.0
791395,2014,20,-0.14392948942309047,true,59,33,0.559322033898305
463807,2003,47,0.25761127178837206,true,0,0,0.0
897083,2016,75,-0.08876921082234279,false,14,11,0.7857142857142857
72759,1994,20,0.09753482265348179,true,0,0,0.0
388522,2008,29,-0.08544592016884334,true,0,0,0.0
550563,2004,47,0.3258758347544948,false,0,0,0.0
458183,2002,4,0.19840731085538188,true,4,4,1.0
323085,2007,36,-0.08280087044497186,false,1,1,1.0
828905,2015,15,-0.22052018620234737,false,673,357,0.5304606240713224
348657,2007,57,-0.07421447220478239,true,0,0,0.0
213929,1999,9,-0.10553492879624748,false,0,0,0.0
832177,2015,31,0.08188553460901371,false,0,0,0.0
1053512,2019,99,-0.011548805120324523,true,0,0,0.0
273700,2001,41,0.025970915735791245,true,1,1,1.0
78890,1994,13,0.018942084174562446,true,0,0,0.0
881669,2016,26,0.03951825275009835,false,0,0,0.0
578914,2013,5,0.17960624651355772,false,1,0,0.0
70980,1994,39,0.3710102644203497,true,1,0,0.0
990582,2018,10,-0.08081556454010475,false,713,288,0.40392706872370265
387212,2008,75,0.0908625271565846,true,126,98,0.7777777777777778
948808,2017,31,-0.2180679440924269,true,0,0,0.0
434604,2010,11,-0.21955918562747367,false,0,0,0.0
880944,2016,66,-0.13442499391833085,true,3,1,0.3333333333333333
325388,2010,3,-0.1265327757286574,true,46,33,0.717391304347826
280471,2001,39,0.03504391244010652,false,0,0,0.0
829904,2015,57,0.0961714813738519,false,0,0,0.0
558906,2007,52,0.0008284529794337914,false,1,0,0.0
159750,1997,5,0.04897416020017342,false,757,359,0.47424042272126815
265563,2000,17,0.08127482930784868,false,6,2,0.3333333333333333
194137,1998,10,-0.4133258964902984,true,0,0,0.0
322380,2006,19,-0.04532409697008877,true,1,1,1.0
126070,1996,10,0.26658538320769143,false,0,0,0.0
908251,2017,30,-0.026153716360012957,true,0,0,0.0
649792,2011,9,-0.26410175333741304,true,300,169,0.5633333333333334
5829,1990,30,0.39505492671370757,true,0,0,0.0
478498,2004,78,-0.002888031342651587,true,1,0,0.0
1058772,2019,36,0.19142672527820626,true,0,0,0.0
545896,2006,14,0.06994709178412606,true,0,0,0.0
175947,1997,12,0.12322338769150587,true,0,0,0.0
806676,2015,44,0.03268556735620365,false,3,1,0.3333333333333333
619336,2019,371,-0.05867928790995691,false,0,0,0.0
552546,2005,89,0.28228229220206114,false,4,1,0.25
887697,2016,34,-0.10849952807263197,false,5,0,0.0
829161,2015,146,-0.07696180704446576,true,0,0,0.0
101070,1995,7,-0.07615017564631188,false,2,2,1.0
205690,1999,17,-0.4476845530717153,false,1,0,0.0
490558,2004,14,0.045713715992346415,true,0,0,0.0
674284,2011,10,-0.18363999718553892,false,0,0,0.0
352802,2007,47,0.05194954955578002,true,0,0,0.0
973515,2018,87,-0.11040201799226868,false,0,0,0.0
1022711,2019,3,0.567876406763232,false,68,30,0.4411764705882353
340704,2007,58,-0.05267095345274431,true,0,0,0.0
972570,2018,19,-0.09711390725434832,false,0,0,0.0
437217,2000,12,0.022591581013271522,true,1,1,1.0
178628,1997,35,-0.10693174413282236,true,0,0,0.0
240686,2000,119,-0.210634301862199,true,22,21,0.9545454545454546
769896,2014,31,-0.006497610230981721,false,0,0,0.0
610436,2018,35,-0.2026458807930247,true,0,0,0.0
50435,1993,20,-0.19224612678586084,false,10,3,0.3
688712,2012,21,-0.019665270032548143,false,1,0,0.0
1040501,2019,11,-0.1099134251401539,true,59,18,0.3050847457627119
75384,1994,10,0.011202678529602217,true,1,0,0.0
1024330,2019,103,0.012064574420019625,false,0,0,0.0
308212,2003,63,-0.10740410102413556,true,1,1,1.0
212320,1999,7,-0.23351036848244622,false,0,0,0.0
718334,2013,58,-0.23961927943388872,true,1,1,1.0
1008314,2018,33,-0.18134033997139465,false,2,2,1.0
4043,1990,10,0.7497555647450413,true,2,1,0.5
871508,2016,18,-0.07822374684933475,false,5,2,0.4
464036,2003,21,0.12456156470730395,false,101,62,0.6138613861386139
88232,1994,52,0.3910423614487266,false,2,0,0.0
400400,2009,6,-0.2568411936277526,true,1,1,1.0
117307,1995,12,0.05177802529506437,true,0,0,0.0
1016387,2019,85,0.16069150865889714,true,1,1,1.0
187633,1998,10,-0.31592863259762893,true,0,0,0.0
818233,2015,67,0.04168676173023034,true,0,0,0.0
34030,1992,3,-0.07487403557556416,false,109,59,0.5412844036697247
259110,2000,125,-0.020687167175095666,true,0,0,0.0
656062,2011,444,-0.12866236269939524,true,3,3,1.0
902134,2017,28,0.1106787362782864,false,0,0,0.0
760635,2014,77,0.08455362310841119,false,111,19,0.17117117117117117
667643,2011,8,0.09737402812522777,true,56,31,0.5535714285714286
791792,2014,12,-0.1093362189866598,false,0,0,0.0
1061398,2019,71,0.12840845164774795,false,3,0,0.0
448022,2001,31,-0.42053233722876104,true,0,0,0.0
716359,2012,35,-0.2547220863519275,true,8,6,0.75
1040078,2019,47,-0.05011323556189495,false,1,0,0.0
198348,1998,19,0.04768341500598172,true,0,0,0.0
1037295,2019,25,0.2152748742178332,true,0,0,0.0
1028452,2019,5,-0.028455273133089598,true,3,0,0.0
544194,2006,30,0.029120679551278172,true,2,2,1.0
985362,2017,179,-0.046449324775593936,false,2,0,0.0
612123,2018,121,-0.13806786356830703,true,1,1,1.0
535769,2006,22,-0.05395069233237049,true,0,0,0.0
214434,1999,17,-0.2306104827117057,true,2,1,0.5
608794,2018,64,0.0313968514037124,true,1,1,1.0
612591,2018,374,0.016106209120464676,true,0,0,0.0
763089,2014,42,-0.2559400257424205,true,130,64,0.49230769230769234
943518,2017,28,0.04843376393498744,false,0,0,0.0
493564,2004,4,0.16158304917011623,true,2,2,1.0
452532,2002,6,0.09033184807440353,true,217,145,0.6682027649769585
32788,1992,38,0.045390655338944264,true,1,1,1.0
823164,2015,19,0.002305176217282323,false,1,1,1.0
942340,2017,14,-0.2639141221347385,false,20,4,0.2
44009,1992,9,-0.21655735657718367,true,0,0,0.0
852920,2016,12,-0.13653257599834756,false,0,0,0.0
79747,1994,21,-0.1062762821349974,true,29,15,0.5172413793103449
186384,1998,9,-0.39492254514295766,false,0,0,0.0
7665,1990,14,0.26187517326644727,false,0,0,0.0
44598,1992,9,-0.35564213801128286,false,53,32,0.6037735849056604
190958,1998,15,-0.2046996344342764,false,0,0,0.0
502467,2005,11,0.3019378192983444,true,0,0,0.0
778510,2014,47,0.13476605570811628,true,4,4,1.0
684508,2012,5,-0.3120781208694954,false,1,1,1.0
442295,2001,6,0.14664915826439096,false,11,7,0.6363636363636364
579670,2013,30,-0.06731025408919766,false,1,0,0.0
214463,1999,15,0.14323819574723018,false,0,0,0.0
191539,1998,28,-0.334624800414562,false,9,5,0.5555555555555556
669317,2011,63,-0.03555666892150189,false,1,1,1.0
691286,2012,11,-0.06920472916803977,true,1,0,0.0
540803,2006,6,-0.27425681182148764,true,0,0,0.0
910564,2017,53,-0.05211120341028508,true,1,0,0.0
371962,2008,47,-0.10410472369581747,true,5,3,0.6
813590,2015,62,0.04067708441651252,false,1,0,0.0
218707,1999,8,-0.19035576486004846,false,3,0,0.0
40666,1992,3,-0.2293723303025681,true,9,3,0.3333333333333333
1065982,2019,6,-0.08917775706039688,false,1,0,0.0
917680,2017,16,-0.11453256631380881,false,0,0,0.0
38407,1992,10,0.009071097736404354,true,1,1,1.0
318609,2005,20,-0.07846256219819825,false,3,0,0.0
234590,1999,9,-0.13600838957935668,false,0,0,0.0
230182,1999,102,0.1102530894652185,true,7,7,1.0
550340,2004,6,0.036293443133613046,false,0,0,0.0
444926,2001,3,0.08712590942199405,false,4,2,0.5
191201,1998,34,-0.08065969300470854,false,0,0,0.0
835222,2015,51,0.17018873049162586,true,0,0,0.0
570703,2010,34,0.10382989290003941,false,1,0,0.0
654299,2011,14,-0.1600722049595742,true,6,2,0.3333333333333333
724465,2013,35,0.08950408300788304,true,7,1,0.14285714285714285
744261,2013,63,0.1326700087640189,false,0,0,0.0
1005872,2018,7,1.0092815933404804,false,1,0,0.0
397894,2008,9,-0.09534945613460977,true,3,0,0.0
994488,2018,58,-0.11565845498146388,false,0,0,0.0
390992,2008,3,0.17074592187555027,true,1200,753,0.6275
510809,2005,38,0.03649971454720191,false,6,3,0.5
446733,2001,17,-0.2831952140395906,true,0,0,0.0
484001,2004,4,-0.13590236750277285,false,6,4,0.6666666666666666
282743,2001,60,0.2986280223461435,true,1,1,1.0
918066,2017,18,-0.13638704169772975,true,4,4,1.0
484621,2004,11,-0.2160036566208854,false,1,0,0.0
157220,1997,39,-0.12600612550244428,true,2,2,1.0
1033051,2019,16,0.29649408263516985,true,7,7,1.0
816646,2015,38,-0.03710465686675857,false,8,4,0.5
82415,1994,4,-0.40258072199454276,false,9,1,0.1111111111111111
443709,2001,7,-0.14802811676324446,true,5,5,1.0
877426,2016,7,0.0804001424852876,true,30,14,0.4666666666666667
487788,2004,6,0.07785895496756812,true,0,0,0.0
948604,2017,38,0.09009398340074881,false,0,0,0.0
841267,2015,815,-0.012348777350917661,true,0,0,0.0
101591,1995,12,-0.3237672483232146,false,0,0,0.0
523980,2005,26,-0.07086218567006153,true,0,0,0.0
16554,1991,5,-0.06428382540436495,false,0,0,0.0
775914,2014,9,0.10788446816952035,true,9,2,0.2222222222222222
661797,2011,17,0.13580659478922108,false,4,2,0.5
924259,2017,32,-0.14916531127603516,true,1,1,1.0
267840,2000,93,-0.3767517441119521,false,17,15,0.8823529411764706
237682,2000,14,0.09019648476707331,true,0,0,0.0
472278,2003,17,-0.44932210663792116,true,2,2,1.0
946243,2017,14,-0.027232253184863886,false,3,0,0.0
105487,1995,18,-0.07359207005203672,false,0,0,0.0
488958,2004,18,0.15145433404759956,true,0,0,0.0
479680,2004,5,0.45903496933173127,true,30,25,0.8333333333333334
238167,2000,63,0.06550605934345377,true,1,1,1.0
418769,2009,110,-0.01932099965955114,true,0,0,0.0
531385,2006,7,-0.21929207166854514,true,8,4,0.5
591614,2014,105,0.056218056335111566,false,0,0,0.0
922425,2017,30,0.021150250981013308,true,0,0,0.0
800722,2014,17,0.004500498234510708,false,1,0,0.0
951771,2017,21,0.002080170003654125,false,2,0,0.0
361749,2007,30,0.03193583849403936,true,49,29,0.5918367346938775
362387,2007,23,0.16502229398550572,false,49,38,0.7755102040816326
198957,1998,13,-0.22514368185694167,false,9,4,0.4444444444444444
832770,2015,159,-0.004923047706109074,false,2,0,0.0
115438,1995,34,-0.000352996448934384,true,2,1,0.5
540399,2006,43,0.006729468218779289,true,0,0,0.0
922357,2017,8,-0.07024663012884602,false,1,0,0.0
776528,2014,20,0.1226633014330405,false,0,0,0.0
1002900,2018,28,0.05489616529641772,false,0,0,0.0
746646,2013,14,0.0718891459651072,false,2,1,0.5
1056410,2019,3,0.0028160083288888416,true,0,0,0.0
546699,2006,22,0.2872070455273592,true,1,1,1.0
985038,2017,5,-0.26835743841398507,false,0,0,0.0
352812,2007,24,-0.2277011000068221,true,242,161,0.6652892561983471
98895,1995,24,0.22822047199275897,false,1,0,0.0
759884,2014,32,0.7470739642581545,true,0,0,0.0
918551,2017,21,-0.13953221045074926,false,1,1,1.0
134850,1996,5,-0.001659567143659224,true,3,3,1.0
748326,2013,18,0.06948679251812084,true,2,1,0.5
516521,2005,44,-0.10849510176142196,false,1,1,1.0
866135,2016,173,-0.03661113948342898,false,2,2,1.0
644210,2010,84,-0.0038140984276893164,false,0,0,0.0
26053,1991,14,0.2022417288713032,false,2,1,0.5
850153,2016,178,-0.02386069478057884,true,2,1,0.5
689094,2012,10,-0.08043627633821604,false,487,265,0.5441478439425051
713881,2012,31,0.11670646776654348,true,0,0,0.0
568542,2010,102,-0.06487915972618996,false,133,35,0.2631578947368421
980394,2018,11,-0.07260183221532213,false,3,0,0.0
354231,2007,42,0.32941626411176195,true,1,1,1.0
542771,2006,73,0.07453537584307579,true,0,0,0.0
808228,2015,71,0.12655035881505938,true,7,5,0.7142857142857143
663019,2011,64,-0.07254997945180897,false,2,2,1.0
438670,2000,15,-0.4044538865064764,true,8,8,1.0
626478,2010,6,0.026303850057199263,true,1081,658,0.6086956521739131
398601,2008,3,0.02328917212925763,true,5,3,0.6
1007123,2018,5,0.2447453365600225,true,1,0,0.0
1021561,2019,33,-0.03932921250612864,false,0,0,0.0
822518,2015,184,0.01749142874304921,true,2,2,1.0
42520,1992,9,-0.1298835110631531,true,6,1,0.16666666666666666
352609,2007,47,-0.17162469272835157,false,2,1,0.5
68081,1993,71,0.012169340552270924,true,0,0,0.0
724146,2013,22,-0.05367950425757506,true,113,58,0.5132743362831859
286829,2001,17,0.23475075048982763,false,1,1,1.0
692092,2012,27,0.2682676698026789,false,1,0,0.0
876612,2016,16,-0.09895056376681666,true,30,19,0.6333333333333333
883554,2016,128,0.13200589321446854,true,0,0,0.0
772823,2014,199,0.14707630494403823,true,11,5,0.45454545454545453
766859,2014,7,-0.12310801722099285,true,0,0,0.0
891663,2016,27,0.12087730134921593,true,0,0,0.0
819456,2015,12,-0.03829488988494134,true,0,0,0.0
961500,2018,16,0.05827341199812697,false,0,0,0.0
884116,2016,10,0.6064920050005576,false,25,8,0.32
75238,1994,25,0.027046940433471,true,0,0,0.0
251507,2000,3,0.19502094777413959,true,0,0,0.0
981897,2018,10,0.09511847550472119,true,0,0,0.0
405098,2009,53,-0.11763773232639618,true,11,10,0.9090909090909091
1048230,2019,147,-0.22642217295150235,false,1,0,0.0
816052,2015,34,-0.1896439559565417,false,7,0,0.0
627110,2010,20,-0.17068762177592056,false,1,0,0.0
667720,2011,49,0.03079002835066902,false,0,0,0.0
489667,2004,10,0.04688861299146474,true,0,0,0.0
229843,1999,46,0.11691721261080534,false,0,0,0.0
733129,2013,8,0.1408681560655145,true,28,7,0.25
677590,2011,8,-0.06180307630934845,false,3,1,0.3333333333333333
1063517,2019,58,0.22134696499814854,false,2,2,1.0
454935,2002,15,0.14921507292333303,true,0,0,0.0
375571,2008,11,-0.08962783849243827,true,0,0,0.0
543955,2006,24,-0.03933347939290588,true,0,0,0.0
530053,2006,25,0.0744208524292409,true,339,216,0.6371681415929203
763753,2014,60,-0.08004534605232916,false,17,9,0.5294117647058824
799261,2014,21,-0.09188950036085242,true,10,7,0.7
692667,2012,140,0.056486361576359556,false,0,0,0.0
520540,2005,16,0.02091950780142149,false,609,312,0.5123152709359606
807134,2015,38,-0.04107445194990511,false,0,0,0.0
783204,2014,8,-0.13576229395257222,true,281,134,0.47686832740213525
440388,2000,36,-0.14780074313089386,true,1,0,0.0
425426,2009,217,0.08323402963201199,true,0,0,0.0
323101,2007,4,0.31631534583359056,false,13,8,0.6153846153846154
867718,2016,10,-0.1178297375772912,true,364,196,0.5384615384615384
1040477,2019,3,0.07503657108637718,false,28,7,0.25
336090,2007,7,0.008136782425323119,true,86,55,0.6395348837209303
758573,2014,44,-0.01074445119548173,false,0,0,0.0
195448,1998,47,0.43247945115362896,true,45,45,1.0
832423,2015,65,-0.0008489544000793714,false,1,0,0.0
1050446,2019,30,-0.006194227306982825,false,4,2,0.5
835714,2015,23,0.01511741357789731,true,14,10,0.7142857142857143
460500,2002,33,0.08514066713625823,true,0,0,0.0
268255,2000,25,-0.079792301328383,true,4,4,1.0
709512,2012,77,0.06274736657453017,false,11,3,0.2727272727272727
141988,1996,25,0.08269639204165014,true,0,0,0.0
87047,1994,15,0.037717997010690674,false,0,0,0.0
377337,2008,44,-0.16921282709252594,true,9,6,0.6666666666666666
48253,1992,33,0.10384620862662697,false,0,0,0.0
86169,1994,7,-0.016024693565851678,true,9,8,0.8888888888888888
495743,2004,7,0.02910376076280663,false,0,0,0.0
13916,1990,22,0.36930393367624514,true,1,1,1.0
773701,2014,20,-0.1097596501230571,true,811,457,0.5635018495684341
651359,2011,67,0.11760383337809266,true,1,1,1.0
86521,1994,11,0.22157522180455924,false,2,0,0.0
695538,2012,20,-0.09182994140314538,true,66,41,0.6212121212121212
918282,2017,29,0.29248152623504264,true,1,0,0.0
198451,1998,17,-0.2527129730625042,false,11,5,0.45454545454545453
502868,2005,10,-0.067133272691966,false,6,5,0.8333333333333334
164056,1997,16,0.11415646960879222,true,0,0,0.0
726360,2013,32,0.09246162738856256,false,0,0,0.0
1052940,2019,95,0.081628675477039,false,0,0,0.0
665911,2011,3,-0.3244969763797858,false,634,337,0.5315457413249212
254420,2000,13,-0.014391224785149426,true,0,0,0.0
1053501,2019,18,0.12363367195850206,false,3,0,0.0
442767,2001,3,0.04538959514049168,true,53,31,0.5849056603773585
464550,2003,9,0.2567780705425644,false,701,583,0.8316690442225392
593286,2015,33,-0.005678415751701138,false,0,0,0.0
829491,2015,13,-0.1195306540287957,true,8,7,0.875
233127,1999,8,0.5299074772929968,true,354,204,0.576271186440678
365248,2007,75,-0.11499492415410106,true,1,1,1.0
722820,2013,23,-0.009047416458224156,true,4,2,0.5
433507,2010,8,-0.3553623017049352,true,0,0,0.0
607171,2018,38,-0.2605497602112665,false,0,0,0.0
831203,2015,48,0.011883237832339688,true,0,0,0.0
559129,2007,29,0.09262497154410276,false,0,0,0.0
343309,2007,9,-0.06643727653745568,false,0,0,0.0
212835,1999,80,0.10661674053747561,true,8,8,1.0
202598,1998,64,0.19240800395881408,false,1,1,1.0
657552,2011,40,0.38971166957176706,true,44,33,0.75
815983,2015,71,0.11279846519514658,true,1,1,1.0
612480,2018,243,-0.0901389082642039,false,9,0,0.0
995643,2018,177,0.10974400143670504,false,1,1,1.0
588899,2014,473,-0.07662901675697587,false,0,0,0.0
512370,2005,3,0.4833459870276826,true,1,1,1.0
483189,2004,606,0.07905105997849571,true,2,2,1.0
986755,2018,51,0.06742299579310496,true,4,4,1.0
764799,2014,13,-0.23618077999118015,true,0,0,0.0
17010,1991,34,0.25876940475362886,false,0,0,0.0
1049127,2019,30,-0.10638963970460491,true,1,1,1.0
752712,2013,218,-0.017662584749519983,true,10,10,1.0
601925,2016,40,-0.20232179440744869,false,0,0,0.0
1016476,2019,15,-0.13927476642983816,false,6,1,0.16666666666666666
80905,1994,12,-0.09458979597241424,false,0,0,0.0
332762,2006,17,-0.2931488042877177,true,5,5,1.0
490040,2004,84,-0.04925818193314502,true,21,13,0.6190476190476191
322182,2006,13,-0.20829070520109028,false,7,3,0.42857142857142855
559164,2007,223,-0.014966220563035648,false,1,0,0.0
294183,2002,291,-0.025873867473275247,false,56,21,0.375
292143,2002,7,-0.43235517874609375,false,0,0,0.0
614748,2019,32,-0.2599550028124984,true,0,0,0.0
580055,2013,110,0.07042114150083556,false,0,0,0.0
310460,2003,9,-0.14538554773660017,false,0,0,0.0
873978,2016,17,0.05222413989399577,false,126,20,0.15873015873015872
485385,2004,57,0.04575951604508788,true,0,0,0.0
246008,2000,61,-0.16631571295000835,false,5,3,0.6
317741,2004,14,-0.2475006559552062,true,5,3,0.6
968488,2018,284,-0.032674907393968056,false,0,0,0.0
796086,2014,42,0.1891856967929133,true,7,7,1.0
854797,2016,277,-0.1897786972703699,true,46,44,0.9565217391304348
530685,2006,6,0.4800274649923315,false,1227,740,0.6030969845150774
662593,2011,10,-0.14030296248818086,false,0,0,0.0
70438,1994,14,0.4022198693939192,true,0,0,0.0
820950,2015,19,-0.09382095434665327,true,0,0,0.0
622313,2010,219,0.05416165012660645,false,0,0,0.0
514711,2005,25,0.11075698298844827,true,5,3,0.6
965261,2018,44,-0.1501345400931715,false,4,1,0.25
513106,2005,6,-0.17918539967665215,true,0,0,0.0
455086,2002,47,-0.07390116496645938,true,0,0,0.0
118081,1996,29,-0.08337663569390141,false,0,0,0.0
439152,2000,16,0.024217553850778728,false,7,5,0.7142857142857143
146156,1996,13,0.2764911547695732,false,1,1,1.0
504800,2005,30,-0.04688240008650535,true,1,0,0.0
159934,1997,8,-0.27478509661300965,true,3,3,1.0
734221,2013,3,-0.08981924224464155,false,1374,760,0.5531295487627366
629478,2010,101,-0.19837991218867135,true,3,3,1.0
686859,2012,79,0.06166670268479724,true,0,0,0.0
380262,2008,41,-0.2086105448271347,false,0,0,0.0
318086,2004,3,-0.24762913490381777,true,23,13,0.5652173913043478
991232,2018,142,0.15066840059387232,false,0,0,0.0
817832,2015,10,-0.02213302497771341,true,0,0,0.0
52310,1993,15,0.04550251067542099,true,0,0,0.0
245668,2000,10,0.38745100852988124,true,9,8,0.8888888888888888
825006,2015,14,-0.08459981708650677,false,0,0,0.0
800510,2014,22,-0.09701504365664793,false,1,0,0.0
721354,2013,32,0.0767584144622635,true,0,0,0.0
253339,2000,19,0.05980882551461075,true,3,3,1.0
704526,2012,63,0.04049920672576324,false,1,0,0.0
681096,2012,7,0.30857088977403624,true,1,0,0.0
81046,1994,5,-0.11572557230762026,false,10,5,0.5
65737,1993,4,0.28715550667187095,true,19,8,0.42105263157894735
89232,1994,14,-0.20153459917205474,false,3,0,0.0
855720,2016,3,-0.04190192254056324,false,60,37,0.6166666666666667
861346,2016,33,0.10822147817261385,false,4,2,0.5
236644,2000,20,0.10796145305598337,true,0,0,0.0
238290,2000,34,-0.10846340675768129,true,2,2,1.0
379783,2008,60,0.0021620528490648994,true,1,1,1.0
129247,1996,16,-0.10241562034634821,true,0,0,0.0
279328,2001,51,-0.27441434801996945,false,0,0,0.0
926173,2017,61,0.023230700259237125,true,0,0,0.0
596348,2016,20,0.007383462783042027,false,4,0,0.0
1026726,2019,119,-0.021218119394444734,false,0,0,0.0
737172,2013,35,-0.0728971479387317,false,24,15,0.625
225070,1999,6,-0.13752023854445028,false,0,0,0.0
523715,2005,6,-0.2611229672767674,true,0,0,0.0
22737,1991,9,0.23169071362334392,false,2,1,0.5
668748,2011,58,-0.20885486728036406,true,1,1,1.0
571953,2011,38,0.0786614825927705,false,0,0,0.0
741844,2013,19,0.1742823517872818,true,0,0,0.0
128223,1996,10,0.03491919918980635,false,1,0,0.0
443635,2001,15,-0.07093233752155204,false,0,0,0.0
612855,2018,313,0.14380487970135292,false,5,2,0.4
130718,1996,16,-0.5106245921253283,true,1,0,0.0
150236,1997,137,-0.10307303518349276,true,0,0,0.0
791937,2014,6,-0.06777010093969249,false,149,64,0.42953020134228187
446076,2001,8,0.20992601270056355,false,0,0,0.0
939410,2017,67,-0.08192888445141033,false,2,1,0.5
929142,2017,5,0.009082467225763224,false,0,0,0.0
568201,2010,75,0.05834254702082031,false,0,0,0.0
388868,2008,65,-0.08630222121869036,true,2,2,1.0
522035,2005,9,-0.30335357356777326,true,12,10,0.8333333333333334
1069477,2018,58,0.03761921249277567,false,2,0,0.0
1026604,2019,41,-0.02216325674979025,true,4,4,1.0
311530,2003,24,-0.25054442335508664,true,1,1,1.0
812946,2015,22,0.18464486132198754,false,2,1,0.5
567438,2010,48,-0.08072143318275149,false,0,0,0.0
484402,2004,63,0.1590529639042746,true,1,1,1.0
279951,2001,4,0.04595695058991289,false,2,1,0.5
987668,2018,3,0.09600498233581778,false,8,4,0.5
808722,2015,71,0.11805079658172257,false,3,2,0.6666666666666666
386963,2008,29,0.18697193194340844,true,124,78,0.6290322580645161
1033544,2019,36,-0.14804058431188416,true,1,1,1.0
250440,2000,22,-0.0602868114716415,false,0,0,0.0
185791,1998,32,-0.17731797648538006,false,0,0,0.0
1039526,2019,10,0.3107075262926191,false,0,0,0.0
654634,2011,4,0.4321208217861354,false,175,80,0.45714285714285713
378092,2008,9,0.3746640890730957,true,31,26,0.8387096774193549
418548,2009,93,0.051855720611610145,false,0,0,0.0
1044751,2019,20,-0.13519406468664652,true,5,3,0.6
684391,2012,5,-0.2884369967038829,true,8,3,0.375
622165,2010,24,0.17858176834852202,true,0,0,0.0
31464,1991,5,-0.5919675217767111,false,11,7,0.6363636363636364
198051,1998,15,-0.08417583099494319,true,0,0,0.0
388565,2008,6,-0.12754396098525334,true,0,0,0.0
618971,2019,21,-0.254319307565793,false,5,0,0.0
162292,1997,29,-0.12011499610280385,false,0,0,0.0
339514,2007,50,-0.14112217206422262,true,2,2,1.0
440831,2000,24,0.10303397065170028,true,2,2,1.0
819197,2015,17,-0.17805217111623772,true,38,21,0.5526315789473685
721459,2013,46,-0.017014688821809898,true,0,0,0.0
422483,2009,3,0.018223600101422655,false,15,3,0.2
83418,1994,58,0.005190047333841541,true,1,1,1.0
909385,2017,35,-0.024909618261766298,false,0,0,0.0
598016,2016,393,-0.035575761604738965,false,2,0,0.0
606148,2017,847,0.15401887814852433,false,1,1,1.0
560926,2007,321,-0.0635348398612674,false,1,0,0.0
123461,1996,140,0.031062741341330025,false,0,0,0.0
112921,1995,27,0.1909756301909029,true,0,0,0.0
352553,2007,9,-0.05870245834536281,true,0,0,0.0
940800,2017,169,0.12697239981451114,true,10,5,0.5
840466,2015,51,-0.00874504445531521,false,1273,618,0.48546739984289083
889582,2016,45,-0.1382974189191284,false,1,0,0.0
641907,2010,1214,-0.11286016528263776,true,2,0,0.0
875474,2016,20,-0.06534298476201439,false,0,0,0.0
343588,2007,26,0.20978212164059418,true,0,0,0.0
154956,1997,20,-0.2856023226048814,true,0,0,0.0
1065169,2019,15,0.027585852720188875,false,0,0,0.0
387712,2008,28,-0.3477799446844152,false,0,0,0.0
545917,2006,8,-0.01007268709212017,true,1,1,1.0
789325,2014,20,0.07008795666364165,false,5,2,0.4
318215,2004,96,0.11226960473756353,false,3,0,0.0
326104,2013,8,-0.4328413706722998,false,0,0,0.0
495645,2004,7,0.027357312972610792,false,140,84,0.6
705659,2012,95,0.11072669509600619,true,0,0,0.0
40425,1992,9,0.4563314567453922,true,0,0,0.0
163122,1997,7,-0.13649826377715168,false,9,6,0.6666666666666666
16537,1991,11,-0.05928977774981181,false,18,15,0.8333333333333334
1029422,2019,35,0.04835193992881681,false,0,0,0.0
185540,1998,9,-0.09914562463767407,false,1,1,1.0
663573,2011,10,-0.30901396922723023,true,1,1,1.0
637464,2010,7,0.4683375975884001,false,0,0,0.0
690319,2012,36,-0.009891674940208262,true,11,7,0.6363636363636364
773263,2014,90,0.169640066009344,false,2,0,0.0
530235,2006,8,0.10049180846307149,true,0,0,0.0
818601,2015,13,0.11228766708190374,false,3,1,0.3333333333333333
410600,2009,18,0.1115230955538351,false,0,0,0.0
759384,2014,24,-0.30812574505768797,true,117,64,0.5470085470085471
207932,1999,14,-0.1716982353203127,true,1,0,0.0
933114,2017,23,-0.0537033772529707,false,0,0,0.0
259306,2000,31,0.0029168594012185523,false,0,0,0.0
767789,2014,41,-0.15743624419273772,true,1,1,1.0
604922,2017,3,0.16389724903417857,true,1,1,1.0
471691,2003,32,-0.07479762333475648,true,0,0,0.0
300827,2002,15,0.20113461634907104,false,0,0,0.0
549391,2006,21,-0.3573533835056253,true,3,3,1.0
707598,2012,172,0.15487609579743067,false,6,4,0.6666666666666666
950159,2017,172,0.03430212772995622,true,0,0,0.0
873843,2016,63,-0.037974610786927876,false,1,0,0.0
614116,2019,86,0.043103190508452016,true,0,0,0.0
619175,2019,17,0.06911358004435275,false,1,0,0.0
621741,2010,34,0.30019746676019565,false,0,0,0.0
878151,2016,6,-0.11174110639899126,true,0,0,0.0
652861,2011,21,0.03807687162073137,false,12,1,0.08333333333333333
771170,2014,17,-0.047187953719965314,true,227,126,0.5550660792951542
795245,2014,54,-0.15655749310398193,false,2,2,1.0
747037,2013,64,-0.007092186334244133,false,0,0,0.0
673429,2011,28,0.452677634771506,true,0,0,0.0
368465,2008,3,-0.09545532854516914,false,0,0,0.0
872311,2016,43,-0.07565137830086588,false,0,0,0.0
335890,2007,27,-0.12791734874370153,true,0,0,0.0
366076,2007,3,-0.062206820800740026,false,24,15,0.625
1040862,2019,24,0.002395440064608678,false,0,0,0.0
200139,1998,14,0.17155573447011996,true,0,0,0.0
877596,2016,56,-0.05178069520438111,false,0,0,0.0
474462,2003,23,0.07391638086134478,false,0,0,0.0
845461,2015,90,-0.006691982673300512,false,0,0,0.0
422197,2009,26,0.04152432535886419,true,0,0,0.0
715221,2012,213,-0.07746044319303946,true,0,0,0.0
874923,2016,3,0.0808851232023482,true,355,159,0.447887323943662
620236,2019,32,0.01891621422073886,false,2,0,0.0
362187,2007,9,-0.1470022228153498,true,20,18,0.9
549061,2005,33,-0.14098580943327033,false,7,6,0.8571428571428571
105932,1995,10,-0.17348206811587108,false,1,0,0.0
203986,1998,15,0.08505304881242992,true,1,1,1.0
594025,2015,858,-0.0727538952331277,false,0,0,0.0
638546,2010,11,0.23681575442067881,true,1142,687,0.6015761821366025
1031608,2019,159,-0.17762138355603163,false,19,11,0.5789473684210527
62084,1993,10,-0.09869677770123442,true,0,0,0.0
415856,2009,41,0.060173409634298736,true,0,0,0.0
937654,2017,42,-0.32875717662001147,false,11,6,0.5454545454545454
702062,2012,106,0.1688932668984573,true,2,2,1.0
755081,2013,228,-0.013435521403138306,true,7,2,0.2857142857142857
693176,2012,57,0.025217984906204194,true,0,0,0.0
114935,1995,25,-0.15267200848250084,false,0,0,0.0
58678,1993,7,-0.04494889528359547,true,0,0,0.0
890436,2016,15,0.0010182616938223532,false,3,2,0.6666666666666666
242663,2000,23,-0.22621258186191273,true,0,0,0.0
1057203,2019,12,0.0008865213771356295,true,1,1,1.0
519592,2005,24,0.09613651210113083,true,48,28,0.5833333333333334
30342,1991,184,0.23544558265140436,false,0,0,0.0
575960,2012,51,-0.13704353562376514,false,0,0,0.0
235110,1999,20,0.18987229593946964,false,0,0,0.0
869563,2016,35,-0.007394919849471826,true,2,0,0.0
107233,1995,13,-0.14360336955467456,true,0,0,0.0
716598,2012,41,0.2131990575336884,false,1,0,0.0
843845,2015,51,-0.24568806679106192,false,2,0,0.0
832869,2015,23,-0.09005701685542089,false,23,10,0.43478260869565216
430106,2010,20,0.05237940931677265,true,0,0,0.0
862644,2016,8,0.006814598586286635,true,30,15,0.5
847269,2015,32,-0.10856204913460665,false,7,3,0.42857142857142855
197906,1998,31,0.10570664220506654,false,3,2,0.6666666666666666
380068,2008,73,-0.07165299386836121,true,1,1,1.0
238420,2000,10,0.018062131258209213,true,6,5,0.8333333333333334
490061,2004,7,-0.02417139193948259,true,940,729,0.7755319148936171
89799,1994,6,-0.09676735474483777,true,0,0,0.0
865913,2016,36,0.001867072618858323,false,0,0,0.0
22477,1991,26,0.22514662725757884,true,4,4,1.0
800976,2014,16,0.07079192408462376,true,7,4,0.5714285714285714
585175,2014,104,-0.2215163801234814,false,3,0,0.0
693129,2012,8,-0.02421082547213338,false,100,48,0.48
766556,2014,17,-0.08000079895324053,true,161,113,0.7018633540372671
1021599,2019,24,0.27210101134431763,true,1,1,1.0
794805,2014,14,-0.13806989094785482,true,0,0,0.0
842859,2015,202,-0.019495185449760477,false,1,0,0.0
766148,2014,36,0.31529977566130185,false,1,1,1.0
234646,1999,26,-0.13715671243185312,true,1,1,1.0
983785,2018,17,-0.17920062226757505,true,80,46,0.575
16048,1991,17,0.4140422196178921,true,0,0,0.0
141573,1996,17,-0.19609870765085358,false,0,0,0.0
199239,1998,28,-0.24686644759820453,false,2,0,0.0
81501,1994,8,0.039900800375477274,false,1,0,0.0
749688,2013,22,-0.22198791286693353,true,1,0,0.0
818556,2015,31,0.3402455451994175,true,7,5,0.7142857142857143
988218,2018,36,0.1538509071006544,false,0,0,0.0
482850,2004,72,-0.14551467363759318,true,2,2,1.0
283095,2001,8,0.3866479239492975,true,0,0,0.0
13699,1990,13,0.17687776243939846,false,1,0,0.0
194424,1998,14,0.31099942941610514,false,0,0,0.0
990152,2018,101,-0.05992436728760353,true,0,0,0.0
600359,2016,13,0.025153966040022624,false,0,0,0.0
776329,2014,79,-0.08490242166960371,false,17,10,0.5882352941176471
327828,2006,37,0.29455521825339925,true,0,0,0.0
959653,2018,29,-0.05348110900616021,true,0,0,0.0
493970,2004,46,-0.10395789419026791,false,0,0,0.0
444179,2001,38,-0.44327560111620157,true,0,0,0.0
84615,1994,7,-0.505301523108816,false,3,0,0.0
14094,1990,4,0.05101441108372384,false,0,0,0.0
917855,2017,14,0.03583797568594793,true,0,0,0.0
36091,1992,27,0.07635968027165951,true,0,0,0.0
1045269,2019,171,0.03974448097518346,false,1,1,1.0
645911,2011,45,0.1331054441696944,true,1,1,1.0
993526,2018,16,0.18000907404190958,true,0,0,0.0
348981,2007,174,0.005168693019439452,true,1,0,0.0
670706,2011,7,-0.1796327683959067,true,372,202,0.543010752688172
61322,1993,134,-0.05373357887369057,false,0,0,0.0
231718,1999,47,0.14241002331597574,false,4,4,1.0
65368,1993,17,-0.20839559197403634,false,0,0,0.0
964447,2018,28,-0.0899234997075915,false,1,0,0.0
957441,2017,241,0.2793139412065955,false,69,14,0.2028985507246377
942831,2017,9,-0.08765308527631577,false,41,11,0.2682926829268293
418052,2009,43,0.3703630108135627,true,0,0,0.0
3125,1990,5,0.5053423309397722,false,0,0,0.0
1006076,2018,22,-0.06037524992049015,false,48,19,0.3958333333333333
48743,1993,6,-0.3345952141511699,false,0,0,0.0
741426,2013,11,-0.20576703820288156,true,1481,795,0.536799459824443
1058736,2019,36,-0.1420257293303342,false,0,0,0.0
963161,2018,30,-0.15950596787617144,false,1,0,0.0
323125,2007,21,0.04157414493125611,true,0,0,0.0
579524,2013,83,-0.07838513240508149,false,1,0,0.0
919031,2017,6,-0.17435427399809988,false,0,0,0.0
73674,1994,11,-0.18439699533725218,false,0,0,0.0
953601,2017,54,-0.12432307362384964,false,0,0,0.0
209057,1999,11,0.021924592679197552,false,0,0,0.0
150721,1997,10,0.2930908483571226,true,0,0,0.0
1013034,2018,21,-0.18565061871533217,true,3,3,1.0
353500,2007,39,0.11337715371114676,true,0,0,0.0
292678,2002,102,-0.24806065500300667,true,20,12,0.6
773841,2014,34,0.5377685775922778,true,81,45,0.5555555555555556
1015852,2019,77,-0.1336672152127263,false,1,0,0.0
55088,1993,14,-0.2959687318460835,false,3,2,0.6666666666666666
87589,1994,12,0.08036725617474172,false,3,1,0.3333333333333333
810946,2015,87,0.05689788654844108,false,1,0,0.0
423297,2009,3,-0.12227677566779871,false,156,88,0.5641025641025641
984451,2018,6,0.13876563135291597,true,1,1,1.0
143393,1996,34,0.06356609125197199,true,5,3,0.6
3726,1990,13,0.8521448565510434,false,0,0,0.0
343781,2007,75,-0.11219186007371285,false,0,0,0.0
988425,2018,26,0.04908457133662569,false,0,0,0.0
112062,1995,12,-0.35129202756259037,false,3,3,1.0
665280,2011,14,0.24927852708945686,true,1,1,1.0
242424,2000,83,-0.10666157772823093,true,0,0,0.0
890134,2016,9,-0.04430274401698675,false,0,0,0.0
535929,2006,21,0.1440248443703247,true,0,0,0.0
535279,2006,24,-0.2622876985346947,false,2,0,0.0
68074,1993,17,-0.10665249411952082,false,0,0,0.0
531050,2006,112,-0.1482661556236602,true,1,1,1.0
106589,1995,9,-0.037441585077305106,true,12,8,0.6666666666666666
889130,2016,79,0.08025544450775435,false,0,0,0.0
571087,2011,40,0.022736896564460096,false,0,0,0.0
100923,1995,18,-0.1244207034805731,false,0,0,0.0
1001536,2018,322,0.12217216721751534,false,2,0,0.0
485157,2004,18,-0.30354773278595193,true,1,1,1.0
198047,1998,12,-0.3667974563541776,false,4,1,0.25
514973,2005,41,0.03410552425456448,false,4,1,0.25
668757,2011,7,0.1039136565393246,true,127,63,0.49606299212598426
888329,2016,39,-0.045476927419008994,true,2,2,1.0
605725,2018,49,0.12143555318627453,false,0,0,0.0
594064,2015,156,-0.040756192301629746,false,0,0,0.0
642778,2010,27,-0.2382741197583531,true,0,0,0.0
199570,1998,15,0.03802551938887344,true,1,0,0.0
546899,2006,8,-0.15224567173298986,false,0,0,0.0
811003,2015,49,0.0464613450839213,false,7,1,0.14285714285714285
328737,2006,23,-0.09546610420553492,false,35,3,0.08571428571428572
853449,2016,11,-0.10666106488278704,true,304,167,0.5493421052631579
631499,2010,16,0.01492649034946325,true,1,1,1.0
242764,2000,22,-0.06289694408678237,true,1,1,1.0
569188,2010,69,-0.12845914206961062,false,0,0,0.0
510327,2005,91,-0.22356734448130844,false,1,0,0.0
1044064,2019,219,-0.11477154972463222,false,0,0,0.0
421830,2009,108,-0.1520481138423584,false,3,0,0.0
580392,2013,24,-0.061984419212408604,false,0,0,0.0
373028,2008,14,0.04980957072135084,false,0,0,0.0
88167,1994,38,0.125225922330368,true,1,0,0.0
155893,1997,28,0.16290728095119444,false,3,0,0.0
963691,2018,21,0.13609531429101107,true,6,1,0.16666666666666666
38056,1992,10,-0.12418784977677522,false,0,0,0.0
1001493,2018,81,0.08388660392481828,false,2,0,0.0
1027166,2019,30,0.17830788800764008,true,0,0,0.0
704190,2012,4,-0.39142402235261997,true,9,7,0.7777777777777778
122183,1996,24,-0.23218008657299016,true,0,0,0.0
270822,2001,5,-0.3339424370852786,true,2,0,0.0
604608,2017,54,0.009870526763576137,false,1,0,0.0
1051294,2019,89,0.08121383697532814,true,1,0,0.0
78908,1993,9,0.009789149761909144,false,0,0,0.0
157937,1997,19,-0.08589867547312569,false,0,0,0.0
307568,2003,5,-0.1361136117566053,false,649,391,0.6024653312788906
877815,2016,129,-0.09894700078526464,false,18,9,0.5
588717,2015,45,0.10669550310895648,false,1,0,0.0
110297,1995,13,-0.07989682842738333,true,1,1,1.0
702361,2012,126,-0.04563495158852593,true,2,2,1.0
218557,1999,25,-0.013955457689514894,true,10,9,0.9
810352,2015,223,0.06817479463069365,false,3,0,0.0
57963,1993,13,0.08505023414768242,true,0,0,0.0
478857,2004,7,-0.2263042492868843,true,5,3,0.6
1001362,2018,362,0.14689514861107167,false,2,0,0.0
36104,1992,13,0.18225252467677855,false,0,0,0.0
87595,1994,5,0.009555258374600584,true,0,0,0.0
308485,2003,15,-0.3779040314337756,true,3,1,0.3333333333333333
673035,2011,41,-0.11234266138334448,false,0,0,0.0
359360,2007,19,0.1594208722945396,true,0,0,0.0
383958,2008,16,-0.018215050090684137,false,7,5,0.7142857142857143
320012,2005,21,-0.13751300399144117,false,0,0,0.0
406475,2009,6,-0.03471067169160147,true,5,4,0.8
1013207,2018,95,-0.12073824999998894,true,3,3,1.0
126374,1996,16,0.01693678545977395,true,4,4,1.0
78450,1994,11,-0.03542070699078792,true,1,0,0.0
2489,1990,6,1.364581309910701,true,0,0,0.0
224759,1999,9,-0.022512090881787294,false,0,0,0.0
148255,1996,83,0.018873905087365195,true,15,15,1.0
365899,2007,14,0.2570926053537619,true,14,11,0.7857142857142857
745548,2013,218,-0.06145986554175309,false,5,0,0.0
1008136,2018,47,0.04769793736430117,false,0,0,0.0
1000577,2018,43,0.2757479151757547,true,0,0,0.0
998297,2018,42,-0.013446030412863408,false,0,0,0.0
743334,2013,145,0.006319626730587835,true,5,2,0.4
455920,2002,28,0.2708095361797156,true,1,0,0.0
637671,2010,33,0.08234860822024626,true,0,0,0.0
675403,2011,15,0.05169414796906224,false,0,0,0.0
584188,2014,108,-0.05089677263312575,false,0,0,0.0
887178,2016,30,-0.09862431275473149,true,0,0,0.0
841235,2015,392,0.1826651440047291,false,31,0,0.0
225552,1999,28,-0.04316743563005243,false,0,0,0.0
528346,2006,12,-0.06139588121204209,true,0,0,0.0
935335,2017,110,0.010440662033419201,false,1,1,1.0
421460,2009,24,0.11961137940267275,false,0,0,0.0
555099,2006,252,-0.26649595621062083,false,40,6,0.15
418652,2009,6,-0.10082048520226383,true,1145,699,0.6104803493449782
662015,2011,7,0.4033178207862198,false,3,2,0.6666666666666666
513486,2005,18,0.3870110347897313,true,0,0,0.0
566395,2009,137,-0.041646600524537725,false,2,0,0.0
656131,2011,67,0.04203239631799516,false,1,0,0.0
967809,2018,62,-0.11928470827663151,false,32,15,0.46875
641250,2010,44,0.467689251973872,true,115,103,0.8956521739130435
605874,2017,154,0.006500715481752017,false,27,1,0.037037037037037035
825430,2015,65,-0.2004606819596777,false,2,0,0.0
1048818,2019,71,-0.347798838908997,true,20,11,0.55
401582,2009,20,0.023626429600330567,true,3,2,0.6666666666666666
935806,2017,71,-0.04767102364017273,true,5,5,1.0
158114,1997,17,0.1796325720049401,true,7,5,0.7142857142857143
38804,1992,10,0.283841130501167,true,6,3,0.5
119847,1996,5,-0.08970232282753621,false,2,1,0.5
371345,2008,352,-0.10763776702188821,true,6,5,0.8333333333333334
73702,1994,17,-0.004600267485718845,true,1,1,1.0
648769,2011,15,-0.20437588967892317,false,0,0,0.0
493718,2004,90,0.18518988048903218,true,9,9,1.0
785646,2014,100,-0.08124233555492033,false,0,0,0.0
691743,2012,77,0.006271924778240123,true,0,0,0.0
712150,2012,20,0.37443239497328484,false,1,0,0.0
1039122,2019,33,-0.03171864240246691,true,0,0,0.0
388384,2008,11,-0.12151497507680276,true,2,2,1.0
583001,2013,388,-0.13191179666240505,false,6,0,0.0
1062538,2019,20,-0.1806424660379813,false,0,0,0.0
52484,1993,4,0.8547028661917473,false,3,2,0.6666666666666666
472843,2003,21,0.12332326373894542,true,0,0,0.0
462188,2003,14,0.03749371001247459,true,112,49,0.4375
178790,1997,5,0.1437391276474269,true,0,0,0.0
472040,2003,27,0.055113961111931786,true,0,0,0.0
128383,1996,9,0.09927244905252675,false,516,248,0.4806201550387597
116846,1995,9,-0.21162073504827017,true,0,0,0.0
913563,2017,74,-0.07696024507446175,true,379,148,0.39050131926121373
707443,2012,9,0.016091598600225687,true,95,51,0.5368421052631579
395525,2008,6,0.1672573721993409,true,1198,718,0.5993322203672788
47658,1992,19,0.8232467917439648,true,1,1,1.0
414365,2009,6,-0.3119517566818448,false,0,0,0.0
900341,2016,50,0.01678762222565755,false,0,0,0.0
348817,2007,43,0.14523293061020848,true,0,0,0.0
801481,2015,100,0.12821603308061924,true,0,0,0.0
784023,2014,11,-0.17958788152883276,true,1,1,1.0
518402,2005,19,-0.14111356627619376,true,0,0,0.0
934832,2017,21,-0.10272543853713945,true,1,1,1.0
45163,1992,63,-0.07772770399173012,true,0,0,0.0
358600,2007,21,-0.11835901011183037,false,0,0,0.0
19502,1991,13,-0.07068802676028696,true,3,1,0.3333333333333333
112485,1995,62,0.3189454569568282,false,1,0,0.0
891597,2016,183,-0.09221121721248204,true,0,0,0.0
981341,2018,14,-0.2800999453560964,false,289,130,0.44982698961937717
251076,2000,380,-0.08181085342773553,true,4,3,0.75
479363,2004,22,0.11502194907820407,true,220,207,0.9409090909090909
411653,2009,9,-0.2601418794976258,true,10,5,0.5
808103,2015,34,-0.022047899831782125,false,0,0,0.0
329267,2006,35,0.2904005266946461,true,0,0,0.0
427967,2010,74,-0.12160549578979651,true,0,0,0.0
723650,2013,11,-0.150621220196979,true,1481,795,0.536799459824443
516977,2005,9,-0.22439923158789998,true,0,0,0.0
866803,2016,17,-0.028128128088498627,false,0,0,0.0
743869,2013,51,0.15754172109000208,false,2,1,0.5
652627,2011,10,-0.14854538625498304,false,1,0,0.0
984219,2018,30,-0.08358638632562965,false,2,0,0.0
443645,2001,8,-0.1263703698677654,false,0,0,0.0
844598,2015,6,-0.05682662228299584,false,0,0,0.0
724995,2013,4,0.22572831407653204,false,37,16,0.43243243243243246
522837,2005,9,-0.036166100561292325,true,0,0,0.0
391372,2008,100,0.1204518505262211,true,2,2,1.0
514645,2005,11,-0.2720447117007918,false,4,3,0.75
88187,1994,38,-0.043074281093903544,true,0,0,0.0
967062,2018,17,-0.03207255254424801,true,0,0,0.0
70188,1994,30,0.1789879569526187,true,0,0,0.0
808266,2015,5,0.031847861262516375,false,32,12,0.375
102456,1995,26,-0.24867577796479612,false,1,0,0.0
392654,2008,23,-0.19938900773133472,true,15,11,0.7333333333333333
526543,2005,4,-0.37157023843246506,true,2,2,1.0
140863,1996,13,0.3852494639082078,false,0,0,0.0
102139,1995,34,0.003994454720436913,true,2,2,1.0
355980,2007,28,0.06157799569954392,true,1,0,0.0
631865,2010,12,0.3661002742272874,true,10,4,0.4
523659,2005,14,-0.14825481500841864,true,0,0,0.0
212610,1999,11,0.05745883408294716,false,0,0,0.0
470755,2003,15,-0.13569358801243325,true,7,1,0.14285714285714285
1021461,2019,7,0.6604600997568761,true,8,4,0.5
158170,1997,28,-0.08255001654928851,true,0,0,0.0
921102,2017,6,-0.14372395741055932,false,2,1,0.5
630079,2010,17,0.10180909515385927,true,1,1,1.0
578663,2012,290,-0.11330784500292967,false,1,0,0.0
100357,1995,11,0.05541375810806226,true,0,0,0.0
486255,2004,39,-0.12446194330331473,true,12,10,0.8333333333333334
452540,2002,9,0.21117356621927108,true,0,0,0.0
610160,2018,247,-0.10418290265398156,false,0,0,0.0
59077,1993,9,-0.33904935180146634,false,2,1,0.5
927641,2017,63,-0.13643786391429735,false,1,0,0.0
20777,1991,3,-0.5165240899951726,false,6,2,0.3333333333333333
493239,2004,90,-0.3317096301360083,true,11,8,0.7272727272727273
373412,2008,119,-0.055066476104557616,true,0,0,0.0
960904,2018,10,0.1652965758037226,true,0,0,0.0
3723,1990,7,0.7086506454116872,false,2,2,1.0
974511,2018,158,-0.08356491779170128,true,0,0,0.0
790794,2014,48,0.11162125368685372,true,211,102,0.4834123222748815
296200,2002,7,-0.27450324994900654,false,0,0,0.0
667554,2011,28,0.3080844111161607,true,0,0,0.0
386800,2008,13,0.08473236937878159,false,57,42,0.7368421052631579
199389,1998,15,0.03111595223680297,false,0,0,0.0
208061,1999,30,-0.2261965982599019,false,0,0,0.0
973812,2018,34,0.12156601477973794,true,2,0,0.0
808024,2015,82,0.026720282445831245,false,1,0,0.0
578550,2012,3,0.19801015314784376,false,2,1,0.5
460110,2002,5,-0.20251943709246767,false,0,0,0.0
397204,2008,16,-0.11654886248536744,true,2,2,1.0
911059,2017,88,0.06111619800437662,true,0,0,0.0
1058695,2019,27,-0.1809789013539307,true,7,6,0.8571428571428571
903241,2017,25,0.018068339159744262,true,11,4,0.36363636363636365
131627,1996,19,-0.39482172888707545,true,3,1,0.3333333333333333
867368,2016,12,0.19218537342282183,false,1,1,1.0
518665,2005,5,0.10042710706111091,true,0,0,0.0
597434,2016,122,-0.045800229365456246,false,2,0,0.0
532646,2006,7,-0.07931689290465016,false,3,3,1.0
73669,1994,9,0.30597826959277796,false,17,11,0.6470588235294118
1029589,2019,212,0.0927418067520609,false,0,0,0.0
810410,2015,27,0.09808661886641534,false,0,0,0.0
998584,2018,69,-0.0953144095491485,false,4,0,0.0
446028,2001,7,0.16575921268319416,true,0,0,0.0
890486,2016,137,-0.193640862252896,true,2,0,0.0
29795,1991,7,-0.26946612090338373,true,0,0,0.0
797703,2014,23,-0.029910452413332678,true,7,4,0.5714285714285714
848368,2015,302,-0.08876989518169287,true,0,0,0.0
656880,2011,4,-0.057851597557005086,false,14,10,0.7142857142857143
396393,2008,66,-0.1198311558736016,true,1,1,1.0
823317,2015,30,0.25120871094415254,false,1,0,0.0
848470,2015,24,0.0060002844002813305,true,0,0,0.0
506058,2005,11,-0.47280577670045343,false,1,1,1.0
1006540,2018,57,0.02843198631310173,true,0,0,0.0
346158,2007,117,-0.13127074430306873,true,0,0,0.0
334488,2006,42,-0.22545769658298642,false,0,0,0.0
600468,2017,25,-0.3459736175661643,true,0,0,0.0
792711,2014,18,0.018274900654509096,true,1,1,1.0
1042442,2019,218,0.281772502755945,true,3,3,1.0
497210,2004,11,-0.2907948142063681,true,1,0,0.0
593285,2015,15,-0.14510319608041655,false,0,0,0.0
221578,1999,150,-0.1121589888197203,false,0,0,0.0
538455,2006,8,-0.34556114764699686,false,29,12,0.41379310344827586
869879,2016,3,0.17660754482642727,false,0,0,0.0
417894,2009,3,0.6391508259094225,true,3,2,0.6666666666666666
767696,2014,63,-0.23072253664754516,true,5,3,0.6
188863,1998,32,-0.13457043630653054,false,0,0,0.0
90871,1994,23,-0.019060704610602386,false,0,0,0.0
569652,2010,90,0.326424291018224,false,0,0,0.0
172878,1997,13,-0.1107578986659643,true,0,0,0.0
667689,2011,3,-0.5055928207690918,true,4,3,0.75
913055,2017,103,0.2017189020802208,false,2,0,0.0
994140,2018,53,-0.18046410223693687,false,376,109,0.2898936170212766
1058894,2019,60,-0.027799006496834977,false,0,0,0.0
993642,2018,173,-0.2689652767535291,true,1,0,0.0
793961,2014,11,0.0892522820302295,true,0,0,0.0
321998,2006,3,0.2989986468725867,true,0,0,0.0
105206,1995,4,-0.062233595611770554,false,2,0,0.0
672642,2011,8,-0.014541348095726825,false,1,0,0.0
305488,2003,23,-0.11950792962483803,true,1,1,1.0
1021574,2019,5,0.011943964774717486,false,8,5,0.625
952979,2017,107,-0.09627601599729507,true,0,0,0.0
278136,2001,21,-0.4353173355708302,true,2,1,0.5
75196,1994,13,-0.18469639502105295,true,8,5,0.625
318318,2004,7,0.2698641025594366,false,0,0,0.0
989430,2018,234,-0.1358755478868927,false,0,0,0.0
720028,2013,3,0.10446258407447573,true,73,41,0.5616438356164384
311387,2003,38,0.02861256390518996,false,3,2,0.6666666666666666
60833,1993,14,-0.2665854192548238,false,0,0,0.0
313122,2004,9,-0.04735289690477362,true,0,0,0.0
752499,2013,27,0.13452761048929052,true,0,0,0.0
470336,2003,4,0.3010370652035421,true,46,20,0.43478260869565216
1062961,2019,129,0.10766935264100663,true,1,1,1.0
23955,1991,7,0.7125869614929412,true,4,2,0.5
522154,2005,13,0.13429738525041035,true,1,1,1.0
857750,2016,199,0.3817174902454754,false,2,0,0.0
965017,2018,42,0.16590987314202899,false,3,0,0.0
644890,2010,50,0.21816576738514648,true,1,1,1.0
699208,2012,82,-0.007800597943488974,false,1,1,1.0
881577,2016,106,0.07390367638889739,false,0,0,0.0
737433,2011,87,-0.00911259145999388,true,2,0,0.0
864217,2014,9,-0.03525487592247245,false,854,457,0.5351288056206089
175537,1997,17,0.05413233444210164,true,0,0,0.0
370884,2008,3,0.00816407638566563,true,157,84,0.535031847133758
549552,2003,21,-0.22607599216976038,false,0,0,0.0
484090,2004,65,-0.12779465047584448,true,0,0,0.0
805123,2015,16,0.015625836622465528,true,1,1,1.0
98759,1995,15,-0.1668176943490849,false,0,0,0.0
253009,2000,18,-0.026781248920968004,true,3,0,0.0
21174,1991,7,-0.09653092291601517,false,1,1,1.0
864053,2013,136,0.2918437359495405,false,0,0,0.0
495967,2004,5,-0.20419185622381875,true,1,1,1.0
315231,2004,171,-0.11714908225991616,true,0,0,0.0
875058,2016,40,0.1741157955839885,true,0,0,0.0
884976,2016,21,-0.019435839954550893,false,0,0,0.0
780854,2014,23,-0.16502112086941167,false,3,3,1.0
535218,2006,81,0.009841599638985343,true,0,0,0.0
816204,2015,19,0.050983174408083975,true,1,1,1.0
11195,1990,37,0.1546866267015563,true,0,0,0.0
442060,2001,16,0.2068186227020412,true,0,0,0.0
804502,2015,52,-0.054114849616316185,false,3,2,0.6666666666666666
238856,2000,44,-0.05807111180312763,true,0,0,0.0
723649,2013,13,0.3253255111842561,true,1,1,1.0
793269,2014,222,-0.02629991348036409,true,2,1,0.5
210591,1999,27,-0.04291798314353823,true,0,0,0.0
967441,2018,91,-0.02417305934787528,false,2,1,0.5
319643,2005,34,-0.13342940376103085,true,53,27,0.5094339622641509
551904,2004,130,-0.008364431348605095,false,0,0,0.0
843859,2015,18,-0.08068680553250207,true,1,1,1.0
408826,2009,59,-0.24344912939480512,true,2,2,1.0
123145,1996,12,-0.11413317898351849,false,0,0,0.0
337788,2007,32,0.08309707728925719,true,0,0,0.0
601670,2016,259,0.026660638086681843,false,0,0,0.0
559118,2007,25,-0.2740173105648269,false,2,0,0.0
272164,2001,13,0.13747155947268475,true,8,7,0.875
1051956,2019,42,0.06858411569307421,true,1,1,1.0
604594,2017,84,0.24753389220736466,false,3,0,0.0
941785,2017,114,-0.06873198969992789,true,1,1,1.0
1018945,2019,12,0.4720464851521289,false,0,0,0.0
616868,2019,140,-0.13614660787406496,false,2,0,0.0
1055736,2019,90,0.08222078417885914,true,2,2,1.0
692586,2012,46,-0.04204457218216007,true,1,1,1.0
511177,2005,174,0.09035652714034992,true,9,6,0.6666666666666666
110226,1995,11,0.17684089581708218,true,0,0,0.0
248430,2000,3,0.09473663769138074,false,578,320,0.5536332179930796
418317,2009,7,-0.19296023059976974,true,3,3,1.0
749007,2013,41,0.06027948847976816,true,0,0,0.0
370861,2008,43,0.023179183617381582,false,1,0,0.0
534255,2006,15,-0.056838283331853034,true,2,2,1.0
987285,2018,38,-0.18977156152896857,true,1,0,0.0
1024429,2019,38,-0.19958532418219654,false,0,0,0.0
840376,2015,125,-0.1340249653264638,true,2,2,1.0
119442,1996,9,0.1989288605942141,true,1,1,1.0
939377,2017,7,-0.20558910516446272,true,0,0,0.0
60597,1993,3,0.08108647416441084,true,59,27,0.4576271186440678
1002702,2018,58,-0.11323650115708439,false,9,1,0.1111111111111111
218788,1999,35,0.1811189342899402,false,3,1,0.3333333333333333
642189,2010,148,-0.01964478451847551,true,15,11,0.7333333333333333
789492,2014,15,-0.1776026320648958,false,1115,593,0.5318385650224215
275131,2001,11,-0.20187056810151205,true,1,1,1.0
393435,2008,21,0.0919352710783885,false,1,0,0.0
125324,1996,5,-0.588509580511352,false,0,0,0.0
864722,2015,34,0.10584555611947088,false,0,0,0.0
1030494,2019,155,-0.14366983381172993,true,3,1,0.3333333333333333
617501,2019,683,0.004369357376170502,false,2,0,0.0
392800,2008,21,-0.02330295907277158,false,7,3,0.42857142857142855
661938,2011,74,0.05707974198068744,true,2,1,0.5
67372,1993,25,0.1242297812835993,true,1,1,1.0
947145,2017,25,0.41607670392172036,false,0,0,0.0
349794,2007,44,-0.0793175449381085,true,0,0,0.0
338820,2007,9,0.015966050005168597,true,1,1,1.0
720733,2013,56,-0.10597256277298372,true,1,1,1.0
845501,2015,13,-0.04490543894495769,true,1,0,0.0
1025865,2019,48,0.07116139925898768,false,1,0,0.0
226714,1999,25,0.21786820525544393,true,1,1,1.0
825764,2015,15,0.1638313902426356,false,0,0,0.0
475236,2003,9,0.455881200463339,true,0,0,0.0
71407,1994,39,0.2511973273298116,true,9,7,0.7777777777777778
773574,2014,33,0.0686901332312182,true,1,0,0.0
421486,2009,3,-0.256277906803569,true,37,20,0.5405405405405406
416553,2009,42,0.003416953583473159,false,0,0,0.0
696713,2012,454,-0.017088888582270645,false,0,0,0.0
571887,2011,104,0.08711456276657081,false,0,0,0.0
742628,2013,300,-0.049918128148306984,true,0,0,0.0
966101,2018,16,0.3143278846559223,false,0,0,0.0
250949,2000,7,0.06653433875354153,false,0,0,0.0
835059,2015,1059,-0.0429648080318783,true,0,0,0.0
328543,2006,76,0.14072898777148346,false,1,0,0.0
407716,2009,38,0.08778681742095973,true,19,12,0.631578947368421
1046687,2019,43,-0.1535334398346535,false,2,2,1.0
297097,2002,21,0.26375112317590155,false,0,0,0.0
57702,1993,42,0.07352839261114852,false,2,1,0.5
1055671,2019,148,-0.10293398205277882,true,1,1,1.0
222786,1999,13,-0.030644715732425,false,0,0,0.0
384302,2008,54,-0.07541017218524271,true,0,0,0.0
902677,2017,19,-0.03133916873883713,false,1,0,0.0
585054,2012,1183,-0.047924639106908806,false,2,0,0.0
268670,2000,45,-0.16693048050247583,false,0,0,0.0
405435,2009,92,0.02508846258188413,true,35,27,0.7714285714285715
1048322,2019,25,-0.09496069039635913,false,5,1,0.2
457280,2002,6,-0.05986722852074777,false,0,0,0.0
134310,1996,18,-0.015724597364889625,false,5,5,1.0
125442,1996,3,-0.3774600189143946,false,19,14,0.7368421052631579
689872,2012,10,-0.01468010262437236,false,0,0,0.0
644764,2010,13,0.054878849375072036,false,0,0,0.0
849615,2015,20,-0.11113153030288103,false,0,0,0.0
363496,2007,89,-0.019688062887230018,false,0,0,0.0
98752,1995,17,-0.06020668379230543,false,0,0,0.0
913692,2017,64,-0.1283852555311933,false,3,0,0.0
242548,2000,10,-0.05096444529846167,true,0,0,0.0
1040940,2019,84,0.10314271031619793,false,4,0,0.0
328716,2006,168,-0.05877429087000863,false,1,0,0.0
813062,2015,16,-0.16423485059473109,false,456,258,0.5657894736842105
191529,1998,6,-0.37952389434032163,true,1,0,0.0
751250,2013,8,0.13867055219904234,false,1,1,1.0
94351,1995,17,-0.17445588526747358,false,0,0,0.0
64462,1993,5,0.37388823031572027,false,5,2,0.4
259212,2000,36,-0.0008725446182635821,true,0,0,0.0
623266,2010,20,0.08008884505799241,true,29,21,0.7241379310344828
132507,1996,6,-0.1539635924221674,true,0,0,0.0
596260,2016,91,0.010418715407357837,false,0,0,0.0
308279,2003,23,0.01334399889340876,false,0,0,0.0
750458,2013,20,0.28848078061303006,false,0,0,0.0
245443,2000,17,0.09385474765503421,true,0,0,0.0
749850,2013,25,-0.0501558047637749,true,4,1,0.25
871295,2016,29,0.03684822730797688,true,2,2,1.0
587816,2014,45,-0.004492726024521332,false,0,0,0.0
745151,2013,367,-0.05189351987082347,true,2,0,0.0
467951,2003,3,-0.21373295944695592,true,35,22,0.6285714285714286
761524,2014,15,0.10426856723355282,false,1,0,0.0
1013258,2018,19,-0.14660263971889265,false,0,0,0.0
635428,2010,33,0.15577279027688107,false,2,2,1.0
466523,2003,230,0.3286403916813221,false,57,11,0.19298245614035087
76225,1994,35,0.13413301407218725,true,3,2,0.6666666666666666
621989,2010,71,0.010634477063965697,true,1,1,1.0
165638,1997,26,-0.152723331727731,true,2,1,0.5
373159,2008,5,-0.0749423781687737,true,4,2,0.5
373847,2008,8,-0.13971257788056146,true,0,0,0.0
247936,2000,10,-0.2302709411933579,true,1,1,1.0
806365,2015,39,-0.02482483698371496,false,2,0,0.0
303359,2002,5,-0.11605194336281777,true,0,0,0.0
669875,2011,32,-0.03270118158337354,false,1,1,1.0
942182,2017,69,0.041502130216788835,true,1,1,1.0
699002,2012,19,-0.048627908519772944,true,15,15,1.0
865287,2015,35,0.09216941795847067,false,0,0,0.0
374862,2008,46,-0.09492195424512317,true,0,0,0.0
60183,1993,8,0.2821363420516887,true,0,0,0.0
404135,2009,41,-0.00022894153454977584,true,0,0,0.0
1019627,2019,429,-0.1917286312055806,false,5,1,0.2
387305,2008,3,-0.16752121646785856,true,812,493,0.6071428571428571
293675,2002,15,0.41436751035491426,false,0,0,0.0
1064114,2019,5,-0.07067828545689281,false,2,0,0.0
824712,2015,66,0.1410396135774521,false,0,0,0.0
498587,2004,12,0.12300541099085738,true,3,3,1.0
449236,2001,16,-0.378922427327101,true,0,0,0.0
114278,1995,7,-0.3588398823227159,true,0,0,0.0
306124,2003,4,0.32266209981603655,true,1,1,1.0
392907,2008,21,-0.09613388933463618,false,7,3,0.42857142857142855
749673,2013,17,-0.40868649724457473,true,391,251,0.6419437340153452
250320,2000,5,-0.2757865379494673,true,3,2,0.6666666666666666
540705,2006,12,-0.006238321158035021,false,12,5,0.4166666666666667
513688,2005,62,0.38369982033195704,true,0,0,0.0
307217,2003,18,-0.08785761461345931,false,0,0,0.0
385296,2008,23,-0.1374969023055641,true,0,0,0.0
375074,2008,16,-0.1764512178491877,false,1,0,0.0
197301,1998,8,-0.06671840816733177,false,1,0,0.0
427571,2009,29,-0.082813207918087,true,0,0,0.0
1011332,2018,14,0.008941874747277367,false,1,0,0.0
676473,2011,69,0.1906788200201177,false,0,0,0.0
1019478,2019,5,-0.08088925573761951,true,102,45,0.4411764705882353
156620,1997,8,-0.3177792961703192,true,0,0,0.0
849327,2015,83,0.06299382745477633,false,2,2,1.0
594610,2015,306,-0.12131789695993334,false,1,0,0.0
3995,1990,17,0.9767652986819142,true,1,1,1.0
1025699,2019,13,0.07685478618041319,false,1,0,0.0
137515,1996,41,-0.05068130710489349,true,0,0,0.0
144776,1996,9,-0.31494710420583516,false,0,0,0.0
121499,1996,38,0.025223400800046925,false,0,0,0.0
622660,2010,6,-0.23439229583826204,true,9,9,1.0
374071,2008,17,0.10306838206806379,true,0,0,0.0
292198,2002,18,0.07812586420245538,false,4,2,0.5
227346,1999,17,0.08304894561819687,true,0,0,0.0
735336,2013,29,0.11510835324572533,false,1,1,1.0
242010,2000,12,-0.2316346906542428,false,1,0,0.0
534723,2006,18,-0.03513847021164018,false,0,0,0.0
745093,2013,22,0.19450692474711584,false,0,0,0.0
442718,2001,33,-0.09981412869356765,false,1,1,1.0
364453,2007,23,0.0011697527009095765,true,1,0,0.0
807961,2015,9,-0.04222994398195734,true,0,0,0.0
214706,1999,18,0.1228113703414726,true,0,0,0.0
76036,1994,13,0.04419575024785516,false,0,0,0.0
365057,2007,65,-0.13770250778480042,true,43,37,0.8604651162790697
39509,1992,17,-0.10733866452612961,true,0,0,0.0
327115,2003,725,-0.033478617722203285,true,0,0,0.0
43451,1992,27,-0.04540475003571842,true,2,2,1.0
353598,2007,76,-0.20892005952464743,true,2,1,0.5
447381,2001,457,0.23908306262608736,true,1,0,0.0
283502,2001,92,0.25146421003801134,true,3,2,0.6666666666666666
221966,1999,20,0.13103778149206402,true,0,0,0.0
367026,2007,27,-0.33621182755479495,true,17,15,0.8823529411764706
958254,2018,6,-0.19604498986432173,true,0,0,0.0
1015507,2019,53,-0.020057835847558714,false,12,0,0.0
110874,1995,51,-0.057386449254448024,true,0,0,0.0
163684,1997,41,-0.08558231855700171,false,1,0,0.0
272444,2001,173,-0.22701496433397894,true,5,2,0.4
156758,1997,12,0.2898843493362868,false,9,5,0.5555555555555556
572241,2011,7,-0.2564494234860861,false,0,0,0.0
225889,1999,45,-0.07765205652103457,true,0,0,0.0
511956,2005,180,0.10114204999197618,false,0,0,0.0
393186,2008,113,-0.057602492372138325,true,6,6,1.0
233285,1999,14,0.21593123188003904,true,120,76,0.6333333333333333
754314,2013,16,0.15914185494580657,false,6,3,0.5
1045605,2019,283,-0.1590893505733586,false,0,0,0.0
919412,2017,20,-0.027854415327326798,false,0,0,0.0
659811,2011,23,0.5226646350244639,true,0,0,0.0
670130,2011,15,0.3612674421108997,false,0,0,0.0
276150,2001,49,-0.32549947241815547,false,2,2,1.0
91355,1995,85,-0.12173535340834807,true,0,0,0.0
993032,2018,7,-0.129707199494824,false,1,0,0.0
1055951,2019,180,0.21075566925245148,true,2,2,1.0
699799,2012,37,-0.1299634876824749,true,1,1,1.0
559534,2007,140,-0.05972637345925946,false,1,0,0.0
660839,2011,28,-0.1735558840246263,false,0,0,0.0
595977,2016,546,-0.02726714107500694,false,0,0,0.0
997267,2018,113,0.012162249490647703,true,3,3,1.0
892211,2016,6,-0.1001305359476623,false,35,21,0.6
1038413,2019,12,0.06953392702640748,false,0,0,0.0
728896,2013,7,-0.16125070712349832,false,3,2,0.6666666666666666
637634,2010,196,-0.06904180974330609,false,0,0,0.0
591711,2014,501,-0.02862330590362916,false,0,0,0.0
526377,2005,10,-0.1952201232109516,true,2,2,1.0
719795,2013,81,0.05109831909791218,false,0,0,0.0
657461,2011,92,0.3650272381487927,false,0,0,0.0
714797,2012,200,-0.0030981534965275337,true,9,6,0.6666666666666666
3195,1990,5,1.791758482406168,false,18,8,0.4444444444444444
9639,1990,62,0.2615216041756945,false,4,2,0.5
93086,1995,9,-0.002038910161109797,false,0,0,0.0
567108,2010,57,0.14626354095067207,false,0,0,0.0
798724,2014,35,-0.044168606948566946,true,0,0,0.0
773230,2014,11,-0.18435332809151284,false,1535,780,0.50814332247557
699007,2012,68,0.1694587323579757,true,0,0,0.0
432237,2010,5,0.04801425222970934,true,4,4,1.0
359550,2007,29,0.4540275173293944,true,988,611,0.618421052631579
420098,2009,37,-0.06869199245586444,false,0,0,0.0
425338,2009,34,-0.11978886610187622,true,1,1,1.0
657214,2011,38,-0.10941980889454683,false,0,0,0.0
489112,2004,26,-0.15698781378898996,false,0,0,0.0
326985,2001,15,0.18831913067542683,false,0,0,0.0
943845,2017,27,-0.1932385110541457,false,0,0,0.0
311418,2003,13,-0.21399753043741399,true,0,0,0.0
477207,2003,10,-0.24784373733291076,true,0,0,0.0
977006,2018,29,-0.19684471621591904,true,4,2,0.5
383704,2008,123,-0.021037811472953916,true,0,0,0.0
901583,2017,36,-0.011006866428168394,false,3,0,0.0
624772,2010,6,-0.06396402456265093,true,0,0,0.0
991975,2018,89,0.2181910590432956,false,0,0,0.0
673696,2011,16,0.14538286475387352,false,0,0,0.0
802797,2015,10,0.21272333703879642,false,0,0,0.0
577870,2012,129,-0.03790273376202613,false,0,0,0.0
638534,2010,12,0.4227589983602469,true,2,2,1.0
339930,2007,26,-0.08977079920647757,true,334,301,0.9011976047904192
807725,2015,22,-0.010541308490810586,true,0,0,0.0
248734,2000,126,0.09414050563406162,true,6,3,0.5
683636,2012,123,-0.2153510994608654,true,0,0,0.0
588775,2014,706,-0.10993634784259809,false,0,0,0.0
1040147,2019,25,0.12286504242880358,true,0,0,0.0
614778,2018,619,0.036542501185202525,false,1,0,0.0
681253,2012,16,0.4209413355295446,true,0,0,0.0
889720,2016,206,0.14329215053798983,true,0,0,0.0
630859,2010,123,-0.040609244509114184,true,0,0,0.0
159217,1997,30,-0.13905148827860447,true,0,0,0.0
355606,2007,32,-0.21909851337844355,false,0,0,0.0
401779,2009,20,-0.409174934779597,false,0,0,0.0
740164,2013,93,-0.03794982789161949,false,1,1,1.0
70312,1994,11,0.11670180372609451,false,0,0,0.0
621676,2010,143,0.21210653833122528,true,4,4,1.0
1042888,2019,147,-0.011039511441248706,false,1,0,0.0
780206,2014,55,0.35785693832921783,false,1,0,0.0
107177,1995,49,-0.03963604983981295,true,4,4,1.0
742115,2013,19,-0.15269868295940814,false,1573,841,0.5346471710108074
1014200,2018,87,-0.03927836841287924,true,1,1,1.0
646529,2011,9,-0.15715656621232377,false,0,0,0.0
836240,2015,18,0.1616722278552718,false,0,0,0.0
246902,2000,8,-0.19565339617042543,true,0,0,0.0
404639,2009,44,-0.0107602348594531,true,0,0,0.0
244916,2000,87,0.0589520519045621,true,2,0,0.0
863874,2016,3,-0.10608230154852905,true,56,27,0.48214285714285715
325315,2010,39,-0.053902146265683015,false,1,1,1.0
920638,2017,34,0.020532830130910007,true,5,4,0.8
78525,1994,26,-0.11752034154239244,true,2,0,0.0
46960,1992,9,-0.15843508946776552,true,5,4,0.8
909762,2017,64,-0.03730651078276637,false,1,0,0.0
589520,2015,72,-0.0739171691672027,false,0,0,0.0
281927,2001,7,0.27963935375142146,true,4,2,0.5
912387,2017,36,-0.08363091827312452,false,1,0,0.0
956501,2017,40,0.03843280469789345,false,1,0,0.0
899143,2016,69,-0.13577327135325312,false,0,0,0.0
24340,1991,10,-0.3236493610054465,false,0,0,0.0
881895,2016,73,-0.010331767545874726,true,1,0,0.0
752947,2013,179,-0.028386816437542706,false,0,0,0.0
839726,2015,10,-0.11690952911562125,true,422,228,0.5402843601895735
686440,2012,26,-0.0069298739117291674,true,1,1,1.0
188917,1998,30,-0.08064325585417631,false,1,1,1.0
852829,2016,62,-0.018518930468613526,false,1,0,0.0
130987,1996,23,0.14424776106503767,true,0,0,0.0
93468,1994,16,-0.2297052342034327,true,1,1,1.0
246584,2000,25,0.10233649547001278,true,0,0,0.0
769378,2014,5,-0.30891134922207897,true,0,0,0.0
556367,2006,44,-0.14471250925881396,false,14,0,0.0
606193,2017,207,-0.05138612199811554,false,0,0,0.0
548273,2006,4,-0.10379046702587491,false,0,0,0.0
998110,2018,78,-0.10046126194766547,false,4,0,0.0
225165,1999,6,-0.13100839662525665,false,141,87,0.6170212765957447
626582,2010,5,-0.18074711691044776,true,2,1,0.5
203283,1998,108,-0.26888738725659067,true,13,11,0.8461538461538461
246516,2000,18,0.07324580526695446,true,0,0,0.0
660271,2011,8,-0.6810275513344237,false,1,0,0.0
481680,2004,11,0.027500137226927457,true,2,1,0.5
795966,2014,292,0.025189955607704206,false,10,1,0.1
48549,1993,10,0.1664810392146565,false,0,0,0.0
756977,2013,30,0.08087695374188009,false,0,0,0.0
944,1990,6,0.9148670701452222,true,0,0,0.0
503091,2005,19,-0.05440483449909639,true,1,0,0.0
528974,2006,33,-0.0697404894876339,false,0,0,0.0
890335,2016,10,-0.06518314242951195,true,0,0,0.0
843230,2015,37,0.16130200820159946,false,8,2,0.25
99747,1995,15,0.0231784957914849,false,1,0,0.0
312392,2003,12,0.010475597607141118,false,15,9,0.6
811970,2015,3,-0.09629054931707426,false,1214,601,0.4950576606260296
658263,2011,47,-0.1159283542473819,false,1,0,0.0
993974,2018,57,0.06259837787570621,false,11,4,0.36363636363636365
751949,2013,64,-0.024161692270288526,false,1,0,0.0
655892,2011,78,0.14048490416331116,false,4,1,0.25
955022,2017,24,0.058914287042380664,false,1,0,0.0
864743,2014,26,-0.1465133398363836,false,1,0,0.0
944294,2017,11,-0.2753121636727336,true,2,1,0.5
106615,1995,9,0.20205501422197347,true,301,171,0.5681063122923588
717664,2012,38,0.3479933719727857,false,2,0,0.0
1614,1990,4,1.4713008918426134,false,172,98,0.5697674418604651
175474,1997,19,-0.20535183447338845,false,0,0,0.0
254920,2000,19,0.08400951864783845,true,0,0,0.0
810733,2015,23,-0.37674813752870584,true,18,16,0.8888888888888888
14762,1990,194,0.23420718904657,true,3,1,0.3333333333333333
532714,2006,66,0.24282647400124446,false,5,4,0.8
46635,1992,5,-0.2755582108368424,true,166,75,0.45180722891566266
192918,1998,6,0.2469721152856028,true,1,0,0.0
259126,2000,29,0.02399544884367888,true,19,15,0.7894736842105263
352186,2007,15,-0.29638883128253113,false,0,0,0.0
416590,2009,5,0.010142546456099133,true,4,1,0.25
277367,2001,102,1.0849750269408118,true,1055,1051,0.9962085308056872
463967,2003,11,-0.3438659621777589,true,0,0,0.0
432509,2010,9,0.0943178644463778,true,51,26,0.5098039215686274
84339,1994,4,-0.23355772170546807,true,1,1,1.0
1001591,2018,73,-0.1263912380161325,false,604,200,0.33112582781456956
171524,1997,20,0.04137517786804956,true,0,0,0.0
599082,2016,117,-0.0664875856908953,false,3,0,0.0
508713,2005,37,-0.155016648050335,true,4,4,1.0
474787,2003,28,0.18635135668567848,true,5,5,1.0
68212,1993,16,-0.13510057815500875,false,6,1,0.16666666666666666
242767,2000,13,0.1826841181762413,true,0,0,0.0
640310,2010,97,0.19283579425965902,true,0,0,0.0
178986,1997,8,-0.10943316758320787,false,0,0,0.0
254659,2000,21,-0.06065434417282489,false,2,0,0.0
56290,1993,6,-0.18860791591732085,true,2,2,1.0
191888,1998,29,-0.43473257532058884,true,0,0,0.0
445384,2001,4,0.21425946222304937,true,0,0,0.0
258078,2000,89,0.0660434412500992,true,0,0,0.0
903983,2017,6,-0.11365105497514882,true,3,2,0.6666666666666666
932582,2017,3,-0.09602252635779251,false,309,135,0.4368932038834951
1040006,2019,58,0.1038151326177772,true,0,0,0.0
219052,1999,33,-0.07913552013430092,true,0,0,0.0
704551,2012,28,0.06258651400467752,true,212,131,0.6179245283018868
681475,2012,96,-0.25597864229899425,true,0,0,0.0
912892,2017,26,0.07375958026100182,true,1,1,1.0
587242,2014,51,-0.04286101041536661,false,0,0,0.0
72317,1994,157,0.047380994882390226,true,12,12,1.0
995711,2018,289,-0.15768924641682602,true,4,4,1.0
249043,2000,29,-0.10416906259742209,true,6,6,1.0
938866,2017,25,0.027798099375373475,false,0,0,0.0
84630,1994,11,-0.22303901975655016,false,0,0,0.0
932769,2017,39,-0.1705851106410945,false,109,57,0.5229357798165137
867680,2016,34,0.07464393980786266,false,5,3,0.6
971860,2018,21,0.08385900362679877,true,1,1,1.0
326237,2013,40,0.08824236962570531,false,1,0,0.0
321511,2006,16,0.27009352004233556,true,0,0,0.0
687969,2012,15,-0.10613087802389609,true,215,116,0.5395348837209303
1004904,2018,97,0.09658534405186536,false,0,0,0.0
322387,2006,3,0.031236484473997628,false,19,4,0.21052631578947367
1067822,2019,66,-0.04784809124922651,false,0,0,0.0
985222,2016,24,-0.09387541290147716,false,1,0,0.0
180846,1998,69,-0.1632110802319966,false,0,0,0.0
933178,2017,41,0.19983254667055306,false,2,0,0.0
752453,2013,4,-0.17637072057933878,true,41,30,0.7317073170731707
640903,2010,6,-0.1048823115451647,false,0,0,0.0
611610,2018,190,-0.1311214460050789,false,0,0,0.0
211710,1999,22,0.14506764850253617,true,0,0,0.0
402372,2009,5,-0.05385075204828915,false,9,6,0.6666666666666666
534402,2006,96,0.3867473904444836,false,1,0,0.0
841930,2015,7,-0.12138636201208364,false,0,0,0.0
8133,1990,5,0.29611120929123746,true,0,0,0.0
258960,2000,9,0.3388363642907102,false,383,254,0.6631853785900783
364792,2007,38,-0.31291160033672494,false,7,4,0.5714285714285714
695370,2012,17,-0.21951266791710022,true,0,0,0.0
1007808,2018,28,0.07662191055610812,false,1,0,0.0
694235,2012,130,-0.038700089988291886,false,13,9,0.6923076923076923
461147,2003,13,-0.5246323420215218,true,2,2,1.0
110323,1995,11,-0.42531760397676166,false,2,2,1.0
640210,2010,25,-0.1343798272587149,false,3,1,0.3333333333333333
599134,2016,157,-0.026463698083175835,false,0,0,0.0
685771,2012,15,0.4748691872043951,false,53,28,0.5283018867924528
312906,2003,30,-0.08500362974203135,true,0,0,0.0
322409,2006,820,-0.06831669425886222,false,3,1,0.3333333333333333
14466,1990,12,0.24923480420922672,false,0,0,0.0
298224,2002,9,0.19901927109592954,false,103,60,0.5825242718446602
504252,2005,37,-0.2536571712691966,false,1,0,0.0
262200,2000,19,0.23968186236821598,true,1,1,1.0
292421,2002,8,0.4421274988768129,true,1,1,1.0
195605,1998,16,-0.16304253128577173,false,2,0,0.0
484876,2004,27,-0.3215899681375083,false,0,0,0.0
998725,2018,35,-0.01904322407869774,false,9,3,0.3333333333333333
988388,2018,134,-0.12488335368286041,false,0,0,0.0
580440,2013,57,-0.021878402547413245,false,0,0,0.0
701886,2012,61,-0.0009606914058211125,false,9,7,0.7777777777777778
96536,1995,14,-0.4185411999581303,true,3,1,0.3333333333333333
407265,2009,3,-0.26256132488928063,true,63,48,0.7619047619047619
522420,2005,122,-0.11854073249631147,true,0,0,0.0
681023,2012,312,-0.09472832052598168,false,2,0,0.0
583212,2013,23,-0.24038345053050136,false,0,0,0.0
411247,2009,3,-0.24395948136328016,false,728,430,0.5906593406593407
223699,1999,19,-0.3989402491657952,true,20,20,1.0
544975,2006,9,-0.2958399908284344,false,1,0,0.0
206142,1999,25,-0.17972010989732645,true,1,1,1.0
282855,2001,98,-0.9425949942009053,true,1055,1051,0.9962085308056872
725217,2013,143,0.030558145351272437,true,4,4,1.0
1022324,2019,42,-0.07706567311990487,false,28,13,0.4642857142857143
193501,1998,51,-0.08821769935777546,true,0,0,0.0
83808,1994,21,-0.11045838032689748,false,0,0,0.0
63902,1993,3,0.23550613564404888,true,49,22,0.4489795918367347
14692,1990,28,-0.02694985370908043,true,0,0,0.0
837493,2015,1496,-0.0733527305621382,false,8,2,0.25
244564,2000,17,0.005359444701542593,true,0,0,0.0
636687,2010,39,0.2620400013032551,true,1,1,1.0
997314,2018,24,-0.21267781128774743,true,0,0,0.0
116433,1995,49,-0.202554173892592,false,3,2,0.6666666666666666
314299,2004,13,0.07209962293019778,false,0,0,0.0
566349,2009,58,0.0002482245719939158,false,0,0,0.0
196542,1998,9,0.0433072583190075,false,0,0,0.0
359176,2007,10,0.12294835495374024,false,1,1,1.0
1034928,2019,11,-0.14210905427123954,true,0,0,0.0
140612,1996,51,0.38624044087622966,false,1,0,0.0
212962,1999,5,-0.15368344331986616,true,10,10,1.0
98248,1995,17,-0.06518240609551285,true,34,13,0.38235294117647056
624296,2010,10,0.17418112040979405,true,1,1,1.0
419693,2009,16,0.16294552215458236,false,0,0,0.0
348614,2007,69,-0.05104100270397627,true,0,0,0.0
778858,2014,23,0.042900458100268324,false,0,0,0.0
1019411,2019,110,-0.41407797434453464,false,8,1,0.125
730134,2013,32,0.03572761279326553,true,7,7,1.0
947823,2017,460,0.5497718012788235,true,9,9,1.0
509968,2005,58,-0.05351752160158352,true,0,0,0.0
785471,2014,42,0.12268072900549232,true,0,0,0.0
553311,2005,26,0.24637843109599622,false,0,0,0.0
34223,1992,28,-0.1405005943963511,true,1,1,1.0
306511,2003,33,-0.1151272403154664,false,0,0,0.0
232910,1999,107,-0.18239170429751805,true,5,4,0.8
892709,2016,100,0.038527550361397545,false,3,0,0.0
293128,2002,28,0.2889621861877636,false,1,1,1.0
957336,2017,4,-0.4487910026017943,false,0,0,0.0
842411,2015,99,0.11693603433969812,false,4,3,0.75
734505,2013,5,-0.2605345832235093,true,430,222,0.5162790697674419
617861,2019,155,-0.11151788410641839,false,1,0,0.0
568191,2010,87,-0.11835759010196067,false,3,0,0.0
8485,1990,11,0.178491546613893,false,0,0,0.0
561471,2007,319,-0.08515061079578512,false,0,0,0.0
583395,2013,272,0.0379661080290159,false,0,0,0.0
569254,2010,28,0.004161625695712878,false,0,0,0.0
456498,2002,134,0.10040540356876893,true,11,11,1.0
74835,1994,11,-0.08445759013898435,true,3,1,0.3333333333333333
1013940,2018,38,0.1479125368395433,false,1,1,1.0
236275,2000,3,0.23031959085759723,true,1,1,1.0
35798,1992,7,0.07944874051881445,false,15,9,0.6
783750,2014,13,-0.11172944430011356,false,227,126,0.5550660792951542
923341,2017,18,-0.21870485456045152,false,0,0,0.0
738977,2013,121,0.1378588240349652,true,0,0,0.0
843506,2015,91,-0.14842475866284266,false,0,0,0.0
454538,2002,28,0.22208604014827138,false,2,1,0.5
874012,2016,5,0.14332744463971725,true,107,60,0.5607476635514018
299572,2002,11,-0.04390997567543664,false,0,0,0.0
534086,2006,21,0.04670164240298913,true,10,4,0.4
1039642,2019,458,-0.05456468610967846,false,0,0,0.0
940182,2017,50,-0.1652518745009015,false,11,1,0.09090909090909091
491528,2004,9,-0.263228305906793,true,4,2,0.5
208360,1999,22,0.0653687471010791,true,0,0,0.0
496823,2004,51,0.054869704723707,true,2,2,1.0
602690,2017,53,-0.0935938870387214,true,0,0,0.0
11857,1990,10,0.05667183061949288,false,1,0,0.0
102980,1995,221,0.1186231409205245,true,0,0,0.0
12254,1990,12,0.27051665011394466,false,0,0,0.0
402254,2009,7,-0.24125136779769196,false,18,11,0.6111111111111112
179217,1997,11,0.041692668035966385,false,7,4,0.5714285714285714
260565,2000,20,0.2616089986877288,true,0,0,0.0
53297,1993,25,0.16590453527632665,false,2,1,0.5
916288,2017,69,-0.15104773915868197,true,2,0,0.0
215402,1999,5,-0.011490139621908924,true,0,0,0.0
183399,1998,8,0.14732601920761645,false,8,5,0.625
1063230,2019,18,0.01908252317061976,true,1,0,0.0
638971,2010,7,-0.08132474383166155,true,0,0,0.0
226840,1999,14,-0.08141337964760442,true,3,0,0.0
772115,2014,15,-0.02870372644309782,true,50,50,1.0
468355,2003,87,-0.10750308825807187,true,9,3,0.3333333333333333
735011,2013,38,0.25663193849421884,false,1,0,0.0
251394,2000,13,-0.12725504556446854,true,0,0,0.0
20162,1991,17,0.006483034331442816,true,1,1,1.0
705884,2012,3,0.0013599651713036565,true,0,0,0.0
392128,2008,21,0.20503849411001696,false,55,41,0.7454545454545455
727920,2013,27,0.03233614766579418,false,3,3,1.0
621246,2019,217,0.11507125228704762,false,0,0,0.0
980450,2018,34,0.008434141699454223,false,5,3,0.6
287597,2001,9,0.16205437515661636,false,0,0,0.0
694143,2012,7,-0.07585511379487819,true,37,22,0.5945945945945946
636846,2010,9,0.12820624596840613,false,0,0,0.0
271075,2001,53,0.019372312605926645,true,23,15,0.6521739130434783
1068061,2019,9,0.39403910400353226,false,23,12,0.5217391304347826
140572,1996,29,-0.08967584111216631,false,3,0,0.0
14967,1990,8,0.06754128590412556,false,6,3,0.5
918636,2017,12,-0.05819000268236607,true,1,1,1.0
18734,1991,3,0.027516670185440795,true,7,3,0.42857142857142855
133279,1996,8,-0.27556363198836564,false,0,0,0.0
981696,2018,9,-0.2332307961270006,true,1,1,1.0
527172,2005,16,-0.07529386396349302,false,2,1,0.5
1037571,2019,11,-0.1270300211144768,true,2,1,0.5
727886,2013,25,0.4717925872916897,false,68,31,0.45588235294117646
360839,2007,79,-0.08093786117095458,true,0,0,0.0
7018,1990,9,0.05944260920829514,true,7,7,1.0
25057,1991,17,0.06632632198317978,false,0,0,0.0
474538,2003,592,-0.2345473696788729,false,218,83,0.38073394495412843
61111,1993,11,0.5205175393222152,true,1,1,1.0
397915,2008,138,0.010637693787145963,true,2,2,1.0
753816,2013,17,-0.177126842070924,true,233,123,0.5278969957081545
1050520,2019,4,0.15246968692392038,false,28,10,0.35714285714285715
103197,1995,19,-0.2646419920797314,true,1,0,0.0
1059686,2019,30,0.2416101745738679,false,0,0,0.0
644386,2010,61,-0.11451569267248907,true,71,47,0.6619718309859155
628052,2010,157,0.11607381376503456,true,0,0,0.0
914803,2017,60,-0.20558578668481786,false,1,0,0.0
820364,2015,127,-0.081328940609946,true,1,1,1.0
177154,1997,10,0.024483232246969244,true,0,0,0.0
556614,2006,48,0.020476634957417694,false,0,0,0.0
515303,2005,11,-0.001354233718663167,true,0,0,0.0
759673,2014,3,0.17706005645074452,true,34,19,0.5588235294117647
811007,2015,132,0.10508441362106602,true,0,0,0.0
663851,2011,8,0.2666673959686614,false,0,0,0.0
436602,2000,18,-0.13649049349286457,true,2,2,1.0
963924,2018,64,0.02787353660792835,true,4,4,1.0
655383,2011,57,-0.13787601160837415,true,7,7,1.0
110016,1995,16,0.08148804126822462,true,0,0,0.0
616147,2019,442,0.06573339743290418,false,0,0,0.0
333854,2006,72,0.11104177761604106,false,0,0,0.0
315547,2004,3,0.18438894541354323,true,12,8,0.6666666666666666
388592,2008,16,-0.2196801027506119,true,30,21,0.7
808045,2015,196,0.010850647514215161,false,12,4,0.3333333333333333
824121,2015,40,0.0347188515464274,false,400,176,0.44
968431,2018,173,-0.05099624646964074,false,0,0,0.0
756741,2013,87,-0.07231265157181932,true,2,0,0.0
21097,1991,29,-0.24750559666972194,true,2,1,0.5
355519,2007,16,0.026744487931476435,true,1,1,1.0
118162,1996,6,-0.5973477645946286,false,6,2,0.3333333333333333
290031,2002,4,-0.2535308029465684,false,1,0,0.0
514125,2005,48,0.2466764681443383,false,1,1,1.0
820856,2015,226,-0.03306170437461731,false,3,0,0.0
424601,2009,60,0.002961350194740753,true,1,0,0.0
677361,2011,196,0.12417961106958542,true,0,0,0.0
1029739,2019,26,-0.07164758871341714,true,0,0,0.0
63199,1993,5,-0.388988909277856,false,2,0,0.0
551620,2004,193,0.15446072566301172,false,0,0,0.0
785459,2014,293,0.038197708626670046,false,0,0,0.0
545368,2006,372,-0.23045377779840726,true,2,2,1.0
454532,2002,10,-0.016290423977480373,true,1,0,0.0
615970,2018,234,0.07392333527683448,false,16,4,0.25
694103,2012,15,-0.13177707986249754,true,2,2,1.0
779095,2014,65,-0.18391046560513136,false,0,0,0.0
599751,2016,191,-0.10348567602523318,false,0,0,0.0
211479,1999,38,-0.005782665489313388,true,0,0,0.0
476279,2003,3,-0.19093940703760293,true,157,99,0.6305732484076433
795355,2014,9,-0.09575402091748231,true,854,456,0.5339578454332553
771926,2014,43,0.16994479662278827,false,1,0,0.0
157800,1997,20,0.39109002334744947,false,0,0,0.0
428267,2010,9,0.020765587829571608,false,0,0,0.0
115617,1995,186,0.007155424806862598,false,0,0,0.0
532762,2006,3,0.1845242590790983,false,100,56,0.56
126299,1996,19,-0.1316749327484379,true,0,0,0.0
505178,2005,17,-0.23686868055861687,false,2,1,0.5
535770,2006,139,0.054583528245115254,true,1,1,1.0
71840,1994,36,-0.027528507047606787,true,0,0,0.0
619836,2019,228,-0.08166026268151061,false,0,0,0.0
404044,2009,9,0.7572559185066918,true,390,264,0.676923076923077
542532,2006,6,0.2565759060864883,true,0,0,0.0
49199,1993,8,-0.06807171903501796,true,1,1,1.0
973451,2018,8,-0.23012288784326795,false,0,0,0.0
454529,2002,22,-0.15651061462510985,false,0,0,0.0
980338,2018,13,-0.06954348559551704,true,0,0,0.0
404991,2009,100,-0.05501748440829157,true,2,1,0.5
437163,2000,34,-0.20658453619288863,false,2,0,0.0
111854,1995,24,-0.1242384269243404,true,0,0,0.0
743979,2013,6,0.14447685398800925,false,0,0,0.0
857125,2016,13,0.12125468202588063,false,0,0,0.0
27912,1991,8,0.5872053262143835,true,0,0,0.0
537126,2006,55,0.11512826637948859,true,4,2,0.5
926078,2017,57,0.04989602306816687,false,0,0,0.0
204962,1998,33,-0.12480269406309574,false,1,0,0.0
785458,2014,12,-0.32801161102320897,true,66,36,0.5454545454545454
934761,2017,46,-0.1828609033135975,false,28,0,0.0
462673,2003,37,0.021315056778902886,false,1,0,0.0
612133,2018,289,0.09827016494068053,false,1,0,0.0
672590,2011,21,-0.02738312715065705,false,189,77,0.4074074074074074
820850,2015,59,-0.0016910095752660226,false,0,0,0.0
422348,2009,57,0.19451601370846472,true,0,0,0.0
71777,1994,38,0.31731010808570215,true,1,1,1.0
537639,2006,5,0.042691834505510506,false,908,539,0.5936123348017621
539098,2006,29,-0.011163778874156982,true,0,0,0.0
842687,2015,158,-0.10755705533943738,false,14,0,0.0
920830,2017,155,0.1165898469785489,false,1,0,0.0
436081,2009,32,-0.22981436076039508,true,2,2,1.0
842209,2015,29,0.2112521380438066,false,1,0,0.0
280664,2001,13,-0.2521288308138683,true,0,0,0.0
161972,1997,7,-0.21338206012095373,false,2,2,1.0
850851,2016,102,0.1856191721095426,false,1,0,0.0
367413,2007,32,0.26154218578493627,true,0,0,0.0
396791,2008,27,0.3572032279795154,true,2,0,0.0
25183,1991,28,0.216679421853474,false,1,0,0.0
526467,2005,17,0.04823055449481117,true,0,0,0.0
551265,2005,64,0.18472237313943296,false,8,0,0.0
1005309,2018,14,0.17894454672713422,false,0,0,0.0
644277,2010,407,-0.12089178674899292,true,0,0,0.0
97167,1995,13,0.19392127794585612,false,0,0,0.0
53735,1993,23,0.42182252370952344,true,0,0,0.0
903277,2017,45,0.00008110957621276782,false,97,48,0.4948453608247423
667262,2011,71,-0.04457494853941846,false,0,0,0.0
43022,1992,15,-0.03898017823247457,false,0,0,0.0
335159,2006,14,-0.12219763603946365,true,0,0,0.0
567018,2009,33,0.12812469606630383,false,0,0,0.0
920517,2017,10,-0.3583475487036889,false,0,0,0.0
3928,1990,24,0.6454671618638823,false,0,0,0.0
1058412,2019,128,0.03776845631124015,false,0,0,0.0
983689,2018,13,0.1255439152241813,true,1,1,1.0
430522,2010,178,0.20343733498175753,true,3,3,1.0
1008845,2018,31,0.14634337457720648,false,0,0,0.0
351870,2007,3,-0.3775548050638431,false,99,75,0.7575757575757576
998475,2018,83,-0.2617980640682589,true,6,6,1.0
824602,2015,80,0.07792235436736306,false,0,0,0.0
536133,2006,24,-0.07097612088133776,true,3,3,1.0
404186,2009,25,-0.12306905861682171,true,1,1,1.0
332650,2006,71,0.20862616042045534,false,1,0,0.0
369844,2008,57,0.3445506519703354,true,1,1,1.0
871731,2016,101,-0.05108912060993198,false,0,0,0.0
940075,2017,55,0.022025447997552128,true,0,0,0.0
435913,2008,22,-0.359080128838559,false,1,0,0.0
1067263,2019,26,-0.03316378347944493,true,0,0,0.0
700461,2012,18,0.00974958446587948,true,1,1,1.0
906351,2017,13,0.14858031348490286,true,76,20,0.2631578947368421
890240,2016,247,0.05852158597997015,false,1,0,0.0
965192,2018,63,0.025464973319540896,false,0,0,0.0
422614,2009,5,-0.13491531979176674,true,77,43,0.5584415584415584
581875,2013,30,-0.10638810619625971,false,1,0,0.0
829370,2015,50,-0.19381771000593728,false,11,7,0.6363636363636364
671014,2011,41,0.11967733465815122,true,1,1,1.0
209999,1999,12,0.07395057751940737,false,1,0,0.0
16491,1991,18,0.04476017754960804,true,0,0,0.0
81382,1994,17,-0.23638010377702745,true,8,8,1.0
707216,2012,30,0.06727511750444037,false,1,0,0.0
631726,2010,22,0.11091861492380328,false,0,0,0.0
712443,2012,75,-0.025008231385058366,true,0,0,0.0
993955,2018,81,-0.1473837926153898,true,49,12,0.24489795918367346
399429,2009,10,0.05513613356404079,false,1,0,0.0
166585,1997,4,0.007279600985304668,true,223,131,0.5874439461883408
392344,2008,150,-0.03787039870291897,false,14,1,0.07142857142857142
913159,2017,77,-0.16418498913982082,false,127,36,0.28346456692913385
183830,1998,13,-0.4385151622140686,true,38,20,0.5263157894736842
583955,2014,146,-0.11977690325560797,false,0,0,0.0
449000,2001,15,-0.24938486997074882,false,1,1,1.0
782785,2014,28,0.20083163188403041,true,1,1,1.0
442044,2001,39,-0.04959935261960613,true,5,3,0.6
577597,2012,14,0.048723275210942774,false,3,0,0.0
376946,2008,36,0.1109404115468573,false,0,0,0.0
788499,2014,13,0.1403171456170078,true,0,0,0.0
666575,2011,29,-0.038566695337488355,true,0,0,0.0
976210,2018,21,0.05875525581771335,false,0,0,0.0
386164,2008,28,-0.0046176650294000865,false,0,0,0.0
128630,1996,19,0.10158313404517028,true,0,0,0.0
195173,1998,20,0.03714520714391778,false,0,0,0.0
358625,2007,39,-0.005119220811995895,true,5,5,1.0
312974,2003,15,-0.0961126641515877,true,0,0,0.0
320686,2005,1184,-0.03438188769190109,false,1,0,0.0
817670,2015,7,0.3611137833995217,true,123,47,0.3821138211382114
65831,1993,13,0.03842760213528251,true,0,0,0.0
84608,1994,7,-0.23734563084545712,false,2,1,0.5
831789,2015,27,-0.018142694420859584,true,1,0,0.0
241155,2000,23,-0.2783853917131127,true,2,1,0.5
714522,2012,43,0.17283525179284975,true,0,0,0.0
118893,1996,9,0.10741319582310904,true,0,0,0.0
547967,2006,5,-0.0009530904507926152,false,22,8,0.36363636363636365
461679,2003,25,-0.5983547903254145,true,3,2,0.6666666666666666
812601,2015,18,0.2953650167645412,false,90,26,0.28888888888888886
599608,2016,444,-0.13339070511409723,false,0,0,0.0
732198,2013,29,0.23483806305568056,true,2,0,0.0
613102,2018,124,0.11041946276066117,false,0,0,0.0
281744,2001,61,-0.15736098099249096,true,2,0,0.0
349668,2007,20,-0.09752655906900909,true,1,0,0.0
98934,1995,11,-0.09476205801353732,false,1,0,0.0
116378,1995,4,0.2961988064565997,false,5,2,0.4
106610,1995,698,-0.3034871187165411,true,2,2,1.0
132902,1996,25,-0.19927808003874237,true,1,1,1.0
365017,2007,34,-0.20325401546112865,true,3,3,1.0
10338,1990,14,0.259136246563477,false,0,0,0.0
909533,2017,7,0.01853230167737685,false,1,1,1.0
331048,2006,9,-0.07332974606218468,false,0,0,0.0
257292,2000,9,-0.1685836592372043,true,0,0,0.0
50284,1993,6,-0.05797633959390858,false,13,8,0.6153846153846154
215174,1999,12,-0.3904091895405548,true,0,0,0.0
683175,2012,48,0.07365476628696754,true,1,1,1.0
477707,2004,13,0.11334970547879664,true,8,5,0.625
84674,1994,205,0.1536759598127162,false,0,0,0.0
555397,2006,11,-0.1636849713654689,false,0,0,0.0
972447,2018,19,0.11134789813582291,false,0,0,0.0
687082,2012,9,-0.015559137086955666,true,3,0,0.0
530581,2006,18,-0.15131363053349034,false,3,3,1.0
494498,2004,7,-0.21930826678181692,false,202,129,0.6386138613861386
822646,2015,122,-0.03364111194566188,true,0,0,0.0
577787,2012,23,0.23302866660130928,false,10,2,0.2
508135,2005,50,-0.09138870983731717,true,2,2,1.0
1037779,2019,74,-0.11064541494475622,false,376,154,0.4095744680851064
391334,2008,7,-0.11427854953314753,false,226,149,0.6592920353982301
759998,2014,558,0.06078139510883096,true,0,0,0.0
799385,2014,22,-0.030423596856214985,false,3,2,0.6666666666666666
701588,2012,16,0.3447319404145164,false,0,0,0.0
645684,2011,10,0.2797014601323191,true,0,0,0.0
196409,1998,25,0.03590887100792184,false,12,4,0.3333333333333333
770429,2014,444,-0.12502241193449626,false,5,0,0.0
357189,2007,32,0.17186924204640164,false,0,0,0.0
855680,2016,1046,-0.0526796966858587,true,0,0,0.0
541411,2006,39,-0.0335566222484136,true,1,1,1.0
149268,1996,13,-0.10401460885941294,false,0,0,0.0
309214,2003,135,-0.21178301776240005,false,0,0,0.0
1026049,2019,27,0.26550533613730387,true,10,7,0.7
731178,2013,17,-0.16206947686634887,true,2,2,1.0
762327,2014,48,-0.16662829924875222,true,2,2,1.0
680390,2011,48,-0.2486928856607591,true,216,119,0.5509259259259259
129026,1996,37,-0.07960605281119726,false,0,0,0.0
837128,2015,13,0.14949405799885795,true,0,0,0.0
221248,1999,5,0.16030628925595458,true,0,0,0.0
410771,2009,33,-0.22814978642335682,true,1,1,1.0
22113,1991,21,-0.09218859522875178,true,0,0,0.0
109260,1995,12,0.16258348956030666,true,1,1,1.0
789589,2014,40,-0.019458804818665243,false,1,0,0.0
601319,2016,38,0.04181998767215678,false,0,0,0.0
683171,2012,36,-0.07479732432798247,true,0,0,0.0
661133,2011,17,-0.22975281776917011,true,25,15,0.6
344662,2007,23,-0.09219436042523288,true,9,8,0.8888888888888888
171570,1997,66,-0.05884316300333747,false,60,32,0.5333333333333333
291999,2002,21,-0.2734861265615143,false,14,7,0.5
598464,2016,55,0.08223425171976118,false,0,0,0.0
20395,1991,10,0.09871524979126,true,0,0,0.0
525481,2005,13,-0.04045143129477857,true,0,0,0.0
714099,2012,30,0.022730908140234263,false,0,0,0.0
558277,2006,374,-0.1388326056907796,false,0,0,0.0
970072,2018,86,-0.0037762083995174223,false,0,0,0.0
508490,2005,7,-0.17725111462990473,false,5,1,0.2
535724,2006,6,0.07917948968447774,true,959,588,0.6131386861313869
387829,2008,148,-0.24067355360812925,true,1,0,0.0
50031,1993,7,0.07068308056266481,false,0,0,0.0
839442,2015,66,-0.048933718505844936,true,20,7,0.35
875128,2016,35,0.15703542090632627,true,14,6,0.42857142857142855
818658,2015,13,0.21549392055324734,true,0,0,0.0
713674,2012,14,-0.34301329828186944,true,28,23,0.8214285714285714
881007,2016,30,0.1342675116666765,false,1,0,0.0
704228,2012,3,-0.20554314001343954,true,0,0,0.0
817140,2015,4,-0.046555567915704366,false,26,16,0.6153846153846154
790564,2014,10,-0.02585871148554908,false,6,5,0.8333333333333334
429991,2010,21,0.20777953235356783,true,0,0,0.0
963637,2018,17,-0.04305032600128911,false,3,1,0.3333333333333333
627079,2010,5,0.3394077304255232,true,6,4,0.6666666666666666
290046,2002,14,-0.04169282442831168,true,1,1,1.0
907798,2017,3,-0.005209429749925221,true,8,2,0.25
753288,2013,53,0.16987717440095995,false,9,5,0.5555555555555556
268184,2000,63,0.07088109105627094,true,1,1,1.0
126388,1996,21,-0.617105948726854,true,3,3,1.0
552463,2005,149,0.0055406802013857614,false,2,0,0.0
731618,2013,22,-0.03730248467434105,true,0,0,0.0
85226,1994,8,-0.04064484688862624,false,0,0,0.0
895728,2016,22,-0.07650878226362767,false,0,0,0.0
635896,2010,34,0.19998916637288833,true,0,0,0.0
316599,2004,33,-0.038381711996473555,false,1,0,0.0
475649,2003,28,-0.30542387459068454,false,1,1,1.0
820371,2015,27,0.09679864844892805,true,0,0,0.0
100998,1995,16,-0.36625553213270656,false,1,0,0.0
1055461,2019,11,0.06125660487799145,true,5,2,0.4
133355,1996,5,-0.1945618104178859,true,3,2,0.6666666666666666
978284,2018,18,-0.05703529802921459,false,7,1,0.14285714285714285
363641,2007,73,-0.12638095844667419,true,3,3,1.0
374295,2008,16,-0.07213861665666599,false,0,0,0.0
81563,1994,12,-0.13164912638641457,true,1,1,1.0
527215,2005,755,-0.09651008685800821,true,1,1,1.0
652450,2011,20,0.14383450154285882,true,37,24,0.6486486486486487
229357,1999,7,-0.10803574897815338,true,0,0,0.0
1023807,2019,25,-0.09513755590637452,true,40,26,0.65
312940,2004,31,-0.1135075937804988,true,0,0,0.0
513787,2005,13,-0.01581862439918602,true,119,78,0.6554621848739496
122744,1996,7,0.17501822725689564,true,3,2,0.6666666666666666
822759,2015,14,0.007424412203081765,true,6,3,0.5
55121,1993,34,-0.21991506759325574,false,1,0,0.0
253007,2000,21,0.15597935515085926,true,1,0,0.0
338576,2007,10,0.024872649395205393,true,0,0,0.0
618200,2019,64,0.11335732739933402,false,1,0,0.0
755824,2013,87,0.05717374448977708,true,1,1,1.0
216140,1998,12,0.012208726153440708,false,14,8,0.5714285714285714
582150,2013,77,-0.003194729898645665,false,0,0,0.0
542480,2006,17,0.0239653568527336,true,0,0,0.0
326584,2016,18,-0.06370413446410783,true,1,0,0.0
972618,2018,4,-0.05395854048980553,false,1,0,0.0
408428,2009,8,-0.15249611475330038,true,4,4,1.0
603753,2017,114,0.08072996874023142,false,0,0,0.0
802166,2015,77,0.15045929895435917,true,3,2,0.6666666666666666
818719,2015,4,0.07045279468350696,true,0,0,0.0
766383,2014,36,0.001067251114276857,true,0,0,0.0
111737,1995,6,-0.30662359238598924,true,0,0,0.0
862115,2016,54,-0.00030796149973788545,false,0,0,0.0
589094,2015,158,0.2435462947975484,false,0,0,0.0
49341,1993,5,-0.07297537984864366,false,3,2,0.6666666666666666
883433,2016,24,0.18187398464654514,false,0,0,0.0
721556,2013,27,0.1474385399091469,true,1,1,1.0
1004367,2018,123,-0.041672695173405216,true,0,0,0.0
831965,2015,42,0.20109846310084034,false,0,0,0.0
641284,2010,53,0.3989805452405939,false,0,0,0.0
404869,2009,14,-0.0700479748655134,true,0,0,0.0
892033,2016,5,0.16230198527279605,false,1,1,1.0
934899,2017,47,-0.12496349149499064,false,0,0,0.0
265507,2000,220,0.06427856992844116,true,7,7,1.0
448526,2001,4,-0.18831206695922376,true,76,50,0.6578947368421053
620342,2019,60,0.06628005583096996,false,2,0,0.0
170252,1997,6,0.16827274586161156,false,0,0,0.0
524793,2005,16,-0.0773627507114858,false,2,1,0.5
612781,2018,78,-0.01896405823032765,false,1,0,0.0
626928,2010,19,-0.05731001787765777,false,1,0,0.0
751970,2013,28,0.10851013716209934,true,0,0,0.0
425017,2009,38,0.03765457999588584,true,0,0,0.0
731565,2013,127,-0.06833443580897924,true,0,0,0.0
252304,2000,509,-0.0975042404355495,true,9,7,0.7777777777777778
315077,2004,62,-0.11016787034560593,false,0,0,0.0
945404,2017,37,-0.055910963530863,true,1,1,1.0
854648,2016,31,0.018665997990220617,false,0,0,0.0
418174,2009,811,0.003071350594515021,true,0,0,0.0
832713,2015,22,-0.004171097556920245,false,6,2,0.3333333333333333
373771,2008,31,0.017235156100672278,true,5,3,0.6
838501,2015,20,0.08981746682229552,true,1,1,1.0
740346,2013,11,0.25853881052480343,true,14,7,0.5
671790,2011,155,0.014637299564021156,true,1,0,0.0
871457,2016,42,-0.12922333073751258,false,2,0,0.0
1063778,2019,103,-0.05368480055896274,false,0,0,0.0
563956,2008,82,-0.12075712898040081,false,0,0,0.0
968078,2018,180,-0.11202877071734463,false,44,8,0.18181818181818182
398463,2008,42,-0.07463622456303032,true,2,2,1.0
466982,2003,28,0.06201027929858505,true,10,10,1.0
501940,2005,26,0.0019820414282181176,true,1,0,0.0
936812,2017,255,-0.017664709379304533,false,5,0,0.0
592111,2015,53,0.05359965532518984,false,0,0,0.0
732998,2013,129,0.12149359539174043,true,3,3,1.0
449075,2001,6,0.181737765390106,true,56,37,0.6607142857142857
375755,2008,100,-0.06563200871845964,false,5,1,0.2
98526,1995,13,0.08805267034208075,true,0,0,0.0
664711,2011,59,0.21113644236866058,false,0,0,0.0
133181,1996,5,-0.12322677053392361,false,35,27,0.7714285714285715
872171,2016,63,-0.17951408996911322,false,4,0,0.0
79592,1994,6,0.20805539296061948,false,0,0,0.0
441286,2000,4,-0.018442196656007326,true,10,8,0.8
602415,2017,87,-0.17252746557162446,false,0,0,0.0
75562,1994,38,0.018625244828303522,false,9,8,0.8888888888888888
839405,2015,17,-0.10849675486338661,true,1,1,1.0
91858,1994,15,-0.19509292724218152,true,1,0,0.0
386782,2008,52,-0.040927941185937566,true,0,0,0.0
679513,2011,28,0.3075471564759438,true,1,1,1.0
359104,2007,26,0.05736997605831018,true,0,0,0.0
634700,2010,10,0.17120818546777183,false,1,0,0.0
769540,2014,42,-0.08149158517453436,false,1,1,1.0
781341,2014,37,0.007399801001653827,true,1,1,1.0
784138,2014,33,-0.05407346624741116,true,1,1,1.0
59859,1993,29,-0.11349089845883054,false,0,0,0.0
759674,2014,69,-0.03724726028170444,false,0,0,0.0
606975,2018,75,0.13950700574354435,false,0,0,0.0
849682,2015,42,0.037819667828249415,false,0,0,0.0
680414,2011,37,-0.008402405092601484,true,1,0,0.0
663108,2011,16,-0.36749410557137097,false,208,78,0.375
307375,2003,37,-0.012341787328804976,false,15,4,0.26666666666666666
375921,2008,36,-0.1341285187616439,true,0,0,0.0
268559,2000,5,-0.12079652272935881,false,0,0,0.0
412912,2009,30,-0.0016228230692334478,false,0,0,0.0
907128,2017,31,0.011608086186040367,true,2,1,0.5
1017570,2019,111,0.03493959891394294,true,0,0,0.0
1044004,2019,20,-0.10741938384596139,false,0,0,0.0
122687,1996,10,-0.0836368241106058,false,0,0,0.0
38156,1992,14,0.004980764654804126,true,24,20,0.8333333333333334
1046846,2019,11,0.06856513918233009,false,0,0,0.0
676667,2011,21,-0.17640835500972507,false,4,2,0.5
70767,1994,56,-0.3074076325361297,true,0,0,0.0
313891,2004,11,-0.2042117272359576,false,0,0,0.0
246473,2000,5,0.24828583348320254,false,216,120,0.5555555555555556
520471,2005,14,-0.3074405556615405,false,0,0,0.0
576085,2012,78,-0.13887965885464837,false,0,0,0.0
824189,2015,61,0.2371244944019848,false,1,1,1.0
1010848,2018,60,0.05151351846792096,false,1,0,0.0
680639,2012,116,0.0802262276936343,false,0,0,0.0
501497,2005,23,0.00946635211264546,false,2,0,0.0
1051275,2019,17,-0.24139388587055421,false,1,0,0.0
675718,2011,140,-0.14050622206895724,true,0,0,0.0
562085,2008,13,-0.03365605710552355,false,11,0,0.0
336996,2007,30,0.015758510967252448,true,0,0,0.0
505115,2005,36,0.3300033681080423,true,1,1,1.0
630159,2010,417,-0.1836803469475834,true,0,0,0.0
472661,2003,48,-0.20592260163066367,true,1,0,0.0
952277,2017,33,-0.08259552954706706,false,1,0,0.0
479343,2004,7,-0.10502351872195437,true,102,69,0.6764705882352942
442510,2001,26,-0.13830756930800892,false,2,0,0.0
988901,2018,39,-0.23931122638295754,false,7,3,0.42857142857142855
633282,2010,11,0.0926941116543798,true,1,1,1.0
1040451,2019,42,0.12614005932486627,false,0,0,0.0
888902,2016,741,-0.05098874350261662,false,3,1,0.3333333333333333
562933,2008,146,0.02722458863837307,false,3,0,0.0
280933,2001,17,-0.18526337110141622,true,4,4,1.0
46283,1992,16,-0.16951856989963154,true,0,0,0.0
673202,2011,43,-0.10585835995811887,true,86,42,0.4883720930232558
151742,1997,38,-0.1482135594096894,false,0,0,0.0
624957,2010,25,0.49022361226207867,false,0,0,0.0
664482,2011,7,-0.17513466693492497,true,0,0,0.0
612227,2018,17,-0.2780453967968626,false,0,0,0.0
132005,1996,3,-0.5449536393813812,false,28,16,0.5714285714285714
429308,2010,15,-0.2824067562208805,true,2,2,1.0
667211,2011,28,0.0333405115308798,false,0,0,0.0
952978,2017,108,-0.2204163463088351,true,151,25,0.16556291390728478
98148,1995,10,-0.271078226052202,true,0,0,0.0
130173,1996,5,-0.10321003957453545,false,0,0,0.0
82531,1994,28,0.3000428042279699,true,1,1,1.0
127684,1996,3,-0.07821807572459694,true,222,152,0.6846846846846847
374668,2008,14,-0.11837116822518023,false,64,47,0.734375
1036480,2019,102,-0.12650338443597153,false,2,0,0.0
179952,1997,35,-0.04118249176828481,true,0,0,0.0
93107,1995,22,-0.08668983585340051,false,0,0,0.0
1044065,2019,84,-0.009986783242636132,true,3,3,1.0
707475,2012,16,-0.2867037208846348,true,25,19,0.76
931327,2017,14,-0.30915023397947117,true,0,0,0.0
660720,2011,48,-0.1336789795515223,true,16,11,0.6875
813465,2015,30,0.2510246437813928,false,0,0,0.0
951694,2017,65,-0.07164122537944895,false,0,0,0.0
721645,2013,12,0.037673144540080195,false,0,0,0.0
470464,2003,5,-0.011854137933593911,true,0,0,0.0
383863,2008,104,-0.11259995972160741,true,20,18,0.9
255390,2000,12,-0.10487169466341495,false,0,0,0.0
648106,2011,4,-0.04982589220320044,true,0,0,0.0
847573,2015,31,-0.07135812785803708,false,0,0,0.0
591100,2015,109,-0.17089372242467604,false,1,0,0.0
811346,2015,33,-0.16613565998731517,false,14,8,0.5714285714285714
890944,2016,15,-0.1559893431538164,false,1198,571,0.4766277128547579
313521,2004,51,-0.12142093623139782,true,1,1,1.0
154535,1997,12,-0.036409222936500285,true,0,0,0.0
46814,1992,13,0.3859826470831935,false,0,0,0.0
238838,2000,12,-0.14361471514453328,false,1,1,1.0
678073,2011,70,-0.0922251813269499,false,0,0,0.0
144449,1996,16,-0.14446266921683648,true,1,0,0.0
405674,2009,41,-0.08136173060396157,true,2,2,1.0
466374,2003,7,0.3971876593400854,false,2,1,0.5
432259,2010,22,-0.21447206494098037,true,1,1,1.0
887618,2016,29,-0.00030025752421725116,false,3,0,0.0
644288,2010,23,-0.2579543619731961,false,18,10,0.5555555555555556
213451,1999,32,0.1538980124310676,false,1,0,0.0
252427,2000,47,0.006897800106984597,true,25,25,1.0
832636,2015,46,-0.03451362547821635,true,0,0,0.0
338153,2007,29,0.16103899906628616,false,0,0,0.0
169787,1997,9,-0.11631538183155854,false,20,8,0.4
119119,1996,10,-0.3145015357441254,true,3,3,1.0
723527,2013,43,-0.03376670511464308,false,0,0,0.0
896926,2016,26,-0.13278440980171702,true,12,7,0.5833333333333334
305150,2003,31,0.046971524060751335,true,1,1,1.0
691469,2012,20,0.13252489377506915,false,16,11,0.6875
964603,2018,92,-0.17442604472738932,false,0,0,0.0
634474,2010,29,0.012725633014592397,false,2,0,0.0
325203,2010,80,-0.20147812309723,false,2,0,0.0
419742,2009,12,0.128290828731914,true,0,0,0.0
685589,2012,10,-0.02856146261192727,false,0,0,0.0
729127,2013,20,-0.017471029761556345,true,2,2,1.0
467591,2003,3,-0.1249677598941048,true,0,0,0.0
926883,2017,95,-0.06957172341657447,false,0,0,0.0
694311,2012,85,-0.06245959606762108,false,2,1,0.5
379371,2008,16,0.2219615168003024,true,1,1,1.0
607007,2017,600,-0.008426615261838855,false,0,0,0.0
383554,2008,7,0.9725716459144547,true,502,337,0.6713147410358565
1023983,2019,157,0.12775742509655075,true,2,0,0.0
207687,1999,58,-0.1502820307385102,true,1,1,1.0
170159,1997,18,-0.3429797446535181,true,2,2,1.0
223829,1999,100,0.05426610448059499,true,7,7,1.0
187784,1998,22,-0.07206870134400756,true,0,0,0.0
993877,2018,13,-0.006302582737878204,true,2,1,0.5
288964,2001,5,0.4039484437754872,false,8,6,0.75
776068,2014,811,-0.0590548538623441,false,1,1,1.0
278920,2001,12,-0.00019163645719011413,true,0,0,0.0
787538,2014,20,-0.060775449421265115,true,0,0,0.0
451272,2002,8,0.2212198664749847,false,0,0,0.0
818797,2015,34,0.019038029500574538,false,1,1,1.0
696704,2012,18,0.119913032883316,true,5,5,1.0
688062,2012,11,0.09174289680327607,false,1,0,0.0
1007484,2018,55,-0.02271685550776681,false,12,0,0.0
890875,2016,100,0.0512536917103219,false,2,0,0.0
97961,1995,37,-0.048890044714959835,true,5,1,0.2
169565,1997,10,-0.20152958655976239,true,3,2,0.6666666666666666
154867,1997,59,-0.04835987956164978,true,1,1,1.0
818784,2015,43,-0.044785308219543296,true,0,0,0.0
439753,2000,19,-0.05091597418808469,true,3,3,1.0
71398,1994,13,-0.09383215959633295,true,11,4,0.36363636363636365
757294,2013,88,0.24290995662079684,true,0,0,0.0
343927,2007,9,-0.09755634155552428,true,36,28,0.7777777777777778
899390,2016,36,0.06031746285080164,false,0,0,0.0
924190,2017,175,0.24785780892565157,false,5,0,0.0
555928,2006,20,0.03261322748282769,false,0,0,0.0
597183,2016,147,0.16269968691663195,false,0,0,0.0
910019,2017,565,-0.04456169959009104,false,2,0,0.0
671066,2011,168,-0.18707980919173917,true,0,0,0.0
904056,2017,94,-0.08659248105983686,true,0,0,0.0
886483,2016,62,0.10910815962546216,false,0,0,0.0
892149,2016,90,-0.021529623890195637,true,4,2,0.5
512649,2005,17,-0.19846198340313492,true,0,0,0.0
809048,2015,26,0.03137131610793631,true,0,0,0.0
1023300,2019,3,0.2928187092662853,false,130,61,0.46923076923076923
722147,2013,7,0.314550696897097,false,8,2,0.25
784563,2014,8,0.07764249288279412,true,1,1,1.0
329645,2006,5,0.15299147911459343,true,5,3,0.6
92258,1995,8,-0.07998814310097302,false,0,0,0.0
878265,2016,19,-0.18205717139794508,false,13,3,0.23076923076923078
28667,1991,22,-0.13069151808079837,false,0,0,0.0
207468,1999,15,-0.281964498894272,false,0,0,0.0
217098,1999,15,0.1836317565962453,true,0,0,0.0
96085,1995,18,0.0926106022883939,true,1,0,0.0
168477,1997,22,-0.36823574193179187,false,2,0,0.0
746744,2013,192,0.12252307475304125,false,1,0,0.0
1018487,2019,40,0.025189530168775676,false,0,0,0.0
185723,1998,19,-0.09334095413711374,true,0,0,0.0
726178,2013,17,0.13879976364409252,false,0,0,0.0
336864,2007,96,-0.015511747913990348,true,2,1,0.5
449973,2002,50,-0.1635863890635214,true,5,5,1.0
802591,2015,21,0.2634702224354877,true,2,1,0.5
522031,2005,25,-0.14980687000012427,true,4,3,0.75
36942,1992,13,0.26595240548336196,false,0,0,0.0
336189,2007,21,0.035788974939308105,true,0,0,0.0
939731,2017,23,-0.23322887701355732,true,2,0,0.0
375520,2008,281,0.13383807253371893,true,0,0,0.0
747013,2013,21,0.07689706817655129,true,1,1,1.0
779169,2014,30,-0.010902206865189612,false,8,3,0.375
64771,1993,18,0.13260842629862335,true,0,0,0.0
285205,2001,31,0.2824963452552556,true,0,0,0.0
199499,1998,14,0.09644589977971041,false,3,1,0.3333333333333333
630951,2010,345,-0.09607327301274537,true,0,0,0.0
632484,2010,16,0.4823183341029589,true,4,2,0.5
649509,2011,262,0.07008851066770028,false,0,0,0.0
738065,2012,56,0.07609351208681137,false,22,20,0.9090909090909091
308474,2003,21,0.24347052403482738,true,0,0,0.0
305865,2003,14,-0.20820855112999315,true,1,0,0.0
492732,2004,23,0.2019429604127687,false,5,4,0.8
263428,2000,903,0.11107374237870271,false,0,0,0.0
802256,2015,158,0.03298931499269386,true,1,1,1.0
825930,2015,58,0.11106950619469469,false,0,0,0.0
1030916,2019,50,0.0028002033676823856,false,0,0,0.0
275666,2001,14,-0.2121048897519886,false,1,1,1.0
157284,1997,9,0.021068753815330687,false,16,16,1.0
463856,2003,19,0.003311089204361295,true,0,0,0.0
374458,2008,5,-0.1460177711441002,true,1,1,1.0
167526,1997,3,-0.644752859643825,true,23,14,0.6086956521739131
1001389,2018,16,-0.5108243802378141,false,16,4,0.25
948941,2017,19,0.060585748804410144,false,35,10,0.2857142857142857
1004366,2018,5,0.19396297773009064,true,27,15,0.5555555555555556
897398,2016,24,-0.05136485629029952,false,5,1,0.2
1065435,2019,35,-0.013963483832623247,false,0,0,0.0
141361,1996,52,-0.10993433177191436,true,2,2,1.0
989260,2018,71,0.21535666120095698,true,20,20,1.0
973436,2018,28,-0.20150810136487696,true,2,2,1.0
941325,2017,9,-0.21896456960091548,false,0,0,0.0
988089,2018,42,0.2436951369506808,true,0,0,0.0
432569,2010,21,0.15772610065498505,true,0,0,0.0
449255,2002,42,-0.29943815163765786,false,0,0,0.0
671851,2011,61,-0.10093636867924527,false,1,0,0.0
982735,2018,43,0.04139571672043463,false,17,2,0.11764705882352941
438341,2000,31,-0.1599852548022591,true,0,0,0.0
556769,2006,96,0.11992982135482677,false,0,0,0.0
1002503,2018,203,0.0745623257339556,false,4,0,0.0
1015580,2019,17,0.17556180192058246,false,10,1,0.1
395328,2008,38,-0.02918303357533869,false,1,0,0.0
249003,2000,5,0.09519596798339869,true,0,0,0.0
863138,2016,44,0.2029879047187686,false,4,1,0.25
122500,1996,48,-0.18046088178997133,true,7,6,0.8571428571428571
466161,2003,53,0.04194723449951354,false,0,0,0.0
805786,2015,26,0.07555095892693142,true,0,0,0.0
64953,1993,16,-0.10569794327932591,false,1,0,0.0
306403,2003,34,0.0626384790500607,false,2,1,0.5
167704,1997,9,-0.12291147306955796,true,4,2,0.5
463525,2003,10,0.15352282083723967,false,0,0,0.0
468943,2003,35,-0.18590783771369956,true,3,0,0.0
659812,2011,59,0.09769453325030852,false,0,0,0.0
259722,2000,12,0.10317857285625287,false,0,0,0.0
311138,2003,19,-0.13274192614844527,false,1,0,0.0
130387,1996,37,-0.2358621600176818,true,0,0,0.0
492816,2004,9,-0.25879587702089246,false,2,0,0.0
125090,1996,14,-0.02029381213857473,true,1,1,1.0
500399,2005,30,-0.09701980837973068,false,0,0,0.0
1062829,2019,12,0.311901863202694,false,0,0,0.0
582918,2013,51,-0.02480146257393523,false,0,0,0.0
793116,2014,71,-0.042138547796458425,true,0,0,0.0
722305,2013,9,-0.09975355705943034,false,0,0,0.0
849120,2015,30,-0.13433138173887205,false,0,0,0.0
322420,2006,5,-0.028120878573776764,true,908,538,0.5925110132158591
33999,1992,9,-0.05616546890113128,true,12,8,0.6666666666666666
654607,2011,33,-0.16616569226918987,false,1,1,1.0
821778,2015,26,0.4420320398491011,true,119,51,0.42857142857142855
847148,2015,13,-0.005938081706198695,false,31,9,0.2903225806451613
219389,1999,107,-0.350253156088161,true,63,60,0.9523809523809523
755933,2013,44,-0.35993037000648265,false,1454,816,0.5612104539202201
861979,2016,26,0.005761658314484386,false,1,0,0.0
619675,2019,177,0.12656078926177594,false,0,0,0.0
306760,2003,25,0.056762825198357625,false,0,0,0.0
605792,2017,30,0.09000347009247278,true,3,3,1.0
991076,2018,28,0.024417788575513022,false,0,0,0.0
532943,2006,14,0.06424068687215545,true,1,1,1.0
845327,2015,9,-0.02416234952252161,false,24,10,0.4166666666666667
739796,2013,6,0.013280015727477945,false,9,6,0.6666666666666666
326585,2016,18,-0.06370413446410783,false,1,1,1.0
391968,2008,35,0.4787153565739857,true,1,0,0.0
451750,2002,13,-0.1383519716772117,false,0,0,0.0
894879,2016,25,-0.07831155720095229,true,1,0,0.0
910578,2017,78,0.015454260613424697,false,339,135,0.39823008849557523
805858,2015,54,-0.10045765093246128,true,2,2,1.0
801763,2015,70,-0.11014686703512133,false,12,7,0.5833333333333334
894219,2016,6,0.12386629267023164,false,26,9,0.34615384615384615
971567,2018,208,0.003195752400595442,false,0,0,0.0
26314,1991,6,0.33536896669014205,false,0,0,0.0
793352,2014,11,0.15491597281653835,true,0,0,0.0
328959,2006,15,-0.005160446876192992,true,0,0,0.0
675459,2011,64,0.006147395495326613,true,15,11,0.7333333333333333
870034,2016,102,-0.1043865645796167,true,0,0,0.0
983270,2018,53,-0.16394359114179746,false,376,109,0.2898936170212766
172857,1997,5,-0.47969627790946934,false,0,0,0.0
600885,2016,117,-0.029699811622972305,false,0,0,0.0
244869,2000,30,-0.2786729935208001,false,23,19,0.8260869565217391
185238,1998,10,0.03763990736566214,true,13,13,1.0
915050,2017,253,0.11590267628546291,false,0,0,0.0
952640,2017,75,-0.08608168779944148,true,3,0,0.0
70176,1994,19,-0.1792227809043938,false,1,0,0.0
318806,2005,22,0.0029173808733045092,false,0,0,0.0
743161,2013,107,0.027664560070166377,false,50,32,0.64
484206,2004,35,-0.17738460841134884,true,1,0,0.0
120620,1996,15,-0.2327096205450503,false,3,2,0.6666666666666666
784847,2014,10,0.02859252246188948,true,0,0,0.0
522882,2005,87,-0.04530187967606514,true,0,0,0.0
803579,2015,58,0.050130451790129094,true,2,2,1.0
927190,2017,93,-0.13758401129760944,false,0,0,0.0
93285,1995,16,0.1679855870385456,true,0,0,0.0
1028681,2019,9,0.10340780387473814,true,0,0,0.0
774591,2014,11,0.039501118128992374,true,0,0,0.0
1053044,2019,14,0.2068128123179589,true,0,0,0.0
184346,1998,19,0.43079831369426724,true,3,2,0.6666666666666666
311088,2003,16,0.17459272792026503,true,28,4,0.14285714285714285
147565,1996,126,0.09301213928097152,false,0,0,0.0
218231,1999,12,-0.07683363531997411,false,0,0,0.0
634431,2010,209,-0.027837977962279048,false,3,0,0.0
654362,2011,29,0.13963318632456456,false,6,3,0.5
518911,2005,23,-0.17687350356241538,false,3,1,0.3333333333333333
1059885,2019,31,-0.021834809691719137,false,1,0,0.0
113995,1995,46,-0.19622279800488585,true,0,0,0.0
256977,2000,115,-0.06756005283376343,false,0,0,0.0
351086,2007,16,-0.07093469198434921,true,0,0,0.0
67309,1993,19,-0.014936415737881958,false,4,0,0.0
774688,2014,83,-0.4058071528219567,true,29,29,1.0
294410,2002,31,0.26169071323025417,false,0,0,0.0
322033,2006,183,-0.1228079048085382,true,1,1,1.0
17935,1991,23,0.07412647103477976,true,2,2,1.0
531069,2006,105,-0.09739105021855021,true,0,0,0.0
749267,2013,37,-0.19946838004727319,true,3,2,0.6666666666666666
104151,1995,3,-0.3116099515413282,true,0,0,0.0
601936,2016,109,0.06435071754087929,true,0,0,0.0
391079,2008,69,-0.1606858104136144,true,2,2,1.0
449699,2002,5,0.3486781916704622,true,0,0,0.0
381284,2008,9,0.07952471904631775,false,0,0,0.0
818096,2015,16,0.0472000160605317,false,0,0,0.0
156361,1997,155,0.07111837010227529,true,2,2,1.0
520512,2005,3,-0.3114666470112679,true,8,7,0.875
69776,1994,30,0.29465177688126243,true,0,0,0.0
942764,2017,21,-0.13680588293309803,false,64,19,0.296875
606515,2017,45,0.029045638962031717,false,0,0,0.0
586642,2014,23,0.07507318354114378,false,0,0,0.0
664891,2011,32,0.41353013464853916,true,0,0,0.0
561051,2008,535,0.0214577685487507,false,2,0,0.0
897427,2016,17,0.03683333948941314,true,100,53,0.53
718900,2013,17,-0.09716021025617128,true,0,0,0.0
994916,2018,366,-0.13984098079452645,true,0,0,0.0
441617,2000,50,-0.20844659205424065,false,10,4,0.4
813432,2015,9,0.05325614893534869,true,0,0,0.0
678595,2011,6,1.1491144113998386,false,16,8,0.5
972949,2018,44,-0.008566140248658982,true,4,2,0.5
962869,2018,30,0.45351798726808124,true,0,0,0.0
1069131,2019,51,-0.00004547910319274706,false,1,1,1.0
168798,1997,23,-0.21684778019238493,false,0,0,0.0
109729,1995,38,-0.031398289578007166,true,3,3,1.0
531575,2006,176,-0.10084648947393493,false,0,0,0.0
894590,2016,119,0.037664817900660896,true,24,4,0.16666666666666666
35282,1992,9,-0.5077405699573179,true,3,2,0.6666666666666666
829417,2015,23,0.18389103944094298,false,0,0,0.0
829485,2015,15,-0.40526934742370724,false,5,0,0.0
566596,2009,382,-0.048698521827900354,false,2,0,0.0
87956,1994,31,0.15853717695506742,true,1,0,0.0
1005578,2018,16,-0.10702588839026284,false,2,0,0.0
305126,2003,43,-0.04441270732715097,true,0,0,0.0
642390,2010,4,-0.043320000757560706,true,32,18,0.5625
813089,2015,47,-0.1370503145283486,false,1,0,0.0
88822,1994,9,0.31782798582769,false,0,0,0.0
669558,2011,10,-0.1114728657262809,true,6,2,0.3333333333333333
343548,2007,24,0.018529840513392237,true,370,255,0.6891891891891891
105086,1995,18,-0.36442437559830587,true,52,26,0.5
253766,2000,25,-0.11260983118213641,true,0,0,0.0
1030089,2019,15,-0.012132634590864555,false,650,291,0.44769230769230767
386233,2008,6,-0.24269811665717178,false,0,0,0.0
741239,2013,33,-0.09955723341472078,true,481,274,0.5696465696465697
447597,2001,30,-0.1991624085937298,true,2,2,1.0
509725,2005,8,0.10481222753735153,true,1,0,0.0
280522,2001,9,0.07503846634992417,false,97,34,0.35051546391752575
652222,2011,50,-0.09801360458469954,false,0,0,0.0
755872,2013,30,0.2071086835381788,true,9,8,0.8888888888888888
421090,2009,29,-0.09260580270142693,false,1409,822,0.5833924769339958
643362,2010,43,0.433337801122879,true,116,104,0.896551724137931
815153,2015,64,0.05255324511353798,false,1,1,1.0
1001681,2018,49,-0.08931071227319887,false,0,0,0.0
112626,1995,27,-0.039121586924313334,false,1,0,0.0
832389,2015,48,0.004995810100488107,false,0,0,0.0
992363,2018,26,-0.010698687920314143,false,0,0,0.0
905958,2017,43,0.09659756289471222,false,0,0,0.0
711403,2012,17,0.12178631859021749,true,5,3,0.6
244061,1998,30,-0.19817175079334426,true,0,0,0.0
403202,2009,26,-0.0034875132599987424,false,1,0,0.0
321827,2006,12,-0.4168731159038801,true,28,26,0.9285714285714286
809849,2015,42,-0.05622583471228815,false,3,0,0.0
381966,2008,26,-0.15456713736782035,false,1,0,0.0
142277,1996,16,-0.07824525398618931,false,0,0,0.0
217299,1999,7,0.7113933467001692,true,0,0,0.0
1001716,2018,46,-0.25782604612385107,true,6,6,1.0
722701,2013,17,0.010878961868828085,true,0,0,0.0
295584,2002,90,0.001263909549633624,false,1,0,0.0
442224,2001,22,-0.135532511781304,true,2,2,1.0
569612,2010,283,0.08148963518513597,false,0,0,0.0
634810,2010,60,0.07529725927948228,false,6,1,0.16666666666666666
554160,2005,6,-0.11012228636241694,false,10,6,0.6
272500,2001,25,0.11924022549553293,true,2,2,1.0
963072,2018,11,-0.035623448860401474,true,152,84,0.5526315789473685
933377,2017,97,-0.01998937264908296,true,1,0,0.0
135365,1996,13,0.23131089984625497,true,1,0,0.0
418935,2009,25,-0.05399958981115205,true,4,3,0.75
1041762,2019,32,0.18620735340909444,false,1,0,0.0
205654,1999,18,0.1445663899634928,true,1,1,1.0
412915,2009,35,-0.23691655575538562,true,5,2,0.4
327766,2006,12,-0.10320498177598836,false,0,0,0.0
304870,2003,12,0.17477435930038432,true,153,83,0.5424836601307189
564260,2009,71,-0.0034517594137257746,false,0,0,0.0
813960,2015,315,-0.051929526617591204,true,60,24,0.4
960248,2018,25,-0.20770724371312976,true,2,1,0.5
156765,1997,65,-0.059548060820369564,true,40,24,0.6
143549,1996,5,-0.13731251897464247,false,4,1,0.25
435278,2010,9,0.23356304496181046,true,2,0,0.0
740635,2013,8,-0.0019571748748088424,true,4,4,1.0
845235,2015,17,-0.02877877888648861,false,2,2,1.0
799539,2014,97,-0.07680663136755594,true,0,0,0.0
986389,2018,33,-0.07734147207753672,true,49,8,0.16326530612244897
317768,2004,69,-0.1034612121862013,true,2,2,1.0
442948,2001,8,-0.04487255295816439,true,5,5,1.0
478621,2004,32,0.0838280377752163,true,0,0,0.0
452773,2002,143,0.07095027040598456,false,5,4,0.8
75873,1994,15,-0.13788925105161542,false,3,0,0.0
62813,1993,735,-0.17531132197967336,true,2,2,1.0
489928,2004,95,-0.2052794227204071,false,2,0,0.0
623083,2010,26,-0.07434341072946893,true,5,1,0.2
206874,1999,71,0.10480610021569436,true,1,1,1.0
348020,2007,146,-0.04996785179447816,false,2,1,0.5
456334,2002,32,-0.2619775605519612,true,11,9,0.8181818181818182
937564,2017,60,-0.06943121446792055,false,0,0,0.0
486132,2004,13,-0.0338314100419117,true,0,0,0.0
858666,2016,26,-0.08216794567161312,false,3,2,0.6666666666666666
925916,2017,23,-0.06547564289598373,false,0,0,0.0
1057502,2019,10,0.148273176281565,true,62,35,0.5645161290322581
788626,2014,29,0.04453690588930481,false,1,0,0.0
758035,2013,12,0.1843607455879157,false,1,0,0.0
572359,2011,252,0.0030773385079641002,false,0,0,0.0
553848,2006,120,-0.0885575974238102,false,3,0,0.0
348439,2007,21,-0.07064490962932979,true,6,4,0.6666666666666666
681743,2012,13,-0.1205699993324858,true,6,6,1.0
583764,2013,1567,-0.06112741984999559,false,0,0,0.0
915405,2017,25,0.033650782563726445,false,0,0,0.0
397691,2008,74,-0.34927889347027286,true,7,4,0.5714285714285714
745959,2013,24,0.07859881581183181,true,0,0,0.0
503116,2005,12,-0.19473944715637526,true,0,0,0.0
243877,1999,19,0.060330120357978245,true,0,0,0.0
909839,2017,8,0.05868884496029292,true,0,0,0.0
848507,2015,54,-0.08510866654722715,false,0,0,0.0
107568,1995,6,-0.06138130527281227,false,2,1,0.5
236400,2000,14,-0.08634876608987341,true,0,0,0.0
582690,2013,57,-0.07451850625592993,false,0,0,0.0
856770,2016,33,0.002203473424654767,true,0,0,0.0
1064552,2019,33,0.3634017421305584,false,3,0,0.0
429644,2010,21,-0.10899451592482023,false,62,34,0.5483870967741935
802496,2015,19,-0.12863571184087075,true,15,3,0.2
34249,1992,18,0.07387555312433935,true,3,3,1.0
348379,2007,9,-0.11872639802931673,false,2,0,0.0
725290,2013,39,0.0013331046746811737,true,49,30,0.6122448979591837
33221,1992,24,0.0487945537103851,true,32,10,0.3125
1056400,2019,93,-0.017497762406843087,false,2,0,0.0
1018507,2019,265,-0.07697310829364756,false,0,0,0.0
159312,1997,23,0.21764888140242178,true,10,10,1.0
817008,2015,58,0.13208631669583681,true,2,2,1.0
589031,2014,132,0.05685840755280047,false,0,0,0.0
334938,2006,10,0.18659226015396513,true,0,0,0.0
800194,2014,16,-0.06386741878816071,false,0,0,0.0
551596,2004,200,0.2573170666348146,false,13,3,0.23076923076923078
548252,2006,53,0.048001669095389055,true,1,1,1.0
596027,2016,40,-0.00759820292056812,false,0,0,0.0
935223,2017,10,-0.2528581602705726,true,3,1,0.3333333333333333
423085,2009,25,0.3113478848659197,false,36,11,0.3055555555555556
332300,2006,3,0.11856082679700641,true,295,209,0.7084745762711865
194133,1998,13,0.00729589875925285,false,0,0,0.0
851628,2016,146,-0.11302509654482273,false,3,1,0.3333333333333333
438035,2000,22,-0.1487398346392288,true,4,4,1.0
665218,2011,35,-0.058848499570740564,false,0,0,0.0
837170,2015,12,-0.049875114503746154,false,0,0,0.0
330508,2006,79,0.04789969114815129,true,1,1,1.0
694273,2012,13,0.014185825872401026,true,1,1,1.0
836791,2015,60,0.13404346819255952,false,1,0,0.0
1051102,2019,101,-0.022832341233646858,false,3,2,0.6666666666666666
551881,2004,162,0.01976018805349611,false,1,0,0.0
365509,2007,32,0.3271332815651631,false,4,0,0.0
791980,2014,174,-0.11222408248603655,false,0,0,0.0
125846,1996,11,-0.24292179969631267,true,2,2,1.0
584986,2014,250,-0.034257523893801434,false,2,0,0.0
398929,2008,131,-0.18206970015643842,true,11,6,0.5454545454545454
319125,2005,27,-0.052038974535293825,true,3,3,1.0
908008,2017,20,0.019153714993101367,false,0,0,0.0
1004837,2018,686,0.016799310996814754,false,0,0,0.0
130335,1996,22,-0.11095967426381215,false,3,1,0.3333333333333333
1052092,2019,44,-0.19364923221501318,false,3,1,0.3333333333333333
885227,2016,53,-0.09929469133219282,true,1,0,0.0
327987,2006,68,-0.06282321562647386,true,1,0,0.0
650164,2011,12,-0.3489476983873523,true,0,0,0.0
1031337,2019,5,0.22940742972768113,false,0,0,0.0
368195,2007,240,-0.0048157587499457755,false,1,0,0.0
294786,2002,17,-0.4188055806635349,false,0,0,0.0
205775,1999,16,-0.4999356628506044,true,2,2,1.0
946700,2017,53,-0.030600584563913458,false,1,0,0.0
687529,2012,33,0.08697442077017126,true,0,0,0.0
395534,2008,14,0.29075929059729777,true,3,1,0.3333333333333333
839499,2015,90,-0.1106363123348757,true,2,1,0.5
731334,2013,8,0.13933852462088403,true,0,0,0.0
947899,2017,15,0.1701105010208508,true,0,0,0.0
20474,1991,24,0.24309653653340746,true,0,0,0.0
346974,2007,11,0.24066234985000357,true,92,55,0.5978260869565217
1048618,2019,55,-0.21781405579398871,true,25,13,0.52
423065,2009,27,0.11505340964895172,false,0,0,0.0
785529,2014,88,-0.08517235117382693,false,2,0,0.0
20051,1991,8,0.2075537115274786,true,94,43,0.4574468085106383
366174,2007,24,0.5440900888774713,true,5,2,0.4
123771,1996,11,0.06910368757227836,true,0,0,0.0
329183,2006,25,0.20583512928223335,true,17,15,0.8823529411764706
288726,2001,97,0.11741428560602074,false,0,0,0.0
1023483,2019,19,-0.08136685614816219,false,0,0,0.0
441786,2000,11,-0.04085210307148923,false,0,0,0.0
966222,2018,136,0.02095187198264714,false,0,0,0.0
711684,2012,15,0.7266045971554265,true,59,40,0.6779661016949152
3586,1990,15,0.6806328220528295,false,3,0,0.0
985213,2017,4,-0.013540326298967287,false,1,0,0.0
712330,2012,13,-0.01348982386056452,false,0,0,0.0
751407,2013,30,0.10513087499173057,true,10,4,0.4
51386,1993,17,0.02913301561674153,false,1,0,0.0
473353,2003,3,-0.0038038048383395306,false,2,2,1.0
490914,2004,19,-0.4351389734447215,true,0,0,0.0
705030,2012,30,0.21440801241590712,true,7,4,0.5714285714285714
385787,2008,7,0.041015791572937665,true,172,108,0.627906976744186
490588,2004,53,0.17618610688920633,true,0,0,0.0
584136,2014,68,0.1250202030904104,false,1,0,0.0
452665,2002,6,-0.40696415898540295,true,0,0,0.0
746249,2013,59,-0.1298854998884682,true,0,0,0.0
523089,2005,21,-0.11870101040467773,true,1,1,1.0
216364,1999,3,0.35056582591471575,true,458,263,0.574235807860262
311105,2003,17,0.1318531450409095,false,31,5,0.16129032258064516
585769,2014,105,0.13113471345336603,false,3,0,0.0
787962,2014,3,-0.11247531315599346,false,1413,729,0.5159235668789809
954342,2017,37,0.08818282255177845,false,0,0,0.0
425651,2009,9,0.27628167071395193,true,0,0,0.0
919228,2017,35,-0.19999587753978343,true,0,0,0.0
290907,2002,49,-0.04677571474994657,true,1,1,1.0
118184,1996,25,-0.1405335714635374,true,4,4,1.0
212766,1998,16,-0.006885983124139017,false,0,0,0.0
941606,2017,21,0.04519395192443465,true,64,24,0.375
485330,2004,37,-0.24526984536752572,false,9,4,0.4444444444444444
189658,1998,14,0.06842279949723018,false,1,0,0.0
148954,1996,61,0.21414883477283198,true,2,1,0.5
379565,2008,70,-0.10813388115489708,false,1,1,1.0
215787,1999,52,0.06904826355264504,true,0,0,0.0
481542,2004,24,0.04157527235198888,true,1,1,1.0
172174,1997,32,0.11429293661313622,true,2,2,1.0
512114,2005,10,0.06044571933512355,true,1,1,1.0
336310,2007,90,0.05873624418985157,true,2,1,0.5
613939,2018,127,0.08347642447152559,false,0,0,0.0
471157,2003,34,0.20416116228351022,true,0,0,0.0
691993,2012,20,0.17232290984170895,false,1,1,1.0
215588,1999,67,0.02358219549186824,false,0,0,0.0
47608,1992,26,0.09320915755787595,false,1,0,0.0
1009480,2018,67,0.0990616897298997,true,2,2,1.0
891198,2016,72,0.09529002541325937,false,0,0,0.0
628294,2010,5,0.1171158672089252,true,5,3,0.6
989327,2018,7,0.2556160511369763,true,27,7,0.25925925925925924
425313,2009,11,0.09345937561907203,true,56,38,0.6785714285714286
945534,2017,7,0.3661153128780992,true,43,17,0.3953488372093023
266601,2000,40,0.13085214577188875,true,2,1,0.5
289181,2001,77,-0.3684760004553107,true,1,1,1.0
926907,2017,5,-0.17605109296396293,false,19,9,0.47368421052631576
197772,1998,22,-0.11841288612862844,true,0,0,0.0
936959,2017,45,-0.06750755192556124,false,0,0,0.0
415893,2009,233,-0.08426161162939927,true,2,1,0.5
139367,1996,29,0.027349625990943593,true,0,0,0.0
175651,1997,7,0.12489739744915429,true,0,0,0.0
259727,2000,10,-0.1958766139510395,true,0,0,0.0
765643,2014,96,-0.048234825657865965,true,0,0,0.0
468565,2003,5,-0.21631126869595185,true,0,0,0.0
375763,2008,212,-0.140614831137591,true,1,1,1.0
420127,2009,36,-0.1300719697411905,false,462,179,0.3874458874458874
714783,2012,359,0.13247498897921295,true,3,1,0.3333333333333333
356368,2007,4,-0.2544519801930063,true,4,2,0.5
685778,2012,33,-0.02735223576442891,true,0,0,0.0
644308,2010,5,0.13056299804106164,true,6,6,1.0
1062767,2019,67,0.047527313030502505,true,1,1,1.0
995010,2018,9,0.03678275759780103,true,0,0,0.0
13606,1990,5,-0.20064018694740327,false,141,71,0.5035460992907801
101629,1995,14,0.16690985377959588,false,2,0,0.0
686231,2012,73,0.00042994566957865743,true,0,0,0.0
341264,2007,199,0.025548615023777366,true,3,3,1.0
716576,2012,60,0.1791404718589762,true,0,0,0.0
964291,2018,109,-0.0773757719344772,false,0,0,0.0
459839,2002,44,-0.047457808484745456,true,0,0,0.0
723597,2013,159,-0.11969261636143003,true,0,0,0.0
969887,2018,45,-0.1325586459626562,false,0,0,0.0
144764,1996,10,-0.059640686238067175,false,54,22,0.4074074074074074
236906,2000,26,-0.10066537211409088,true,0,0,0.0
63321,1993,6,-0.0836220191746504,true,6,4,0.6666666666666666
432516,2010,31,0.11823638160103744,false,2,0,0.0
448752,2001,26,0.08107142061634054,false,1,0,0.0
968890,2018,15,-0.08165621941722367,false,0,0,0.0
76046,1994,11,-0.10739936289671892,false,2,0,0.0
336045,2007,7,0.11526210789315883,true,0,0,0.0
58931,1993,24,0.056659720133446,false,1,0,0.0
733783,2013,48,0.07581575098754989,false,0,0,0.0
402485,2009,152,-0.12699727566324093,true,7,3,0.42857142857142855
1046328,2019,101,0.006613680727271198,true,13,13,1.0
464499,2003,14,0.4502009190985641,true,22,7,0.3181818181818182
88191,1994,24,-0.12320166476138006,false,10,3,0.3
701434,2012,7,0.06968733444328645,true,0,0,0.0
511012,2005,71,-0.024752226414401335,true,0,0,0.0
830453,2015,49,-0.01802576921769017,true,2,2,1.0
506238,2005,12,-0.04592082242258222,true,0,0,0.0
584435,2014,89,-0.15560790624500243,false,0,0,0.0
157681,1997,25,0.04640999409425639,false,0,0,0.0
731685,2013,5,-0.009885102529274548,true,369,198,0.5365853658536586
23009,1991,7,0.37754159267244347,true,0,0,0.0
847010,2015,33,-0.14622321597379395,true,101,61,0.6039603960396039
556165,2006,77,0.013778904710496143,true,0,0,0.0
427033,2009,50,0.18299342385770156,true,1,1,1.0
545123,2006,263,0.012567631634605725,true,2,1,0.5
528780,2006,51,-0.20201720554988345,false,0,0,0.0
745406,2013,29,-0.15315362174393332,true,0,0,0.0
815842,2015,65,0.06610027701037602,false,2,1,0.5
399651,2009,9,0.14976638432338696,false,6,0,0.0
26097,1991,9,-0.21429325665088328,false,0,0,0.0
142272,1996,24,-0.003257437084652537,true,0,0,0.0
301846,2002,40,-0.046534760200575676,false,0,0,0.0
147703,1996,13,-0.08943104933115187,true,0,0,0.0
582132,2013,94,0.008276594056738418,false,1,0,0.0
107739,1995,18,0.02387367932620066,true,1,1,1.0
371459,2008,12,0.300146394423205,false,4,1,0.25
1049095,2019,70,0.014687315097215325,false,1,0,0.0
952839,2017,50,-0.01418016950239398,true,0,0,0.0
164945,1997,5,0.03870477487384072,true,1,0,0.0
895863,2016,12,0.018147805116078608,true,3,2,0.6666666666666666
679096,2011,262,-0.20338849590193098,false,0,0,0.0
1063981,2019,191,0.08112025722518279,false,2,1,0.5
305995,2003,11,-0.23868606927641167,false,0,0,0.0
927254,2017,37,0.3345132986721797,true,0,0,0.0
128553,1996,7,-0.13915655608315802,false,0,0,0.0
992472,2018,56,-0.14000807690038375,false,0,0,0.0
127545,1996,21,0.458999150141576,true,0,0,0.0
459509,2002,23,-0.21933199533641368,false,0,0,0.0
837895,2015,37,0.07374700781450905,false,3,1,0.3333333333333333
87660,1994,18,0.15057047893385,false,0,0,0.0
615745,2019,38,-0.09388306527030288,true,0,0,0.0
925412,2017,44,0.014359758279234747,false,0,0,0.0
932842,2017,20,0.1603011609809606,false,14,2,0.14285714285714285
88491,1994,12,0.3415644554823656,true,23,22,0.9565217391304348
640226,2010,7,0.044918988609597754,true,42,31,0.7380952380952381
101150,1995,14,-0.06147752362005132,false,0,0,0.0
695938,2012,53,0.07393443492747442,false,2,1,0.5
883884,2016,33,0.022263610782808918,false,0,0,0.0
252961,2000,14,-0.05505668660628338,false,1,1,1.0
888354,2016,3,-0.18755147442106868,true,150,74,0.49333333333333335
997392,2018,212,-0.06992852361022805,true,1,0,0.0
191357,1998,7,-0.10951312908289346,false,4,3,0.75
575819,2011,337,0.06150140328310183,false,2,0,0.0
216052,1999,14,-0.024915079613005986,true,0,0,0.0
958525,2018,27,0.05576172255382961,true,67,17,0.2537313432835821
187049,1998,10,-0.1505699749289704,true,2,2,1.0
247925,2000,21,0.17868243753136692,true,6,6,1.0
697274,2012,63,0.05349841127041799,false,2,1,0.5
441746,2000,6,-0.04178218022549274,true,0,0,0.0
715884,2012,849,0.020461542584634174,true,2,0,0.0
114440,1995,11,-0.3146741855242974,true,0,0,0.0
834525,2015,62,0.0719298751948303,false,2,0,0.0
376221,2008,224,0.09127827831786117,true,1,1,1.0
406334,2009,7,0.11549880564045623,false,127,87,0.6850393700787402
1016525,2019,15,-0.2941601692511613,true,1,0,0.0
148054,1996,23,-0.07105856560313839,false,0,0,0.0
1059091,2019,25,-0.16996835018330092,true,0,0,0.0
759563,2014,27,0.1335885452689327,false,1,1,1.0
604359,2017,255,-0.028450445306086536,false,0,0,0.0
779730,2014,648,0.035256935905036535,false,0,0,0.0
971899,2018,21,-0.2178578133004061,true,0,0,0.0
626882,2010,14,0.08162641650510682,true,0,0,0.0
431275,2010,45,0.08439447586849269,false,8,4,0.5
576199,2012,24,-0.1725758383136613,false,6,0,0.0
134527,1996,9,-0.4230429341373023,true,1,1,1.0
396180,2008,13,-0.08701157885558253,false,0,0,0.0
62585,1993,9,-0.0919752348698859,true,3,3,1.0
471127,2003,10,-0.38928283542874986,false,0,0,0.0
87246,1994,11,-0.17765675536443748,true,7,5,0.7142857142857143
245529,2000,58,0.31562306855245215,true,2,2,1.0
148679,1996,18,0.13637108648996765,false,6,6,1.0
7439,1990,15,0.7609429877774225,false,0,0,0.0
435,1990,20,1.5299187532422662,false,1,0,0.0
119400,1996,14,-0.2746266632111505,false,2,0,0.0
703652,2012,15,0.1977112275737154,true,1,0,0.0
232667,1999,3,0.27884846960755105,true,40,23,0.575
470955,2003,17,0.03556764438275195,true,0,0,0.0
260585,2000,43,0.05537623685122739,true,2,2,1.0
143,1990,10,0.9605875523119707,false,3,2,0.6666666666666666
404937,2009,45,0.1798652830239975,true,1,1,1.0
122482,1996,7,0.0013001849337976878,true,0,0,0.0
503120,2005,19,0.06408502609894029,true,0,0,0.0
833070,2015,67,-0.21383382778224425,true,539,265,0.49165120593692024
662151,2011,86,-0.05883563815834503,true,1,1,1.0
22408,1991,11,0.03857909845579055,false,0,0,0.0
295124,2002,31,0.05016536546968631,true,0,0,0.0
769089,2014,29,0.10041602968199381,false,0,0,0.0
860373,2016,13,0.10340610868156741,false,0,0,0.0
351689,2007,59,-0.04702992527729677,true,0,0,0.0
313169,2004,19,-0.28604245869357925,true,0,0,0.0
740596,2013,23,0.17875911300397096,false,0,0,0.0
496576,2004,50,-0.18076820805907357,true,3,2,0.6666666666666666
400394,2009,15,-0.049493719203258735,true,0,0,0.0
254001,2000,32,-0.006379497854328342,true,0,0,0.0
75291,1994,126,0.3509649061805882,true,2,2,1.0
734958,2013,13,-0.18242695711552326,true,0,0,0.0
824937,2015,51,0.00008133033910606713,false,34,7,0.20588235294117646
455512,2002,18,0.043609839408522255,true,0,0,0.0
1267,1990,13,0.9456874289396708,true,0,0,0.0
954521,2017,77,0.12290880246305669,true,4,1,0.25
174099,1997,9,0.036480005094010615,true,0,0,0.0
583610,2013,160,-0.017270096177029348,true,1,0,0.0
132967,1996,27,-0.0528872601692969,true,1,1,1.0
163934,1997,30,-0.18492616533992923,false,2,2,1.0
827414,2015,52,-0.1712902909335261,false,1227,631,0.5142624286878565
1018870,2019,18,0.2509808963673459,true,0,0,0.0
540212,2006,7,-0.38676294879052797,false,0,0,0.0
89058,1994,16,0.05786099451171278,false,3,3,1.0
831795,2015,90,-0.18544169712022907,false,5,1,0.2
669798,2011,46,-0.3256380564872394,false,1,0,0.0
524223,2005,18,-0.18709543148871344,true,1,1,1.0
138542,1996,12,0.042330865223171976,false,4,2,0.5
810752,2015,13,-0.14246270412761408,false,0,0,0.0
1016563,2019,84,-0.18993600331316163,false,19,9,0.47368421052631576
236166,2000,24,-0.08646044704747258,false,11,4,0.36363636363636365
279651,2001,34,-0.3657634542753678,false,0,0,0.0
681847,2012,15,0.10471830894810896,true,0,0,0.0
452281,2002,12,0.17134294951427975,true,0,0,0.0
934947,2017,67,0.16535501106781236,true,2,0,0.0
59021,1993,30,0.04378415304100969,true,0,0,0.0
550896,2004,135,0.04564483778185213,false,10,0,0.0
764171,2014,12,0.24491306979187488,true,3,2,0.6666666666666666
586634,2014,242,0.14699075502159964,false,1,0,0.0
728717,2013,10,0.09752983105284496,true,47,22,0.46808510638297873
479475,2004,79,-0.2129848449043812,true,3,3,1.0
959100,2018,45,0.07655230622886577,true,0,0,0.0
755669,2013,217,0.002516178751380771,false,1,1,1.0
631045,2010,15,-0.009262493974325103,true,2,2,1.0
454371,2002,8,0.023280400302479798,false,0,0,0.0
422906,2009,80,-0.1526204404055207,true,1,1,1.0
520510,2005,62,-0.1216608142913298,true,2,2,1.0
61674,1993,8,0.11459865717948681,false,3,1,0.3333333333333333
683429,2012,82,-0.19620759839126745,true,3,1,0.3333333333333333
129651,1996,9,-0.09240887190994318,false,0,0,0.0
270478,2001,40,-0.04359289323204063,true,0,0,0.0
420474,2009,88,-0.25223388058679763,false,3,1,0.3333333333333333
381998,2008,55,-0.1303636360014817,true,3,1,0.3333333333333333
424709,2009,83,0.0055458209052838825,true,1,0,0.0
747349,2013,22,-0.16480414681887767,true,626,368,0.5878594249201278
1043614,2019,49,0.19792681105011845,true,4,3,0.75
630924,2010,3,0.2020703235961676,true,0,0,0.0
15528,1990,19,0.3038809121523629,false,1,0,0.0
997620,2018,83,-0.22695296204662707,true,1,1,1.0
962623,2018,7,-0.15698034972904917,false,77,40,0.5194805194805194
840379,2015,3,0.00881026628406012,false,17,10,0.5882352941176471
560285,2007,254,-0.0013848754576306632,false,0,0,0.0
639258,2010,36,-0.00016883657284871845,true,1,1,1.0
1008809,2018,26,-0.3950158898675973,false,5,0,0.0
1039595,2019,49,-0.13058407928264515,false,0,0,0.0
218177,1999,16,0.11225182282396773,true,0,0,0.0
383610,2008,3,-0.12081126777977325,true,0,0,0.0
338050,2007,9,-0.09939522591028727,true,1,0,0.0
370235,2008,24,-0.09868786677151675,true,5,0,0.0
176901,1997,23,-0.09296950243513447,false,1,0,0.0
1061452,2019,216,0.008623980850360535,true,1,1,1.0
426229,2009,48,0.009218860295293396,false,2,0,0.0
253258,2000,28,0.3610859912637312,false,24,18,0.75
341210,2007,17,-0.012854218648437943,true,533,336,0.6303939962476548
854822,2016,124,0.10557402808893457,false,3,0,0.0
948552,2017,26,-0.08866434075571394,true,3,2,0.6666666666666666
483389,2004,17,0.3390801640464165,true,0,0,0.0
1006294,2018,41,0.15467615502076537,true,4,4,1.0
727905,2013,8,0.01941667990467799,false,0,0,0.0
440396,2000,42,-0.2765769776326117,true,5,5,1.0
967604,2018,31,-0.14195575886905942,true,18,2,0.1111111111111111
400225,2009,30,-0.1821391753756787,true,1,1,1.0
656769,2011,36,0.10340716568280062,false,526,302,0.5741444866920152
21664,1991,6,-0.0991393777702747,true,0,0,0.0
878631,2016,44,0.08709847968150264,false,18,5,0.2777777777777778
665878,2011,25,-0.07623223263691603,true,3,3,1.0
462643,2003,22,0.11699109097870952,true,0,0,0.0
28765,1991,12,0.10574008007015046,true,0,0,0.0
1005010,2018,64,-0.14607627568133452,false,3,0,0.0
185720,1998,20,-0.2439059102210397,true,5,5,1.0
944312,2017,53,-0.24801275864488215,false,0,0,0.0
349485,2007,57,-0.09004067799268523,true,1,1,1.0
853847,2016,44,-0.03751766259773337,true,7,7,1.0
1022783,2019,33,0.11601877021051532,false,16,4,0.25
445342,2001,24,-0.21103874304572212,false,1,0,0.0
517137,2005,11,0.006951181785259664,true,1,1,1.0
862824,2016,110,-0.07921141643783791,false,3,0,0.0
609387,2018,225,0.1238825772415213,true,0,0,0.0
637768,2010,7,-0.04818545177043276,true,1,1,1.0
227015,1999,8,-0.2412888214421285,true,0,0,0.0
847204,2015,21,-0.11881184814248424,true,2,1,0.5
239697,2000,5,0.04950969581546438,false,23,17,0.7391304347826086
39723,1992,21,-0.032881934505343935,true,24,8,0.3333333333333333
711886,2012,54,-0.008006371353603381,false,0,0,0.0
256787,2000,74,-0.06550276093814933,true,0,0,0.0
626255,2010,47,-0.03378048456116822,false,1,1,1.0
645289,2010,7,-0.041516729823729115,true,0,0,0.0
212375,1999,110,0.24137069237749698,true,0,0,0.0
940737,2017,39,-0.13219147033832446,true,1,1,1.0
652671,2011,11,0.026957660841328668,false,15,10,0.6666666666666666
397294,2008,119,-0.1618503017932098,false,5,0,0.0
198237,1998,8,-0.021967629863289595,true,4,4,1.0
259137,2000,328,-0.0762631872760382,false,1,1,1.0
958513,2018,67,-0.08954075331048728,false,0,0,0.0
87460,1994,9,-0.38372220714044936,false,2,1,0.5
221573,1999,26,0.1040241414074159,false,0,0,0.0
579868,2013,62,-0.00144820323099637,false,1,0,0.0
874477,2016,28,0.06409440590359772,true,0,0,0.0
254385,2000,43,0.03608532575380874,true,4,4,1.0
1009052,2018,64,0.03723013031104827,false,1,1,1.0
160728,1997,23,0.04699352320397843,false,0,0,0.0
578756,2012,259,0.00787726443806891,false,0,0,0.0
771273,2014,191,-0.05120630028568707,true,3,3,1.0
7791,1990,7,0.9899674939845893,true,17,9,0.5294117647058824
978872,2018,35,-0.1406362164291135,true,72,57,0.7916666666666666
206923,1999,14,0.19365302875545432,false,0,0,0.0
234387,1999,58,0.002314632841746267,false,0,0,0.0
352027,2007,59,0.03188104763082311,true,7,5,0.7142857142857143
99457,1995,12,0.1987402652030763,true,0,0,0.0
912621,2017,4,0.297618241648296,true,1,1,1.0
154896,1997,22,-0.1380726759556019,true,0,0,0.0
622861,2010,11,0.16483202057835467,false,2,0,0.0
396104,2008,52,0.006622362638236012,false,4,3,0.75
279800,2001,12,0.056022879014244964,false,1,0,0.0
1053994,2019,36,0.09397009059412031,false,0,0,0.0
970925,2018,27,0.49188942312394435,false,4,2,0.5
401183,2009,21,-0.1306596356797236,true,384,263,0.6848958333333334
439472,2000,36,-0.22208357746872043,true,0,0,0.0
352862,2007,34,-0.0007295356723311386,false,0,0,0.0
665463,2011,9,0.2279911943421835,true,0,0,0.0
78647,1994,48,0.5156206254375553,true,6,6,1.0
310045,2003,44,0.1357750813663312,false,234,165,0.7051282051282052
599912,2016,76,-0.09045399795774056,true,0,0,0.0
428696,2010,6,0.08776459853215002,true,1,1,1.0
851574,2016,46,0.01175972412252424,true,1,1,1.0
623508,2010,144,-0.05786356781011781,false,1,1,1.0
633104,2010,16,-0.17424581941426176,true,0,0,0.0
558650,2007,118,-0.0718859610038507,false,1,0,0.0
144208,1996,16,0.11577346642993991,true,4,4,1.0
282421,2001,40,-0.14973370224249205,false,8,3,0.375
108565,1995,6,0.44308638649965637,true,1,1,1.0
846974,2015,98,0.0232202200406868,false,0,0,0.0
28996,1991,24,0.001763929773678008,false,0,0,0.0
464565,2003,23,0.035429962129895465,false,0,0,0.0
359386,2007,10,0.2103600319107235,true,227,148,0.6519823788546255
435637,2006,13,-0.15015399371075855,true,0,0,0.0
920491,2017,12,-0.02561491224205703,false,2,0,0.0
710122,2012,85,-0.03157831660923183,true,2,1,0.5
651624,2011,23,0.006571961896099765,true,0,0,0.0
406146,2009,17,-0.09550165631974039,true,93,58,0.6236559139784946
119588,1996,11,-0.49980172163517267,true,0,0,0.0
983969,2018,73,-0.28553429437608013,false,3,0,0.0
520911,2005,13,-0.08970394122150172,true,87,66,0.7586206896551724
422631,2009,11,0.009597290815933412,true,3,2,0.6666666666666666
705345,2012,102,0.12052213963944158,false,0,0,0.0
234625,1999,20,0.1297712673924023,true,0,0,0.0
58939,1993,48,-0.17184750565075113,true,0,0,0.0
198935,1998,28,-0.09247292474683011,false,1,0,0.0
91380,1995,66,-0.37178141895979344,true,16,10,0.625
668347,2011,7,-0.10483886518098551,false,106,67,0.6320754716981132
489283,2004,7,0.033962094480542326,true,136,69,0.5073529411764706
208760,1999,58,-0.11959883550500372,true,0,0,0.0
995753,2018,16,-0.07136711605000379,true,0,0,0.0
655728,2011,20,0.03863921477523835,true,0,0,0.0
1069798,2019,103,0.067123121329284,false,0,0,0.0
277031,2001,67,0.1990739338211096,false,0,0,0.0
842176,2015,26,0.07442006912114874,false,1,0,0.0
146858,1996,113,0.22397660014355525,false,9,0,0.0
361587,2007,85,0.036395448652494444,true,0,0,0.0
481920,2004,16,0.010277869413022778,false,5,0,0.0
769197,2014,60,-0.09207514659415406,false,0,0,0.0
260570,2000,55,-0.14504709986841302,true,2,2,1.0
703477,2012,55,0.2591159029230541,true,7,4,0.5714285714285714
953820,2017,85,0.07304273310159459,false,0,0,0.0
852175,2016,46,0.11394005792759732,false,0,0,0.0
823160,2015,24,-0.06268227913650914,false,1,0,0.0
117055,1995,7,-0.09101431196783949,true,126,52,0.4126984126984127
215864,1999,16,0.40162796041071847,false,1,0,0.0
860607,2016,5,0.047545118217411364,false,33,16,0.48484848484848486
543293,2006,136,-0.009088489279565515,true,0,0,0.0
731473,2013,12,0.026073533426004047,true,0,0,0.0
330047,2006,91,0.01328426491364132,true,0,0,0.0
743075,2013,41,0.18431826933416495,true,0,0,0.0
938396,2017,18,0.013230800282387989,false,1,0,0.0
505299,2005,29,-0.21889400640033774,true,0,0,0.0
199304,1998,7,-0.3042765547903823,false,0,0,0.0
46650,1992,30,0.08609917697537295,false,0,0,0.0
200947,1998,36,0.018180278398481242,true,0,0,0.0
202898,1998,28,0.15252051764596342,true,0,0,0.0
836517,2015,12,-0.1492139615573107,true,1,1,1.0
852669,2016,31,0.035183292781620246,true,0,0,0.0
722594,2013,49,-0.10185448482952708,false,0,0,0.0
368425,2008,14,0.16054777791220154,true,0,0,0.0
59416,1993,11,0.0953622320656704,false,0,0,0.0
818280,2015,16,0.10228521392949297,true,0,0,0.0
903058,2017,26,0.11649740119242225,true,17,8,0.47058823529411764
650344,2011,20,0.20204254192209525,false,0,0,0.0
72968,1994,16,-0.03354964983359299,true,0,0,0.0
885171,2016,5,0.0902157204085352,true,22,17,0.7727272727272727
284321,2001,14,-0.203255930556427,true,0,0,0.0
974311,2018,169,0.01066038712225037,true,41,21,0.5121951219512195
959398,2018,98,-0.13685744180520087,true,0,0,0.0
422156,2009,65,0.0362828281457892,true,1,1,1.0
330648,2006,57,-0.07921413102887698,false,4,2,0.5
181102,1998,22,-0.08313386853545524,true,0,0,0.0
316474,2004,30,-0.23750689522228718,false,1,0,0.0
523184,2005,13,-0.16181294141648905,true,0,0,0.0
359312,2007,186,-0.3487664655152978,false,18,12,0.6666666666666666
56862,1993,18,0.004499702087350066,false,0,0,0.0
979842,2018,40,-0.1221132161826688,false,0,0,0.0
551169,2004,76,-0.00792495067857546,false,0,0,0.0
570229,2010,269,-0.20385919157330035,false,0,0,0.0
1043530,2019,73,-0.19084243995157912,false,0,0,0.0
228369,1999,22,-0.004159794484284163,false,0,0,0.0
7443,1990,11,0.19974156833182288,true,15,12,0.8
983039,2018,48,-0.0399309469093323,false,1,0,0.0
355641,2007,7,0.03308073406100398,false,0,0,0.0
228439,1999,42,-0.002345557533934617,true,1,1,1.0
528900,2006,7,0.16360488014605323,true,0,0,0.0
205294,1998,55,-0.15895240424708934,false,0,0,0.0
324778,2009,40,-0.1491666359810031,true,1,1,1.0
399265,2009,16,-0.15105370706798915,true,407,183,0.44963144963144963
297733,2002,26,-0.1587321152148622,true,0,0,0.0
480220,2004,13,-0.118430918622205,true,0,0,0.0
794719,2014,14,-0.2088877525770716,false,964,440,0.45643153526970953
4255,1990,12,0.5733775740792435,false,0,0,0.0
38820,1992,39,0.14005697403859863,false,2,1,0.5
704143,2012,18,-0.05647504045063645,true,9,6,0.6666666666666666
211586,1999,12,-0.27232620525745066,true,16,6,0.375
619317,2019,21,-0.32122764476985477,true,0,0,0.0
1067877,2019,22,0.12898634966856548,false,0,0,0.0
1065281,2019,81,-0.14056629384172936,false,0,0,0.0
315435,2004,17,-0.3738496480092568,false,0,0,0.0
12358,1990,5,0.8861156899189391,false,10,7,0.7
243099,1994,126,0.033062397820957656,true,1,1,1.0
283506,2001,4,0.08843057573087698,false,12,3,0.25
535020,2006,13,-0.04784862035031434,false,1,1,1.0
893552,2016,27,0.0060051637899452,true,0,0,0.0
408351,2009,7,0.10187472217136406,false,0,0,0.0
1052028,2019,32,-0.003986300734645454,true,2,2,1.0
269409,2001,27,-0.1262242819278816,true,1,0,0.0
938134,2017,41,-0.1848891990999002,false,1,0,0.0
247020,2000,12,-0.05027560207491888,false,0,0,0.0
361396,2007,96,-0.07871645630926682,true,1,1,1.0
655485,2011,16,0.3469235713722325,false,0,0,0.0
10442,1990,25,0.436424294489254,false,1,1,1.0
829849,2015,18,-0.21602830677873452,true,0,0,0.0
714519,2012,10,0.10728297906658657,true,6,3,0.5
372743,2008,8,-0.04152392405165983,false,1,1,1.0
283109,2001,10,0.366487229419878,true,1,0,0.0
1006373,2018,23,-0.19509210025194523,false,0,0,0.0
820368,2015,15,0.08590142622636243,true,0,0,0.0
961234,2018,15,-0.20775865665146576,false,0,0,0.0
241073,2000,44,0.024073643030393832,false,0,0,0.0
71909,1994,11,-0.07478398227142691,false,0,0,0.0
205267,1998,6,0.020245797806007104,true,0,0,0.0
13103,1990,19,0.5226425885742989,false,4,3,0.75
770942,2014,16,-0.04523777212499702,true,70,48,0.6857142857142857
387851,2008,29,-0.025946945966806467,true,241,172,0.7136929460580913
856504,2016,10,0.026528304530661018,true,2,2,1.0
423593,2009,32,-0.017946346770968624,false,0,0,0.0
769165,2014,9,-0.02925403608052779,true,854,456,0.5339578454332553
450870,2002,13,0.13676652595213223,true,7,6,0.8571428571428571
1053397,2019,16,-0.0019181389271079041,false,4,2,0.5
935135,2017,152,-0.0782833179694511,true,20,17,0.85
834139,2015,11,0.03232774641481928,false,85,47,0.5529411764705883
240411,2000,750,-0.06703743207513835,true,0,0,0.0
825518,2015,9,0.046767579487900335,false,0,0,0.0
395963,2008,22,0.07712429318721359,false,0,0,0.0
793481,2014,30,0.13274508890943615,true,7,5,0.7142857142857143
804446,2015,18,0.07063049257870446,false,3,2,0.6666666666666666
689650,2012,9,-0.2971641558205995,true,1,1,1.0
473882,2003,159,-0.09009953442443663,true,5,3,0.6
404315,2009,18,-0.06857467069817513,true,1,1,1.0
425948,2009,19,-0.03957669805340558,true,0,0,0.0
442416,2001,25,-0.017155753344570535,true,0,0,0.0
671390,2011,18,0.30397659548111555,false,1,1,1.0
865058,2013,112,-0.18203759886470916,false,1,0,0.0
221900,1999,7,-0.16779781551064765,false,18,6,0.3333333333333333
104335,1995,9,-0.4805375488988277,false,3,0,0.0
740185,2013,18,0.03023449537057399,false,9,5,0.5555555555555556
596660,2016,164,-0.043485234667695494,false,0,0,0.0
424005,2009,20,-0.16091316988543447,true,2,0,0.0
482633,2004,16,0.02110568602330165,false,0,0,0.0
663089,2011,102,0.23586475090826342,false,15,7,0.4666666666666667
619430,2019,110,0.13249548039368397,false,0,0,0.0
537365,2006,50,-0.1582581355480306,false,1,0,0.0
911238,2017,210,-0.1036407246008495,true,0,0,0.0
31870,1992,9,0.23428582251833685,false,3,2,0.6666666666666666
249474,2000,7,-0.007707979664651532,true,0,0,0.0
709526,2012,85,-0.04164680617178629,false,0,0,0.0
146607,1996,8,0.10556038757021291,false,10,6,0.6
186294,1998,12,0.07615398332709322,true,1,1,1.0
228866,1999,25,0.2200137857481792,false,0,0,0.0
15896,1990,107,0.09346878914806922,false,1,0,0.0
735542,2013,161,0.021612468130378204,true,4,1,0.25
327202,2006,3,0.004577074500665468,true,106,64,0.6037735849056604
1042860,2019,93,-0.2028856000130852,false,0,0,0.0
578695,2012,374,-0.051999819573479655,false,1,0,0.0
700146,2012,31,0.0382360965247468,false,7,4,0.5714285714285714
447710,2001,15,0.09776041491822518,true,0,0,0.0
491129,2004,15,-0.24600198353432123,false,10,2,0.2
451628,2002,7,-0.16823950055363923,true,0,0,0.0
880404,2016,205,0.031137031133096738,false,0,0,0.0
477157,2003,3,-0.12078805819527538,false,49,34,0.6938775510204082
821264,2015,34,-0.133816053751862,false,3,0,0.0
422034,2009,95,0.22903117601303968,true,2,2,1.0
808338,2015,35,0.17188132196807437,false,1,0,0.0
769991,2014,48,-0.001290897248972911,false,3,0,0.0
149073,1997,24,-0.1382556895601894,true,0,0,0.0
321441,2006,5,0.15952549009463102,false,34,23,0.6764705882352942
327361,2006,25,0.3217081576548715,true,0,0,0.0
435498,2006,90,0.1048208963627415,false,2,0,0.0
586637,2014,117,-0.17171635121352757,false,3,0,0.0
6210,1990,19,0.3599384499156537,false,0,0,0.0
570307,2010,257,-0.03231735790021162,false,8,0,0.0
643412,2010,3,-0.3796496420954041,true,2,2,1.0
400142,2009,13,-0.1322207417089718,true,1,1,1.0
146611,1996,14,0.31345886330212025,false,11,5,0.45454545454545453
663854,2011,18,0.5091233771256141,true,30,16,0.5333333333333333
328195,2006,8,0.15806103207245847,true,0,0,0.0
217312,1999,8,-0.058949660643076385,true,1,1,1.0
472106,2003,22,-0.2814212306073305,true,5,3,0.6
508664,2005,12,-0.12263841145130883,false,0,0,0.0
556214,2006,162,0.03770803990558402,false,0,0,0.0
95392,1995,9,0.035462123530881406,true,1,0,0.0
838392,2015,61,-0.031283938409824685,true,0,0,0.0
534961,2006,19,0.3480839279504755,true,3,2,0.6666666666666666
533915,2006,18,0.0005520262756686378,true,0,0,0.0
94276,1995,13,-0.1168814118335959,false,0,0,0.0
306174,2003,135,0.037095962786975356,false,1,0,0.0
569097,2010,255,0.04569676358122221,false,18,14,0.7777777777777778
607341,2017,289,-0.11045148587361542,false,0,0,0.0
594798,2016,263,-0.004495489420905052,false,3,0,0.0
386528,2008,24,-0.08225335417116852,true,0,0,0.0
850086,2016,7,0.10281466379154303,false,132,78,0.5909090909090909
232764,1999,11,-0.14320678677340481,false,0,0,0.0
615944,2019,66,-0.13684682850837682,false,0,0,0.0
91636,1995,10,0.0122493540051547,false,1,0,0.0
38201,1992,14,-0.3124138487502224,false,3,2,0.6666666666666666
170041,1997,12,-0.06454976804055335,true,7,5,0.7142857142857143
222385,1999,5,-0.024519828470451088,false,0,0,0.0
502934,2005,5,-0.2155811075961651,true,1,0,0.0
1066183,2019,64,-0.05403155484725719,false,1,0,0.0
545545,2006,3,-0.3474772458218318,true,0,0,0.0
556034,2006,261,-0.08218125370971574,false,0,0,0.0
200940,1998,19,0.14402272555697415,true,1,0,0.0
290506,2002,32,0.056091948441494566,false,0,0,0.0
101910,1995,8,-0.007472378815216452,true,7,5,0.7142857142857143
562968,2008,7,-0.1631010068928056,false,0,0,0.0
1047820,2019,13,-0.024171525321706966,true,64,23,0.359375
429234,2010,20,-0.11626149855314072,true,0,0,0.0
299176,2002,22,0.06075094730293973,true,0,0,0.0
712786,2012,36,0.11520197591005177,false,247,154,0.6234817813765182
1051115,2019,117,-0.21053649586838574,true,22,15,0.6818181818181818
983646,2018,43,0.1033596170015576,true,0,0,0.0
823514,2015,38,-0.1396260650626262,false,13,7,0.5384615384615384
622355,2010,7,0.23251351685513377,true,0,0,0.0
327353,2006,12,0.07745505584451795,false,0,0,0.0
285560,2001,9,-0.17257416361022582,true,0,0,0.0
880765,2016,44,-0.11753812450542345,false,2,0,0.0
454555,2002,10,-0.11353209835895939,true,3,2,0.6666666666666666
354644,2007,58,0.04587527694532412,false,0,0,0.0
107965,1995,5,-0.6014355959942126,false,98,62,0.6326530612244898
500959,2005,10,-0.14097016017009523,true,0,0,0.0
410521,2009,24,0.17554243204257602,true,1,0,0.0
206445,1999,82,-0.07601899662129963,false,4,3,0.75
73652,1994,4,-0.04060245238422322,true,0,0,0.0
98824,1995,8,-0.1637157014310464,true,14,9,0.6428571428571429
637306,2010,7,-0.20221415300991996,true,53,31,0.5849056603773585
67449,1993,129,-0.08613192761008648,false,0,0,0.0
1044571,2019,28,0.09340530272870762,false,2,0,0.0
405750,2009,26,0.01722457337686567,false,0,0,0.0
569539,2010,30,0.0220523160831414,false,0,0,0.0
256110,2000,169,0.08289475007472102,true,1,1,1.0
491776,2004,10,0.06452471928198822,true,0,0,0.0
872628,2016,233,-0.09733984256512151,false,2,0,0.0
591885,2015,213,-0.029630686941864326,false,4,0,0.0
909069,2017,14,0.03615429159117589,true,0,0,0.0
620297,2019,41,-0.1964197483070942,false,0,0,0.0
447358,2001,73,-0.03370452408765745,false,0,0,0.0
341275,2007,126,0.03677212622389092,true,0,0,0.0
538537,2006,51,-0.1119907798506139,true,2,2,1.0
39005,1992,30,0.359051862743061,true,0,0,0.0
989416,2018,41,0.011601360986300602,true,3,1,0.3333333333333333
851609,2016,37,0.1872506901237907,true,4,1,0.25
1010860,2018,198,0.10958815752680051,true,3,1,0.3333333333333333
733289,2013,34,-0.006144616375284073,true,0,0,0.0
123608,1996,229,-0.018868602276128854,true,4,4,1.0
11806,1990,9,0.34161368643154155,true,9,6,0.6666666666666666
881369,2016,58,0.01881871873059282,false,2,0,0.0
1011092,2018,98,0.0989416405767729,false,2,0,0.0
424345,2009,30,-0.16275527281596425,true,67,35,0.5223880597014925
527774,2006,27,-0.010546717817474516,true,7,7,1.0
114677,1995,13,-0.09338820181539642,true,0,0,0.0
317015,2004,7,0.17758154476949883,false,1,1,1.0
982121,2018,17,-0.3350199866189163,false,0,0,0.0
539485,2006,30,-0.14462252036633227,true,2,1,0.5
410950,2009,22,-0.017993484166138884,true,206,131,0.6359223300970874
969135,2018,19,-0.04345415317114121,false,0,0,0.0
12068,1990,5,0.1919096992039213,true,47,21,0.44680851063829785
636114,2010,24,-0.23801959033159203,true,345,200,0.5797101449275363
845745,2015,60,0.06686142548722174,false,0,0,0.0
804614,2015,22,-0.04577550347198578,false,0,0,0.0
358383,2007,69,-0.07324789176877022,false,0,0,0.0
148936,1996,8,-0.2536045979511341,false,0,0,0.0
570844,2011,62,-0.04017973787725193,false,1,1,1.0
833163,2015,25,-0.055843942538030156,false,0,0,0.0
199704,1998,18,-0.05598228417721174,false,1,0,0.0
66326,1993,21,-0.11006588431341413,false,0,0,0.0
869313,2016,10,0.04719064124756933,true,144,85,0.5902777777777778
1029738,2019,24,0.06471575665064311,false,3,0,0.0
132572,1996,19,0.02633259212997352,true,0,0,0.0
533315,2006,63,0.13697949146042365,true,0,0,0.0
818018,2015,96,-0.14437218119268724,true,0,0,0.0
48276,1992,8,0.24486038019703749,false,1,0,0.0
839422,2015,102,-0.15190573531737783,true,0,0,0.0
406931,2009,11,-0.03049549326904266,true,46,35,0.7608695652173914
609004,2018,97,-0.008549855967090458,false,0,0,0.0
235298,1999,6,-0.21205591300548932,false,3,2,0.6666666666666666
219932,1999,43,0.13322844322057392,true,0,0,0.0
764007,2014,195,-0.07041922109701737,false,2,1,0.5
1060669,2019,169,0.03803102820623305,false,2,0,0.0
484352,2004,36,-0.27348655766709307,false,6,4,0.6666666666666666
665880,2011,24,-0.009247054413898503,true,4,3,0.75
146395,1996,33,-0.22005487605382168,false,3,0,0.0
198141,1998,34,0.08386903328585316,true,0,0,0.0
452606,2002,10,0.06129039869008768,false,1,0,0.0
848096,2015,25,-0.09801625714183881,false,1,0,0.0
819259,2015,23,0.4846664191190664,false,18,5,0.2777777777777778
412276,2009,14,-0.01633278041669417,true,9,6,0.6666666666666666
268093,2000,11,0.09463878087757926,false,0,0,0.0
399397,2009,30,0.21927981232323202,false,0,0,0.0
519906,2005,35,0.07935515721388153,false,4,4,1.0
450671,2002,39,0.04902289665927473,true,0,0,0.0
901256,2016,3,0.09915326913261868,true,7,6,0.8571428571428571
598171,2016,138,-0.010264716160408582,false,0,0,0.0
1064530,2019,131,0.04528246271569181,true,2,2,1.0
873315,2016,29,0.11817764835179911,false,3,0,0.0
616129,2019,169,-0.17530237237375124,true,0,0,0.0
276401,2001,16,-0.17635560468894784,false,1,1,1.0
692217,2012,29,-0.19780679355924313,false,262,152,0.5801526717557252
661414,2011,4,-0.2481850003352255,true,64,46,0.71875
347005,2007,5,0.04922758136133609,true,25,14,0.56
770284,2014,22,0.04685240937834756,true,0,0,0.0
77945,1994,5,-0.34740182449217194,false,0,0,0.0
600672,2016,203,0.09290980872314769,false,3,0,0.0
251045,2000,19,0.030903358680473225,false,2,1,0.5
1037184,2019,12,-0.01670122487881276,true,0,0,0.0
932993,2017,13,0.22712630120053579,false,1,0,0.0
425376,2009,30,-0.3931547617260982,true,0,0,0.0
395884,2008,98,-0.013693667353387617,true,0,0,0.0
791120,2014,33,-0.16809837528384275,false,0,0,0.0
291303,2002,13,-0.2741738117549426,true,0,0,0.0
472051,2003,53,-0.1479946346454133,true,1,1,1.0
987709,2018,49,0.0798348310112269,false,0,0,0.0
124150,1996,30,-0.1535862891266362,true,4,2,0.5
475233,2003,22,-0.14089929840767734,false,6,2,0.3333333333333333
834648,2015,28,0.16738438772937592,true,0,0,0.0
246894,2000,24,-0.17697880345347183,false,0,0,0.0
1069285,2019,25,-0.015236687159981166,false,31,1,0.03225806451612903
153863,1997,32,-0.16554659619903767,false,0,0,0.0
924172,2017,118,-0.07935372184574696,false,7,0,0.0
888292,2016,15,0.10672753082349296,false,3,1,0.3333333333333333
384062,2008,13,-0.3436842543519454,true,71,52,0.7323943661971831
983279,2018,101,-0.17667078113335055,true,0,0,0.0
208739,1999,11,0.022762420076491097,false,5,1,0.2
143905,1996,16,-0.19447010727120428,true,0,0,0.0
1013156,2018,20,0.1288976836093445,false,0,0,0.0
112088,1995,15,-0.27917491999642774,false,4,4,1.0
774952,2014,13,-0.03592980280713398,true,1,1,1.0
603318,2017,63,0.011141988843192507,false,1,0,0.0
189506,1998,23,-0.15888510183707893,true,2,2,1.0
208833,1999,13,-0.08913844864303666,true,0,0,0.0
761551,2014,32,-0.014948495605545453,false,2,0,0.0
375746,2008,62,0.01166120281281291,false,0,0,0.0
556770,2006,29,-0.1354074532846994,false,2,2,1.0
549547,2003,16,0.23134013883750093,false,2,0,0.0
388795,2008,112,-0.011492595780261183,true,1,1,1.0
458148,2002,13,-0.5305078779596473,false,2,0,0.0
749537,2013,8,0.08552442965705875,true,1,0,0.0
688459,2012,36,-0.19516395725875402,true,0,0,0.0
534559,2006,14,-0.10560011110981993,true,0,0,0.0
129364,1996,20,-0.15367455062073088,false,0,0,0.0
956233,2017,13,0.01287985486774268,false,0,0,0.0
12388,1990,19,0.20418967053550308,true,0,0,0.0
262322,2000,47,-0.08522109127794764,true,0,0,0.0
958201,2018,8,0.0263324800411322,false,0,0,0.0
175907,1997,81,0.19338879956069288,false,0,0,0.0
266128,2000,131,0.1215683008461168,true,1,1,1.0
123111,1996,10,0.47890241093894304,true,0,0,0.0
887427,2016,80,0.04659559149761794,true,1,1,1.0
359742,2007,9,0.176381082689546,true,0,0,0.0
868848,2016,63,-0.047630597888266735,true,79,30,0.379746835443038
643260,2010,36,-0.16559273547504905,true,0,0,0.0
562302,2008,64,-0.0029088920743376434,false,0,0,0.0
902415,2017,11,0.3646507444460756,true,1,1,1.0
505214,2005,16,-0.21380305825456247,true,0,0,0.0
217810,1999,34,0.09664705660242756,true,0,0,0.0
385844,2008,7,-0.0728934428051593,false,0,0,0.0
303205,2002,24,-0.3132476024941262,false,2,2,1.0
560455,2007,539,0.14429701346226942,false,0,0,0.0
716823,2012,3,0.1286636254295992,true,20,11,0.55
415948,2009,54,-0.09727211498846078,true,1,1,1.0
153135,1997,27,-0.1107154718667207,false,3,0,0.0
596662,2016,6,-0.049614529584617095,false,0,0,0.0
421939,2009,51,0.11639970523090426,false,1,0,0.0
602494,2017,46,-0.08740899902878141,false,0,0,0.0
932310,2017,1637,-0.11717133673061642,true,12,1,0.08333333333333333
315190,2004,329,0.1641787154620573,false,0,0,0.0
853015,2016,23,-0.2184933605505206,true,0,0,0.0
73609,1994,9,0.29337303117985414,true,1,1,1.0
777351,2014,21,-0.029615061278430055,false,1,0,0.0
59868,1993,25,0.18923872861317914,false,0,0,0.0
65211,1993,10,-0.11298303838344737,false,0,0,0.0
279610,2001,70,-0.19344892653305656,true,0,0,0.0
158485,1997,18,-0.08664344034278226,true,1,1,1.0
957958,2018,10,-0.0375805945316392,false,0,0,0.0
420920,2009,39,0.02849492123839603,false,0,0,0.0
52217,1993,43,-0.022166844046898504,false,0,0,0.0
321811,2006,9,-0.19478502719384583,true,8,6,0.75
669319,2011,12,0.24908343167815516,true,0,0,0.0
502971,2005,60,0.04077578095200707,true,0,0,0.0
987590,2018,24,0.041741099836329454,false,2,0,0.0
54201,1993,10,0.06942866118987645,false,0,0,0.0
21516,1991,24,-0.031400727992961563,false,4,1,0.25
659305,2011,146,-0.24376766973996933,false,0,0,0.0
577277,2012,48,0.1094505024639627,false,1,0,0.0
361270,2007,57,0.40839164439991205,false,4,0,0.0
552652,2005,11,1.0807528792403245,false,2,0,0.0
340586,2007,6,-0.6660048474699272,true,4,3,0.75
284063,2001,15,0.24311120025014255,true,5,3,0.6
30793,1991,13,0.09076560497636166,true,0,0,0.0
346279,2007,5,-0.24486997955378165,false,0,0,0.0
168390,1997,16,-0.005655484738548822,false,2,1,0.5
790271,2014,68,0.1436702302263022,true,0,0,0.0
959274,2018,19,0.21373170989621038,false,2,1,0.5
955554,2017,166,0.07354582088959383,true,3,3,1.0
620378,2019,63,0.09676366885768184,false,0,0,0.0
980430,2018,132,-0.05115236643508858,true,68,54,0.7941176470588235
746596,2013,15,0.0785447434256179,true,1,1,1.0
579024,2013,105,0.4975864260731866,false,0,0,0.0
906438,2017,54,0.04141671670127067,false,9,0,0.0
938278,2017,39,-0.14311996193696785,false,2,0,0.0
832191,2015,17,-0.7586300348337405,true,226,147,0.6504424778761062
517345,2005,52,0.2621443914090795,false,0,0,0.0
981847,2018,82,0.11534320845738044,false,2,0,0.0
569406,2010,190,0.03073726480494976,false,0,0,0.0
284821,2001,41,-0.19034209593050466,true,0,0,0.0
399886,2009,12,0.35333614809452385,false,81,51,0.6296296296296297
398186,2008,38,0.25021051945084505,false,8,5,0.625
1036223,2019,24,-0.16256715293654622,false,0,0,0.0
673410,2011,26,-0.10321158728717439,true,0,0,0.0
499536,2005,4,-0.32995676288746,true,7,3,0.42857142857142855
766458,2014,21,-0.0879917737325604,true,0,0,0.0
248323,2000,63,0.13010333577866007,false,3,1,0.3333333333333333
1050213,2019,34,0.16321057574735942,true,1,0,0.0
313350,2004,70,0.207176011458444,true,85,46,0.5411764705882353
538521,2006,27,0.023255833275774407,false,1,0,0.0
475964,2003,15,-0.12497430456777447,false,0,0,0.0
320922,2006,3,-0.439292623000779,true,33,23,0.696969696969697
117161,1995,12,-0.020433967682909504,false,0,0,0.0
277633,2001,102,1.0849750269408118,true,1055,1051,0.9962085308056872
648305,2011,5,-0.1089313061433046,true,11,8,0.7272727272727273
83570,1994,34,-0.20623523700234436,true,2,0,0.0
286842,2001,15,-0.4002931895053061,false,1,1,1.0
537940,2006,5,0.5716219695556601,false,13,6,0.46153846153846156
244228,2000,7,-0.14784062824118038,true,383,196,0.5117493472584856
139569,1996,10,0.04389224694310112,true,0,0,0.0
226809,1999,7,-0.19204550695853317,false,0,0,0.0
731609,2013,29,-0.050080639906404656,false,1,0,0.0
430823,2010,6,-0.21964820876447355,true,1047,645,0.6160458452722063
976841,2018,137,0.002035309100623106,false,1,0,0.0
760679,2014,126,-0.23200056164113825,true,4,4,1.0
182923,1998,3,-0.2323560840079839,false,4,1,0.25
607679,2017,566,0.16670828236822333,false,1,1,1.0
171899,1997,15,0.057819724068208345,false,0,0,0.0
118640,1996,10,-0.1910204783029279,false,0,0,0.0
738021,2011,60,-0.10264383922294762,false,0,0,0.0
954196,2017,17,-0.021406603850302908,false,10,1,0.1
109676,1995,108,0.07809736154815727,true,0,0,0.0
872319,2016,19,-0.22978163720146227,false,0,0,0.0
319682,2005,23,-0.18252134589674185,true,0,0,0.0
496132,2004,8,-0.23182003241779636,true,6,5,0.8333333333333334
232515,1999,31,0.37704473750444034,false,0,0,0.0
579465,2012,220,-0.1384480860084043,false,7,0,0.0
483830,2004,5,0.4809446914472044,false,629,392,0.6232114467408585
80737,1994,27,-0.07121733290294152,false,45,15,0.3333333333333333
101865,1995,16,0.2808579663107382,true,0,0,0.0
995293,2018,10,0.2953579259321879,false,79,34,0.43037974683544306
558063,2007,17,0.011903562986084637,false,0,0,0.0
997026,2018,69,0.010476414423787439,false,5,0,0.0
1037256,2019,10,0.14055601412232832,true,8,1,0.125
644236,2010,12,-0.15210555752623378,true,0,0,0.0
828066,2015,10,-0.006922927754067665,false,0,0,0.0
549004,2003,51,0.1574737365206662,false,0,0,0.0
512890,2005,39,0.042011267801171925,false,2,2,1.0
636594,2010,21,0.13034351624411578,true,2,1,0.5
2921,1990,15,0.8973090068940497,true,0,0,0.0
252573,2000,50,-0.2862527190272006,true,2,2,1.0
336904,2007,11,-0.2263520131605974,true,1,1,1.0
116559,1995,6,-0.25565824104406243,true,1,0,0.0
208138,1999,17,0.15275866061912602,false,0,0,0.0
960193,2018,11,-0.03856827878222724,true,85,61,0.7176470588235294
128172,1996,8,0.58568837275027,true,4,4,1.0
231132,1999,27,0.19287602082144417,true,4,4,1.0
918602,2017,10,0.16827835044738304,false,7,1,0.14285714285714285
293399,2002,60,0.012031755169069847,false,0,0,0.0
468903,2003,18,-0.1083467719268727,false,0,0,0.0
128307,1996,16,-0.1813978091817523,true,0,0,0.0
579598,2013,59,0.03210537349212039,false,2,0,0.0
84190,1994,94,-0.09915366486049804,false,0,0,0.0
1058850,2019,27,-0.0031325015884489105,false,4,0,0.0
721772,2013,36,-0.20988652687257225,false,0,0,0.0
572628,2011,318,0.06496789225598709,false,3,0,0.0
958699,2018,159,0.10376417674285232,false,0,0,0.0
996382,2018,111,0.12182640687294555,false,2,0,0.0
1010926,2018,25,-0.07857874587825542,false,2,2,1.0
917283,2017,24,-0.23941224094031544,false,0,0,0.0
663917,2011,4,0.11129345814234881,true,241,214,0.8879668049792531
674530,2011,20,-0.06764019748157146,false,0,0,0.0
665781,2011,33,0.09228363451142929,false,2,0,0.0
372860,2008,5,1.013670469262049,true,70,39,0.5571428571428572
870103,2016,87,-0.1380777519216707,false,2,0,0.0
471051,2003,61,-0.04545346945517359,false,5,3,0.6
512360,2005,80,-0.14775865356718443,true,0,0,0.0
375982,2008,7,-0.20553578087546942,true,6,3,0.5
923284,2017,571,0.007972822174299843,true,0,0,0.0
369851,2008,6,-0.25597547215892824,false,0,0,0.0
19059,1991,3,0.2964109594462645,false,267,180,0.6741573033707865
501897,2005,41,-0.104801839617787,false,1,1,1.0
1032969,2019,10,0.08059190623426638,false,0,0,0.0
993121,2018,21,-0.03440050652098492,true,114,64,0.5614035087719298
293168,2002,50,-0.14575184848721445,false,0,0,0.0
290014,2002,47,-0.48371557121765196,true,0,0,0.0
880105,2016,91,0.11399394145139663,false,19,4,0.21052631578947367
553711,2005,25,-0.06311576287790022,false,2,0,0.0
774129,2014,9,0.6338550419560534,false,51,26,0.5098039215686274
670336,2011,14,-0.056007969128505586,false,447,244,0.5458612975391499
506403,2005,4,-0.14784258529198002,false,5,4,0.8
116372,1995,18,0.01472565309506102,true,6,6,1.0
819071,2015,336,-0.03800778931922011,false,1,1,1.0
521551,2005,28,0.2501864812982175,false,0,0,0.0
822751,2015,9,-0.09371841373324408,false,4,3,0.75
679357,2011,184,0.009926545493364358,true,5,2,0.4
483362,2004,95,0.0892226602374202,true,9,7,0.7777777777777778
439446,2000,22,-0.030064362146510426,false,0,0,0.0
958345,2018,58,0.00910634436392499,false,22,3,0.13636363636363635
433611,2010,13,-0.0783960919266038,false,1,0,0.0
439260,2000,16,-0.1803309339469994,true,0,0,0.0
654535,2011,10,-0.10157980693320479,false,0,0,0.0
78330,1994,82,0.1410403770200137,true,4,3,0.75
257760,2000,15,-0.15926504361326455,true,3,3,1.0
574512,2012,6,-0.036264678357216695,false,0,0,0.0
759449,2014,107,-0.06522456189567638,false,6,6,1.0
474926,2003,29,-0.17875301214375128,true,0,0,0.0
390359,2008,22,-0.18072483056497468,false,0,0,0.0
946175,2017,493,0.1287819120197118,false,2,0,0.0
861873,2016,14,-0.15454954656695818,true,0,0,0.0
293463,2002,21,-0.089751485851024,true,0,0,0.0
663344,2011,45,-0.1302646425395526,true,5,4,0.8
277102,2001,102,1.0849750269408118,true,1055,1051,0.9962085308056872
261768,2000,149,-0.07927009802159013,false,1,0,0.0
914877,2017,8,-0.3633113139934121,false,10,4,0.4
1038238,2019,266,0.11933603219451117,false,7,3,0.42857142857142855
661658,2011,3,-0.04900557843224451,true,192,110,0.5729166666666666
105418,1995,22,-0.21403492105038247,true,0,0,0.0
401548,2009,9,-0.12874759884553733,true,1,1,1.0
163265,1997,11,-0.23913720101251634,true,1,1,1.0
36570,1992,3,-0.37406256476538946,true,48,24,0.5
135136,1996,39,0.15466074745780745,true,7,7,1.0
714050,2012,15,0.3912486011223164,false,1,0,0.0
105246,1995,11,-0.2808038191207851,false,4,0,0.0
195309,1998,19,-0.405511727636755,true,0,0,0.0
655993,2011,19,-0.041932476399006546,true,64,32,0.5
570451,2010,183,-0.0653329610414417,false,0,0,0.0
240437,2000,11,-0.18309633756604704,false,0,0,0.0
982012,2018,13,0.44203293766352303,false,1,0,0.0
79011,1994,9,0.25609894749840034,true,1,1,1.0
121808,1996,109,0.14127574116412367,true,0,0,0.0
995165,2018,181,-0.015202841477245599,false,3,0,0.0
740950,2013,12,0.08146029458441184,true,1,1,1.0
1004198,2018,72,-0.1009383636271508,false,1,0,0.0
896463,2016,373,-0.06854035510376866,false,0,0,0.0
950858,2017,38,-0.1931795201154589,false,0,0,0.0
947298,2017,16,0.21674191728372705,false,0,0,0.0
348825,2007,29,0.04753856220493358,false,0,0,0.0
224811,1999,3,-0.11238825466048752,true,16,9,0.5625
780201,2014,57,-0.03882407367199914,false,117,81,0.6923076923076923
668682,2011,15,-0.1615869283556215,false,2,0,0.0
284971,2001,19,-0.035697511612194255,false,0,0,0.0
165780,1997,40,0.08061718351580272,true,1,1,1.0
533273,2006,5,0.2892757346429997,true,685,442,0.6452554744525547
458888,2002,145,0.08600022402075158,true,0,0,0.0
949382,2017,41,-0.09325293467774554,true,292,142,0.4863013698630137
65407,1993,277,-0.024316701153387577,false,0,0,0.0
501312,2005,18,-0.1979494128313961,false,0,0,0.0
158302,1997,44,-0.16474635959680484,false,0,0,0.0
742570,2013,10,0.01523117195437429,false,0,0,0.0
665917,2011,156,0.17003931769430025,true,2,0,0.0
91037,1995,23,-0.14873847873215684,false,1,0,0.0
600436,2017,116,-0.14554066362419338,false,0,0,0.0
316726,2004,3,0.09941347757525776,true,11,2,0.18181818181818182
461069,2003,5,0.1148121630484864,true,10,8,0.8
232650,1999,15,-0.10842861405521109,true,0,0,0.0
611340,2018,59,0.0006092173205498597,true,0,0,0.0
742131,2013,42,0.027130404819600606,true,0,0,0.0
992920,2018,81,-0.22648843401640306,false,3,0,0.0
171718,1997,7,0.05355441227906077,true,1,1,1.0
311489,2003,8,-0.2780787651874572,false,2,1,0.5
1064296,2019,14,-0.1059566769810143,true,0,0,0.0
230357,1999,38,-0.14301873839491108,true,1,1,1.0
944716,2017,22,0.09303426183083818,false,1,0,0.0
1038295,2019,13,0.20582591246265203,true,0,0,0.0
320222,2005,38,0.4218539861739541,true,5,4,0.8
93292,1995,20,-0.0740158811218361,true,15,10,0.6666666666666666
391562,2008,71,0.004059080172872598,true,0,0,0.0
32459,1992,15,0.3513301005117295,true,0,0,0.0
638580,2010,15,0.0271258795458289,true,32,21,0.65625
803672,2015,455,-0.04037175992378517,false,0,0,0.0
762251,2014,18,0.1778303636890719,true,20,10,0.5
270805,2001,13,-0.17943849852478877,true,0,0,0.0
741876,2013,24,-0.2593315840347463,false,1,0,0.0
356535,2007,28,-0.11420449318052395,true,11,8,0.7272727272727273
186722,1998,14,-0.04309459812010363,false,0,0,0.0
61868,1993,7,-0.2530352080763354,false,2,2,1.0
694549,2012,17,0.06553691732354938,false,30,21,0.7
1067392,2019,19,-0.08527307824248265,true,1,1,1.0
413080,2009,10,0.019152183961441693,true,39,26,0.6666666666666666
476571,2003,5,-0.09963017139198804,true,0,0,0.0
948406,2017,13,0.23941693600446623,true,19,10,0.5263157894736842
520074,2005,74,-0.30532309478833763,false,0,0,0.0
688912,2012,9,-0.24025965033926866,true,3,3,1.0
1009338,2018,16,-0.19132078662737317,false,1,0,0.0
724644,2013,11,-0.4055494241309736,true,0,0,0.0
582487,2013,422,-0.12106504749362257,false,2,0,0.0
754170,2013,10,-0.008454299206434257,true,2,1,0.5
961372,2018,18,0.008590392131527125,false,2,1,0.5
316190,2004,60,-0.207231846934671,false,0,0,0.0
771905,2014,35,0.08572669106339958,true,5,4,0.8
402832,2009,29,0.05954992990552732,true,1,0,0.0
981667,2018,50,0.08150912046130276,false,0,0,0.0
809295,2015,36,-0.2097846446737317,true,0,0,0.0
985563,2018,27,0.016095912994777528,false,1,0,0.0
253137,2000,145,-0.07595895444718792,false,2,0,0.0
1032776,2019,37,0.05149063975402246,true,1,1,1.0
560580,2007,152,-0.08751829638101505,false,2,0,0.0
572237,2011,79,0.0502147664906909,false,0,0,0.0
413454,2009,6,-0.036107886680118106,true,1145,699,0.6104803493449782
223096,1999,51,-0.15915265169738468,true,1,0,0.0
958671,2018,40,-0.11126529585504041,false,0,0,0.0
1435,1990,13,1.487139332562255,true,1,0,0.0
466174,2003,26,0.06151388213177533,true,0,0,0.0
845659,2015,39,0.16304567143435023,true,1,0,0.0
410122,2009,3,-0.2358529259663138,true,728,429,0.5892857142857143
166081,1997,11,0.0795047577758119,false,0,0,0.0
604166,2017,2071,-0.01602207972172298,false,7,0,0.0
543590,2006,4,-0.38615721470820574,true,65,49,0.7538461538461538
239606,2000,17,0.012890833927934331,true,2,2,1.0
912956,2017,16,-0.00823558512351319,false,1,0,0.0
950860,2017,24,0.16312277554284638,true,1,1,1.0
126674,1996,11,-0.15010521087317308,false,0,0,0.0
860054,2016,63,0.022523356562623498,true,0,0,0.0
382760,2008,15,-0.01770162871175618,true,9,7,0.7777777777777778
820506,2015,400,-0.09204145131653085,false,25,9,0.36
784045,2014,45,0.08138413194636573,true,1,0,0.0
700486,2012,31,0.02921288671229494,false,3,2,0.6666666666666666
28135,1991,9,0.2158422901923469,false,0,0,0.0
926861,2017,7,-0.10332491910094355,true,262,118,0.45038167938931295
1037186,2019,3,0.03091153670822422,true,30,13,0.43333333333333335
467269,2003,3,0.011568297368088842,true,696,424,0.6091954022988506
115121,1995,7,-0.3819112244994871,false,0,0,0.0
690583,2012,63,0.0798258481305325,false,1,0,0.0
140281,1996,17,0.06191572918311472,true,2,1,0.5
227747,1999,24,0.034783122130184196,false,0,0,0.0
1016660,2019,44,-0.16933422189122638,false,47,17,0.3617021276595745
324838,2009,5,0.054680957914582606,true,1,1,1.0
279654,2001,55,-0.08431012427625273,false,2,0,0.0
487926,2004,8,-0.3292851555155707,true,0,0,0.0
250040,2000,36,0.014891271365849335,true,0,0,0.0
102546,1995,13,-0.018576467174270306,true,0,0,0.0
625925,2010,65,-0.09446911134139047,true,3,1,0.3333333333333333
744382,2013,7,-0.011555294827188867,false,10,5,0.5
81450,1994,99,0.005587158746934495,false,3,2,0.6666666666666666
383476,2008,5,0.01199046880015242,true,7,4,0.5714285714285714
578379,2012,16,0.041289631176955055,false,0,0,0.0
10659,1990,3,-0.20506861644303598,false,15,3,0.2
755463,2013,37,0.12729744617983307,true,47,23,0.48936170212765956
253881,2000,45,-0.050114187975669466,true,4,4,1.0
415888,2009,34,0.009938436366336845,true,0,0,0.0
463673,2003,16,-0.22016044150887737,true,0,0,0.0
647506,2011,23,-0.08825046219425392,true,0,0,0.0
378592,2008,25,-0.12380496940131724,false,0,0,0.0
558313,2007,35,0.011982460981823984,false,0,0,0.0
1021710,2019,21,0.35594500457005385,true,1,0,0.0
913030,2017,86,0.13258800227761824,true,0,0,0.0
634697,2010,20,-0.06436193353208797,true,4,2,0.5
114890,1995,78,-0.1471530663150773,false,0,0,0.0
456515,2002,33,-0.20022366835276273,true,70,21,0.3
931160,2017,1901,-0.136190398462674,false,0,0,0.0
1035602,2019,71,0.1673207587708676,false,1,0,0.0
540672,2006,14,0.015863984508892592,true,22,19,0.8636363636363636
765036,2014,7,-0.07449165793936707,true,0,0,0.0
467043,2003,7,-0.4060573018441218,false,2,0,0.0
468490,2003,119,0.23334050397584516,false,0,0,0.0
890572,2016,53,-0.11143867317385237,true,1,1,1.0
646406,2011,31,-0.107595339294563,true,1,0,0.0
782670,2014,13,0.06593276715734575,false,0,0,0.0
117507,1995,19,-0.19179583035116377,true,1,1,1.0
161671,1997,26,-0.21446291615991875,true,3,2,0.6666666666666666
989427,2018,28,0.09501128335475872,false,0,0,0.0
614016,2018,613,0.12761405814200577,false,1,0,0.0
290285,2002,6,0.28137801680071295,true,0,0,0.0
981335,2018,32,-0.17454865283954657,false,45,10,0.2222222222222222
990318,2018,379,-0.12013524295791722,false,0,0,0.0
992985,2018,29,0.00267839823059024,false,0,0,0.0
1023185,2019,13,-0.04398723077917488,true,0,0,0.0
452646,2002,3,-0.1702878132388168,true,0,0,0.0
91972,1995,16,-0.13896142699128688,true,1,0,0.0
829149,2015,51,-0.19976724605188068,true,3,3,1.0
956815,2017,20,-0.32713765710105136,false,13,1,0.07692307692307693
445491,2001,14,0.037764551446434425,true,0,0,0.0
131144,1996,30,0.10679050930499301,true,0,0,0.0
93293,1995,67,-0.1068148836479983,false,0,0,0.0
163313,1997,9,-0.2297146933268035,false,6,3,0.5
269431,2001,13,0.029589510951618436,false,0,0,0.0
27587,1991,26,-0.1693032216098489,true,0,0,0.0
950700,2017,81,0.483741742376254,true,5,3,0.6
700178,2012,14,-0.19981312879767188,true,391,193,0.4936061381074169
820735,2015,29,-0.23679687233570146,true,0,0,0.0
960900,2018,21,-0.07889381854159261,false,1,0,0.0
598475,2016,607,0.08507838032080528,false,1,0,0.0
762386,2014,155,-0.20573299881210882,false,66,31,0.4696969696969697
42992,1992,104,-0.03820231095374904,true,1,1,1.0
572779,2011,228,-0.12211593707711232,false,1,0,0.0
1059991,2019,434,-0.06898702001727841,false,0,0,0.0
253591,2000,396,-0.12723820084453186,true,2,0,0.0
497812,2004,88,-0.07738078546281191,true,0,0,0.0
600661,2016,120,0.20358205769881543,true,1,0,0.0
1040868,2019,172,0.10486770716220128,false,1,0,0.0
306322,2003,19,-0.0008598917981297305,true,0,0,0.0
180350,1997,22,-0.09268613931764769,false,0,0,0.0
603881,2017,12,-0.03500900187403566,false,1,0,0.0
480093,2004,13,0.185974598433849,false,0,0,0.0
179867,1997,18,-0.24775173446719734,false,1,0,0.0
846918,2015,32,0.037406996486724076,true,1,1,1.0
212655,1999,68,-0.11446401768729686,true,0,0,0.0
617324,2019,70,0.03895403489615168,false,1,0,0.0
869399,2016,9,0.08219518724818897,true,1,1,1.0
246623,2000,217,-0.09965346824083454,false,17,0,0.0
606156,2017,63,-0.12155070822368241,false,0,0,0.0
977698,2018,56,-0.13289275961605718,false,1,0,0.0
100058,1995,51,0.16406597118861566,true,1,1,1.0
244338,2000,48,0.23491887656649446,true,0,0,0.0
3148,1990,3,0.4659830099350195,false,203,101,0.4975369458128079
849508,2015,71,-0.11215052468433928,false,0,0,0.0
656596,2011,35,0.33489916578171197,false,0,0,0.0
361894,2007,61,0.05382986730037542,false,1,1,1.0
562971,2008,17,0.045974445393259344,false,0,0,0.0
788937,2014,23,0.0924302685108831,false,2,0,0.0
898677,2016,17,0.16794779509313162,true,3,3,1.0
447713,2001,18,0.16274076082254396,true,16,11,0.6875
121169,1996,20,-0.018166085530060272,true,1,1,1.0
557143,2006,217,0.06805505375708876,false,0,0,0.0
894339,2016,36,0.18894064897996188,false,3,0,0.0
436422,2007,18,0.14119783289782006,false,2,0,0.0
35588,1992,15,0.3590581379336726,true,1,0,0.0
1046653,2019,42,-0.0644704706477004,false,1,0,0.0
459339,2002,130,0.14672551555098945,true,1,1,1.0
165555,1997,11,-0.12068158744830182,true,6,5,0.8333333333333334
141602,1996,19,-0.17456919856162756,false,0,0,0.0
809937,2015,11,0.14858892263476076,true,0,0,0.0
917935,2017,75,-0.10171591219179676,false,15,4,0.26666666666666666
106333,1995,11,-0.26086448393716744,false,0,0,0.0
248571,2000,15,-0.08797004981422951,true,1,0,0.0
720506,2013,25,-0.016023981968807277,true,1,0,0.0
501365,2005,11,-0.03426348586056793,false,136,70,0.5147058823529411
1055208,2019,131,-0.2171365427178511,false,0,0,0.0
109412,1995,11,0.03866181784003331,true,0,0,0.0
412945,2009,37,-0.04114338853643673,true,1,1,1.0
447266,2001,59,0.03525888730807214,true,3,3,1.0
880553,2016,7,-0.05476465326888391,false,15,12,0.8
892898,2016,16,0.07771322944079095,false,0,0,0.0
219479,1999,53,-0.04070291485249733,false,0,0,0.0
113093,1995,23,0.11879349831890007,false,2,1,0.5
376363,2008,33,0.15396322173267585,true,1,1,1.0
1061213,2019,130,-0.030688738872184373,true,3,2,0.6666666666666666
421575,2009,89,-0.08286230124476557,true,3,3,1.0
673561,2011,199,-0.1935782897347087,true,0,0,0.0
189128,1998,17,0.02133903689835215,false,3,1,0.3333333333333333
553281,2005,123,0.06936972112174855,false,0,0,0.0
549036,2004,74,0.06391138078531,true,2,1,0.5
449642,2002,134,-0.19022542559597966,true,0,0,0.0
132725,1996,77,-0.03237002239184861,false,0,0,0.0
1053068,2019,26,-0.14879642294292772,false,1,0,0.0
158446,1997,60,-0.23584270594821,false,1,0,0.0
382433,2008,8,0.22853951413863083,true,2,2,1.0
419982,2009,149,-0.0014788669215763939,false,0,0,0.0
164665,1997,10,-0.6102563967539529,true,0,0,0.0
402703,2009,19,0.461702568564359,true,557,370,0.6642728904847397
720741,2013,15,0.20182644731498112,true,0,0,0.0
712981,2012,28,0.26028297583373927,true,0,0,0.0
524141,2005,174,0.03966165631092178,true,0,0,0.0
172538,1997,27,-0.19430958073004145,true,2,2,1.0
535289,2006,25,0.11420117995885715,true,3,3,1.0
813100,2015,26,-0.14354233684027573,false,0,0,0.0
849310,2015,121,-0.09852833222457358,false,16,5,0.3125
836210,2015,86,-0.03482106708412136,false,2,1,0.5
195088,1998,11,-0.09187798074670184,true,2,2,1.0
791623,2014,117,-0.08564238161841065,false,0,0,0.0
1009601,2018,84,-0.033058983326318625,true,0,0,0.0
46996,1992,10,0.5333006135588851,false,0,0,0.0
680571,2011,12,-0.050026195358158,true,112,62,0.5535714285714286
22482,1991,6,0.13224726082967297,false,0,0,0.0
521249,2005,51,-0.09121892117445274,true,0,0,0.0
325458,2011,14,0.14539295470264513,true,0,0,0.0
35995,1992,11,0.025405678091213524,false,0,0,0.0
165384,1997,5,-0.06278083756761887,true,3,3,1.0
716647,2012,106,-0.11141347784515165,false,0,0,0.0
796277,2014,36,-0.18734293070634767,true,0,0,0.0
612478,2018,234,-0.10414218279618881,false,9,0,0.0
885256,2016,69,0.5729059932895151,true,0,0,0.0
700065,2012,33,0.038784143639024826,true,0,0,0.0
481400,2004,8,0.30131131173917325,true,8,8,1.0
49293,1993,5,0.12858830813303168,true,10,7,0.7
65462,1993,29,-0.11306095331698085,true,1,1,1.0
965441,2018,44,-0.13478201527120692,false,0,0,0.0
467096,2003,22,-0.29174491155458426,true,1,1,1.0
81896,1994,16,-0.2672907097393331,false,0,0,0.0
421633,2009,8,-0.3263233868218389,true,5,5,1.0
92748,1995,7,-0.21652915786079685,false,3,2,0.6666666666666666
193136,1998,11,-0.31890997580057423,false,0,0,0.0
222610,1999,17,0.047980829271780046,true,3,1,0.3333333333333333
1057058,2019,6,0.033491060329650324,true,2,1,0.5
76510,1994,6,0.23531039407804233,false,0,0,0.0
925068,2017,7,0.28217544905256187,false,1,1,1.0
715451,2012,22,0.05058643302611454,true,13,6,0.46153846153846156
538714,2006,34,-0.03634325769938007,true,48,27,0.5625
52907,1993,19,-0.00256594310575764,true,3,1,0.3333333333333333
914676,2017,5,0.00007702330077563602,true,2,1,0.5
324308,2008,56,0.1218663881530393,false,1,0,0.0
766663,2014,27,-0.20905237779499508,false,8,8,1.0
955619,2017,27,0.07101651108060825,false,0,0,0.0
789092,2014,22,-0.20748364981284517,true,1,1,1.0
607542,2018,68,0.10257302858922657,false,0,0,0.0
251926,2000,25,-0.04870513631996065,true,1,0,0.0
877711,2016,28,0.01763920914411443,false,0,0,0.0
573296,2011,98,-0.11002020771338739,false,0,0,0.0
366009,2007,48,0.03207841373662923,true,0,0,0.0
337931,2007,13,-0.05159989549316091,false,0,0,0.0
120675,1996,30,0.028560426105260994,true,1,1,1.0
1039525,2019,78,-0.2577623136278504,false,0,0,0.0
229292,1999,7,-0.21832437457290776,true,0,0,0.0
12694,1990,6,0.010366116601696618,false,12,7,0.5833333333333334
139238,1996,20,-0.07855824171138437,false,0,0,0.0
89106,1994,24,-0.06012429873393721,false,0,0,0.0
291636,2002,19,-0.3066340351804415,false,1,0,0.0
796463,2014,5,0.32884418150150996,false,25,13,0.52
741856,2013,25,0.1376022403267294,true,0,0,0.0
556526,2006,21,0.04682649256133864,false,2,0,0.0
1057073,2019,7,0.6046757757316756,true,8,4,0.5
1038427,2019,3,0.13141576432426572,false,110,52,0.4727272727272727
812200,2015,27,0.16682403425770076,true,0,0,0.0
405585,2009,87,-0.08539670680710065,false,1,0,0.0
134120,1996,15,-0.1471735580682756,true,5,4,0.8
644144,2010,84,-0.2813246309340691,true,3,1,0.3333333333333333
828513,2015,5,-0.0038357626459388783,false,13,5,0.38461538461538464
431415,2010,46,-0.05977962777612955,true,41,27,0.6585365853658537
730685,2013,3,0.5428782096023896,true,91,50,0.5494505494505495
420300,2009,68,0.00022870983278444612,false,0,0,0.0
264606,2000,15,0.1455742835807632,true,0,0,0.0
68561,1993,6,-0.22407628690184112,true,0,0,0.0
363723,2007,82,-0.26354836057397346,true,31,30,0.967741935483871
98012,1995,77,-0.1937846959338021,true,1,1,1.0
45951,1992,153,0.06178798554658149,true,6,4,0.6666666666666666
327920,2006,15,-0.14642308950527472,true,0,0,0.0
780166,2014,22,-0.06085959245383954,false,1,1,1.0
755723,2013,11,-0.06247198620927641,true,0,0,0.0
286028,2001,70,-0.05298634112856426,true,0,0,0.0
579871,2013,130,0.5880746991241068,false,9,5,0.5555555555555556
975975,2018,51,-0.16713029693774395,false,3,1,0.3333333333333333
178760,1997,9,-0.25583146110343513,true,8,4,0.5
65331,1993,8,0.3697785490902543,false,1,1,1.0
399222,2009,26,0.12026402138428072,false,0,0,0.0
950077,2017,33,-0.0734731267675226,false,93,50,0.5376344086021505
587198,2014,61,-0.18946645858166145,false,2,0,0.0
497249,2004,12,0.03414658767659162,true,0,0,0.0
100445,1995,14,0.06379993054890498,false,0,0,0.0
153648,1997,8,0.24902966766811652,true,0,0,0.0
945680,2017,50,0.04115687418428582,true,0,0,0.0
121716,1996,178,0.12734074668421513,true,50,16,0.32
747763,2013,41,0.008744639862154457,true,0,0,0.0
573728,2011,81,0.03604303409604981,false,0,0,0.0
319893,2005,6,0.336420949100539,true,5,3,0.6
1041189,2019,112,-0.1369738540932941,false,0,0,0.0
767057,2014,18,-0.0394727451307233,true,2,1,0.5
686768,2012,33,0.17319186222535254,true,0,0,0.0
341304,2007,95,-0.2003349340085956,true,10,10,1.0
693077,2012,127,0.09335119619551069,true,6,6,1.0
810378,2015,71,-0.09124917833830137,true,153,40,0.26143790849673204
566183,2009,63,-0.09326307275400936,false,0,0,0.0
55092,1993,4,-0.055090093576662724,true,1,1,1.0
99026,1995,6,-0.4463157771136075,false,0,0,0.0
272577,2001,13,-0.09759904947261155,false,0,0,0.0
735675,2013,34,-0.13424046336244277,true,0,0,0.0
855936,2016,69,0.09360088269280453,false,0,0,0.0
788159,2014,19,0.039019986216374036,false,0,0,0.0
714433,2012,10,0.48833528572706175,false,131,64,0.48854961832061067
893069,2016,16,-0.04266335865373083,false,0,0,0.0
338545,2007,10,-0.2491321058381919,true,0,0,0.0
454852,2002,5,-0.1507858813806333,true,0,0,0.0
925669,2017,21,-0.2579909311465496,true,13,7,0.5384615384615384
867971,2016,31,-0.15884987627721703,true,44,28,0.6363636363636364
447804,2001,14,0.21409743627456912,true,1,1,1.0
647023,2011,52,0.16590839443986916,true,1,1,1.0
780476,2014,4,0.03436031861145228,false,0,0,0.0
948345,2017,158,-0.010431745148954619,false,3,2,0.6666666666666666
81156,1994,5,-0.7134522955292812,false,102,47,0.46078431372549017
799858,2014,5,-0.2133659143348794,false,602,266,0.4418604651162791
726993,2013,263,-0.2528720953842094,true,23,21,0.9130434782608695
478950,2004,15,0.22468920220172706,false,21,11,0.5238095238095238
724009,2013,12,-0.19602752662337242,true,0,0,0.0
644071,2010,26,0.08874940882631588,true,0,0,0.0
50270,1993,7,0.1017933404846616,true,3,2,0.6666666666666666
612436,2018,119,0.16233848909439175,false,2,0,0.0
1001724,2018,50,0.33978565147323625,true,16,11,0.6875
663926,2011,30,0.04406589049675125,true,0,0,0.0
434662,2010,5,0.0019375778330399385,true,1208,731,0.6051324503311258
397205,2008,18,0.1504705783683713,false,487,204,0.4188911704312115
369194,2008,115,-0.032997666047181795,true,0,0,0.0
737485,2011,14,0.18164259509722758,false,456,268,0.5877192982456141
359754,2007,25,-0.30708941354630426,true,0,0,0.0
456320,2002,18,-0.22215636085260648,false,0,0,0.0
71675,1994,200,-0.043922216893181876,false,0,0,0.0
595559,2016,292,0.03773282323850191,false,0,0,0.0
142737,1996,25,0.1868980869168695,false,12,4,0.3333333333333333
702768,2012,41,0.12420090482322177,false,0,0,0.0
353784,2007,11,-0.26127130903688656,true,0,0,0.0
501373,2005,13,0.05133537989024983,true,0,0,0.0
1067588,2019,5,0.31591459669922806,false,0,0,0.0
851493,2016,20,0.015319122669189333,true,2,2,1.0
209502,1999,25,-0.08101363932823702,true,0,0,0.0
531780,2006,21,-0.16522418767997937,false,4,3,0.75
904213,2017,23,-0.146603180737233,false,3,0,0.0
822989,2015,10,0.3186394229885581,true,0,0,0.0
976885,2018,6,0.11534451399667134,true,0,0,0.0
703302,2012,34,-0.018376178640806984,true,11,11,1.0
764307,2014,68,0.033773812679243065,true,4,4,1.0
1021019,2019,18,-0.15093877901819042,false,1,0,0.0
915631,2017,205,-0.04371462031941853,false,0,0,0.0
151754,1997,10,-0.23177719791760687,true,0,0,0.0
466818,2003,45,-0.05590564801154496,false,0,0,0.0
1004034,2018,29,0.02215454382309545,true,0,0,0.0
183796,1998,3,-0.462295053678373,false,11,4,0.36363636363636365
1027590,2019,13,-0.10643152271404954,false,0,0,0.0
503508,2005,71,-0.020466071616600523,false,0,0,0.0
501331,2005,36,-0.10988618102757552,true,2,2,1.0
879572,2016,65,-0.18604064098447815,true,5,4,0.8
644189,2010,38,0.4834370964100536,true,0,0,0.0
629141,2010,11,-0.048338027469257305,true,1,1,1.0
759303,2014,14,-0.2001258788765199,true,0,0,0.0
335799,2007,241,0.010246966580015116,false,0,0,0.0
1035528,2019,6,-0.007376201773108271,false,55,16,0.2909090909090909
419239,2009,12,0.004201433847367042,false,3,3,1.0
518950,2005,13,0.08917555112923736,false,0,0,0.0
521076,2005,10,0.228788462782469,false,250,139,0.556
393805,2008,27,0.3213150782401364,true,0,0,0.0
599553,2016,317,-0.017591247894096718,false,7,1,0.14285714285714285
899517,2016,3,-0.017213429045083828,false,1053,493,0.4681861348528015
508735,2005,21,-0.19832958607932927,true,0,0,0.0
736869,2013,19,0.055905648945798525,true,0,0,0.0
485240,2004,6,0.21424808574050314,true,5,5,1.0
665675,2011,39,-0.0031528690176774177,true,4,3,0.75
45773,1992,5,-0.4513763148037233,true,38,22,0.5789473684210527
916384,2017,39,0.02400098110340121,false,0,0,0.0
200331,1998,35,-0.04996480520983759,false,0,0,0.0
237630,2000,12,0.2847279573974193,true,5,4,0.8
482255,2004,17,-0.4801500113462529,true,2,1,0.5
549568,2003,18,-0.15963626696249555,false,0,0,0.0
490218,2004,13,-0.251348701962975,false,1,0,0.0
129920,1996,22,0.6207585786266305,true,0,0,0.0
2382,1990,12,0.8832744590496695,false,0,0,0.0
189688,1998,221,-0.18337652114436498,true,1,1,1.0
1042853,2019,5,0.12851658468484572,false,16,6,0.375
915367,2017,35,-0.031003964587360322,false,2,0,0.0
72498,1994,28,0.30148701560610736,false,0,0,0.0
525140,2005,37,0.002271542102541879,true,2,1,0.5
230709,1999,22,0.3333885556644205,true,4,4,1.0
658049,2011,13,-0.13013202405524282,false,26,14,0.5384615384615384
280231,2001,9,0.04902083752976427,true,1,1,1.0
646150,2011,66,0.05996293613666204,true,23,14,0.6086956521739131
898398,2016,17,-0.17885888024782304,true,41,15,0.36585365853658536
112085,1995,117,0.2517690324919095,true,8,6,0.75
361695,2007,245,0.0866205417515955,true,1,1,1.0
396452,2008,6,0.15861768847720548,true,1198,718,0.5993322203672788
167199,1997,22,0.043002352539264876,false,1,0,0.0
926032,2017,17,-0.04127455836294125,true,1,1,1.0
365380,2007,19,-0.06755598815189856,true,1,1,1.0
1008218,2018,1514,-0.15848946990884505,true,1,1,1.0
620167,2019,914,-0.32877897788547994,true,1,1,1.0
961897,2018,31,-0.10838087129452134,false,469,177,0.3773987206823028
909950,2017,4,0.3645977853856941,true,1,1,1.0
576628,2012,1969,-0.04656410466802097,false,2,2,1.0
36070,1992,13,0.06176761973829681,false,3,3,1.0
788478,2014,13,-0.11037999887403771,false,0,0,0.0
1060356,2019,47,0.1257052029561727,false,4,0,0.0
191704,1998,33,-0.21230515028701102,false,1,0,0.0
584070,2014,152,-0.028357908145491884,false,1,0,0.0
793791,2014,90,0.09367435982694694,false,3,2,0.6666666666666666
190127,1998,29,0.1009247850759385,false,1,1,1.0
257964,2000,39,-0.031105603510390267,true,3,2,0.6666666666666666
145102,1996,7,-0.024863573723596488,false,3,1,0.3333333333333333
818982,2015,7,-0.21778849268067635,false,3,3,1.0
357031,2007,26,-0.1888334573140833,true,0,0,0.0
176308,1997,32,-0.015776775395210052,false,0,0,0.0
816840,2015,141,-0.09212452737481414,false,1,0,0.0
472694,2003,73,0.11520577458228587,false,4,4,1.0
214005,1999,41,0.028144249769387564,true,2,0,0.0
1034233,2019,40,-0.07063339411839564,true,0,0,0.0
550832,2004,313,0.10113749245059367,false,0,0,0.0
237163,2000,65,-0.0621604533044362,true,2,2,1.0
1064211,2019,21,0.05642533531099225,true,40,6,0.15
991501,2018,7,0.2578744889108471,true,5,5,1.0
401221,2009,12,-0.10995028597774148,true,0,0,0.0
341963,2007,770,-0.12470332281911611,true,0,0,0.0
615530,2019,19,-0.14776449505343248,false,0,0,0.0
725505,2013,14,0.2366700780118247,false,28,9,0.32142857142857145
837153,2015,43,0.0774120292165037,true,0,0,0.0
421045,2009,12,0.28546851647836746,true,0,0,0.0
1028142,2019,98,-0.17439076529653974,true,9,5,0.5555555555555556
627178,2010,3,0.08330606272602825,true,1317,800,0.6074411541381929
569796,2010,31,-0.061367612901709556,false,0,0,0.0
83035,1994,5,-0.2807832083884554,false,0,0,0.0
24389,1991,21,0.06565009334625138,false,11,5,0.45454545454545453
162757,1997,10,0.0340920742274724,false,1,0,0.0
740979,2013,15,-0.08178136392087865,true,0,0,0.0
1021697,2019,27,0.0006012958275380953,false,1,0,0.0
976555,2018,63,-0.20326053526035626,false,0,0,0.0
803401,2015,141,0.016581863143803943,true,6,2,0.3333333333333333
277211,2001,102,1.0849750269408118,true,1055,1051,0.9962085308056872
1016610,2019,97,0.1055666229149339,false,1,0,0.0
182032,1998,27,-0.10659964083338469,false,3,1,0.3333333333333333
919988,2017,25,0.10181089269003962,false,2,0,0.0
613933,2018,34,-0.012104334729226451,false,0,0,0.0
351627,2007,40,0.10426755834191592,true,2,1,0.5
85315,1994,34,0.004347443204330226,false,2,1,0.5
136748,1996,3,-0.14171411749868357,true,512,501,0.978515625
197976,1998,26,-0.3162405695126953,false,1,0,0.0
520197,2005,20,-0.12729873444075146,false,0,0,0.0
57654,1993,17,0.04630686074736179,false,1,0,0.0
394429,2008,39,0.2222299272512993,false,0,0,0.0
408600,2009,13,0.0029961701920910855,true,1,0,0.0
452376,2002,53,-0.2655608846432651,true,0,0,0.0
284161,2001,80,-0.17720010810390097,false,3,1,0.3333333333333333
851709,2016,50,0.1928747930292758,false,9,5,0.5555555555555556
204396,1998,42,0.12536031683618898,false,0,0,0.0
633617,2010,97,0.11309645410156355,true,0,0,0.0
41677,1992,12,0.274526996525311,false,0,0,0.0
622670,2010,17,-0.18966597343453717,true,0,0,0.0
100852,1995,5,-0.10017933661245593,false,0,0,0.0
833564,2015,15,0.05610695000512855,true,2,2,1.0
786867,2014,37,-0.0739690934877677,false,1,0,0.0
29199,1991,18,0.09135141165047234,true,0,0,0.0
929537,2017,32,0.030244095835160856,false,0,0,0.0
857655,2016,94,-0.05863016410837041,true,1,0,0.0
557981,2007,76,-0.02704919250908322,true,0,0,0.0
723022,2013,70,-0.05449037946013613,true,2,1,0.5
560402,2007,1368,0.06197500273936374,false,0,0,0.0
762232,2014,141,0.022562092996873062,true,0,0,0.0
921921,2017,14,0.005349311563836778,false,0,0,0.0
918463,2017,93,0.02383885861249535,false,1,0,0.0
1023359,2019,15,0.046583387042762325,false,0,0,0.0
1038023,2019,21,0.023344630434838365,false,0,0,0.0
160673,1997,77,-0.06686925615295358,true,2,0,0.0
400719,2009,31,-0.2568466298572023,true,1,1,1.0
986925,2018,23,0.05916671160882192,false,2,1,0.5
248472,2000,21,-0.0004512916343157869,true,0,0,0.0
814972,2015,218,0.009461235680042979,false,10,6,0.6
859538,2016,9,0.09516796092306112,false,0,0,0.0
441008,2000,5,-0.0816510991318884,true,1,1,1.0
141100,1996,18,-0.5111139142458105,false,2,2,1.0
394297,2008,53,0.26690851528343096,true,1,1,1.0
648247,2011,38,-0.011808762875361367,false,3,0,0.0
516364,2005,24,0.37591722941175654,false,219,146,0.6666666666666666
181101,1998,9,-0.18080508738688028,true,3,2,0.6666666666666666
948152,2017,15,-0.12490417589653191,false,144,26,0.18055555555555555
599495,2016,125,-0.040537460007656456,false,0,0,0.0
233778,1999,258,-0.11645533315795831,true,0,0,0.0
680683,2012,72,0.08624381903567979,false,0,0,0.0
27232,1991,20,-0.1145372037186263,false,1,0,0.0
28257,1991,3,0.31353008201178945,true,24,14,0.5833333333333334
657290,2011,29,0.21193213106046827,false,0,0,0.0
258977,2000,12,-0.2999006392817618,false,18,6,0.3333333333333333
969731,2018,14,0.27091937459401105,true,0,0,0.0
788918,2014,29,-0.21853477482189554,false,33,13,0.3939393939393939
438588,2000,85,-0.0023791075692036756,false,1,0,0.0
1005334,2018,32,0.08298960694294788,true,0,0,0.0
728115,2013,22,-0.1393245700342014,true,16,11,0.6875
27944,1991,21,-0.1416763860133674,false,0,0,0.0
720442,2013,457,-0.06802792030173022,true,3,2,0.6666666666666666
100595,1995,17,-0.07661857816989404,false,0,0,0.0
322401,2006,93,0.07682247668628861,true,72,41,0.5694444444444444
318170,2004,26,-0.20398434876168103,false,2,1,0.5
312503,2003,12,-0.022353437274287735,false,0,0,0.0
546996,2006,21,-0.07104353971475597,true,3,1,0.3333333333333333
633279,2010,25,-0.2560378214130479,true,14,12,0.8571428571428571
1016702,2019,23,-0.2224798629614284,false,4,0,0.0
812333,2015,22,0.017810603745388676,false,2,0,0.0
464732,2003,19,-0.20201810133553355,false,6,5,0.8333333333333334
506069,2005,36,0.4708438391507066,false,647,426,0.6584234930448223
870548,2016,7,0.28752391973642233,false,0,0,0.0
316702,2004,5,-0.09313375736584728,false,750,454,0.6053333333333333
787592,2014,9,0.3652260631169222,false,0,0,0.0
121434,1996,19,-0.16903763228930924,true,0,0,0.0
793573,2014,13,-0.16523287489419136,true,1495,765,0.5117056856187291
125995,1996,20,-0.3849587635097489,true,115,92,0.8
195925,1998,7,-0.26093803178406194,false,3,2,0.6666666666666666
306491,2003,39,-0.11996932498568924,false,0,0,0.0
156719,1997,24,0.06862602430862275,true,0,0,0.0
82898,1994,28,0.049524662825246146,true,0,0,0.0
1062566,2019,31,0.10222053608513004,false,0,0,0.0
849162,2015,63,0.009662635165491373,false,1,1,1.0
160296,1997,24,-0.18452909950545493,false,3,1,0.3333333333333333
755404,2013,14,0.25433381493812757,true,512,222,0.43359375
445288,2001,27,-0.1523637140863876,true,8,5,0.625
738382,2012,64,-0.025463765444903252,false,0,0,0.0
84010,1994,12,-0.014929442781540736,false,0,0,0.0
979393,2018,791,-0.17756352774986084,true,1,0,0.0
369718,2008,18,-0.07136644699276484,true,0,0,0.0
489818,2004,15,-0.1763541729925855,true,5,5,1.0
293842,2002,13,-0.3178160713286573,true,1,1,1.0
259309,2000,8,-0.4126030910234233,true,4,4,1.0
161590,1997,11,-0.14864916013992957,true,0,0,0.0
525299,2005,7,-0.18630316079980247,false,0,0,0.0
873202,2016,45,0.1492999908667949,false,1,0,0.0
774746,2014,23,0.07770145682331364,true,0,0,0.0
645107,2010,29,-0.10972802187973851,false,0,0,0.0
839517,2015,41,-0.041851640159759285,true,88,51,0.5795454545454546
795941,2014,29,0.13877439651717616,false,0,0,0.0
465822,2003,136,-0.17294851209313133,false,5,5,1.0
963916,2018,66,-0.009869222215730389,false,0,0,0.0
133147,1996,7,-0.08563185352165803,true,0,0,0.0
3309,1990,12,0.6299864230797576,true,66,44,0.6666666666666666
617682,2019,38,0.08032856368358754,true,0,0,0.0
221995,1999,12,-0.10540257510319595,true,3,1,0.3333333333333333
34028,1992,27,0.2532366819798204,true,0,0,0.0
243515,1996,21,0.38515738407608957,false,0,0,0.0
770996,2014,748,-0.12664470105464654,true,0,0,0.0
819328,2015,3,0.015681664482033675,false,212,108,0.5094339622641509
594543,2016,78,-0.06638146214853702,false,0,0,0.0
844157,2015,47,0.005379832658543471,true,0,0,0.0
444221,2001,7,-0.16390758731681476,true,0,0,0.0
772974,2014,11,-0.18414659967868818,true,1535,779,0.5074918566775244
114319,1995,29,-0.027377261470987513,true,0,0,0.0
239238,2000,51,-0.11239831210118467,true,3,2,0.6666666666666666
377185,2008,70,-0.005780906848122491,true,2,2,1.0
598102,2016,15,0.07589271315663204,false,0,0,0.0
418321,2009,42,0.12011284126170452,false,1,1,1.0
54123,1993,9,0.02657235365280375,true,2,0,0.0
627883,2010,16,-0.05570258794863037,false,1,0,0.0
149450,1997,21,-0.18161832222847263,true,1,0,0.0
941336,2017,226,-0.13653726285344892,false,1,0,0.0
725979,2013,252,-0.009540847917821615,false,1,0,0.0
21927,1991,5,0.4447010089059953,true,4,3,0.75
223680,1999,47,-0.04471365246247583,true,2,2,1.0
281890,2001,30,0.378042160586749,true,13,12,0.9230769230769231
780240,2014,19,0.17670245160390952,false,0,0,0.0
169079,1997,12,0.11174204764685403,false,0,0,0.0
677579,2011,39,-0.03299430637816947,true,5,4,0.8
1013407,2018,11,-0.17908692799157144,false,0,0,0.0
388163,2008,54,-0.1474821111996052,true,0,0,0.0
75388,1994,28,-0.209767050885608,false,6,1,0.16666666666666666
629644,2010,10,0.0257732555075334,false,403,225,0.5583126550868487
177131,1997,30,0.0464153650294854,true,1,1,1.0
79515,1994,10,-0.012922202126163462,true,18,13,0.7222222222222222
526967,2005,117,0.05185045324422166,true,1,1,1.0
1039860,2019,176,-0.024116991663930776,true,0,0,0.0
618069,2019,753,0.04224284646944998,false,0,0,0.0
147680,1996,40,0.04345731633088512,true,0,0,0.0
801750,2015,3,0.4802293267543991,false,405,183,0.45185185185185184
263564,2000,7,-0.2594837766336733,false,0,0,0.0
174953,1997,57,-0.0686808686637006,false,1,0,0.0
1069028,2019,13,0.08972202533386486,false,5,4,0.8
636439,2010,23,0.1650153259871603,false,4,0,0.0
772113,2014,78,0.1344143791025969,false,9,7,0.7777777777777778
472294,2003,10,-0.06211729570373681,true,2,0,0.0
699828,2012,15,-0.13463637813071383,true,1445,818,0.5660899653979239
889943,2016,241,-0.027951832240542984,true,53,52,0.9811320754716981
160400,1997,15,-0.005540513848965034,true,0,0,0.0
582102,2013,80,0.06742061410790523,false,0,0,0.0
292140,2002,11,-0.032395369833760235,false,0,0,0.0
528661,2006,3,-0.2944813644959492,true,2,2,1.0
617555,2019,414,0.08939044577691835,false,0,0,0.0
815090,2015,22,-0.19429569303869876,false,21,4,0.19047619047619047
391000,2008,7,-0.04642206311113384,false,3,0,0.0
1051897,2019,17,-0.12991736581860724,true,0,0,0.0
844207,2015,38,-0.12467393164459484,false,47,22,0.46808510638297873
1064179,2019,10,0.0958037337256954,false,153,77,0.5032679738562091
550954,2004,150,0.12295943868470038,false,1,0,0.0
990065,2018,24,-0.043159689915258426,false,2,0,0.0
537989,2006,159,0.17224730792372522,true,2,0,0.0
309328,2003,11,-0.09746990605029282,false,2,1,0.5
436793,2000,30,0.06621068053367818,true,0,0,0.0
669165,2011,22,0.09116715931422448,true,0,0,0.0
647985,2011,13,-0.07777051374856825,false,10,2,0.2
877854,2016,86,-0.07291940591359314,false,2,0,0.0
165372,1997,4,-0.3426656911017938,true,2,1,0.5
27256,1991,9,0.2951082917500072,false,0,0,0.0
574818,2012,194,-0.26795419434253454,false,0,0,0.0
372295,2008,12,0.0070929748462909,true,1,0,0.0
77983,1994,18,-0.2812472186765964,true,0,0,0.0
762460,2014,6,-0.269721343044516,true,1,1,1.0
287804,2001,17,0.5768718102649295,true,2,2,1.0
238429,2000,8,-0.04679018794158374,false,0,0,0.0
758282,2014,12,0.18088434446203205,true,0,0,0.0
806281,2015,12,0.2991119153233637,true,1,1,1.0
609870,2018,19,-0.029985201950957663,false,3,0,0.0
364366,2007,20,0.005349444248559543,true,2,1,0.5
731653,2013,26,0.13320811364640228,true,0,0,0.0
740446,2013,16,-0.30103543167037383,false,22,17,0.7727272727272727
143109,1996,12,0.012317316075418638,true,2,2,1.0
301779,2002,8,-0.1254420433705281,false,2,2,1.0
228365,1999,64,0.030902693320401298,false,1,0,0.0
904610,2017,232,-0.05596922134294724,true,1,0,0.0
538217,2006,8,0.00943812339331096,true,0,0,0.0
179756,1997,14,-0.011657314589326617,false,0,0,0.0
901186,2016,17,-0.20933756035389273,true,0,0,0.0
669637,2011,28,0.12698406391074357,true,276,170,0.6159420289855072
288502,2001,64,0.2709691207921434,true,2,1,0.5
120768,1996,3,0.1034346536700923,false,39,17,0.4358974358974359
991380,2018,84,-0.05451540478470562,false,0,0,0.0
148623,1996,18,0.06138274005227995,true,0,0,0.0
708843,2012,345,-0.014980238722085204,false,0,0,0.0
914085,2017,24,0.05744457847053752,false,3,3,1.0
847601,2015,107,-0.26322224703093555,true,24,17,0.7083333333333334
135676,1996,20,-0.05979365460426145,false,0,0,0.0
37996,1992,35,0.03543810940849834,false,2,0,0.0
68962,1994,35,0.1258458720318485,false,8,7,0.875
207587,1999,38,-0.16287726696079208,true,3,2,0.6666666666666666
745319,2013,97,-0.17911301438039207,true,1,1,1.0
267701,2000,91,-0.16818526891910057,true,2,2,1.0
32707,1992,7,-0.07853053060062187,false,2,0,0.0
805609,2015,13,-0.11271772377756673,true,0,0,0.0
281550,2001,3,0.28508529176197506,false,15,7,0.4666666666666667
742622,2013,12,-0.0421482048874573,true,2,0,0.0
571542,2011,216,0.03588916504227058,false,3,0,0.0
616200,2018,2094,0.01022321890168909,false,0,0,0.0
879540,2016,38,0.11789589789972155,false,2,1,0.5
648052,2011,11,-0.010448531182262855,true,256,162,0.6328125
628440,2010,41,0.4146141706685036,false,0,0,0.0
748536,2013,57,-0.0483865595862909,false,0,0,0.0
430877,2010,16,-0.06653591744886356,false,0,0,0.0
739350,2013,54,-0.07370708666978354,true,10,5,0.5
796700,2014,17,0.011442210180684143,true,3,1,0.3333333333333333
539609,2006,65,-0.07018666881082503,false,4,2,0.5
502764,2005,67,-0.22119276126743337,true,9,8,0.8888888888888888
456989,2002,44,0.14780086722097785,true,0,0,0.0
622247,2010,42,0.7404111387128625,false,0,0,0.0
29224,1991,8,-0.11549508261494523,false,1,1,1.0
1018675,2019,69,-0.0854148872220124,false,0,0,0.0
287635,2001,167,0.060246779157308694,true,2,2,1.0
947738,2017,202,-0.1643530679985945,false,2,2,1.0
184008,1998,9,-0.1460004265516588,true,1,0,0.0
657257,2011,19,-0.2423023839592533,true,292,119,0.4075342465753425
263241,2000,13,-0.2338866159062034,true,0,0,0.0
473656,2003,12,-0.295432304250979,false,0,0,0.0
551114,2004,43,-0.01576012418791617,false,0,0,0.0
38775,1992,8,0.08280946956782387,false,0,0,0.0
376322,2008,5,-0.13598627728383583,true,0,0,0.0
57314,1993,10,-0.04982831372304819,true,0,0,0.0
25178,1991,3,-0.11884220863202355,true,150,83,0.5533333333333333
241114,2000,12,0.1624958915955128,true,0,0,0.0
121961,1996,22,-0.048510603263484775,false,0,0,0.0
47403,1992,15,0.015577406473053834,false,0,0,0.0
1016890,2019,22,0.001146487491815229,false,34,11,0.3235294117647059
862884,2016,41,-0.007580089054346928,false,2,1,0.5
324966,2009,23,0.017627303890857426,false,0,0,0.0
548480,2006,8,0.06313276700825377,true,116,73,0.6293103448275862
223050,1999,18,-0.05107249476038955,true,0,0,0.0
147040,1996,19,-0.06407809159466726,true,4,3,0.75
196311,1998,8,0.0027375595554754995,false,1,0,0.0
497195,2004,101,-0.12868231577400735,true,0,0,0.0
34828,1992,45,0.33992986626847976,false,1,0,0.0
298921,2002,136,-0.20947744437631366,true,0,0,0.0
330144,2006,414,0.024432746795992166,true,0,0,0.0
654209,2011,21,-0.10278937267546695,true,3,3,1.0
405090,2009,49,-0.062434797719717494,true,19,17,0.8947368421052632
1004093,2018,21,0.0782188264220336,true,3,3,1.0
953284,2017,16,0.05214162572515679,false,1,0,0.0
327546,2006,76,-0.27583156078436577,true,0,0,0.0
647889,2011,53,0.16035326984658216,true,1,0,0.0
476247,2003,14,-0.02920980664138373,true,0,0,0.0
140288,1996,97,0.16497513562212696,false,3,0,0.0
574412,2011,8,0.22054142052597925,false,1,0,0.0
332843,2006,78,0.02880883731038253,true,0,0,0.0
1067583,2019,39,-0.09103663647384508,true,5,5,1.0
181134,1998,40,-0.12334954762090788,false,0,0,0.0
1035633,2019,66,0.022066107758831777,true,0,0,0.0
655939,2011,35,-0.29262460581735183,true,0,0,0.0
1001034,2018,120,0.11736792822557884,true,0,0,0.0
21497,1991,9,-0.0727414075675128,true,0,0,0.0
1039557,2019,19,-0.15442992243017706,false,0,0,0.0
366899,2007,21,-0.18026499972048793,false,1,1,1.0
222662,1999,21,0.1171018883035817,true,0,0,0.0
392022,2008,27,-0.0601874434515528,true,1,1,1.0
275377,2001,10,-0.3176104604870842,false,0,0,0.0
434567,2010,15,0.07985058385228161,false,0,0,0.0
568810,2010,586,-0.031727548974306075,false,0,0,0.0
959973,2018,33,-0.03615313332483705,false,0,0,0.0
384240,2008,13,-0.061381059343093014,true,0,0,0.0
970338,2018,28,-0.11446615589477638,false,0,0,0.0
658779,2011,6,-0.1556380721146624,false,2,1,0.5
987885,2018,13,-0.1806376667540981,false,6,3,0.5
726244,2013,27,0.17032849278824447,false,5,2,0.4
774151,2014,239,-0.19416668765241862,false,6,1,0.16666666666666666
969449,2018,137,0.009640319196960512,false,1,1,1.0
208575,1999,3,-0.23291414396111776,true,282,277,0.9822695035460993
357774,2007,5,-0.09412070230635106,false,4,0,0.0
566100,2009,510,-0.06451092413076331,false,0,0,0.0
336177,2007,27,-0.23931302314119662,false,1,0,0.0
197539,1998,28,-0.0838746327281843,true,0,0,0.0
1044924,2019,435,0.045603531266577235,true,1,1,1.0
230361,1999,60,-0.06809999240882281,false,1,0,0.0
757192,2013,22,0.1580396796332595,true,1,1,1.0
1012902,2018,26,-0.047933931585598444,false,0,0,0.0
328382,2006,10,-0.24397924400153226,true,3,2,0.6666666666666666
871378,2016,13,0.11119834938864681,true,26,8,0.3076923076923077
89550,1994,17,0.14440594525503947,false,3,1,0.3333333333333333
648501,2011,150,0.3291852611541266,false,2,1,0.5
957201,2017,35,-0.056215390895834716,false,1,0,0.0
516154,2005,18,0.37042413352928705,false,155,112,0.7225806451612903
561463,2008,1955,0.04832583257483769,false,0,0,0.0
402839,2009,5,0.10099944332778232,true,11,9,0.8181818181818182
894486,2016,79,-0.015228969313898055,true,0,0,0.0
385363,2008,34,0.036214238041746505,true,7,6,0.8571428571428571
730448,2013,18,-0.16593911313018417,false,0,0,0.0
792459,2014,185,0.28640109592143004,false,0,0,0.0
1053929,2019,23,-0.3527901419044941,true,17,5,0.29411764705882354
25398,1991,15,0.044740340042384474,true,3,0,0.0
572495,2011,78,-0.14830620202692213,false,0,0,0.0
459433,2002,5,-0.016218772576937823,true,0,0,0.0
448629,2001,10,-0.09411460012539496,false,0,0,0.0
678124,2011,42,0.07645751174407689,true,0,0,0.0
899424,2016,29,-0.0748318549625937,true,0,0,0.0
478786,2004,17,0.003149707110874367,false,0,0,0.0
497054,2004,26,0.01759142499837818,false,0,0,0.0
536320,2006,11,-0.04227466983208039,false,3,2,0.6666666666666666
167080,1997,10,-0.2631799484720201,false,9,3,0.3333333333333333
938028,2017,26,0.22726890003429023,false,0,0,0.0
342877,2007,5,-0.4286403309726108,false,2,1,0.5
840664,2015,14,0.20073931946776558,false,2,0,0.0
729702,2013,33,-0.06054736720594711,false,0,0,0.0
865424,2014,38,0.12654768140930273,false,0,0,0.0
66062,1993,8,0.09805143938157368,false,3,0,0.0
1005621,2018,47,-0.17086746768610972,false,3,1,0.3333333333333333
222716,1999,16,0.022385863895165947,true,0,0,0.0
684529,2012,14,0.5190252268729507,false,0,0,0.0
66489,1993,5,0.18765732494638776,true,3,0,0.0
1043856,2019,12,0.323626341924351,false,0,0,0.0
17909,1991,16,0.07050665016873481,false,0,0,0.0
969092,2018,15,-0.12545247694388983,false,0,0,0.0
149788,1997,16,-0.0259066552102869,true,2,1,0.5
30128,1991,12,-0.09358240868500989,true,0,0,0.0
738355,2013,37,0.03793368371668748,true,0,0,0.0
184177,1998,10,0.06797404864980816,true,1,1,1.0
964689,2018,38,-0.04224227651427803,false,0,0,0.0
930745,2017,136,0.12156675718223386,true,1,1,1.0
209603,1999,45,-0.2276608713283652,true,2,2,1.0
434036,2010,21,-0.029011421745785526,true,0,0,0.0
233279,1999,9,-0.12814136908784324,true,0,0,0.0
585099,2013,842,-0.12963763046566035,false,9,1,0.1111111111111111
35464,1992,44,-0.28663193485554306,false,0,0,0.0
828479,2015,50,0.07643093341933938,true,40,22,0.55
855784,2016,151,-0.04384555721349681,true,0,0,0.0
196839,1998,108,0.17087003838232917,false,0,0,0.0
573409,2011,86,-0.18339867603816185,false,0,0,0.0
949725,2017,61,-0.12032832338524724,false,0,0,0.0
347811,2007,13,-0.06690446127465588,true,3,0,0.0
497742,2004,32,-0.3250131605884041,true,0,0,0.0
387276,2008,99,-0.11429733502864847,true,9,6,0.6666666666666666
742991,2013,102,-0.002116176867106745,true,0,0,0.0
24269,1991,54,0.1684014434719332,false,0,0,0.0
55442,1993,3,0.027451886224412192,true,4,0,0.0
494874,2004,3,0.07314335031884056,false,809,494,0.6106304079110012
939625,2017,49,0.034611376140802896,false,0,0,0.0
50742,1993,13,-0.5808935731628795,false,21,20,0.9523809523809523
514555,2005,11,0.0088744754825818,true,0,0,0.0
481725,2004,61,-0.03362004457675649,true,12,12,1.0
936976,2017,23,0.07277095064856809,false,10,7,0.7
767066,2014,8,-0.3426501416131398,false,1,0,0.0
282324,2001,34,0.20701666243646422,true,1,0,0.0
462051,2003,76,0.17538986388229638,true,8,8,1.0
617299,2019,591,-0.09562658175057459,false,0,0,0.0
203399,1998,47,-0.2143576001257408,true,1,1,1.0
1032800,2019,13,-0.19071412664510756,true,1,1,1.0
982606,2018,61,-0.09779540177186252,true,132,72,0.5454545454545454
616432,2019,502,0.016256916849810565,false,1,0,0.0
294412,2002,41,-0.14527108033540692,true,0,0,0.0
314357,2004,182,-0.13418330669920353,false,1,0,0.0
775791,2014,185,-0.08379144138767058,true,0,0,0.0
764647,2014,46,-0.24757180233752063,true,8,8,1.0
20886,1991,10,0.173788883291234,true,0,0,0.0
228157,1999,135,0.020688499490715717,true,234,207,0.8846153846153846
107055,1995,12,-0.07902097990211843,false,0,0,0.0
512253,2005,93,-0.08396491066311107,true,2,0,0.0
295361,2002,30,-0.2884512308810985,true,0,0,0.0
574228,2011,201,-0.18367258645012186,false,0,0,0.0
648047,2011,12,-0.20551533789997922,true,43,23,0.5348837209302325
638800,2010,34,0.09890286953452065,true,0,0,0.0
362386,2007,15,-0.1528447395467456,false,1,0,0.0
595567,2016,21,-0.03858007999794477,false,0,0,0.0
185644,1998,6,-0.678371032558176,false,25,16,0.64
241843,2000,19,-0.13516602785896836,true,4,4,1.0
1010803,2018,59,-0.16749023308967104,true,1,0,0.0
927820,2017,96,0.11673028753551318,true,12,7,0.5833333333333334
837374,2015,18,-0.003908328772504355,false,2,2,1.0
572423,2011,58,-0.0405332200370907,false,0,0,0.0
987815,2018,7,0.22442273497329168,true,0,0,0.0
183277,1998,12,0.1170382166901458,false,1,0,0.0
178017,1997,39,-0.1613262384982308,false,0,0,0.0
1004336,2018,25,-0.16341655332033778,false,47,21,0.44680851063829785
155372,1997,8,0.02754205978603874,true,0,0,0.0
564178,2009,14,-0.19277860558359272,false,0,0,0.0
699113,2012,10,0.009367093253970005,false,15,7,0.4666666666666667
1044656,2019,11,0.23508705892574877,false,0,0,0.0
234214,1999,29,0.04349981594758656,false,0,0,0.0
1037606,2019,852,-0.07921241585037064,true,5,3,0.6
963529,2018,43,-0.08975845483461331,true,2,0,0.0
373621,2008,33,0.0043298962385556194,false,0,0,0.0
1001015,2018,144,-0.09276005736065907,true,1,1,1.0
161803,1997,17,-0.002801033371184758,true,0,0,0.0
673715,2011,13,0.00990524137521831,true,0,0,0.0
316615,2004,140,-0.16728454850146735,true,4,4,1.0
415560,2009,75,-0.16043209505076383,false,2,0,0.0
329263,2006,53,-0.152873296954521,true,0,0,0.0
542911,2006,59,0.02593099531762766,true,6,3,0.5
867997,2016,13,0.005123808673747732,false,31,14,0.45161290322580644
620135,2019,62,-0.17673077312080832,false,1,0,0.0
718764,2013,542,-0.04838168573080548,true,0,0,0.0
611256,2018,460,-0.030287906539685494,false,8,0,0.0
440419,2000,44,0.14885953878471359,true,5,4,0.8
190076,1998,22,-0.010156654686686473,false,0,0,0.0
904899,2017,99,0.10654514013207361,false,1,0,0.0
840805,2015,31,-0.17938943518614003,false,0,0,0.0
628046,2010,4,-0.2677479634327664,true,41,24,0.5853658536585366
592316,2015,14,-0.12481967721872866,false,0,0,0.0
593084,2015,41,0.05149224125596685,false,0,0,0.0
988305,2018,21,0.00044652061420880074,true,14,13,0.9285714285714286
76829,1994,7,-0.12238574873388508,false,0,0,0.0
879405,2016,86,-0.06663447961717583,false,1,0,0.0
206305,1999,263,-0.07106025793786586,false,0,0,0.0
226621,1999,11,0.11743387728273369,true,1,1,1.0
554789,2006,22,-0.104163457378597,false,2,2,1.0
274184,2001,33,-0.007990759200779074,false,1,0,0.0
951134,2017,15,0.058199901645457075,true,50,28,0.56
913341,2017,617,0.08614563440746803,true,8,7,0.875
166567,1997,11,0.10123183821912107,true,0,0,0.0
52060,1993,10,-0.09879635244727636,false,0,0,0.0
885578,2016,37,0.11022282455466303,true,0,0,0.0
691029,2012,18,0.1724017615874951,true,1,0,0.0
346400,2007,16,0.6643735904090367,true,73,57,0.7808219178082192
776145,2014,33,-0.11079038579365985,true,0,0,0.0
801709,2015,14,0.07351171522816813,true,1,1,1.0
76499,1994,13,0.22091480555879262,true,197,112,0.5685279187817259
981721,2018,23,0.02520846128155263,false,0,0,0.0
756747,2013,23,0.03615438128544657,false,1,0,0.0
255123,2000,40,0.26384829618006744,true,2,2,1.0
601132,2016,70,-0.03112375102187137,false,1,0,0.0
491506,2004,441,-0.0797804660397623,true,0,0,0.0
1062011,2019,22,-0.26798467726651953,false,2,0,0.0
625579,2010,23,0.009288302156783779,false,2,1,0.5
523342,2005,25,-0.03405660054835291,true,481,432,0.8981288981288982
753084,2013,416,-0.01229670109605241,true,0,0,0.0
1065848,2019,7,-0.2824101166093058,true,0,0,0.0
617604,2019,52,-0.13213319786306155,false,0,0,0.0
684288,2012,7,-0.23576169867888463,true,5,1,0.2
648444,2011,32,-0.03003300330724379,true,3,3,1.0
36260,1992,23,-0.08269852745484751,true,0,0,0.0
363752,2007,6,0.05676173950101049,false,0,0,0.0
540802,2006,11,-0.27284735212104927,true,23,18,0.782608695652174
605902,2017,166,-0.03193097534370004,false,0,0,0.0
220668,1999,9,-0.09183282475544363,true,0,0,0.0
696673,2012,28,0.34154342045858854,false,1,0,0.0
159315,1997,9,-0.2739296698421727,true,4,1,0.25
790454,2014,8,-0.11183077481327874,true,0,0,0.0
1007231,2018,13,-0.18554547286064516,false,12,4,0.3333333333333333
734422,2013,119,-0.011582776438234799,true,7,7,1.0
737726,2010,107,0.05679834420919061,true,0,0,0.0
1065810,2019,111,0.15757524567140235,false,0,0,0.0
86465,1994,6,-0.3183563626536525,true,0,0,0.0
168073,1997,8,0.020244000925661254,false,0,0,0.0
170295,1997,35,-0.016489309363404203,false,1,0,0.0
430864,2010,87,0.08239272040574974,true,1,1,1.0
466019,2003,19,-0.04651939676859307,false,0,0,0.0
925562,2017,20,-0.04604655746241626,false,0,0,0.0
386696,2008,9,-0.19352920626879033,true,5,5,1.0
358359,2007,7,-0.08419575942116886,true,0,0,0.0
330300,2006,13,-0.08460733892384731,true,4,4,1.0
960978,2018,21,-0.2348416652133425,false,0,0,0.0
38581,1992,5,-0.32085456926296096,false,7,3,0.42857142857142855
674107,2011,17,-0.220399034690006,true,0,0,0.0
413545,2009,537,0.07692369788988662,false,0,0,0.0
598156,2015,48,0.031185766425937622,false,0,0,0.0
1026165,2019,10,0.033367837250096954,true,0,0,0.0
161791,1997,22,-0.28223907578741336,true,1,1,1.0
590145,2015,185,-0.11582885416612143,false,2,0,0.0
895993,2016,20,-0.1976557404184769,true,0,0,0.0
373758,2008,21,-0.02035541717227396,true,0,0,0.0
402040,2009,6,0.11288478274227653,true,1145,699,0.6104803493449782
691955,2012,12,0.18859975435624854,false,88,42,0.4772727272727273
725049,2013,10,-0.22641862330186058,false,0,0,0.0
444390,2001,6,0.15110918881727642,true,56,37,0.6607142857142857
191626,1998,16,-0.04457685085309482,false,1,0,0.0
348856,2007,14,0.04114726975167482,false,0,0,0.0
403773,2009,7,-0.015639723953929874,true,0,0,0.0
670604,2011,3,-0.08099122685898053,false,19,9,0.47368421052631576
348005,2007,8,-0.060620307964939,false,0,0,0.0
700626,2012,250,-0.07525579130476867,false,1,0,0.0
579221,2013,28,0.09569990580520926,false,0,0,0.0
215988,1999,21,-0.17470906742756842,true,0,0,0.0
42041,1992,22,0.37632845477449983,true,0,0,0.0
98044,1995,16,0.04097067181665892,true,0,0,0.0
210487,1999,7,-0.21817506283033783,true,0,0,0.0
951770,2017,76,-0.04875445359489827,false,0,0,0.0
1062194,2019,243,-0.08406091330391785,false,0,0,0.0
47707,1992,15,-0.1311544816833088,false,0,0,0.0
457634,2002,22,-0.08549753146478967,false,0,0,0.0
517607,2005,20,-0.07724324500801316,false,0,0,0.0
318921,2005,17,-0.16582030202105624,true,1,1,1.0
437287,2000,20,-0.13664866565951161,true,0,0,0.0
169608,1997,29,0.06274308882381252,false,0,0,0.0
397717,2008,50,0.13871014707306717,false,0,0,0.0
641879,2010,31,-0.16726188455012103,true,78,72,0.9230769230769231
123891,1996,33,0.22024325459337124,true,2,2,1.0
156741,1997,16,-0.012148483488495287,true,0,0,0.0
561362,2007,142,0.004051703371955817,false,0,0,0.0
814295,2015,30,0.03536613691150592,false,0,0,0.0
361267,2007,27,0.042659592204359775,true,0,0,0.0
956899,2017,116,-0.35843545297825274,false,14,4,0.2857142857142857
215468,1999,7,-0.19861417201920517,false,0,0,0.0
584664,2014,51,0.06743780109890807,false,1,0,0.0
628486,2010,9,-0.022443371458630068,false,0,0,0.0
872650,2016,6,0.23496115882310242,false,30,7,0.23333333333333334
765845,2014,24,0.042294951720607266,true,4,3,0.75
914074,2017,121,0.10032204786343168,true,3,1,0.3333333333333333
465473,2003,19,0.059032308895617724,false,0,0,0.0
790090,2014,31,-0.09035021771436647,true,0,0,0.0
904495,2017,52,-0.0904977295286038,true,1,1,1.0
219505,1999,29,0.09118823188039382,true,0,0,0.0
414324,2009,19,0.0876652612764639,false,0,0,0.0
348463,2007,11,0.03432052399275065,false,1,0,0.0
107409,1995,6,-0.01355394090071016,true,2,2,1.0
286752,2001,19,0.07673437777359826,true,2,1,0.5
253267,2000,30,-0.27885187959413393,true,5,5,1.0
490444,2004,6,0.011647544728265125,true,4,2,0.5
550004,2004,789,0.06961874192345352,false,0,0,0.0
986258,2018,70,0.13197233669202824,false,4,0,0.0
24989,1991,30,-0.07056924723732916,false,2,1,0.5
265121,2000,7,0.034888398432888934,true,0,0,0.0
44718,1992,12,0.0684632799829652,true,1,1,1.0
992040,2018,15,0.15465284486756126,true,4,3,0.75
344966,2007,35,-0.07396675569671007,true,8,6,0.75
351767,2007,13,0.018094366495947867,true,1,1,1.0
305467,2003,7,-0.08155896774477966,false,0,0,0.0
359311,2007,21,0.6451151210262793,true,0,0,0.0
41447,1992,14,-0.049376714503962305,false,1,0,0.0
24388,1991,24,-0.13100052189134637,false,0,0,0.0
472892,2003,38,-0.10500490514676297,true,0,0,0.0
188399,1998,7,-0.24729188463072838,false,0,0,0.0
722302,2013,5,-0.040314234015530914,true,2,2,1.0
949404,2017,32,-0.17738170598673797,true,0,0,0.0
307331,2003,13,-0.26979818976772396,false,0,0,0.0
815535,2015,11,0.468287455241442,true,1,0,0.0
414541,2009,11,0.19860683648696087,true,1020,643,0.6303921568627451
585363,2014,13,-0.06820413412118498,false,0,0,0.0
996343,2018,49,-0.13682504748931557,false,1,0,0.0
217118,1999,10,-0.0010469942882993521,true,1,1,1.0
292192,2002,13,-0.04056917225826062,false,0,0,0.0
711404,2012,4,0.07489048348558569,true,1,1,1.0
252707,2000,33,-0.16194277934247125,true,2,2,1.0
186479,1998,31,-0.2406740997627681,true,1,1,1.0
436617,2000,21,0.16167737194581377,true,0,0,0.0
738503,2013,12,0.03544987067819605,true,0,0,0.0
607956,2018,18,0.35979484382502314,true,2,2,1.0
631812,2010,66,0.23028430926348165,false,14,8,0.5714285714285714
849357,2015,8,0.31968862133240794,true,4,1,0.25
105871,1995,172,-0.10268497828804701,true,3,0,0.0
108982,1995,13,-0.20115998802989665,false,0,0,0.0
200679,1998,19,-0.39657956822303664,true,1,1,1.0
1037343,2019,641,-0.18070784119494743,false,2,1,0.5
65850,1993,6,0.36226745319597686,true,12,6,0.5
578223,2012,164,-0.013702747632691192,false,1,0,0.0
479175,2004,34,0.04583290943674001,true,1,1,1.0
626660,2010,8,-0.34913259035926547,false,0,0,0.0
407406,2009,11,-0.007506456253715044,false,1,1,1.0
606916,2017,390,0.040708689585929214,false,0,0,0.0
1004246,2018,65,-0.18994484158848124,false,0,0,0.0
740514,2013,15,0.19050943350022287,false,0,0,0.0
851266,2016,146,0.04151119346449228,false,13,6,0.46153846153846156
618531,2019,132,0.13182839694686121,true,0,0,0.0
658102,2011,55,0.2530455497278741,true,0,0,0.0
235276,2000,17,-0.02715966426057026,true,3,3,1.0
611983,2018,368,-0.0335262082369816,false,0,0,0.0
649391,2011,51,0.015994537874463255,true,3,0,0.0
799600,2014,60,-0.08764820806018392,true,11,3,0.2727272727272727
596810,2016,148,-0.004652974513801311,false,6,0,0.0
859734,2016,93,-0.12495962820326678,true,0,0,0.0
88246,1994,22,0.004607846866840681,true,0,0,0.0
17074,1991,11,0.3975761115902321,true,3,3,1.0
535597,2006,15,-0.1316269412920663,false,0,0,0.0
413711,2009,8,-0.07870777176085042,true,1,1,1.0
277514,2001,102,1.0849750269408118,true,1055,1051,0.9962085308056872
827309,2015,3,0.31872669328001724,true,405,182,0.44938271604938274
14493,1990,5,-0.2108430915751942,false,0,0,0.0
184410,1998,3,0.03779107679141802,true,7,7,1.0
168472,1997,11,-0.055844927869396876,false,0,0,0.0
68966,1994,17,-0.15349411400215907,true,0,0,0.0
362638,2007,53,-0.10148114618578852,false,0,0,0.0
867276,2016,97,-0.04407561022978079,false,1,0,0.0
55733,1993,7,0.14228729996649303,true,2,2,1.0
439619,2000,19,0.014371024279814293,true,0,0,0.0
629418,2010,12,-0.03515594603234362,true,4,4,1.0
379239,2008,22,0.08908085643031605,true,0,0,0.0
292508,2002,18,-0.01582116821283197,false,0,0,0.0
709038,2012,68,-0.16624333291724724,true,0,0,0.0
1037082,2019,43,-0.040831825875113914,false,4,0,0.0
149148,1996,5,0.047640244243678964,false,736,344,0.4673913043478261
428841,2010,26,-0.05518888914274189,true,2,1,0.5
546681,2006,54,-0.06539805158437595,true,1,0,0.0
842244,2015,140,-0.1283500276714875,true,2,2,1.0
196561,1998,20,-0.17895120902551387,false,0,0,0.0
512012,2005,350,-0.14708688953041227,true,2,2,1.0
323847,2008,29,-0.23154734761706308,true,2,1,0.5
901338,2017,27,-0.030660742165673938,false,0,0,0.0
22670,1991,9,0.14194838249222919,false,1,1,1.0
353933,2007,14,-0.009331452283533714,true,0,0,0.0
646956,2011,26,0.12518885126068469,true,0,0,0.0
758267,2014,10,0.26291055170391964,true,29,4,0.13793103448275862
528493,2006,5,0.00036788146872179794,false,0,0,0.0
1047507,2019,56,-0.17571630572318142,false,0,0,0.0
610191,2018,63,-0.07154097871868892,true,0,0,0.0
566926,2009,102,-0.029436069368308893,false,0,0,0.0
866386,2016,49,-0.1668109823104773,false,0,0,0.0
265462,2000,3,-0.014251243136163438,true,26,13,0.5
859607,2016,16,-0.05727010023979773,false,1,0,0.0
102679,1995,13,-0.3819378942250964,true,1,0,0.0
313190,2004,8,-0.09980437272503373,false,0,0,0.0
632530,2010,45,-0.14825394413848159,true,5,3,0.6
45502,1992,16,-0.06680518763283416,false,173,56,0.3236994219653179
145672,1996,24,0.10639603802534658,false,0,0,0.0
844983,2015,92,-0.20640920476494262,false,0,0,0.0
479703,2004,40,0.0031211348212849543,true,57,39,0.6842105263157895
471056,2003,4,0.17204393864490442,false,0,0,0.0
1047752,2019,20,-0.14114044313972496,true,0,0,0.0
130667,1996,7,-0.3721819212219497,false,1,0,0.0
1004597,2018,34,-0.08976430906652588,false,5,0,0.0
297279,2002,11,-0.17257175375746936,true,7,3,0.42857142857142855
1024361,2019,15,-0.02630145531199357,false,2,1,0.5
500106,2005,7,0.22742885892203102,false,0,0,0.0
200001,1998,14,-0.09248388721064682,false,0,0,0.0
902396,2017,14,-0.03501319604369879,true,8,3,0.375
370613,2008,8,0.14540455024188237,false,6,1,0.16666666666666666
201569,1998,10,0.35160185579475733,false,2,0,0.0
795639,2014,108,-0.08635702936520273,false,30,16,0.5333333333333333
277588,2001,102,-0.547325066153507,true,1055,1051,0.9962085308056872
579370,2013,142,-0.03937890782522402,false,0,0,0.0
264780,2000,12,-0.054439743479047564,false,0,0,0.0
208905,1999,11,-0.0760427008039013,true,8,8,1.0
713005,2012,217,-0.14563803609359338,false,0,0,0.0
950501,2017,9,-0.08112457281050656,false,36,31,0.8611111111111112
38070,1992,13,0.08666568804708952,false,4,3,0.75
371898,2008,10,0.29350361200735975,true,320,174,0.54375
234641,1999,13,0.026596946078827344,true,3,3,1.0
73826,1994,28,-0.1962006687226765,true,0,0,0.0
573251,2011,113,-0.05441364953450023,false,0,0,0.0
467282,2003,11,-0.1421103271625208,true,1,1,1.0
237198,2000,60,0.09737515650705486,true,2,2,1.0
284691,2001,19,0.037398825943876446,true,1,1,1.0
622878,2010,8,-0.10398488712896281,false,1,0,0.0
1059401,2019,3,-0.16465220974785222,false,36,25,0.6944444444444444
555312,2006,62,-0.04508708556556673,false,0,0,0.0
120408,1996,8,-0.17577397682059193,false,0,0,0.0
218109,1999,14,-0.256721680722916,false,0,0,0.0
31989,1992,18,-0.0614660735985435,true,1,1,1.0
2733,1990,11,0.9906867344253234,false,1,1,1.0
692108,2012,13,-0.16471220489240057,true,0,0,0.0
72729,1994,9,-0.1405879251181421,true,0,0,0.0
651310,2011,14,0.028466927312674528,false,1,0,0.0
784537,2014,28,-0.08847062432174013,false,0,0,0.0
1003782,2018,13,-0.0015946025310125123,false,1,0,0.0
53634,1993,14,-0.3856729336701292,false,6,5,0.8333333333333334
787385,2014,76,0.12589274347503743,false,0,0,0.0
232836,1999,17,-0.016937143737627558,false,9,9,1.0
942650,2017,13,0.17229167384902766,false,0,0,0.0
508792,2005,14,-0.1664828864982857,false,0,0,0.0
157114,1997,9,0.16541542436880707,true,0,0,0.0
262897,2000,97,0.09605903534618676,false,0,0,0.0
1004715,2018,102,-0.07302766139280337,true,1,1,1.0
130747,1996,6,-0.05091707630531239,false,0,0,0.0
916283,2017,5,0.07721042982547566,false,1,0,0.0
526097,2005,12,-0.07035145654363983,false,1,0,0.0
669625,2011,23,-0.02129549369820971,true,0,0,0.0
503160,2005,69,-0.06354369664443649,false,0,0,0.0
3716,1990,46,0.9972665033726882,true,0,0,0.0
983045,2018,23,0.20940071195551635,false,1,0,0.0
1003237,2018,14,-0.21542995478244276,false,0,0,0.0
757369,2013,26,0.1387067690698709,true,2,1,0.5
668719,2011,74,-0.2196296066161283,true,1,0,0.0
949924,2017,63,-0.0434992715084892,false,15,6,0.4
933883,2017,4,-0.11075203789742893,false,8,3,0.375
369239,2008,60,0.1366417650521683,true,2,2,1.0
674875,2011,5,-0.18986593827351772,false,1,0,0.0
1058014,2019,23,0.08187917387627763,true,1,1,1.0
629574,2010,14,-0.06017398218892023,false,0,0,0.0
604451,2017,458,-0.09239706955595972,false,0,0,0.0
955922,2017,60,-0.06421020618622286,true,1,1,1.0
728592,2013,29,-0.08554299959172607,false,0,0,0.0
952692,2017,43,-0.19691970417339988,false,1,0,0.0
1010716,2018,41,-0.17461854068447202,false,8,5,0.625
834706,2015,27,-0.14038820273156993,false,1,0,0.0
123298,1996,17,-0.3197955575544915,true,10,3,0.3
832738,2015,18,-0.145105880082661,false,0,0,0.0
439816,2000,3,-0.2634518664367933,true,208,203,0.9759615384615384
875076,2016,28,0.11911856459247705,false,0,0,0.0
682548,2012,36,-0.7481709702087223,false,264,102,0.38636363636363635
64862,1993,27,0.04420781924957584,false,1,0,0.0
365616,2007,63,-0.15822962644356497,false,7,5,0.7142857142857143
1025096,2019,52,0.3325027853967093,true,1,1,1.0
246528,2000,10,-0.046370818721263696,true,0,0,0.0
162063,1997,25,-0.052655385745705274,true,0,0,0.0
368793,2008,3,-0.13893906463437666,false,812,494,0.6083743842364532
997797,2018,107,-0.04459731328363192,true,0,0,0.0
314359,2004,37,-0.11535669744904897,true,0,0,0.0
914018,2017,17,-0.12531639900307656,true,226,114,0.504424778761062
648507,2011,39,0.29779317662657867,true,2,2,1.0
213561,1999,101,0.0011861858661674773,true,3,3,1.0
797872,2014,20,0.11628246698944356,false,0,0,0.0
240514,2000,72,0.13909862289801378,true,0,0,0.0
472019,2003,3,0.07630176841366243,false,5,5,1.0
806566,2015,10,-0.048836416486325085,false,1,0,0.0
533167,2006,377,-0.1569236943376251,true,15,15,1.0
342154,2007,16,0.10160698207919605,true,0,0,0.0
523503,2005,27,-0.08851846798520846,false,259,190,0.7335907335907336
295186,2002,19,0.37892110310378513,false,2,2,1.0
130380,1996,21,-0.09458899439148993,true,0,0,0.0
364956,2007,56,-0.042909019094418355,false,0,0,0.0
309880,2003,16,0.09897625868359405,false,6,0,0.0
338250,2007,76,-0.0748764234599042,true,0,0,0.0
514934,2005,34,-0.15894514554194483,true,0,0,0.0
856646,2016,9,-0.2284395723174697,true,0,0,0.0
41599,1992,16,0.12409800000921045,false,1,0,0.0
757498,2013,106,-0.07473166474735837,false,0,0,0.0
256766,2000,3,0.026368726244148988,true,165,107,0.6484848484848484
191789,1998,34,0.12336334978281638,true,43,42,0.9767441860465116
615164,2019,155,0.05242342625976004,false,0,0,0.0
544898,2006,3,0.127092400402522,true,1026,634,0.6179337231968811
29966,1991,59,0.08803001434045843,false,0,0,0.0
541114,2006,8,-0.027933256641945903,true,0,0,0.0
488288,2004,8,-0.12054855332245307,false,1,0,0.0
510199,2005,31,0.019152808259014442,true,0,0,0.0
606493,2018,8,-0.15838301244167496,false,0,0,0.0
917269,2017,65,-0.08293077919304181,false,0,0,0.0
987171,2018,11,0.10018963965376493,false,7,1,0.14285714285714285
529008,2006,19,-0.07531199814387524,true,0,0,0.0
279518,2001,26,-0.12430758801649766,false,0,0,0.0
353705,2007,8,-0.12450529284318002,false,0,0,0.0
321680,2006,48,-0.04194916340684962,false,0,0,0.0
745247,2013,17,0.0009121809666998715,true,0,0,0.0
5825,1990,6,0.17824568160565324,false,0,0,0.0
219280,1999,17,0.1260995168317267,true,0,0,0.0
802842,2015,39,-0.14659986288456928,true,1,1,1.0
700344,2012,76,0.0029472527648208846,true,1,1,1.0
551262,2005,64,0.18472237313943296,false,8,0,0.0
916578,2017,7,-0.2086834602013301,false,12,2,0.16666666666666666
21318,1991,9,-0.07418497747837893,true,0,0,0.0
736435,2013,28,0.1844482881967915,false,0,0,0.0
422739,2009,324,-0.0963169099104837,false,92,24,0.2608695652173913
982237,2018,105,0.09138952190213434,true,6,6,1.0
735967,2013,17,-0.05796474258906947,true,1,1,1.0
92181,1995,37,0.05030911398448179,false,0,0,0.0
871456,2016,47,-0.0004740588002354329,false,0,0,0.0
617625,2019,109,-0.04919356947824305,false,0,0,0.0
192064,1998,5,-0.1395234838005397,false,0,0,0.0
663084,2011,3,0.032691159317185914,true,1362,811,0.5954478707782672
624176,2010,5,0.030162767431499482,true,163,89,0.5460122699386503
231913,1999,36,-0.06537014524950724,true,0,0,0.0
602705,2017,251,-0.026344795755941064,false,4,0,0.0
802274,2015,15,0.09511601246224632,true,5,2,0.4
676360,2011,70,-0.16595258478861874,true,0,0,0.0
517448,2005,52,0.3218805006115302,true,0,0,0.0
1045057,2019,52,-0.17417003876142712,false,8,3,0.375
912330,2017,455,0.0028534325847808795,false,0,0,0.0
347412,2007,8,-0.13303284674989513,true,0,0,0.0
427182,2009,9,-0.06614688773854027,true,0,0,0.0
365922,2007,25,-0.04561393643074396,true,1,1,1.0
505481,2005,38,0.07033996660251418,true,1,1,1.0
99926,1995,39,-0.14859978380090944,true,0,0,0.0
680269,2011,29,-0.030820575194463906,false,0,0,0.0
740997,2013,79,0.029183907292279265,true,2,1,0.5
865938,2016,45,0.07708936636109698,false,0,0,0.0
926120,2017,29,-0.1337741403509689,false,45,12,0.26666666666666666
376493,2008,6,0.026650219712893275,false,2,2,1.0
607114,2018,47,0.25842653322757947,false,0,0,0.0
422704,2009,13,-0.15753564184717472,true,106,56,0.5283018867924528
765442,2014,38,0.19681953383466677,true,1,1,1.0
227734,1999,18,-0.033273773002142626,false,2,1,0.5
235915,2000,12,0.04349418985990727,false,0,0,0.0
364373,2007,23,-0.05681785437306974,true,0,0,0.0
114027,1995,3,-0.25275668107909866,false,44,28,0.6363636363636364
812647,2015,277,0.10759850990981112,false,2,1,0.5
825178,2015,24,-0.08881900537052267,true,0,0,0.0
21057,1991,5,0.2565073850449462,true,21,10,0.47619047619047616
400306,2009,29,-0.14524626501695082,true,7,4,0.5714285714285714
654433,2011,116,-0.03288078755970414,false,1,0,0.0
816775,2015,14,0.03944590657305724,false,1,0,0.0
881405,2016,33,-0.1360332501448882,true,2,0,0.0
458161,2002,4,-0.21271111797521414,true,3,2,0.6666666666666666
123930,1996,11,-0.17212100173629974,true,0,0,0.0
238140,2000,30,-0.06926565360107961,false,0,0,0.0
398239,2008,23,-0.03271237001359406,false,0,0,0.0
12584,1990,111,0.29802308920268716,true,1,1,1.0
726570,2013,32,0.00010966825198455155,true,0,0,0.0
783744,2014,13,-0.10917446911017947,false,227,126,0.5550660792951542
76291,1994,9,-0.25571514106709703,true,1,1,1.0
90173,1994,25,0.3774883436571428,true,2,2,1.0
270653,2001,43,0.2501409483802126,true,3,3,1.0
919791,2017,61,0.04811193194544927,false,1,0,0.0
1067143,2019,400,-0.05877789949541912,true,70,70,1.0
1066207,2019,43,-0.039697912304051286,false,0,0,0.0
315191,2004,24,-0.022336361085245393,false,0,0,0.0
153732,1997,19,0.12958597391615623,false,1,0,0.0
60229,1993,3,-0.1650820645260742,true,95,53,0.5578947368421052
960009,2018,144,-0.1913885507244646,false,2,0,0.0
333940,2006,10,-0.18559635556953324,false,5,1,0.2
762278,2014,25,-0.03469056385230207,false,1,0,0.0
719892,2013,69,-0.10953268718956899,false,5,1,0.2
100279,1995,27,0.018351202387382415,false,1,0,0.0
745854,2013,125,0.04079843845512254,true,5,4,0.8
855736,2016,9,-0.10750759748444239,false,83,39,0.46987951807228917
569384,2010,56,0.036857023827061575,false,0,0,0.0
13173,1990,23,0.4387129045381952,false,0,0,0.0
116186,1995,25,0.25969121340878676,true,1,1,1.0
614275,2019,93,-0.0019227614131391846,false,0,0,0.0
833012,2015,38,0.012571300756116344,true,6,4,0.6666666666666666
101624,1995,21,-0.09685905139642248,true,3,3,1.0
334260,2006,7,-0.006511394960834416,true,1,1,1.0
697662,2012,39,0.0831285921792162,true,0,0,0.0
868554,2016,98,-0.11082761880326641,false,870,328,0.37701149425287356
416901,2009,158,-0.06308473167274542,true,2,0,0.0
476356,2003,5,0.22738053931045688,true,1,1,1.0
829890,2015,3,0.16852646399826465,false,20,9,0.45
725817,2013,44,-0.2437013678455635,true,0,0,0.0
998935,2018,40,-0.11302027165218931,false,23,2,0.08695652173913043
307148,2003,3,-0.24506536856455075,true,0,0,0.0
218318,1999,11,0.3895672812213622,true,12,7,0.5833333333333334
914388,2017,18,-0.14830135456903815,false,0,0,0.0
1044469,2019,106,-0.07463546814096578,false,6,1,0.16666666666666666
418346,2009,22,-0.17413128299924274,true,0,0,0.0
331536,2006,124,0.7668622441812492,true,0,0,0.0
947644,2017,103,-0.0030469004891262585,false,7,0,0.0
667631,2011,16,-0.03203128089682039,true,0,0,0.0
11180,1990,9,-0.06343736736787964,false,1,0,0.0
451923,2002,8,-0.12544273027497344,true,0,0,0.0
201057,1998,31,-0.17967304944002382,false,0,0,0.0
128309,1996,26,-0.053440475587377634,true,0,0,0.0
53744,1993,9,-0.09843217963450623,true,0,0,0.0
298717,2002,23,0.1850353811330976,true,3,3,1.0
34355,1992,5,-0.05197578470347608,false,0,0,0.0
953363,2017,24,-0.011084668858599045,false,0,0,0.0
619178,2019,92,0.12530280260437543,false,1,0,0.0
900661,2016,86,-0.06890369872072011,true,1,1,1.0
885349,2016,185,-0.018258930090583547,true,1,0,0.0
399503,2009,19,0.089158004018846,true,1,1,1.0
242552,2000,10,-0.17867278204013992,true,0,0,0.0
98561,1995,32,0.24601394572666102,false,1,1,1.0
204068,1998,43,-0.2010037772828861,true,0,0,0.0
17807,1991,7,0.34270384077958216,true,23,10,0.43478260869565216
839446,2015,21,-0.07292987979984034,false,258,155,0.6007751937984496
869729,2016,23,-0.007347148469966314,true,0,0,0.0
909775,2017,20,-0.00991819546203132,false,0,0,0.0
115701,1995,7,-0.14526470645211909,true,19,9,0.47368421052631576
261604,2000,24,-0.08337676978897157,true,0,0,0.0
412933,2009,36,-0.08627147342608232,true,76,53,0.6973684210526315
934776,2017,46,-0.07902070086466573,false,13,5,0.38461538461538464
159082,1997,26,-0.20173168867982572,false,6,3,0.5
739359,2013,237,-0.05114355053379205,true,62,59,0.9516129032258065
672142,2011,8,0.07925051006952266,true,2,2,1.0
598810,2016,57,-0.011500304472020773,true,0,0,0.0
125549,1996,17,0.45921497729726735,false,1,0,0.0
708972,2012,57,0.36021923269002265,false,0,0,0.0
1059485,2019,19,-0.2400090781825952,false,0,0,0.0
773492,2014,104,-0.05290600937592416,true,0,0,0.0
702972,2012,83,-0.058846816080690534,true,0,0,0.0
902410,2017,10,-0.22037067484829187,true,4,4,1.0
183588,1998,9,0.2762415275424095,false,5,4,0.8
947266,2017,116,-0.19851234367568704,false,0,0,0.0
632731,2010,10,0.020765588327008366,true,1315,769,0.5847908745247148
337651,2007,48,0.18221771289505462,false,0,0,0.0
37778,1992,17,-0.07238349513857045,false,1,0,0.0
723821,2013,13,-0.2606307012669795,false,2,1,0.5
997823,2018,19,0.17581523288732992,false,0,0,0.0
1046248,2019,128,0.12484133334817393,false,13,0,0.0
931361,2017,238,-0.018364380603629105,false,1,0,0.0
959172,2018,13,0.03939316372715407,false,45,11,0.24444444444444444
444228,2001,12,-0.11121920079378089,true,0,0,0.0
945724,2017,15,-0.1968918282366916,true,1,1,1.0
333291,2006,43,0.05348817080940993,true,60,42,0.7
521670,2005,24,-0.07368010215252507,false,1,0,0.0
228964,1999,5,-0.044962096311344624,false,65,34,0.5230769230769231
550067,2004,17,0.025617016841013474,false,2,2,1.0
45329,1992,12,0.024721901743849806,false,0,0,0.0
303392,2002,6,-0.17416043712118423,false,7,6,0.8571428571428571
181089,1998,3,0.012829551758494873,true,5,4,0.8
496563,2004,12,-0.008167832091232619,true,1,1,1.0
136447,1996,19,0.10338962809742913,true,0,0,0.0
92296,1995,19,-0.26234801543880426,false,0,0,0.0
577454,2012,250,-0.22206478685751918,false,3,0,0.0
842996,2015,37,-0.3094802723547705,false,1,1,1.0
366888,2007,48,0.057938363448294616,true,5,3,0.6
873620,2016,48,-0.0630541753375029,false,1,0,0.0
925509,2017,33,0.08091776246715465,true,1,1,1.0
300524,2002,14,0.09320610325106848,true,88,62,0.7045454545454546
142921,1996,62,-0.10220774596654802,false,3,1,0.3333333333333333
392655,2008,23,-0.19938900773133472,true,15,11,0.7333333333333333
881273,2016,30,-0.08555367961699556,false,2,2,1.0
526435,2005,15,0.0033394740510139798,true,0,0,0.0
77044,1994,37,0.04649767887395306,true,2,2,1.0
793835,2014,21,0.1116823048577853,false,0,0,0.0
755586,2013,52,0.1577930941040453,true,1,1,1.0
108464,1995,12,-0.010871844117427365,true,22,10,0.45454545454545453
711520,2012,16,-0.10610100766348207,true,1,0,0.0
301890,2002,14,-0.08210397468493724,true,0,0,0.0
781787,2014,24,-0.07593207498319998,true,51,51,1.0
673984,2011,58,-0.14307554452383808,false,4,2,0.5
380646,2008,5,-0.18124241436106736,true,110,76,0.6909090909090909
341763,2007,80,0.09167061898903839,false,2,0,0.0
268476,2000,50,-0.0565645766044276,true,1,1,1.0
570442,2010,363,-0.0362491610199811,false,0,0,0.0
254310,2000,3,0.17949983517099177,true,0,0,0.0
808576,2015,37,0.36175468654378307,true,8,8,1.0
262102,2000,34,0.0705292657618406,true,0,0,0.0
198478,1998,18,0.07021538098977409,false,0,0,0.0
326119,2013,19,-0.27202222647614427,true,0,0,0.0
754215,2013,18,0.15262273382028102,false,6,0,0.0
362871,2007,3,0.06341816648092191,false,3,1,0.3333333333333333
921707,2017,11,0.2607333734595745,false,2,0,0.0
399551,2009,22,0.22317618298735376,false,45,29,0.6444444444444445
29505,1991,48,0.237125043236456,false,0,0,0.0
485529,2004,41,-0.005201977200946395,true,3,0,0.0
165302,1997,3,0.4552845415269937,false,13,4,0.3076923076923077
993921,2018,16,0.2141927541081694,true,2,1,0.5
254037,2000,38,-0.00661507378781323,true,0,0,0.0
874845,2016,41,-0.07912145920201663,false,3,0,0.0
125201,1996,34,0.16297990157851583,true,0,0,0.0
765311,2014,28,0.20576599877772317,true,2,2,1.0
537678,2006,17,0.10022119606203539,true,5,2,0.4
145692,1996,14,-0.31640058819264816,false,19,3,0.15789473684210525
8150,1990,8,0.11616697752800764,true,4,1,0.25
135989,1996,20,-0.07502832580515228,false,0,0,0.0
658082,2011,74,0.11096605546308247,true,0,0,0.0
415585,2009,4,-0.2134098637071471,false,2,1,0.5
614805,2018,83,-0.16385021939751354,false,0,0,0.0
289773,2001,4,-0.18027336688244322,false,0,0,0.0
286119,2001,30,0.20132878796930687,true,3,3,1.0
660235,2011,14,0.13497233242649553,false,0,0,0.0
806807,2015,17,0.16564509565435248,true,2,2,1.0
149165,1996,15,0.041731083099278976,true,0,0,0.0
708997,2012,12,0.025062725703520528,true,14,6,0.42857142857142855
1045951,2019,14,-0.10794378858646603,false,2,1,0.5
223654,1999,75,0.33532000241197846,false,1,0,0.0
992942,2018,12,-0.11908549748593966,false,1,0,0.0
881189,2016,35,-0.18583234432603035,true,1,1,1.0
992546,2018,14,0.17379071421693304,false,4,1,0.25
470669,2003,7,-0.014636911326164181,false,2,2,1.0
818735,2015,139,-0.009058772612270616,true,1,0,0.0
657428,2011,14,-0.5861504738801919,true,0,0,0.0
933064,2017,41,-0.2521769491776453,true,41,11,0.2682926829268293
987890,2018,12,0.02802081762451092,false,21,4,0.19047619047619047
1031902,2019,24,0.1334598225923127,false,0,0,0.0
69951,1994,13,0.01597112247720478,false,0,0,0.0
374879,2008,55,0.5401515936585319,false,68,49,0.7205882352941176
781276,2014,36,-0.0423942940715305,true,0,0,0.0
348450,2007,40,0.0002779937589476589,false,1,0,0.0
411125,2009,11,-0.12264151365960263,true,2,2,1.0
407801,2009,55,0.19295574089956524,true,70,50,0.7142857142857143
823695,2015,22,0.02619809777873172,false,0,0,0.0
1030716,2019,181,-0.1681323625597968,false,121,22,0.18181818181818182
670841,2011,15,-0.25465019914228204,false,4,4,1.0
135985,1996,6,-0.3443670312950493,true,10,8,0.8
521653,2005,7,0.17821464393862474,false,1,1,1.0
122175,1996,8,0.019346795346049994,false,3,2,0.6666666666666666
594191,2015,1061,-0.03994129943204339,false,0,0,0.0
686622,2012,88,0.0857619051446914,true,0,0,0.0
1003717,2018,5,-0.033825135690717545,false,0,0,0.0
735632,2013,8,0.186328226376844,true,1,1,1.0
519955,2005,53,0.11001915524045636,true,2,2,1.0
717698,2012,90,0.07355239345148679,false,1,0,0.0
339456,2007,61,0.1487732801919286,true,4,4,1.0
28187,1991,3,0.42111895032593516,true,0,0,0.0
72249,1994,6,-0.05369197968651651,true,6,4,0.6666666666666666
384470,2008,20,-0.26163617457829513,false,0,0,0.0
626466,2010,137,-0.10591930884895984,true,0,0,0.0
438491,2000,27,-0.1818102728102673,true,1,1,1.0
516017,2005,13,-0.1839260533217848,true,23,10,0.43478260869565216
800730,2014,24,0.20303369930884596,false,0,0,0.0
328036,2006,23,-0.12648002809040548,false,1,0,0.0
899571,2016,38,0.044791119665573476,false,1,0,0.0
729704,2013,37,-0.2209389130354955,true,1,1,1.0
986426,2018,304,-0.20477485736152445,false,1,0,0.0
80472,1994,14,0.13502130330274298,true,4,3,0.75
927881,2017,29,0.12298115518232677,false,29,7,0.2413793103448276
582394,2013,17,0.17226799166201623,false,0,0,0.0
181830,1998,65,0.34324343479969954,true,1,1,1.0
1020964,2019,19,0.19270419856962118,true,2,2,1.0
344555,2007,15,-0.04669125314437084,true,279,167,0.5985663082437276
910245,2017,4,-0.15649303039283158,false,20,5,0.25
788152,2014,298,-0.052656243955534254,false,1,0,0.0
343091,2007,58,-0.10112456790332303,false,0,0,0.0
801693,2015,16,0.1869371951239458,false,0,0,0.0
1036873,2019,71,-0.08995510259963524,false,0,0,0.0
937562,2017,27,-0.04526987469773491,false,0,0,0.0
314686,2004,48,0.08550567435347567,true,0,0,0.0
985041,2016,13,0.016112292444646847,false,1,0,0.0
208591,1999,143,0.18787440500384012,true,1,1,1.0
426437,2009,16,-0.1328397654611111,false,225,147,0.6533333333333333
60982,1993,28,-0.12610400033935054,false,3,3,1.0
664066,2011,167,-0.2706349857668009,true,100,49,0.49
204339,1998,8,0.3572796238200606,true,0,0,0.0
865615,2016,281,-0.0913145972103937,false,17,8,0.47058823529411764
635077,2010,64,0.04342621432537985,false,6,1,0.16666666666666666
93515,1995,17,0.21564718718647313,true,0,0,0.0
416427,2009,88,-0.12739767381624745,true,2,2,1.0
706199,2012,30,-0.0003892543242720592,true,34,24,0.7058823529411765
764793,2014,20,-0.1817497273985662,false,0,0,0.0
551613,2004,241,0.0712722770586458,false,1,0,0.0
114152,1995,28,-0.028756262100275265,true,0,0,0.0
620646,2019,153,0.08900270210353067,false,1,0,0.0
914552,2017,11,0.13930101383023352,false,2,0,0.0
983741,2018,62,0.08341912030631349,true,0,0,0.0
17634,1991,24,0.2352750654939415,false,13,3,0.23076923076923078
100994,1995,11,0.4352750162424073,false,5,2,0.4
672970,2011,17,-0.19654929272123312,false,1,0,0.0
382553,2008,58,0.08179876688236565,true,1,1,1.0
70485,1994,37,0.057998965087421084,false,0,0,0.0
922157,2017,69,-0.07732280529746793,false,0,0,0.0
1014998,2018,25,-0.1079765250865048,true,0,0,0.0
79072,1994,4,-0.2411608957849145,false,104,54,0.5192307692307693
83905,1994,9,-0.025583295124685712,false,2,1,0.5
1065475,2019,232,0.10317163310597,true,0,0,0.0
699288,2012,125,-0.04546713310437589,true,3,1,0.3333333333333333
484277,2004,96,0.17078653730839477,false,4,1,0.25
423463,2009,59,-0.041018855427733314,true,1,0,0.0
140875,1996,15,-0.1661709009724781,false,0,0,0.0
877586,2016,112,-0.03665747241138817,false,0,0,0.0
438958,2000,13,-0.2608109749541878,true,0,0,0.0
970965,2018,33,-0.04037088651057008,false,0,0,0.0
1046730,2019,28,0.02567670035461944,false,1,0,0.0
807302,2015,119,-0.10577655502121974,false,4,0,0.0
635962,2010,26,0.007998745229449433,true,0,0,0.0
626727,2010,6,-0.2664806460058653,false,0,0,0.0
812641,2015,8,0.11532237143318635,true,1,1,1.0
635540,2010,34,-0.06223786686562072,true,1,1,1.0
900458,2016,109,0.004628144529156053,false,1,1,1.0
298824,2002,44,-0.19116487962080697,false,2,0,0.0
113015,1995,8,-0.2063423331281209,true,1,1,1.0
788415,2014,36,0.2298706753708668,true,3,2,0.6666666666666666
359602,2007,17,0.18833606675642223,false,1,0,0.0
23970,1991,9,0.12344914301852139,false,28,16,0.5714285714285714
359512,2007,8,0.01849936558479115,true,0,0,0.0
246802,2000,50,0.07856938404221481,false,2,0,0.0
1008309,2018,26,-0.09816897600950725,false,0,0,0.0
893270,2016,10,-0.16058016064770797,false,35,18,0.5142857142857142
881280,2016,4,-0.09893795149552442,false,0,0,0.0
66214,1993,5,-0.09220466139967876,false,9,5,0.5555555555555556
287238,2001,19,-0.1683420183097626,false,4,1,0.25
670264,2011,16,-0.054540341949288695,true,2,2,1.0
745284,2013,116,0.22935159566145735,false,0,0,0.0
874319,2016,45,0.16041853365443615,true,1,1,1.0
413260,2009,69,0.07389240211248538,false,5,3,0.6
884949,2016,12,-0.10774396957316501,false,0,0,0.0
836804,2015,12,-0.08488771224380542,false,0,0,0.0
1055055,2019,31,-0.1449287240869488,true,0,0,0.0
1047205,2019,38,-0.03301739712999652,true,8,2,0.25
364079,2007,26,-0.024287878452703637,false,1,0,0.0
137391,1996,18,-0.10678187155179852,true,0,0,0.0
540889,2006,9,-0.024846433572490056,true,0,0,0.0
444654,2001,6,-0.09573117396711162,true,0,0,0.0
472010,2003,24,-0.036836218016290445,false,1,0,0.0
363171,2007,29,0.05238858141074587,true,1,1,1.0
525180,2005,7,-0.12155239056781664,true,87,43,0.4942528735632184
624859,2010,10,0.0478654470941704,false,1315,770,0.5855513307984791
880910,2016,14,-0.0072100921097515425,false,1,0,0.0
554970,2005,35,-0.012577756276465735,false,0,0,0.0
390006,2008,16,0.2602830082683898,true,0,0,0.0
809271,2015,7,-0.2625990448351274,false,0,0,0.0
41831,1992,14,-0.05629761239676867,false,0,0,0.0
848525,2015,93,0.07401832135345732,false,1,0,0.0
1024109,2019,39,0.07002305818078369,true,1,1,1.0
97182,1995,29,0.041864930773565234,false,0,0,0.0
55096,1993,4,-0.109426982873158,false,29,16,0.5517241379310345
513293,2005,7,0.5523716093143136,true,0,0,0.0
425156,2009,13,0.36087059632607943,true,1,0,0.0
6033,1990,15,0.5045002669723342,true,0,0,0.0
235267,2000,7,0.13129436889067136,true,4,4,1.0
75888,1994,21,0.06254076053863677,false,0,0,0.0
299923,2002,9,-0.297687256410887,false,4,3,0.75
970651,2018,47,-0.08373171712331384,true,0,0,0.0
961958,2018,54,-0.19910736546568408,false,0,0,0.0
462168,2003,21,0.0959036491757237,true,0,0,0.0
112612,1995,11,-0.26882433647563353,true,0,0,0.0
571818,2011,25,-0.36871725995349625,false,6,4,0.6666666666666666
819578,2015,36,-0.1534575649926726,false,11,6,0.5454545454545454
487219,2004,13,-0.21586507635226582,false,1,1,1.0
311428,2003,82,0.12236934343803707,true,1,1,1.0
281420,2001,16,-0.23653775824819423,true,0,0,0.0
121672,1996,23,-0.20565655942721506,false,0,0,0.0
1042476,2019,55,-0.24870067643991156,false,13,2,0.15384615384615385
995875,2018,135,0.03787132094863743,false,3,0,0.0
850783,2016,44,-0.11054020673637588,true,5,3,0.6
1027492,2019,203,0.03661313290380397,false,2,0,0.0
223391,1999,10,0.009902490504201111,true,1,1,1.0
101020,1995,29,-0.14215146700453385,true,11,11,1.0
267398,2000,21,0.023397168610256536,true,9,9,1.0
931517,2017,35,0.22373472221627733,false,0,0,0.0
657712,2011,39,0.03317690477152979,false,0,0,0.0
976480,2018,82,0.4301562670810224,true,1,1,1.0
339138,2007,18,-0.09941145293218678,true,2,2,1.0
666333,2011,21,0.035531590056027795,false,4,1,0.25
365122,2007,107,-0.04784701065994623,true,0,0,0.0
982920,2018,23,0.026288705379257316,false,1,0,0.0
164874,1997,22,0.15544858762267832,true,0,0,0.0
308007,2003,32,-0.11756478154317485,true,0,0,0.0
203607,1998,4,0.06604790160359464,true,2,1,0.5
244701,2000,6,-0.10569367172993083,true,1,0,0.0
498603,2004,8,0.39585845597169467,true,1,0,0.0
812176,2015,22,-0.08815415415423455,true,1,1,1.0
550364,2004,14,-0.05734222568376346,false,0,0,0.0
432505,2010,9,0.0943178644463778,false,51,27,0.5294117647058824
944693,2017,11,-0.1499645032186585,false,1,0,0.0
1035124,2019,78,0.05112069646141215,true,3,3,1.0
60444,1993,11,-0.05553718649284889,false,0,0,0.0
454731,2002,619,0.010241165821435416,false,2,1,0.5
221801,1999,9,-0.16825307571893422,false,0,0,0.0
896048,2016,50,0.07576089353072568,false,0,0,0.0
354917,2007,229,-0.10412772783539603,true,1,1,1.0
83326,1994,9,-0.2628752339014717,false,0,0,0.0
620915,2019,184,-0.0917275421453434,true,0,0,0.0
151874,1997,63,-0.11318215055650072,false,46,15,0.32608695652173914
101141,1995,16,-0.3431267770337607,false,26,8,0.3076923076923077
587119,2014,33,-0.16634261181760035,false,4,0,0.0
625073,2010,4,-0.07317865444344474,false,0,0,0.0
206454,1999,21,-0.2039532965689368,true,9,8,0.8888888888888888
276286,2001,13,0.004078002041011608,true,0,0,0.0
620504,2019,150,-0.05344111450578026,false,1,0,0.0
408294,2009,26,-0.1756488718572351,false,4,0,0.0
978667,2018,88,-0.2542768565756415,false,2,0,0.0
701354,2012,56,0.1201812370825559,true,2,0,0.0
150947,1997,24,0.09703584823959854,false,1,0,0.0
820645,2015,118,-0.04787330646842847,true,2,2,1.0
510039,2005,48,0.0362764964310891,true,4,4,1.0
598082,2016,225,-0.013837479599758229,false,0,0,0.0
251225,2000,7,-0.049625826712007104,false,1,1,1.0
47077,1992,7,-0.27114656644431,false,0,0,0.0
433629,2010,147,-0.14099733342386767,false,0,0,0.0
361454,2007,16,0.09576709165965269,true,4,4,1.0
116650,1995,21,0.5216534855326964,false,1,0,0.0
511415,2005,40,-0.03090163193251172,true,0,0,0.0
698949,2012,38,0.29722879388215606,true,9,8,0.8888888888888888
1048145,2019,72,0.23230924901728933,true,0,0,0.0
344720,2007,3,0.12496940303865234,true,1133,707,0.6240070609002648
1474,1990,7,0.814890896010291,true,1,1,1.0
762680,2014,41,0.23735669098166134,true,1,1,1.0
581780,2013,96,-0.06293350167756717,false,0,0,0.0
185043,1998,18,-0.08220340293239037,false,3,1,0.3333333333333333
466154,2003,76,0.08067905920574336,true,0,0,0.0
31977,1992,21,0.09232999764268612,false,0,0,0.0
223458,1999,58,-0.027828182729295214,false,10,7,0.7
412450,2009,5,-0.25736361055079016,true,766,443,0.5783289817232375
12464,1990,19,0.23497567273144426,false,0,0,0.0
363784,2007,3,0.1383314260969808,false,1121,701,0.6253345227475469
526686,2005,29,-0.0016861061090098772,true,0,0,0.0
213881,1999,26,-0.06980619852115844,false,0,0,0.0
38964,1992,18,-0.06195452127263046,false,0,0,0.0
407924,2009,64,0.20417654106251337,false,0,0,0.0
558715,2007,28,0.009954122639038943,false,0,0,0.0
1046801,2019,55,-0.20608700455133455,false,0,0,0.0
1061632,2019,21,-0.18019459205586497,false,7,1,0.14285714285714285
373713,2008,30,-0.06957487719833022,true,1,0,0.0
500233,2005,47,-0.08394868513447662,false,1,1,1.0
847350,2015,303,-0.19940313146195265,true,2,2,1.0
568854,2010,185,-0.09840628558438169,false,1,0,0.0
17527,1991,19,-0.004151973141661713,false,0,0,0.0
99105,1995,30,-0.02391743766112686,false,0,0,0.0
930194,2017,26,0.17890758132215545,false,4,0,0.0
780427,2014,35,0.17180138925369803,true,0,0,0.0
197447,1998,23,-0.17547748494461857,true,2,1,0.5
796744,2014,8,0.3662139495957266,false,118,45,0.3813559322033898
1070371,2019,50,-0.08977502106153601,false,1,0,0.0
174310,1997,56,-0.09151216502313808,true,1,1,1.0
436446,2009,8,-0.010041347862427052,true,5,4,0.8
869899,2016,39,-0.054244646131195395,true,3,3,1.0
499969,2005,155,-0.0222660328682851,true,0,0,0.0
947595,2017,14,0.007411736378358569,true,0,0,0.0
399986,2009,6,-0.20817756991712066,false,1,0,0.0
468769,2003,29,0.3987910809698034,false,0,0,0.0
169840,1997,13,-0.1408409319858066,false,0,0,0.0
508528,2005,6,-0.2651575312266221,true,25,14,0.56
286505,2001,15,0.054947449359962874,true,0,0,0.0
195450,1998,47,0.43247945115362896,true,45,45,1.0
515232,2005,3,-0.11498050178486263,false,27,17,0.6296296296296297
274642,2001,15,-0.07121275986071396,true,0,0,0.0
216414,1999,12,-0.512136773589142,false,0,0,0.0
850586,2016,60,-0.06742793451391726,false,1,0,0.0
669606,2011,32,0.4180184567803913,true,1,1,1.0
921305,2017,21,0.08046893445705994,false,2,0,0.0
645016,2010,74,-0.05244584821435039,true,1,1,1.0
988303,2018,15,0.27286600219905655,true,12,4,0.3333333333333333
652915,2011,41,0.2396674057345276,false,7,3,0.42857142857142855
297415,2002,219,0.09315894017789095,true,9,4,0.4444444444444444
22420,1991,15,0.3201774096579335,true,10,3,0.3
1059323,2019,141,-0.06591922411663642,false,0,0,0.0
10371,1990,22,0.576454311765036,true,0,0,0.0
256999,2000,16,0.21390103965403462,false,5,5,1.0
985494,2018,6,-0.17679843996108247,true,9,5,0.5555555555555556
941977,2017,21,0.0029933269818327446,false,4,0,0.0
710978,2012,36,0.15968128801666293,true,1,1,1.0
313485,2004,35,-0.14541096814186716,true,2,2,1.0
299574,2002,11,0.20825630192027944,false,114,66,0.5789473684210527
618474,2019,117,0.029042236446555236,true,5,5,1.0
110462,1995,14,-0.009054489215847283,true,4,3,0.75
238299,2000,4,0.012818956440298734,true,17,10,0.5882352941176471
423716,2009,11,0.13615469453789153,true,0,0,0.0
907814,2017,78,0.12714993414828157,false,2,0,0.0
494695,2004,28,-0.039546553410616525,true,8,2,0.25
696196,2012,12,0.1131869737189044,true,0,0,0.0
132806,1996,3,-0.19015803392476016,false,1,0,0.0
395979,2008,466,0.2586199923822292,true,3,3,1.0
816385,2015,24,0.1566941101761845,false,0,0,0.0
384783,2008,62,-0.16206196560188602,true,0,0,0.0
312362,2003,15,-0.3185082955009948,true,6,3,0.5
394080,2008,22,-0.06074983711181581,true,4,4,1.0
425841,2009,30,-0.07408995723200018,false,2,1,0.5
181984,1998,8,0.09590513318171201,true,9,5,0.5555555555555556
368660,2008,15,-0.0885092780904424,true,0,0,0.0
359765,2007,1271,0.0809479656585066,true,49,31,0.6326530612244898
1024947,2019,23,-0.046962251893369,true,2,0,0.0
1068213,2019,177,0.09966689982983423,false,0,0,0.0
184490,1998,28,-0.1745416996901401,false,0,0,0.0
42712,1992,7,0.12701953025489754,false,25,17,0.68
313002,2003,4,-0.2012408686563445,false,3,2,0.6666666666666666
19041,1991,15,-0.1493640762815085,true,2,2,1.0
271780,2001,3,0.2553150942023832,true,659,379,0.575113808801214
1026134,2019,16,0.1938012635450539,true,0,0,0.0
964415,2018,67,0.1563474673627523,false,1,0,0.0
22573,1991,4,0.1651551367072983,true,4,2,0.5
165811,1997,120,-0.010770079407975253,true,1,0,0.0
909152,2017,11,0.14539336789732538,true,9,5,0.5555555555555556
861978,2016,54,0.038165069244219474,true,0,0,0.0
133899,1996,21,-0.23853888686731306,true,1,0,0.0
573768,2011,83,-0.0687118996674485,false,2,1,0.5
369089,2008,9,-0.22278084392157993,false,0,0,0.0
959151,2018,15,-0.1422716291667152,false,0,0,0.0
1024705,2019,12,-0.2144536276483091,true,6,1,0.16666666666666666
1022846,2019,12,0.27021965360410594,false,29,8,0.27586206896551724
1040252,2019,25,-0.091510251490317,true,155,71,0.45806451612903226
683929,2012,18,-0.009390544112489962,true,27,19,0.7037037037037037
894049,2016,29,-0.09771303041794699,false,0,0,0.0
531934,2006,5,-0.07717664540637603,true,53,25,0.4716981132075472
166267,1997,44,0.09788150710602217,false,0,0,0.0
34064,1992,5,-0.03541476197694493,true,1,1,1.0
521717,2005,89,0.007800450787652569,false,5,4,0.8
232565,1999,13,-0.12276671507100367,false,0,0,0.0
722086,2013,132,0.029282226917879406,false,0,0,0.0
68884,1994,10,-0.5335799097097027,true,0,0,0.0
877982,2016,57,-0.044530420509543145,false,160,50,0.3125
838122,2015,16,0.04146873622335079,true,1,1,1.0
330552,2006,15,0.12780981813144,true,10,8,0.8
318048,2004,20,-0.07457474670999176,false,1,0,0.0
240150,2000,14,-0.2563007690114949,false,4,2,0.5
69288,1994,13,0.02388028107082185,false,2,2,1.0
3806,1990,55,0.549313313877632,true,0,0,0.0
593975,2016,190,-0.05579270345221232,false,1,0,0.0
872791,2016,201,-0.06252871133968663,true,12,1,0.08333333333333333
703566,2012,104,-0.2418885760017453,true,2,2,1.0
587213,2013,1901,-0.11966799450244858,false,4,0,0.0
25457,1991,10,-0.06345588368568578,false,0,0,0.0
752705,2013,110,0.03250457200050949,true,0,0,0.0
334165,2006,22,0.08244557530893282,true,0,0,0.0
471982,2003,18,0.09615878185352411,true,1,1,1.0
20061,1991,34,0.20695397534389848,true,3,1,0.3333333333333333
509937,2005,13,0.004141421205212659,true,4,2,0.5
627056,2010,94,0.06386507924273488,true,0,0,0.0
572373,2011,455,-0.07925679580539757,false,0,0,0.0
209235,1999,33,-0.20243940832133767,false,0,0,0.0
726845,2013,79,0.12244171789118852,true,0,0,0.0
316264,2004,5,-0.6200568770578423,true,2,2,1.0
459976,2002,20,-0.3126557655016251,false,4,4,1.0
190996,1998,18,-0.4189582661649114,false,0,0,0.0
340435,2007,68,-0.1410816717594301,true,0,0,0.0
120922,1996,8,-0.20309987509246064,true,0,0,0.0
327737,2006,3,-0.17507035804857107,true,24,20,0.8333333333333334
707871,2012,7,-0.22973592532610532,false,1,1,1.0
887276,2016,51,0.03415239977482365,false,1,0,0.0
1046179,2019,50,0.049507410428875076,true,2,2,1.0
39697,1992,28,-0.0229381126855408,true,10,9,0.9
243697,1998,10,-0.11556078371611456,true,0,0,0.0
668929,2011,73,-0.15849876904027838,true,0,0,0.0
847689,2015,26,-0.07806633358409254,false,0,0,0.0
487120,2004,29,0.5430000090791198,true,7,6,0.8571428571428571
265775,2000,64,0.09565854011651087,true,0,0,0.0
290704,2002,81,-0.25492197543871864,true,0,0,0.0
5116,1990,15,0.5498377295975585,true,5,5,1.0
252611,2000,134,-0.058440353087303,true,6,4,0.6666666666666666
418634,2009,403,-0.05564598009053867,false,0,0,0.0
2639,1990,15,0.774666074864327,true,3,2,0.6666666666666666
18491,1991,9,0.14872254052171563,false,1,1,1.0
349272,2007,108,-0.03631877068542355,true,0,0,0.0
70464,1994,5,0.20289792345089452,true,26,20,0.7692307692307693
452010,2002,14,-0.10132988633722917,true,0,0,0.0
596287,2016,78,0.08101535659295145,false,1,0,0.0
100575,1995,23,-0.5746398851716643,true,12,8,0.6666666666666666
24267,1991,55,0.2462592263544776,true,1,1,1.0
567359,2009,64,-0.026391473600640758,false,0,0,0.0
449660,2002,33,0.18609836439477423,true,7,6,0.8571428571428571
1034723,2019,13,0.02425548827156554,false,29,24,0.8275862068965517
375087,2008,320,-0.30872803452132036,true,5,5,1.0
199083,1998,15,-0.10068132673071162,true,3,3,1.0
537900,2006,14,0.13690662846633828,true,25,13,0.52
20130,1991,48,0.15609554384461344,false,0,0,0.0
944237,2017,9,0.24877173270602704,false,5,4,0.8
672391,2011,6,0.4075214237397571,false,0,0,0.0
735272,2013,11,-0.03944971797861374,false,0,0,0.0
158306,1997,12,0.07975188401227751,false,7,2,0.2857142857142857
455956,2002,7,0.34769465764694996,true,1024,736,0.71875
256913,2000,81,-0.08454642817773994,true,0,0,0.0
540616,2006,121,-0.08444733410925753,true,6,4,0.6666666666666666
793159,2014,126,0.19870950799056164,true,3,1,0.3333333333333333
530301,2006,20,-0.0785587279384039,true,0,0,0.0
342333,2007,10,0.22203879739753596,true,0,0,0.0
5826,1990,19,0.36839310128940017,true,1,1,1.0
406894,2009,5,-0.21734222998283848,true,846,500,0.5910165484633569
316305,2004,14,-0.034074814171916046,false,0,0,0.0
721444,2013,53,-0.06629712483776995,true,2,2,1.0
319470,2005,22,-0.004110116405001918,false,1,1,1.0
263467,2000,25,-0.16589925788920823,false,0,0,0.0
710286,2012,7,0.15300193658531036,false,35,13,0.37142857142857144
329679,2006,71,0.01852698665156982,true,0,0,0.0
482492,2004,19,0.2816878747511824,true,0,0,0.0
611106,2018,137,-0.06032731747378062,false,0,0,0.0
909718,2017,17,-0.11957340981635767,false,2,1,0.5
276920,2001,87,1.063890781922098,true,1055,1051,0.9962085308056872
397785,2008,215,0.1174082781454091,true,0,0,0.0
1033115,2019,13,-0.2956253576984089,false,56,18,0.32142857142857145
805001,2015,13,-0.025628980114132283,true,1,0,0.0
257246,2000,26,-0.3657490788143516,true,3,0,0.0
1028511,2019,53,0.30587740456854995,true,9,7,0.7777777777777778
177091,1997,9,-0.19998529196543124,true,2,2,1.0
53985,1993,7,0.23294339050590462,true,0,0,0.0
750413,2013,63,0.16818790713003606,false,2,2,1.0
980649,2018,29,-0.21422240188202757,false,1,0,0.0
137972,1996,26,0.030246562200673566,true,0,0,0.0
735929,2013,14,-0.019457985382008935,true,1,1,1.0
190390,1998,16,-0.08946237370999999,true,0,0,0.0
146489,1996,12,-0.16754956932171705,true,1,1,1.0
594200,2015,181,-0.017179557925277145,false,5,0,0.0
197786,1998,57,-0.15879239773360787,true,0,0,0.0
998599,2018,5,-0.2065784550215337,false,4,3,0.75
963058,2018,56,-0.24674173917556264,false,2,0,0.0
295249,2002,22,0.2107686904841346,true,0,0,0.0
25976,1991,16,0.047047270533591146,false,0,0,0.0
268073,2000,18,-0.039839418337242805,false,0,0,0.0
586691,2014,63,0.04976219671228144,false,2,0,0.0
265046,2000,25,-0.09703062938520723,true,13,13,1.0
1049689,2019,102,-0.16696431563775427,false,1,0,0.0
927347,2017,88,-0.14259726201536616,true,1,1,1.0
59676,1993,16,-0.30865051719447223,false,0,0,0.0
552665,2005,30,-0.07103737289332912,false,1,0,0.0
597202,2016,19,-0.04788907852974589,false,2,0,0.0
420491,2009,47,0.008198935853140021,false,0,0,0.0
244000,1997,149,0.1728019658452915,false,2,0,0.0
695251,2012,61,0.009974838192781554,false,5,4,0.8
695377,2012,24,0.3278847576519315,false,1,0,0.0
450745,2002,12,-0.1648332537949413,true,3,3,1.0
27370,1991,30,0.05672756850419525,false,0,0,0.0
362708,2007,24,0.010816037103778875,true,0,0,0.0
1044855,2019,46,-0.06359916775656593,true,2,2,1.0
331115,2006,15,-0.12673715502287308,true,9,5,0.5555555555555556
905131,2017,7,-0.20413761372545292,true,257,129,0.5019455252918288
545028,2006,7,0.17731706092657973,true,0,0,0.0
574754,2011,71,0.106238872785128,false,0,0,0.0
50464,1993,17,-0.21802885656146653,false,3,3,1.0
313370,2004,11,-0.13114128359576105,false,393,209,0.5318066157760815
141915,1996,12,0.5560107747640872,true,39,24,0.6153846153846154
909825,2017,14,-0.007042132455696404,true,0,0,0.0
222377,1999,32,0.10892962574871135,true,0,0,0.0
843396,2015,35,0.021712234811313458,false,0,0,0.0
1005421,2018,362,-0.05536896259891222,false,0,0,0.0
497794,2004,11,-0.4541398133903849,true,0,0,0.0
906834,2017,15,0.5075519134315689,false,2,0,0.0
619844,2019,231,-0.03301407745951401,false,7,0,0.0
145291,1996,18,-0.09408655815739841,true,2,0,0.0
963073,2018,11,-0.035623448860401474,true,152,84,0.5526315789473685
975312,2018,18,-0.009672326651314123,true,0,0,0.0
413565,2009,72,0.4361892621285013,true,0,0,0.0
842860,2015,16,0.005375329167506493,true,0,0,0.0
750256,2013,72,0.012849769107586617,true,0,0,0.0
499994,2005,19,0.3905262085012069,true,1,1,1.0
90381,1994,19,-0.1971402974804537,true,1,1,1.0
78751,1994,13,-0.12443650430910491,true,0,0,0.0
733603,2013,36,-0.24057835049750276,true,27,19,0.7037037037037037
108419,1995,26,-0.06056923522622348,true,1,0,0.0
1019588,2019,41,-0.024792545318155668,false,0,0,0.0
843440,2015,110,0.0401179131577889,false,0,0,0.0
359588,2007,12,-0.2118009036726134,true,54,34,0.6296296296296297
80329,1994,20,-0.29646807328275226,false,2,0,0.0
732212,2013,263,-0.09624843909804559,true,2,2,1.0
617578,2019,94,0.05917943370433143,false,0,0,0.0
503794,2005,147,0.016878163621406372,false,2,1,0.5
406273,2009,24,-0.26881145195676304,true,6,5,0.8333333333333334
644538,2010,9,-0.12080533318038977,false,1,0,0.0
682278,2012,20,-0.02127723433742279,false,6,1,0.16666666666666666
524092,2005,3,-0.2166206972741822,false,14,10,0.7142857142857143
908908,2017,95,0.11483655107054958,false,0,0,0.0
633067,2010,13,-0.09253854739910405,false,1,1,1.0
340655,2007,11,-0.06475673391222969,true,2,2,1.0
677546,2011,82,0.1468473705326967,true,0,0,0.0
283741,2001,48,0.014407409603144572,false,3,1,0.3333333333333333
902516,2017,108,-0.025402077789853372,false,1,0,0.0
991049,2018,112,-0.19115916742338346,false,0,0,0.0
901097,2016,31,0.09383887025455628,true,24,15,0.625
35935,1992,8,0.16830470802419484,false,3,1,0.3333333333333333
988201,2018,78,-0.10873468468341407,true,0,0,0.0
879438,2016,15,0.134534822036664,false,0,0,0.0
893358,2016,25,0.2531895196821061,true,0,0,0.0
573876,2011,176,0.13628620416866744,false,0,0,0.0
161076,1997,5,-0.21565863105164507,false,6,4,0.6666666666666666
806096,2015,19,-0.22981664252256095,false,2,1,0.5
750916,2013,14,-0.1491794719224595,true,41,23,0.5609756097560976
451841,2002,61,0.017236297143538692,true,0,0,0.0
509665,2005,18,-0.05931590976725154,true,0,0,0.0
797058,2014,32,0.1523615116842656,false,79,39,0.4936708860759494
711165,2012,108,0.2960342174957322,false,17,5,0.29411764705882354
371967,2008,47,0.023526244538508934,true,0,0,0.0
100565,1995,42,-0.10621221848371398,false,0,0,0.0
776457,2014,57,-0.14948272591314904,false,1,1,1.0
879163,2016,5,0.07169742292456593,true,126,66,0.5238095238095238
283735,2001,104,-0.35035407364015647,false,1,1,1.0
514450,2005,11,0.24462462841348298,false,0,0,0.0
651676,2011,23,-0.1100481182906865,false,0,0,0.0
641010,2010,20,-0.39451928770698697,false,10,3,0.3
113991,1995,16,-0.05853603343917513,false,0,0,0.0
738846,2013,21,-0.11200262056292498,true,24,10,0.4166666666666667
248185,2000,230,0.2597632513766075,true,52,52,1.0
347414,2007,112,-0.09921440496019596,true,0,0,0.0
22422,1991,341,-0.0051331938588079495,true,1,0,0.0
192730,1998,23,-0.1185499799401386,false,1,1,1.0
355458,2007,5,-0.15196360445128754,true,4,3,0.75
110162,1995,11,0.03264531797193726,true,15,13,0.8666666666666667
55029,1993,17,0.4319839435392616,false,0,0,0.0
18377,1991,11,0.10698012337598062,false,0,0,0.0
234438,1999,7,-0.1894494020088482,true,90,50,0.5555555555555556
890114,2016,94,0.015777321880008355,false,42,6,0.14285714285714285
287955,2001,3,0.097008833441663,true,7,3,0.42857142857142855
181539,1998,17,-0.3298713190771414,true,32,13,0.40625
76712,1994,6,0.018163571991256067,true,33,33,1.0
898256,2016,221,0.024909858755830072,true,0,0,0.0
333662,2006,105,0.17289275094315215,true,0,0,0.0
378471,2008,29,-0.027350382629554915,false,1,0,0.0
527041,2005,28,-0.024969617761880336,true,0,0,0.0
324799,2009,17,0.002344117897293607,false,7,5,0.7142857142857143
640539,2010,9,0.5867659609233682,true,6,6,1.0
999472,2018,161,0.017593461005877664,false,0,0,0.0
88416,1994,8,0.10598488139504703,false,0,0,0.0
673203,2011,7,0.6983596720687677,true,265,133,0.5018867924528302
898804,2016,7,0.15526047223800532,false,15,5,0.3333333333333333
372198,2008,24,-0.24978703342289865,true,220,141,0.6409090909090909
559300,2007,20,0.00019619373895629622,false,0,0,0.0
487954,2004,46,-0.03403612386089705,true,39,35,0.8974358974358975
278239,2001,199,0.11135636856619069,true,0,0,0.0
318000,2004,25,0.008077077941414323,true,0,0,0.0
976461,2018,41,0.09475553168891171,false,0,0,0.0
359003,2007,34,-0.18065230890983575,false,10,6,0.6
539676,2006,21,0.014454742337551174,true,3,2,0.6666666666666666
737402,2011,16,-0.041719586992661206,false,3,0,0.0
962420,2018,23,-0.0494589657384239,false,11,4,0.36363636363636365
977614,2018,6,-0.08032704485839304,true,0,0,0.0
52798,1993,7,-0.28917482208359235,false,21,4,0.19047619047619047
431225,2010,14,-0.034364485213200346,true,4,3,0.75
894651,2016,17,0.05656249422635007,false,0,0,0.0
823390,2015,24,0.05833142276051184,true,1,1,1.0
955946,2017,74,0.02182422589472921,false,4,0,0.0
984814,2016,190,0.013233112532275104,false,0,0,0.0
298405,2002,44,0.30737161503136345,true,210,143,0.680952380952381
250088,2000,28,-0.20555774081298406,true,1,1,1.0
534625,2006,14,0.038264920654670576,true,26,16,0.6153846153846154
483344,2004,27,0.06429042256890671,false,3,3,1.0
632963,2010,63,-0.037100547602468836,false,0,0,0.0
3467,1990,5,0.6969524064337493,true,14,10,0.7142857142857143
219157,1999,17,0.05681398139616167,true,3,3,1.0
877907,2016,219,0.1221969849973279,false,0,0,0.0
183422,1998,27,0.015015624323972965,true,0,0,0.0
1021882,2019,7,0.3288949942950339,false,1,0,0.0
444625,2001,9,-0.3933555518010108,true,0,0,0.0
294256,2002,110,0.13138206224419768,false,47,37,0.7872340425531915
101451,1995,4,-0.10599438879413192,true,0,0,0.0
751620,2013,24,-0.0672926260535851,true,4,2,0.5
36838,1992,30,-0.14757516937910964,false,0,0,0.0
573156,2011,339,0.0022905667669741447,false,0,0,0.0
221410,1999,7,0.032036402656157925,false,13,9,0.6923076923076923
1023050,2019,16,-0.11931110598144556,true,9,4,0.4444444444444444
152023,1997,41,-0.09422752406300638,true,2,1,0.5
472484,2003,41,-0.023197857361130225,false,0,0,0.0
575381,2012,140,0.010712922209368259,false,5,0,0.0
1006468,2018,12,0.7175119667865255,true,2,2,1.0
894289,2016,59,-0.05749331152182169,false,0,0,0.0
747963,2013,4,0.030944216455964124,false,3,0,0.0
130694,1996,14,-0.2066914700734328,true,0,0,0.0
1030217,2019,177,0.22600199488473738,false,0,0,0.0
780388,2014,204,-0.06064726318806901,false,0,0,0.0
1029654,2019,540,0.08608673555865565,true,9,7,0.7777777777777778
202327,1998,17,-0.24075640195995707,true,0,0,0.0
56786,1993,7,0.3324986237808618,false,0,0,0.0
143214,1996,3,0.0586482455432229,true,1,1,1.0
1062571,2019,53,-0.2011578314499145,false,1,1,1.0
188566,1998,17,0.08694100120412873,true,2,2,1.0
871093,2016,124,0.12915907153758077,false,3,1,0.3333333333333333
1046766,2019,36,-0.13523939780779148,true,4,3,0.75
196248,1998,9,-0.18630989959243394,true,0,0,0.0
218634,1999,27,-0.09147066449830099,false,0,0,0.0
249259,2000,31,-0.11983274138395217,true,2,2,1.0
788243,2014,92,0.20453208825069114,true,29,10,0.3448275862068966
36183,1992,7,-0.1048611334493268,false,29,18,0.6206896551724138
578418,2012,29,-0.09635650738675494,false,0,0,0.0
386273,2008,20,0.4397222372309777,true,29,23,0.7931034482758621
1004221,2018,17,-0.06891774456329536,true,7,6,0.8571428571428571
219940,1999,54,-0.057398787379298266,false,0,0,0.0
900599,2016,59,-0.0625226031626056,false,37,6,0.16216216216216217
319849,2005,66,-0.16383468840889925,false,0,0,0.0
277999,2001,27,0.11460786642866339,true,0,0,0.0
929967,2017,146,-0.08354912547353432,true,1,1,1.0
105372,1995,15,0.19999629975769118,false,0,0,0.0
965307,2018,21,0.07563019015152772,false,1,0,0.0
721082,2013,17,0.1566403344116276,true,0,0,0.0
807622,2015,36,-0.1827076177415261,false,0,0,0.0
265417,2000,11,0.04687162922753618,true,2,2,1.0
281253,2001,34,-0.04524482573811195,false,0,0,0.0
474159,2003,8,-0.0683811937131864,true,0,0,0.0
749613,2013,501,-0.10835920176840697,true,0,0,0.0
851836,2016,136,-0.10244357615736632,false,0,0,0.0
928035,2017,9,-0.1725438423833845,false,0,0,0.0
1011158,2018,24,0.021208079602839547,false,0,0,0.0
299212,2002,9,-0.2442770390138751,true,0,0,0.0
456227,2002,39,0.12229367742218589,false,0,0,0.0
1037682,2019,19,-0.08966176280074833,false,0,0,0.0
330986,2006,26,-0.07924791730245584,true,483,433,0.8964803312629399
574849,2011,1481,0.06709918517089708,false,37,0,0.0
214701,1999,27,-0.17186285935054801,false,0,0,0.0
1002533,2018,70,-0.18708391134816704,false,610,204,0.3344262295081967
292836,2002,31,-0.28989437421243824,false,0,0,0.0
928077,2017,102,0.8460629831240185,true,2,1,0.5
412551,2009,3,0.0866139666600958,true,142,86,0.6056338028169014
191162,1998,18,-0.12342053093034089,true,1,1,1.0
540748,2006,32,-0.2500938529864767,true,1,1,1.0
260283,2000,21,0.03454685631732968,false,0,0,0.0
747641,2013,42,0.10289387084199131,true,0,0,0.0
917482,2017,6,0.8765664515336233,false,0,0,0.0
666155,2011,11,-0.4159585482455279,false,7,1,0.14285714285714285
674751,2011,96,-0.11669836597297234,false,69,46,0.6666666666666666
959176,2018,22,-0.13335143768551205,false,0,0,0.0
706574,2012,9,0.12162701253498476,true,812,461,0.5677339901477833
351742,2007,35,-0.13325616419722142,true,31,23,0.7419354838709677
327315,2006,164,0.2720624250993229,true,0,0,0.0
792129,2014,73,-0.1769587554099159,false,0,0,0.0
752381,2013,36,0.011385477471770322,true,2,2,1.0
698675,2012,12,-0.15355747244300844,true,0,0,0.0
438470,2000,11,0.2623654187138964,true,5,4,0.8
911640,2017,25,-0.1622471354756163,false,0,0,0.0
697194,2012,10,0.04480284478951635,false,6,1,0.16666666666666666
41836,1992,9,0.3461061034638728,true,0,0,0.0
343408,2007,26,0.09006183365936415,true,0,0,0.0
161165,1997,5,0.08278650630974216,false,0,0,0.0
1004845,2018,77,0.07230900153849618,true,2,2,1.0
752897,2013,6,0.05204365426937585,true,0,0,0.0
129493,1996,32,0.02494020212815684,true,1,1,1.0
668732,2011,194,0.09035660625686903,false,3,3,1.0
158636,1997,230,0.10782253146024523,true,1,1,1.0
717745,2012,60,-0.06942155000475125,false,12,7,0.5833333333333334
845621,2015,30,0.12937203168243627,true,1,1,1.0
48644,1993,16,0.2794595700978135,false,0,0,0.0
770920,2014,28,0.16367154644801563,true,0,0,0.0
767461,2014,17,-0.4632167686097759,true,322,206,0.639751552795031
725381,2013,15,-0.3878458569204275,false,278,88,0.31654676258992803
2568,1990,13,0.7968547908692463,false,16,12,0.75
115420,1995,12,-0.28815197524586367,true,2,2,1.0
29755,1991,15,0.1600836744850218,false,1,0,0.0
212964,1999,14,-0.1261796145209475,false,1,0,0.0
89002,1994,12,-0.10216261928658987,false,0,0,0.0
33292,1992,14,-0.2373277447692237,true,0,0,0.0
647246,2011,6,0.138465554615248,false,0,0,0.0
934700,2017,16,-0.17276807542527095,true,2,0,0.0
311568,2003,3,0.3746533453491079,true,69,40,0.5797101449275363
371655,2008,7,-0.13554779354477642,true,0,0,0.0
759424,2014,11,0.03652215175916318,true,0,0,0.0
1060962,2019,43,-0.02485114996104354,false,2,1,0.5
555306,2006,62,-0.15169728392898296,false,12,2,0.16666666666666666
472955,2003,6,-0.21543722256581432,true,0,0,0.0
872603,2016,57,-0.09542772106078434,true,1,0,0.0
798030,2014,13,-0.12673460216702148,true,927,492,0.5307443365695793
177874,1997,8,-0.3085644397780545,true,0,0,0.0
635174,2010,40,0.31110170240940516,false,2,0,0.0
1050382,2019,4,0.5772923700091042,false,25,13,0.52
89931,1994,64,-0.024509391586168938,false,1,0,0.0
357456,2007,10,-0.18017832328622685,true,1,1,1.0
242244,2000,17,0.13665061460957517,false,0,0,0.0
656034,2011,7,-0.5234152179222793,false,131,90,0.6870229007633588
1009324,2018,76,-0.25170272183353104,false,103,13,0.1262135922330097
217042,1999,39,-0.18058481470488186,true,0,0,0.0
632057,2010,7,-0.038919929634469774,true,1711,1012,0.5914669783752192
675642,2011,35,-0.27809305740923707,true,156,83,0.532051282051282
228258,1999,65,0.10901172301716411,true,1,1,1.0
913714,2017,26,-0.1903648876650319,true,0,0,0.0
243420,1997,50,-0.10401298717084284,false,46,15,0.32608695652173914
641395,2010,8,-0.21761287447134237,false,0,0,0.0
794453,2014,49,-0.08352741411503484,true,5,3,0.6
101471,1995,18,-0.031230996869713756,false,5,5,1.0
66079,1993,46,0.11381775059485211,false,0,0,0.0
83456,1994,19,-0.13702490549320068,true,0,0,0.0
904269,2017,26,-0.08459581158500917,false,2,0,0.0
278914,2001,9,0.24013245232009428,true,1,0,0.0
931149,2017,11,0.04774441493512782,false,0,0,0.0
1004032,2018,11,-0.043359292099329316,false,86,43,0.5
725211,2013,28,0.12504329111132328,false,1,0,0.0
390460,2008,4,-0.11559569867759034,false,5,4,0.8
856093,2016,50,-0.2029708217077948,true,2,0,0.0
256840,2000,27,-0.1342912495121098,true,0,0,0.0
971100,2018,11,0.44476997297657306,true,1,0,0.0
578260,2012,393,-0.11421196698290537,false,2,1,0.5
987043,2018,82,0.15607710065703273,false,0,0,0.0
828565,2015,40,0.038775475153640215,false,0,0,0.0
453463,2002,13,0.18478950434182906,true,0,0,0.0
624179,2010,98,-0.00812040390680302,true,0,0,0.0
202753,1998,16,-0.0639671993966715,true,1,0,0.0
1016465,2019,28,0.1436134664549078,false,6,1,0.16666666666666666
1011808,2018,6,-0.24515691759366653,false,2,0,0.0
717320,2012,13,-0.24050309153658223,true,15,12,0.8
1066027,2019,14,-0.0032481689536814073,true,3,2,0.6666666666666666
671004,2011,30,-0.30555457095582916,true,0,0,0.0
1006806,2018,51,0.014227922228535306,false,0,0,0.0
103512,1995,11,-0.10697460611668408,false,8,1,0.125
58397,1993,5,-0.06505761233786522,false,5,1,0.2
172982,1997,8,-0.11515403175547156,true,0,0,0.0
313355,2004,14,-0.15246117034261442,false,0,0,0.0
727042,2013,13,0.19570294492639473,false,0,0,0.0
102913,1995,6,-0.28296435286817534,true,20,12,0.6
995081,2018,29,0.025101769987765365,true,19,9,0.47368421052631576
657539,2011,88,-0.15018201655833607,false,0,0,0.0
89648,1994,13,-0.06528921384722164,false,1,1,1.0
1066683,2019,69,-0.1307798525629411,true,111,50,0.45045045045045046
818633,2015,21,-0.09513982747572669,false,7,3,0.42857142857142855
746561,2013,7,-0.045910130536380045,false,0,0,0.0
642326,2010,6,0.11406212548197203,true,0,0,0.0
102158,1995,10,-0.07581039895586539,true,3,1,0.3333333333333333
761723,2014,38,-0.10352409885168434,true,1,1,1.0
295300,2002,137,-0.13627868874106497,true,0,0,0.0
942692,2017,13,-0.07537053271527583,false,169,41,0.24260355029585798
56121,1993,4,-0.23640819119659806,true,2,2,1.0
642186,2010,94,0.17612277234188323,false,1,0,0.0
838170,2015,171,-0.22858066996647475,true,1,1,1.0
773257,2014,12,0.1618668876354441,true,0,0,0.0
428015,2010,11,0.06519643675246556,true,37,32,0.8648648648648649
274021,2001,203,-0.20640566209763112,true,1,1,1.0
423231,2009,69,0.056285617603056615,true,0,0,0.0
756365,2013,29,0.11248073740400866,true,0,0,0.0
111803,1995,6,-0.2603813511519162,true,0,0,0.0
1701,1990,7,0.7726795570742002,true,0,0,0.0
636864,2010,17,-0.03223066390664098,true,105,64,0.6095238095238096
136737,1996,10,0.009533228264505311,false,6,4,0.6666666666666666
725923,2013,428,0.17747364412931566,true,3,3,1.0
177354,1997,4,-0.11378831911056686,false,1,0,0.0
956943,2017,78,-0.24654695128549164,false,0,0,0.0
413532,2009,22,0.062247051478092175,true,0,0,0.0
535177,2006,108,-0.104111514085238,true,26,25,0.9615384615384616
735928,2013,129,0.051194908949982576,false,0,0,0.0
159496,1997,77,-0.039648928904584047,true,0,0,0.0
735090,2013,81,0.11402543262752829,false,2,1,0.5
492497,2004,38,0.04209625707340692,true,1,0,0.0
430694,2010,99,-0.10564275069490492,false,0,0,0.0
275217,2001,7,-0.1880859891115314,true,0,0,0.0
541700,2006,49,0.04107612263436344,true,0,0,0.0
354105,2007,3,0.006102105146635672,false,106,60,0.5660377358490566
398838,2008,9,-0.03712945909833465,true,3,3,1.0
256662,2000,3,-0.12051467989164522,false,2,0,0.0
571817,2011,232,0.02652213091874156,false,0,0,0.0
1015183,2019,3,-0.13885743408966622,false,8,5,0.625
223504,1999,7,0.20573965014668172,true,1,1,1.0
23090,1991,16,0.42660576601444866,true,0,0,0.0
470997,2003,10,-0.19295578562276905,false,1,0,0.0
118455,1996,17,-0.334569602823505,false,1,1,1.0
401593,2009,15,-0.024442644059493368,true,3,3,1.0
775792,2014,21,0.2450481061282188,false,11,8,0.7272727272727273
768978,2014,26,-0.019050976938908448,false,0,0,0.0
191547,1998,15,-0.17587222335972008,true,1,1,1.0
998565,2018,7,-0.10350060130745753,true,0,0,0.0
343161,2007,632,-0.04554411745080156,true,5,1,0.2
639912,2010,51,-0.00833470766023936,false,0,0,0.0
474774,2003,21,0.1906307182870517,true,4,4,1.0
488170,2004,22,0.09969793204223709,true,1,1,1.0
27223,1991,21,0.1197638685341067,false,0,0,0.0
1039456,2019,5,0.3430374542860424,true,6,2,0.3333333333333333
173051,1997,42,0.19727166046117617,true,1,1,1.0
753362,2013,25,0.055555723795498224,true,2,1,0.5
1029069,2019,15,-0.3095933874572845,true,44,16,0.36363636363636365
1026189,2019,33,0.07939501463231036,false,0,0,0.0
502222,2005,21,-0.2877858725760172,false,0,0,0.0
842541,2015,3,0.2524196965285732,true,11,7,0.6363636363636364
469531,2003,25,-0.12831906928379233,true,0,0,0.0
288863,2001,260,0.013481762033013212,false,4,0,0.0
510270,2005,108,-0.1979686090266517,true,0,0,0.0
1046619,2019,15,-0.19927887065711136,false,2,1,0.5
352141,2007,21,0.025652636724691646,false,0,0,0.0
924893,2017,37,-0.08565082851014694,false,2,2,1.0
251995,2000,20,-0.0023520593482189156,false,0,0,0.0
947948,2017,21,0.1731374588219774,false,0,0,0.0
838032,2015,50,0.11713388448071882,false,0,0,0.0
681885,2012,3,-0.47791152949186433,true,2,2,1.0
689688,2012,21,-0.05815639245685755,true,826,496,0.6004842615012107
844348,2015,18,-0.1976815080645995,true,1,0,0.0
593926,2016,48,0.12267297301024804,false,5,0,0.0
614003,2018,369,0.12067284956431523,true,0,0,0.0
399760,2009,45,-0.24132700364444837,false,0,0,0.0
69171,1994,19,-0.012431766329733307,false,0,0,0.0
426413,2009,93,0.06710161792074398,true,56,50,0.8928571428571429
324136,2008,9,1.182280768971026,true,0,0,0.0
92588,1995,17,0.29103044568820735,true,0,0,0.0
748144,2013,3,0.5556009522104874,true,318,165,0.5188679245283019
889896,2016,88,0.04052516868060074,false,0,0,0.0
929082,2017,15,-0.1091584781436481,false,0,0,0.0
888714,2016,131,0.9814309827261098,false,84,69,0.8214285714285714
515649,2005,29,0.01614894689164359,false,3,1,0.3333333333333333
1030636,2019,10,-0.07879696328214969,true,231,102,0.44155844155844154
62485,1993,11,-0.09775200047303034,true,1,1,1.0
309819,2003,17,-0.14418706535465464,false,2,2,1.0
1001386,2018,41,-0.1268452030988092,false,21,8,0.38095238095238093
720912,2013,57,-0.04253741557755486,true,0,0,0.0
193941,1998,23,0.21970101454103919,false,1,0,0.0
978596,2018,7,-0.1050208004816362,false,223,113,0.5067264573991032
20198,1991,32,0.14976180322692656,false,1,0,0.0
210575,1999,21,0.02766071646305779,false,1,0,0.0
577071,2012,109,-0.15274296054514735,false,0,0,0.0
222589,1999,9,0.21778308414826508,true,1,1,1.0
453059,2002,9,-0.35926744732200877,true,1,1,1.0
1066080,2019,58,0.07172264048409538,true,6,2,0.3333333333333333
798918,2014,96,-0.1792147164662512,false,6,2,0.3333333333333333
722090,2013,26,0.056753489811224966,true,0,0,0.0
919550,2017,154,-0.11060285905303502,true,11,8,0.7272727272727273
396608,2008,79,-0.15104085525466626,true,1,1,1.0
712896,2012,51,-0.07360162073273457,false,1,0,0.0
540442,2006,29,-0.09740221019572104,true,0,0,0.0
1054564,2019,74,-0.1361602336679968,false,9,1,0.1111111111111111
486374,2004,8,-0.29258751434521457,true,0,0,0.0
507609,2005,10,0.021978603385437445,false,0,0,0.0
57333,1993,11,-0.11781084794469976,true,1,1,1.0
197729,1998,10,0.060461086517983986,true,1,1,1.0
1002578,2018,19,-0.2668497266674006,false,25,1,0.04
632251,2010,50,-0.2610418980239668,true,3,3,1.0
422069,2009,11,0.21731093948079838,false,0,0,0.0
83247,1994,9,0.18341417164457496,true,0,0,0.0
721008,2013,98,-0.22134441567141927,true,4,0,0.0
363738,2007,41,0.23796620376349154,false,0,0,0.0
605764,2017,85,-0.1428841824781708,true,45,39,0.8666666666666667
390631,2008,28,0.06415491972877874,false,1,0,0.0
121146,1996,7,-0.22715213692468783,false,2,1,0.5
660472,2011,33,-0.21902475065490012,true,2,2,1.0
540308,2006,34,-0.1249988618245661,false,0,0,0.0
814731,2015,8,-0.04790353092470756,true,1,0,0.0
655365,2011,19,-0.3230954370713164,false,0,0,0.0
57566,1993,80,0.015149356793631163,false,3,0,0.0
514166,2005,18,-0.010280599180177319,true,0,0,0.0
753562,2013,12,-0.29723247459656044,true,71,61,0.8591549295774648
327027,2002,73,-0.21152130332325036,false,0,0,0.0
929629,2017,653,0.0400734845200601,true,8,4,0.5
815012,2015,273,-0.11395561661489806,false,9,6,0.6666666666666666
646212,2011,170,-0.3123754925917819,false,8,4,0.5
359287,2007,53,-0.1774283418795628,true,3,0,0.0
963109,2018,52,0.04966990186765763,true,1,1,1.0
149149,1996,19,0.013807734139348327,false,0,0,0.0
337463,2007,7,-0.15807134360215525,false,1109,698,0.6293958521190262
280817,2001,14,0.00043064451456586994,true,0,0,0.0
195355,1998,10,0.02012414519486594,true,0,0,0.0
762095,2014,29,-0.10436004104417052,false,3,2,0.6666666666666666
363937,2007,16,0.10418672218752434,true,46,36,0.782608695652174
935609,2017,49,0.2871050974066467,false,0,0,0.0
993559,2018,31,0.0518890580120388,false,22,7,0.3181818181818182
980764,2018,39,-0.05717558496987074,false,0,0,0.0
337195,2007,14,-0.10376308888968211,true,1,0,0.0
404792,2009,7,-0.07638172895919126,true,0,0,0.0
695910,2012,68,0.2662469439842594,false,0,0,0.0
810470,2015,24,-0.13857575601935768,false,0,0,0.0
886660,2016,71,-0.18106397897050464,false,18,15,0.8333333333333334
89363,1994,16,-0.22536247604505633,false,0,0,0.0
137537,1996,95,-0.06962244018931507,false,0,0,0.0
753852,2013,48,0.20453765223797582,true,0,0,0.0
791346,2014,5,0.04894606611881258,true,41,23,0.5609756097560976
388581,2008,52,-0.09607914573009779,false,4,0,0.0
554537,2005,138,-0.016337316298299598,false,2,0,0.0
553906,2006,18,-0.0992499890673848,false,0,0,0.0
959271,2018,3,-0.2289858539247227,false,3,1,0.3333333333333333
349664,2007,3,0.042025786258856,false,1,0,0.0
470181,2003,204,0.2819871217977896,true,57,11,0.19298245614035087
569947,2010,34,0.056485717864672935,false,0,0,0.0
208878,1999,71,0.005090576975753436,false,0,0,0.0
145158,1996,32,0.15234965717016014,false,0,0,0.0
1068793,2019,798,-0.025505908137443356,false,1,1,1.0
311375,2003,3,-0.20585757585379838,true,139,84,0.60431654676259
32758,1992,5,0.4768928095585556,false,0,0,0.0
530490,2006,46,-0.13662752933855682,true,9,7,0.7777777777777778
605675,2017,424,-0.22721214367270948,false,14,5,0.35714285714285715
854255,2016,27,0.07985854235941492,false,1,0,0.0
13846,1990,23,0.07686811480876177,true,0,0,0.0
202143,1998,48,-0.08274652291131446,true,2,2,1.0
318701,2005,32,-0.0695075190891048,true,0,0,0.0
107873,1995,17,-0.23272184366468096,true,0,0,0.0
576584,2012,30,-0.1151911428119039,false,0,0,0.0
1046889,2019,34,0.00219071921718772,false,4,2,0.5
73718,1994,4,0.10792239553399607,true,2,1,0.5
49322,1993,96,-0.051291533907531495,false,1,0,0.0
184657,1998,17,-0.012956725794806445,true,2,2,1.0
76619,1994,14,0.4267880454536712,true,0,0,0.0
1030106,2019,85,-0.01933626688615142,false,0,0,0.0
532717,2006,3,0.14856524918935676,true,1026,634,0.6179337231968811
950992,2017,28,0.0877081371203996,false,0,0,0.0
235221,2000,4,0.18852394372768,false,4,1,0.25
1037790,2019,16,0.14562692450342407,true,0,0,0.0
179145,1997,28,-0.0440971779173438,true,1,1,1.0
1055262,2019,344,-0.045197992273403376,true,1,1,1.0
283016,2001,29,-0.1091212984740002,true,0,0,0.0
848281,2015,39,-0.018660583578702372,true,0,0,0.0
159100,1997,32,0.10003704634802357,false,0,0,0.0
390054,2008,114,0.1385419181421117,true,0,0,0.0
140189,1996,57,0.2517528504531441,true,1,1,1.0
933352,2017,42,-0.2346236094837737,false,35,9,0.2571428571428571
874034,2016,71,0.12498067793033396,true,8,2,0.25
537421,2006,49,-0.09676012238059428,true,2,0,0.0
1057308,2019,67,-0.2848935166407651,false,0,0,0.0
485329,2004,15,-0.25398601907923,true,25,15,0.6
75602,1994,28,-0.19198571481933868,false,0,0,0.0
430925,2010,31,0.0856782028638392,false,6,5,0.8333333333333334
1029172,2019,17,0.16747864828137615,false,1,0,0.0
70647,1994,16,-0.1073621001003815,true,3,2,0.6666666666666666
246687,2000,17,-0.11445372098355211,true,0,0,0.0
1016713,2019,19,-0.32650890735825566,true,71,31,0.43661971830985913
426259,2009,6,-0.18695024464744403,false,1145,700,0.611353711790393
962240,2018,46,-0.27999695310725414,false,16,4,0.25
24476,1991,6,0.350103507524385,true,0,0,0.0
333398,2006,17,-0.1635976432775399,true,2,0,0.0
127381,1996,8,-0.17581812306169198,false,0,0,0.0
551715,2005,33,-0.12284520215735206,false,1,0,0.0
977434,2018,152,0.18233338989133152,false,2,0,0.0
431471,2010,23,0.24576535625562368,false,0,0,0.0
577764,2012,48,-0.07030111178360254,false,2,0,0.0
33336,1992,12,0.17925196609392913,true,0,0,0.0
221908,1999,18,0.14616329178986476,true,0,0,0.0
564942,2009,5,-0.026652032353837285,false,0,0,0.0
281355,2001,63,-0.3706733100016124,true,0,0,0.0
340869,2007,39,0.07538308586557907,true,0,0,0.0
3159,1990,16,1.0896557744080155,false,10,4,0.4
575462,2012,110,-0.0010203671434902972,false,0,0,0.0
664009,2011,10,0.17086896445590494,true,1,1,1.0
973516,2018,8,-0.03787664127281776,false,64,19,0.296875
964253,2018,8,-0.11879649277166049,false,0,0,0.0
424212,2009,23,-0.05910354315013766,true,0,0,0.0
52884,1993,12,0.2591447155221438,true,0,0,0.0
859219,2016,415,0.0537807904908858,false,1,0,0.0
491795,2004,65,0.012920198526274795,true,0,0,0.0
1045232,2019,32,-0.031523167827990584,false,1,1,1.0
15502,1990,30,0.4182900683446995,false,0,0,0.0
57214,1993,17,0.14040243334550162,true,4,3,0.75
376986,2008,9,0.031860545003457474,false,0,0,0.0
801903,2015,41,0.13961562537890337,true,56,11,0.19642857142857142
241490,2000,364,0.1171909236043569,true,3,3,1.0
845669,2015,76,0.02404311840052209,false,1,1,1.0
453647,2002,15,-0.007986910983089679,false,1,0,0.0
192660,1998,20,-0.1962383815139761,true,69,56,0.8115942028985508
450862,2002,10,0.24892349200554698,false,2,0,0.0
101804,1995,14,0.038898850762762116,false,0,0,0.0
1054881,2019,23,0.05887073795844966,false,0,0,0.0
572713,2011,17,-0.1242671054977329,false,0,0,0.0
2091,1990,8,0.7594472223824891,false,0,0,0.0
129130,1996,7,-0.36221150210348263,false,9,1,0.1111111111111111
485405,2004,4,0.1036214409328231,true,0,0,0.0
711257,2012,42,0.3061616240971965,true,2,2,1.0
546805,2006,23,0.13073585436460933,true,176,129,0.7329545454545454
1035795,2019,169,0.027915512948730292,false,0,0,0.0
354714,2007,27,-0.09400409421052203,true,6,6,1.0
47254,1992,11,-0.15426757479963893,false,2,0,0.0
190131,1998,6,0.052289233924826206,true,0,0,0.0
986364,2018,96,0.011424683992322215,true,2,1,0.5
731528,2013,38,-0.09802863387835714,false,0,0,0.0
994968,2018,90,-0.11697479287639023,false,1,0,0.0
210636,1999,24,0.0039730707335001725,false,0,0,0.0
784055,2014,319,-0.10059697577408544,true,0,0,0.0
581670,2013,9,-0.2786989489187608,false,0,0,0.0
679626,2011,34,0.07433886500608722,false,31,18,0.5806451612903226
1067171,2019,11,-0.24467956566530713,true,0,0,0.0
237911,2000,19,0.11311037220767961,false,1,0,0.0
745157,2013,107,-0.08311175552796524,true,5,5,1.0
1001403,2018,137,0.14072861936472147,false,1,0,0.0
43954,1992,9,0.09853735117260598,true,2,1,0.5
928622,2017,5,0.11207355639977834,true,54,35,0.6481481481481481
803997,2015,29,0.04969319668135608,false,0,0,0.0
1062771,2019,77,0.05986890342590545,true,3,0,0.0
307672,2003,66,0.06256433032802189,false,7,2,0.2857142857142857
979399,2018,71,-0.07476821983857729,true,30,16,0.5333333333333333
804937,2015,85,-0.06111791085050999,true,1,1,1.0
420913,2009,17,-0.14124301428537933,false,129,63,0.4883720930232558
792506,2014,7,0.017117173354268544,true,2,1,0.5
98697,1995,9,0.06740369086518516,false,0,0,0.0
537409,2006,9,0.0953707174186409,true,0,0,0.0
1033952,2019,224,0.04257188202118334,true,3,2,0.6666666666666666
999414,2018,175,0.002995945568222247,false,1,0,0.0
227454,1999,48,-0.13946096790700668,true,2,1,0.5
35752,1992,3,0.06773975293883261,true,15,15,1.0
21161,1991,16,-0.4957131880263983,true,1,1,1.0
736767,2013,18,0.11311046880307707,true,22,15,0.6818181818181818
431486,2010,66,0.10526227625354867,true,5,5,1.0
413122,2009,53,0.16686309587842985,true,0,0,0.0
142128,1996,43,0.508011611977305,false,1,0,0.0
138486,1996,41,-0.0044905086311981535,false,1,0,0.0
553327,2005,501,-0.12278672119132183,false,12,12,1.0
988960,2018,46,0.1906260999397471,true,1,0,0.0
478675,2004,53,0.09326177594658347,true,0,0,0.0
743347,2013,93,-0.01602788059578497,true,3,3,1.0
545320,2006,5,0.2258983556394334,false,0,0,0.0
191568,1998,53,-0.0549767033848747,false,5,5,1.0
224931,1999,23,0.40487546831410537,false,21,11,0.5238095238095238
813935,2015,5,0.13577412635267372,false,6,2,0.3333333333333333
170998,1997,19,0.4973616618344625,true,0,0,0.0
462607,2003,10,0.17213138428132346,true,1,1,1.0
843005,2015,18,0.22564144864559665,false,1,0,0.0
663425,2011,30,-0.13776594803856845,false,0,0,0.0
779186,2014,39,-0.06611454214390289,false,0,0,0.0
702248,2012,28,0.19472348620850077,true,6,2,0.3333333333333333
879711,2016,20,-0.03238804036220255,true,401,174,0.4339152119700748
953115,2017,176,0.19967122086206857,false,2,0,0.0
143746,1996,15,-0.28697005637797446,false,0,0,0.0
616404,2019,121,-0.04451261130791906,false,6,0,0.0
863390,2016,3,0.00710135398484546,false,12,8,0.6666666666666666
1003426,2018,57,0.023234303680276014,true,2,2,1.0
513440,2005,6,-0.2508617527208141,true,0,0,0.0
587037,2014,114,-0.02412714450405229,false,3,0,0.0
877935,2016,77,0.014275959242930902,false,1,0,0.0
528023,2006,8,0.11916110296785654,true,300,213,0.71
605937,2017,107,0.1836270885300415,true,0,0,0.0
532729,2006,42,0.30129236255153735,false,13,6,0.46153846153846156
879587,2016,29,-0.06091217252420833,false,58,28,0.4827586206896552
321656,2006,13,0.001131788202299866,true,0,0,0.0
519243,2005,14,-0.22231273915462335,true,0,0,0.0
805482,2015,38,0.0003657945720298983,true,0,0,0.0
210935,1999,20,-0.15699443089852583,false,0,0,0.0
30225,1991,8,-0.22434920719894436,false,0,0,0.0
846048,2015,17,-0.13504030953387502,true,1,1,1.0
608263,2018,28,-0.07437898795077746,false,0,0,0.0
164346,1997,41,0.0788533813818777,false,3,1,0.3333333333333333
975006,2018,21,-0.221359310342522,false,97,36,0.3711340206185567
673599,2011,6,0.26123995537661315,true,0,0,0.0
532080,2006,23,-0.00389011097624703,true,0,0,0.0
1005704,2018,107,0.0790259420426711,true,1,1,1.0
737695,2011,22,-0.0017344991895686945,true,0,0,0.0
354766,2007,17,-0.20152029291244666,true,2,1,0.5
374136,2008,3,0.03317850892995011,true,80,50,0.625
135384,1996,23,0.024809877697601124,false,0,0,0.0
990222,2018,30,0.18289745684029324,false,3,0,0.0
436560,2000,26,0.019977855190060012,true,0,0,0.0
436711,2000,5,-0.17875893293212775,true,12,11,0.9166666666666666
645158,2010,29,0.018707534035830697,false,9,5,0.5555555555555556
542964,2006,45,0.2153123078339112,false,8,6,0.75
948665,2017,25,0.087927205404017,false,1,0,0.0
965356,2018,170,0.00022423891997558343,false,1,0,0.0
66331,1993,7,0.1873828021245192,true,24,14,0.5833333333333334
14078,1990,17,0.27215279118637703,false,0,0,0.0
338583,2007,95,-0.05074489545697336,true,0,0,0.0
628952,2010,8,-0.11054688865439033,true,17,13,0.7647058823529411
1041380,2019,19,-0.03923026874297886,true,9,4,0.4444444444444444
777688,2014,31,0.05557281140471648,false,1,1,1.0
187715,1998,21,0.02838156366696243,false,0,0,0.0
603377,2017,96,-0.07121475097093377,false,1,0,0.0
869466,2016,9,0.0023069651496641086,true,0,0,0.0
23417,1991,49,0.32767887217859215,false,1,0,0.0
564999,2009,146,-0.05076836428788756,false,1,0,0.0
797204,2014,11,-0.18782905431380836,false,2,1,0.5
895295,2016,65,-0.02952131685763426,true,1,1,1.0
380012,2008,104,-0.006794226405318682,false,0,0,0.0
8625,1990,31,0.1435376687026677,true,1,1,1.0
561254,2008,175,-0.1617599971788879,false,3,0,0.0
48021,1992,24,-0.04634659300786037,false,1,0,0.0
514776,2005,41,-0.030333858705652084,true,0,0,0.0
262566,2000,61,-0.30338477215048476,true,0,0,0.0
141517,1996,19,-0.07747527970007084,false,0,0,0.0
853093,2016,6,-0.09902359603943722,false,0,0,0.0
485209,2004,22,-0.33429393235475224,true,0,0,0.0
738277,2012,40,-0.0744939834256444,true,0,0,0.0
835203,2015,27,0.15720927071397917,false,14,6,0.42857142857142855
617524,2019,210,-0.05124355490647847,true,0,0,0.0
583377,2013,206,-0.07584649073184035,false,1,0,0.0
407494,2009,30,0.08863877169501233,true,0,0,0.0
151281,1997,26,-0.17684326832555008,true,1,0,0.0
877797,2016,355,-0.028591757817652663,false,2,1,0.5
11970,1990,5,-0.09216284653011897,false,3,1,0.3333333333333333
314806,2004,46,0.01098436612597542,false,0,0,0.0
777300,2014,4,0.16319202873085636,true,0,0,0.0
763394,2014,14,-0.16614243669839635,true,257,120,0.4669260700389105
1014712,2018,34,-0.015112039757379847,false,22,1,0.045454545454545456
906911,2017,109,0.13245549704601345,false,1,0,0.0
1041059,2019,106,0.06273688943789857,false,0,0,0.0
647071,2011,18,-0.04607446184093256,true,0,0,0.0
386404,2008,21,0.0066062330529863544,true,0,0,0.0
929595,2017,11,-0.14208291252552208,false,1,0,0.0
1037718,2019,45,0.0847068502897077,false,0,0,0.0
292796,2002,10,0.2736271493376812,false,4,2,0.5
41300,1992,14,0.35549906795466946,false,0,0,0.0
508330,2005,5,-0.3086303016903633,true,15,9,0.6
553969,2006,28,0.15117546201906507,false,0,0,0.0
671365,2011,110,-0.1537805120636424,true,0,0,0.0
522338,2005,20,-0.21788748837090743,true,44,35,0.7954545454545454
368613,2008,487,0.10012889779575396,true,0,0,0.0
444061,2001,51,-0.24737868227703164,true,1,1,1.0
997474,2018,61,0.13025686739223907,false,2,0,0.0
244813,2000,11,-0.23177490121022348,true,2,2,1.0
366049,2007,10,-0.29580192601322164,true,0,0,0.0
379626,2008,43,-0.013476972042967716,false,0,0,0.0
245817,2000,16,-0.004644769667231152,true,1,0,0.0
1003026,2018,37,-0.027706347481181837,true,0,0,0.0
145711,1996,5,-0.3683372525090949,true,1,0,0.0
178530,1997,23,0.1638643010273384,true,0,0,0.0
592647,2015,201,-0.1270617072739677,false,2,0,0.0
944501,2017,326,0.028849250835767393,true,5,3,0.6
552479,2005,260,0.0527361244117599,false,0,0,0.0
691116,2012,21,0.02771435405099787,false,0,0,0.0
691626,2012,72,-0.0941001016647256,false,0,0,0.0
52991,1993,66,-0.08012225886267732,false,0,0,0.0
580235,2013,206,0.025922546715190453,false,2,0,0.0
301312,2002,20,-0.15274378138123623,true,1,0,0.0
469529,2003,52,-0.21196387663359406,true,1,0,0.0
1024973,2019,13,0.394429579896002,true,1,0,0.0
834360,2015,23,0.0014861073682865822,true,1,1,1.0
745489,2013,15,0.007550894834636779,false,19,8,0.42105263157894735
533906,2006,43,0.10997825841579179,true,0,0,0.0
187503,1998,7,0.0009917599790787435,false,0,0,0.0
679946,2011,40,0.2052513977379702,true,0,0,0.0
385676,2008,37,0.06610163052106444,true,0,0,0.0
173446,1997,74,0.08749185606137821,false,0,0,0.0
176467,1997,7,0.5847138997828214,true,0,0,0.0
894650,2016,35,0.05393325039982244,false,2,1,0.5
163670,1997,16,0.08168946965754564,true,0,0,0.0
597189,2016,25,-0.01164132047827593,false,1,0,0.0
987792,2018,60,-0.07367525644048456,false,0,0,0.0
551942,2005,39,0.0550001645732463,false,7,0,0.0
767917,2014,308,0.03935239149156056,true,5,5,1.0
101723,1995,16,0.8875831659685716,true,0,0,0.0
61611,1993,5,-0.1316021879781335,true,3,2,0.6666666666666666
724558,2013,45,-0.12986326322468145,true,728,354,0.48626373626373626
376807,2008,29,0.1093491132286859,false,1,0,0.0
874681,2016,59,0.1338945499908224,true,2,1,0.5
862083,2016,9,0.09361771278718134,false,0,0,0.0
608638,2018,35,0.062411019824647695,false,0,0,0.0
401479,2009,12,-0.09995314767537256,false,0,0,0.0
301814,2002,39,-0.23923276929253756,false,10,2,0.2
16502,1991,4,0.15515363832192186,true,1,0,0.0
762936,2014,73,-0.012416684508893105,false,0,0,0.0
69078,1994,39,-0.1442090367232618,true,1,1,1.0
689247,2012,18,-0.027907896887570338,true,734,434,0.5912806539509536
216388,1999,13,0.12492244085008153,true,0,0,0.0
304330,2003,37,-0.06434449632684913,true,8,5,0.625
788815,2014,8,0.31598727543844163,true,0,0,0.0
754444,2013,29,-0.21135313228249597,true,0,0,0.0
13559,1990,11,0.3223597636489508,false,0,0,0.0
601352,2016,157,0.01167695595365803,false,0,0,0.0
998422,2018,14,0.026592001036576995,false,27,9,0.3333333333333333
444794,2001,24,-0.3883938555262274,false,1,0,0.0
465574,2003,12,-0.2850336144770331,true,0,0,0.0
457196,2002,7,0.18456000594343358,false,0,0,0.0
697386,2012,115,-0.02112688167102128,true,0,0,0.0
261330,2000,11,-0.03746554446991013,false,6,6,1.0
659780,2011,35,0.33435639121029226,true,0,0,0.0
685324,2012,214,-0.06995675538068014,true,0,0,0.0
736176,2013,124,0.08002559078980376,true,4,4,1.0
331441,2006,48,0.04412473627563518,true,1,1,1.0
109120,1995,9,-0.26391152216995994,true,11,5,0.45454545454545453
387581,2008,354,0.0072560345348580135,false,0,0,0.0
255406,2000,32,-0.05849324317401994,false,1,0,0.0
59030,1993,37,0.09803785289648648,false,2,0,0.0
919016,2017,28,0.21733547732612024,false,1,0,0.0
550377,2004,11,-0.19941192739218216,false,0,0,0.0
633613,2010,24,0.08774292800767647,false,5,0,0.0
91734,1995,18,0.2656232214420484,false,2,2,1.0
316025,2004,43,-0.1080162416176762,false,0,0,0.0
35788,1992,6,0.5479599152407681,true,3,3,1.0
281519,2001,281,-0.06584506307601323,false,2,0,0.0
205327,1998,11,-0.11969541225406566,true,2,2,1.0
446027,2001,7,0.2859009876769827,true,121,78,0.6446280991735537
397050,2008,10,-0.2700519233442087,true,0,0,0.0
45701,1992,16,-0.009665548917393352,false,77,27,0.35064935064935066
391411,2008,10,-0.1525777997143356,false,0,0,0.0
516517,2005,605,-0.3560610050842574,false,219,82,0.3744292237442922
354483,2007,143,-0.10125006581314144,true,2,2,1.0
215051,1999,96,-0.2579748831302897,true,11,11,1.0
813126,2015,37,0.14764536970020004,true,452,211,0.4668141592920354
103938,1995,13,0.12065895324463227,false,0,0,0.0
490096,2004,8,0.2075324392113771,true,1,0,0.0
110681,1995,15,-0.5013163898106847,true,4,2,0.5
747643,2013,35,0.04418385026367222,true,4,1,0.25
640645,2010,98,0.007146106951537057,false,0,0,0.0
593240,2015,90,-0.03856184734338797,false,0,0,0.0
345376,2007,7,-0.29947173393666837,true,0,0,0.0
1066019,2019,21,-0.030515205463049533,true,11,9,0.8181818181818182
283522,2001,10,-0.23824679274146554,false,0,0,0.0
448151,2001,24,-0.047283429408373934,true,0,0,0.0
636367,2010,10,0.2584968283890614,true,0,0,0.0
172603,1997,27,-0.03579984902767386,false,4,0,0.0
1027221,2019,164,0.06811062653510902,false,4,1,0.25
403698,2009,129,0.2959473045295766,false,5,4,0.8
850436,2016,24,-0.23554116957495452,false,34,16,0.47058823529411764
926513,2017,12,-0.20882372688070827,true,1,0,0.0
841311,2015,95,-0.07238015930528352,true,2,2,1.0
749474,2013,5,-0.04793336174520313,false,3,1,0.3333333333333333
949194,2017,46,0.003971102549252592,false,0,0,0.0
555481,2006,60,0.12668869831560414,false,0,0,0.0
1058952,2019,18,-0.023032460319409864,false,0,0,0.0
898168,2016,148,-0.22259409975778865,true,8,5,0.625
481576,2004,17,-0.03582054554972203,true,0,0,0.0
631284,2010,166,-0.02194000871058588,false,1,0,0.0
344228,2007,3,-0.05626052174590335,false,851,527,0.6192714453584018
114938,1995,976,-0.038946778180324326,true,6,6,1.0
474957,2003,5,0.40443309951092665,true,0,0,0.0
623490,2010,25,-0.03951985938300506,false,0,0,0.0
449698,2002,26,-0.12125077670257234,false,0,0,0.0
138563,1996,7,-0.14298912728947943,false,8,7,0.875
850456,2016,152,-0.031027772445142876,false,0,0,0.0
431214,2010,6,-0.349911600762681,true,3,3,1.0
390326,2008,34,0.2977631079745233,true,0,0,0.0
181866,1998,12,0.22388735294475826,false,0,0,0.0
98112,1995,12,-0.03759667569157177,false,1,1,1.0
763162,2014,26,0.10728180544393151,true,258,154,0.5968992248062015
764364,2014,155,0.012992941760096244,false,4,1,0.25
688724,2012,18,0.06453680775229831,false,2,0,0.0
732431,2013,23,-0.04438033836081878,false,3,2,0.6666666666666666
189507,1998,7,0.07465024500697304,true,4,4,1.0
682525,2012,9,-0.19152452045137291,true,0,0,0.0
218751,1999,5,-0.23146630210254315,true,2,2,1.0
699330,2012,107,-0.08212707464313418,false,6,5,0.8333333333333334
5222,1990,24,0.4804003004136579,false,0,0,0.0
305925,2003,31,0.004272872221933177,false,0,0,0.0
539005,2006,16,0.02887318245089343,false,0,0,0.0
504722,2005,43,-0.00775679452609257,false,4,4,1.0
1145,1990,31,1.4103016797692467,true,6,4,0.6666666666666666
49096,1993,16,-0.47402726398663475,true,0,0,0.0
915202,2017,11,-0.14372898733818573,false,953,433,0.45435466946484787
284430,2001,18,0.004676298134302037,true,0,0,0.0
38348,1992,22,0.0466396747111828,false,2,1,0.5
615607,2019,507,-0.033341468485973635,false,0,0,0.0
489009,2004,18,0.10522309731622581,false,3,0,0.0
938700,2017,3,-0.30859026559479386,false,17,8,0.47058823529411764
221615,1999,294,0.044710245145483274,false,22,16,0.7272727272727273
292347,2002,6,-0.068231714727367,false,0,0,0.0
599448,2016,543,0.00036120016703122815,false,0,0,0.0
194452,1998,19,-0.152238476204408,false,0,0,0.0
102728,1995,18,-0.09402826224171879,false,1,1,1.0
394941,2008,121,-0.08906927113761531,true,0,0,0.0
376036,2008,3,-0.2808000223179059,true,47,28,0.5957446808510638
128358,1996,9,-0.29310906522528324,false,0,0,0.0
88808,1994,13,-0.05320248912059533,true,1,1,1.0
237878,2000,13,-0.2218060402432558,false,20,11,0.55
415423,2009,6,-0.049175459590549586,true,1145,699,0.6104803493449782
319593,2005,19,0.03291983449793445,true,1,1,1.0
835431,2015,29,-0.12176021053336061,false,0,0,0.0
806593,2015,71,0.10894736619589551,true,1,1,1.0
658521,2011,72,-0.24718602081199137,false,13,9,0.6923076923076923
598160,2016,229,-0.022217234414979803,false,0,0,0.0
790172,2014,34,0.10802945771184191,true,1,1,1.0
839104,2015,28,0.01847849935556667,false,223,102,0.45739910313901344
408073,2009,266,-0.05140938554946661,false,0,0,0.0
467969,2003,5,-0.37263291854440794,true,0,0,0.0
131667,1996,19,0.33879896692492206,false,4,3,0.75
15103,1990,11,-0.1223012432094075,true,0,0,0.0
892441,2016,7,-0.22965909708594268,true,0,0,0.0
513819,2005,13,-0.38839779250035544,true,4,4,1.0
43009,1992,20,-0.03636870235412282,false,0,0,0.0
109073,1995,3,-0.05070726464143238,true,258,173,0.6705426356589147
1064990,2019,135,0.045829040712632274,false,2,0,0.0
482233,2004,7,-0.09503858751735983,true,0,0,0.0
103184,1995,17,-0.20565237220266663,false,0,0,0.0
1016272,2019,43,-0.15012703708287756,false,1,0,0.0
509182,2005,31,-0.26416807392656416,true,13,6,0.46153846153846156
761509,2014,11,-0.21870568870618357,true,45,17,0.37777777777777777
623286,2010,205,-0.04463213121950638,true,0,0,0.0
167901,1997,22,0.19927976895348376,false,3,2,0.6666666666666666
319696,2005,33,-0.07070254828308808,true,1,1,1.0
158890,1997,16,0.05918856183816423,true,4,3,0.75
263027,2000,13,0.3243637874328087,false,41,29,0.7073170731707317
23314,1991,8,0.45529393490797343,false,7,2,0.2857142857142857
1004173,2018,13,0.17237333636389085,false,2,0,0.0
119329,1996,7,0.28106916953480887,true,3,3,1.0
645515,2011,7,-0.0010892187518720675,false,28,18,0.6428571428571429
449797,2002,36,-0.07375347084518236,false,0,0,0.0
1025387,2019,14,-0.30756398465050516,true,30,8,0.26666666666666666
823196,2015,26,-0.02242069897472465,false,0,0,0.0
556862,2006,23,0.1314167952713241,false,0,0,0.0
792444,2014,22,-0.19890053909726824,true,0,0,0.0
251584,2000,17,-0.021953877744751438,false,1,1,1.0
31796,1992,7,0.08404928596978856,false,4,2,0.5
958768,2018,12,0.18844006893014953,false,8,1,0.125
81307,1994,5,0.2598122036338033,false,662,281,0.4244712990936556
84772,1994,12,-0.3671486603936396,false,27,7,0.25925925925925924
979135,2018,123,-0.0380870600925034,true,2,0,0.0
