owner_name,cik,first_year,last_year,n_filings,ipo_fy
"10X Genomics, Inc.",1770787,2015,2023,44,2019
1347 Capital LLC,1606163,2014,2014,2,2015
1606 Corp.,1877461,2021,2022,8,2021
180 Life Sciences Corp.,1690080,2022,2022,8,2017
1847 Goedeker Inc.,1810140,2022,2022,11,2021
"1895 Bancorp of Wisconsin, Inc.",1751692,2019,2019,1,2018
"1Life Healthcare, Inc.",1404123,2014,2022,12,2019
"1PM Industries, Inc.",859747,2015,2015,4,2015
"21ST CENTURY ONCOLOGY, LLC",1503518,2011,2011,6,2013
"2seventy bio, Inc.",1860782,2021,2022,16,2021
"2U, Inc.",1459417,2012,2019,28,2014
"30DC, Inc.",1118974,2012,2015,3,2012
"3D MakerJet, Inc.",1458023,2014,2014,2,2013
4D MOLECULAR THERAPEUTICS INC.,1650648,2022,2025,5,2020
"4Front Ventures, Inc.",1783875,2016,2016,3,2020
"800 Commerce, Inc.",1558465,2012,2012,5,2013
8point3 Energy Partners LP,1635581,2015,2015,3,2015
"9 Meters Biopharma, Inc.",1551986,2020,2023,8,2016
a.k.a. Brands Holding Corp.,1865107,2024,2024,1,2021
"Abacus Life, Inc.",1814287,2023,2023,3,2021
AbbVie Inc.,1551152,2010,2026,247,2013
ABCELLERA BIOLOGICS INC.,1703057,2016,2023,8,2021
Abpro Corporation,1893219,2017,2017,7,2022
ABSCI CORPORATION,1672688,2018,2025,17,2021
"Absolute Life Solutions, Inc.",1421538,2010,2012,3,2012
"Acacia Communications, Inc.",1651235,2016,2021,4,2016
"Accelerate Diagnostics, Inc.",727207,2014,2024,21,2012
Acceleron Pharma Inc.,1280600,2019,2021,6,2013
"Aclaris Therapeutics, Inc.",1557746,2013,2023,41,2015
"ACOLOGY, INC.",1096950,2013,2013,1,2014
"Acrivon Therapeutics, Inc.",1781174,2023,2025,13,2022
"ACRO BIOMEDICAL CO., LTD.",1622996,2016,2026,14,2016
"Actavis, Inc.",1578845,2013,2014,4,2013
"Acumen Pharmaceuticals, Inc.",1576885,2025,2026,6,2021
"Acurx Pharmaceuticals, Inc.",1736243,2021,2025,2,2021
"Adagio Therapeutics, Inc.",1832038,2020,2020,4,2021
"Adamas Pharmaceuticals, Inc.",1328143,2009,2013,7,2014
AdaptHealth LLC,1725255,2024,2026,17,2018
ADB International,1563536,2025,2025,2,2012
Adeia Inc.,1803696,2025,2025,2,2020
Adesto Technologies Corporation,1395848,2012,2019,3,2015
Adit Edtech Acquisition Corp.,1830029,2020,2020,1,2021
"Aditx Therapeutics, Inc.",1726711,2020,2020,6,2020
"ADITXT, INC.",1726711,2020,2021,12,2020
"ADMA Biologics, Inc.",1368514,2015,2016,3,2012
"Adorbs, Inc.",1726822,2018,2018,2,2018
"ADS Waste Holdings, Inc.",1585790,2012,2015,15,2013
"Aduro Biotech, Inc.",1435049,2015,2017,7,2015
Advent Technologies Inc.,1744494,2021,2022,5,2019
"Adverum Biotechnologies, Inc.",1501756,2016,2024,12,2014
"Aeglea BioTherapeutics, Inc.",1636282,2019,2020,4,2016
"AELUMA, INC.",1828805,2021,2021,1,2021
"AEON Biopharma, Inc.",1837607,2019,2019,3,2021
Aeon Global Health Corp.,885074,2016,2020,5,2012
Aerkomm Inc,1590496,2019,2020,2,2013
"AEYE, Inc.",1818644,2020,2026,12,2020
"Aftermaster, Inc.",836809,2016,2019,8,2012
Agentix LLC,1603345,2025,2025,4,2015
"AgeX Therapeutics, Inc.",1708599,2018,2022,11,2018
"AgileThought, LLC",1790625,2019,2019,6,2020
"AGILON HEALTH, INC.",1831097,2016,2024,6,2021
"Agios Pharmaceuticals, Inc.",1439222,2010,2025,79,2013
Agriforce Growing Systems Ltd.,1826397,2019,2023,42,2021
Agrify Corporation,1800637,2019,2023,19,2021
AGRO CAPITAL MANAGEMENT CORP,1598323,2021,2021,1,2014
"Aimmune Therapeutics, Inc.",1631650,2017,2018,10,2015
Airborne Wireless Network,1537258,2017,2018,2,2013
Airgain Incorporated,1272842,2016,2019,18,2016
"AIRSHIP AI HOLDINGS, INC.",1842566,2018,2018,2,2021
AKARI THERAPEUTICS PLC,1541157,2015,2015,2,2014
"AKCEA THERAPEUTICS, INC.",1662524,2014,2017,6,2017
"Akebia Therapeutics, Inc.",1517022,2014,2023,18,2014
"Akero Therapeutics, Inc.",1744659,2018,2018,4,2019
"Akouos, Inc.",1722271,2020,2025,19,2020
AKOUSTIS TECHNOLOGIES CORP.,1584754,2014,2018,7,2014
"Akoya Biosciences, Inc.",1711933,2019,2022,20,2021
Akumin Inc.,1776197,2024,2025,6,2021
Alabama Gas Corporation,3146,2011,2011,2,2014
"Albertsons Companies, Inc.",1646972,2018,2025,59,2017
"Aldeyra Therapeutics, Inc.",1341235,2014,2025,13,2014
Alector LLC,1653087,2018,2025,20,2019
"Aleris, LLC",1518587,2018,2023,4,2013
"Aligos Therapeutics, Inc.",1799448,2018,2019,4,2020
"Alkaline Water, Inc.",1532390,2013,2013,1,2012
Allakos Inc.,1564824,2021,2022,8,2018
"ALLARITY THERAPEUTICS, INC.",1860657,2020,2020,4,2021
"Allbirds, Inc.",1653909,2016,2026,50,2021
"Allegiance Bancshares, Inc.",1642081,2015,2015,4,2015
"Allegro MicroSystems, LLC",866291,2016,2021,20,2020
"Allena Pharmaceuticals, Inc.",1624658,2012,2020,4,2017
Alliance BioEnergy Plus Inc.,1549145,2020,2021,3,2013
"Alliance MMA, Inc.",1674227,2015,2015,1,2016
Allied Gaming & Entertainment Inc.,1708341,2023,2023,5,2018
"Allogene Therapeutics, Inc.",1737287,2018,2024,33,2018
"Allovir, Inc.",1754068,2020,2023,6,2020
"Alpha Metallurgical Resources, Inc.",1704715,2021,2025,6,2018
Alphabet Inc.,1652044,2016,2016,2,2015
"ALPHALA CO., LTD.",1565220,2024,2024,2,2013
"Alpine Immune Sciences, Inc.",1626199,2015,2017,5,2015
"Alset, LLC",1750106,2019,2019,2,2020
Alta Equipment Holdings Inc.,1759824,2020,2023,12,2019
Altisource Asset Management Corporation,1555074,2022,2023,7,2013
Altisource Residential Corporation,1555039,2017,2018,5,2013
"Altitude International, Inc.",1664127,2019,2019,1,2016
"Altus Power, LLC",1828723,2023,2024,5,2021
"ALX Oncology, Inc.",1810182,2018,2018,1,2020
"Alzamend Neuro, Inc.",1677077,2016,2022,9,2021
Amasys AG,1023198,2015,2015,12,2012
"AmbiCom Holdings, Inc.",1444310,2015,2015,9,2012
Amergent Hospitality Group Inc.,1805024,2020,2020,1,2020
America Great Health,1098009,2021,2022,6,2013
America Greener Technologies Corporation,1403433,2012,2012,2,2012
American Battery Technology Company,1576873,2022,2022,9,2013
American Bitcoin Corp.,1755953,2025,2025,7,2019
American Business Services Ltd.,1532882,2018,2018,1,2012
American Cannabis Company,945617,2021,2021,1,2012
"American Homes 4 Rent, LP",1562401,2018,2021,16,2018
"American Oncology Network, LLC",1839998,2018,2018,4,2021
American Outdoor Brands Corporation,1092796,2017,2017,30,2012
"AMERICAN REBEL, INC.",1648087,2010,2023,8,2015
American Renal Associates LLC,1498068,2016,2025,23,2016
American Strategic Investment Co.,1595527,2023,2023,2,2014
"Americold Realty Trust, Inc.",1455863,2023,2025,11,2018
Amesite Inc.,1807166,2020,2024,5,2021
Amplify Energy Corp.,1533924,2017,2017,4,2012
"AmpliTech, Inc.",1518461,2024,2025,8,2012
"Amprius Technologies, Inc.",1899287,2023,2023,2,2022
"Amylyx Pharmaceuticals, Inc.",1658551,2019,2026,24,2022
"Anaplan, Inc.",1540755,2016,2026,17,2018
ANDO INC.,1663641,2021,2021,2,2016
"Anebulo Pharmaceuticals, Inc.",1815974,2021,2021,2,2021
"ANGEL OAK MORTGAGE REIT, INC.",1766478,2020,2020,2,2021
"Angel Studios, Inc.",1865200,2021,2025,27,2022
"Annexon, Inc.",1528115,2024,2025,15,2020
"Annovis BIO, Inc.",1477845,2020,2020,1,2020
Anterix Inc.,1304492,2020,2026,33,2014
Antero Midstream Corporation,1623925,2025,2025,2,2017
ANTIAGING QUANTUM LIVING INC,1672571,2023,2023,1,2017
"Apellis Pharmaceuticals, Inc.",1492422,2019,2026,33,2017
APERGY CORPORATION,1723089,2017,2017,6,2018
Apigee Corporation,1324772,2011,2011,2,2015
"Apotheca Biosciences, Inc.",1632053,2019,2019,1,2015
"AppHarvest, Inc.",1807707,2021,2021,10,2021
Appiphany Technologies Holdings Corp.,1490054,2011,2011,4,2012
"Apple iSports, Inc.",1134982,2019,2023,7,2012
Applied Biosciences Corp.,1607549,2018,2019,12,2014
Applied Blockchain Ltd.,1144879,2021,2024,2,2022
Applied Genetic Technologies Corporation,1273636,2013,2018,3,2014
AppLovin Corporation,1751008,2020,2026,32,2021
APPTECH PAYMENTS CORP,1070050,2014,2021,8,2019
"Apptigo International, Inc.",1562738,2014,2014,1,2013
"Aprea Therapeutics, Inc.",1781983,2020,2020,5,2019
APTEVO THERAPEUTICS INC.,1671584,2015,2016,6,2016
Aptinyx Inc.,1674365,2015,2015,1,2018
APTOSE BIOSCIENCES INC.,882361,2014,2014,3,2018
Aqua Metals Inc.,1621832,2019,2019,6,2015
"Aquestive Therapeutics, Inc.",1398733,2018,2026,85,2018
"ARATANA THERAPEUTICS, INC.",1509190,2013,2017,13,2013
"Aravive, Inc.",1513818,2021,2022,4,2014
"ARAX CO., LTD.",1566243,2017,2020,3,2013
"Arbor Realty Trust, Inc.",1253986,2011,2019,3,2015
Arbutus Biopharma Corporation,1447028,2017,2024,4,2013
"Arch Therapeutics, Inc.",1537561,2019,2019,2,2012
"Archaea Energy, Inc.",1823766,2022,2023,19,2021
Archer Aviation Inc.,1824502,2020,2026,58,2021
"Arcosa, Inc.",1739445,2018,2025,29,2018
"Arcturus Therapeutics, Inc.",1566049,2014,2020,8,2018
"Arcus Biosciences, Inc.",1724521,2016,2021,7,2018
"Arcutis Biotherapeutics, Inc.",1787306,2020,2025,23,2020
"Ardelyx, Inc.",1437402,2017,2023,17,2014
Aridis Pharmaceuticals Inc.,1614067,2015,2020,7,2018
ARION LLC,1698702,2019,2024,7,2017
"Aris Water Solutions, Inc.",1865187,2021,2021,2,2021
Aristocrat Group,1527027,2013,2013,9,2012
"Arlo Technologies, Inc.",1736946,2020,2022,19,2018
"Armada Hoffler Properties, Inc.",1569187,2026,2026,1,2013
"ARMATA PHARMACEUTICALS, INC.",921114,2015,2019,4,2014
Armeau Brands Inc.,1669400,2011,2011,1,2016
"ARQ, LLC",1515156,2020,2022,5,2014
"ARROWHEAD PHARMACEUTICALS, INC.",879407,2012,2025,16,2012
"ARS Pharmaceuticals, Inc.",1671858,2019,2019,4,2021
"Artelo Biosciences, Inc.",1621221,2019,2019,1,2015
"Ascend Wellness Holdings, Inc.",1756390,2021,2025,22,2021
Ashford Inc.,1604738,2019,2019,1,2015
"ASIA EQUITY EXCHANGE GROUP, INC.",1590565,2015,2017,2,2014
ASIAFIN HOLDINGS CORP.,1828748,2026,2026,4,2021
"Aspire Biopharma Holdings, Inc.",1847345,2025,2025,7,2022
Asset Entities LLC,1920406,2021,2022,4,2022
"Associated Capital Group, Inc.",1642122,2021,2021,2,2015
"Assure Holdings, LLC",1798270,2017,2017,2,2021
Assured Pharmacy Inc.,1100592,2008,2008,1,2012
"Asta Co., Ltd.",1586988,2016,2016,7,2014
"Asta Funding, Inc.",1001258,2016,2016,1,2012
"Astra Space, Inc.",1814329,2021,2022,23,2021
"Astria Therapeutics, Inc.",1454789,2022,2025,9,2015
Astro Aerospace Ltd.,1425203,2019,2019,2,2015
"Atacama Resources International, Inc.",1584618,2016,2016,1,2014
"Atara Biotherapeutics, Inc.",1604464,2013,2024,44,2014
"Atea Pharmaceuticals, Inc.",1593899,2021,2025,12,2020
"ATERIAN GROUP, INC.",1757715,2016,2022,13,2019
Athene Group AG,1527469,2019,2022,9,2016
"Athenex, Inc.",1300699,2017,2022,25,2017
"Athira Pharma, Inc.",1620463,2019,2025,12,2020
ATIF LIMITED,1755058,2020,2020,1,2022
ATLANTIC UNION BANKSHARES CORPORATION,883948,2010,2023,11,2013
"ATLAS ENERGY GROUP, LLC",1623595,2010,2011,9,2015
"Atlas Financial Group, Corp",1539894,2014,2014,1,2012
Atlas Technical Consultants LLC,1751143,2019,2019,6,2019
"Atlis Motor Vehicles, Inc.",1722969,2021,2023,14,2022
Atomera Incorporated,1420520,2020,2020,2,2016
"Atossa Genetics, Inc.",1488039,2010,2012,17,2012
"Atossa Therapeutics, Inc.",1488039,2023,2024,9,2012
"Atrinsic, Inc.",1022899,2011,2011,4,2014
aTyr Pharma,1339970,2013,2018,15,2015
AUDDIA INC.,1554818,2019,2022,7,2020
"Audentes Therapeutics, Inc.",1628738,2015,2019,6,2016
"AudioEye, Inc.",1362190,2012,2023,20,2012
"Aura Biosciences, Inc.",1501796,2025,2025,1,2021
Aurinia Pharmaceuticals Inc.,1600620,2016,2022,62,2020
Auscrete,1492091,2019,2019,1,2014
"Auspex Pharmaceuticals, Inc.",1454189,2014,2020,12,2014
AUTHID INC.,1534154,2020,2021,9,2013
Avadel Pharmaceuticals plc,1012477,2021,2022,3,2015
"Avalanche Biotechnologies, Inc.",1501756,2014,2015,11,2014
"AVALO THERAPEUTICS, INC.",1534120,2011,2019,4,2015
Avalon GloboCare Corp.,1630212,2020,2021,5,2015
"Aveanna Healthcare, LLC",1832332,2019,2025,8,2021
"Avenue Therapeutics, Inc.",1644963,2015,2023,7,2017
"AveXis, Inc.",1652923,2017,2017,4,2016
"AVIAT NETWORKS, INC.",1377789,2009,2012,16,2012
"Avidity Biosciences, Inc.",1599901,2020,2026,98,2020
"Avinger, Inc.",1506928,2013,2024,11,2015
"AVROBIO, Inc.",1681087,2019,2019,5,2018
AWAYSIS CAPITAL INC,1021917,2023,2023,5,2012
Axcella Health Inc.,1633070,2016,2021,16,2019
Axiom Group PTY LTD,1584584,2017,2024,15,2014
"Axonics Modulation Technologies, Inc.",1603756,2015,2018,3,2018
"AXOS FINANCIAL, INC.",1299709,2011,2021,3,2012
Axovant Sciences GmbH,1636050,2017,2019,31,2015
"Axsome Therapeutics, Inc.",1579428,2015,2026,84,2016
"Ayro, Inc.",1086745,2019,2023,15,2012
"Aytu BioPharma, Inc.",1385818,2021,2024,33,2012
"AYTU BIOSCIENCE, INC.",1385818,2008,2013,7,2012
"Aziyo Biologics, Inc.",1708527,2015,2019,6,2020
Babylon Foundation,1866390,2025,2025,14,2022
"Bakkt Holdings, LLC",1820302,2019,2019,4,2021
"Balius, LLC",1562738,2010,2021,4,2013
Ballroom Dance Fitness Inc.,1493109,2013,2013,1,2012
"Bankwell Financial Group, Inc.",1505732,2012,2018,8,2014
Bantec Inc.,1704795,2021,2021,12,2017
"Banzai International, Inc.",1826011,2019,2024,9,2021
"Baristas Coffee Company, Inc.",1586468,2011,2018,2,2014
Barnes & Noble Education Inc.,1634117,2019,2019,5,2016
"Basta, Inc.",1562201,2012,2012,2,2013
"BAUDAX BIO, INC.",1780097,2015,2019,10,2019
"BAYCOM, Inc.",1730984,2022,2022,1,2018
"bBooth, Inc.",1566610,2015,2015,14,2013
Beam Therapeutics Inc.,1745999,2019,2026,7,2020
beeline GmbH,1534708,2010,2025,19,2012
"BeiGene, Ltd.",1651308,2016,2021,99,2016
BELLEROPHON THERAPEUTICS LLC,1600132,2014,2014,2,2015
"Bellicum Pharmaceuticals, Inc.",1358403,2010,2020,25,2015
"BELLRING BRANDS, LLC",1772016,2019,2019,2,2020
Bemax Inc.,1613895,2018,2018,1,2016
BEONE MEDICINES LTD.,1651308,2021,2022,5,2016
"Berkeley Lights, Inc.",1689657,2015,2022,25,2020
"Berkshire Grey, Inc.",1824734,2018,2021,31,2021
BERRY CORPORATION (BRY),1705873,2018,2020,4,2018
"Berry Global, Inc.",1378992,2017,2025,98,2012
Berry Petroleum Corporation,1705873,2019,2019,2,2018
"Bespoke Extracts, Inc.",1409197,2017,2017,3,2012
"Best Hometown Bancorp, Inc.",1667840,2016,2016,2,2016
BETTER CHOICE COMPANY INC.,1471727,2012,2018,21,2012
"Better For You Wellness, Inc.",1852707,2021,2021,4,2021
BETTER HOME & FINANCE HOLDING COMPANY,1835856,2017,2023,37,2021
"Beyond Air, Inc.",1641631,2019,2025,25,2016
"Beyond Meat, Inc.",1655210,2018,2026,119,2019
"BG STAFFING, INC.",1474903,2010,2010,2,2013
"BGSF, Inc.",1474903,2022,2022,1,2013
Big Sky Productions,1441362,2010,2010,4,2012
"BigBear.ai, LLC",1836981,2022,2022,5,2021
bill,1786352,2020,2020,1,2020
"BILL THE BUTCHER, INC.",1375554,2010,2010,1,2012
Bio Essence,1723059,2016,2017,5,2021
"BioAdaptives, Inc.",1575142,2014,2025,6,2014
BIOAMBER INC.,1534287,2009,2014,14,2013
"BioAtla, Inc.",1826892,2021,2026,13,2021
Biohaven Pharmaceutical Holding Company Limited,1689813,2014,2018,9,2017
BioHiTech Global,1590383,2017,2017,3,2014
"Biomea Fusion, Inc.",1840439,2020,2022,9,2021
Biomx Ltd.,1739174,2017,2017,1,2019
BiondVax Pharmaceuticals Ltd.,1611747,2021,2021,1,2022
"BIORA THERAPEUTICS, INC.",1580063,2020,2022,5,2020
"BIOREGENX, INC.",1593184,2024,2024,2,2022
"BioSig Technologies, Inc.",1530766,2016,2023,27,2014
"BIOSTAGE, INC.",1563665,2016,2016,6,2013
"BioTE Holdings, LLC",1819253,2021,2026,16,2021
"BioTelemetry, Inc.",1574774,2013,2020,15,2013
Biotricity Inc.,1630113,2018,2022,19,2015
BIOVIE LLC,1580149,2021,2023,2,2014
"Bioxcel Therapeutics, Inc.",1720893,2019,2021,18,2018
birdbill LLC,1647771,2021,2021,2,2015
"Black Diamond Therapeutics, Inc.",1701541,2019,2023,5,2019
Black Knight Holdings LLC,1627014,2020,2023,8,2015
BlackBoxStocks Inc.,1567900,2022,2023,14,2014
"BLACKCRAFT CULT, INC.",1521549,2016,2025,6,2013
"Blackhawk Network, Inc.",1411488,2010,2025,112,2013
Blackline Corporation,1666134,2020,2020,12,2016
Blacksky Technology Pty Limited,1753539,2018,2018,1,2019
"Blackstar Enterprise Group, Inc.",1483646,2021,2021,21,2017
"BLAIZE, INC.",1871638,2017,2025,7,2022
Blink Technologies Inc,1418452,2013,2013,1,2012
"Block, Inc.",1512673,2022,2026,76,2016
Blockchain Industries Inc.,1084370,2018,2018,1,2016
"Blockchain of Things, Inc.",1813793,2017,2018,4,2020
"Bloomin' Brands, Inc.",1546417,2012,2020,6,2012
Bloomios Inc.,1138608,2022,2022,3,2019
Blow & Drive Interlock Corporation,1586495,2015,2015,2,2014
"BLUE APRON, LLC",1701114,2013,2016,52,2017
"BLUE BIOFUELS, INC.",1549145,2020,2023,6,2013
Blue Owl Capital Holdings LLC,1823945,2022,2025,5,2021
"BLUE WATER GLOBAL, LTD.",1516332,2014,2014,2,2012
"Blue Water Vaccines, Inc.",1782107,2022,2022,4,2022
"bluebird bio, Inc.",1293971,2021,2022,12,2013
Bluejay Diagnostics Inc.,1704287,2026,2026,3,2021
Blueprint Medicines Corporation,1597264,2018,2020,36,2015
"BLVD, LLC",1554594,2020,2020,1,2013
Boatim Inc.,1622231,2017,2017,1,2016
"Body and Mind, Inc.",1715611,2021,2021,2,2018
Bold Energy LLC,1444275,2025,2025,8,2012
"Bolt Biotherapeutics, Inc.",1641281,2020,2021,4,2021
BOON Industries,1877788,2020,2020,1,2021
"Borrowmoney.com, Inc.",1656501,2021,2021,1,2017
Boston Omaha Corporation,1494582,2018,2022,3,2012
bosy llc,1652842,2024,2024,1,2016
"bowmo, Inc.",1381871,2016,2016,1,2012
"Box, Inc.",1372612,2012,2025,117,2015
Brain Scientific Inc.,1662382,2018,2022,2,2016
Brand Engagement Network Inc.,1838163,2023,2024,6,2021
"Braze, Inc.",1676238,2017,2025,38,2021
Breathe eCig Corp.,1506503,2015,2015,1,2012
Brewbilt Manufacturing LLC,1641751,2017,2017,4,2015
BRIDGE INVESTMENT GROUP HOLDINGS LLC,1854401,2017,2024,13,2021
"BridgeBio Pharma, Inc.",1743881,2020,2025,21,2019
BridgeTown Inc.,1815086,2016,2016,2,2021
Bright Green Corporation,1886799,2024,2024,8,2022
"Bright Health Group, Inc.",1671284,2021,2021,4,2021
"Bright Mountain Media, Inc.",1568385,2023,2023,2,2013
Brightcove Inc.,1313275,2019,2022,37,2012
BRIGHTSPHERE INVESTMENT GROUP INC.,1748824,2018,2018,3,2019
"Brightview Group, LP",1734713,2025,2025,8,2018
"BRILLIANT EARTH, LLC",1866757,2020,2024,14,2021
Brixmor Property Group Inc.,1581068,2011,2022,17,2014
"BRK GROUP, LLC",1532926,2008,2014,2,2012
Broadmark Realty Capital Inc.,1784797,2019,2019,2,2020
"brooqLy, Inc.",1854526,2021,2021,2,2021
BTRS Holdings Inc.,1774155,2023,2024,9,2020
Bubblr Limited,1873722,2019,2020,14,2021
"Foundation Building Materials, LLC",1688941,2016,2025,35,2017
Bull Horn LLC,1759186,2020,2020,1,2020
"BullFrog AI, Inc.",1829247,2021,2023,6,2022
"BullsNBears.com, Inc.",1543272,2013,2013,2,2012
Bumble Holding Limited,1830043,2016,2025,678,2021
Business Warrior Corporation,1830503,2022,2023,7,2022
"C3.AI, Inc.",1577526,2019,2021,57,2021
"C4 Therapeutics, Inc.",1662579,2015,2023,18,2020
"Cabaletta Bio, Inc.",1759138,2019,2026,12,2019
"Cabinet Grow, Inc.",1610462,2014,2015,5,2013
Cadre LLC,1860543,2021,2021,4,2021
CADRENAL THERAPEUTICS INC.,1937993,2022,2022,1,2022
"Caldera Pharmaceuticals, Inc.",1518520,2011,2011,2,2012
"Calidi Biotherapeutics, Inc.",1855485,2022,2022,1,2022
California Resources Corporation,1609253,2014,2025,72,2014
"Calithera Biosciences, Inc.",1496671,2014,2021,13,2014
"Calyxt, Inc.",1705843,2019,2022,22,2017
"Camelot Co., Ltd.",13033,2007,2012,6,2012
"Campus Crest Communities, Inc.",1490983,2010,2014,14,2013
"Canbiola, Inc.",1509957,2019,2019,2,2016
"Candel Therapeutics, Inc.",1841387,2025,2025,2,2021
"Canna, LLC",1582962,2016,2017,3,2016
"Cannabis Global, Inc.",1413488,2020,2020,3,2012
"Cannae Holdings, Inc.",1704720,2017,2018,3,2017
"CannAssist International, Inc.",1709542,2019,2019,1,2018
"Cano Health, LLC",1800682,2020,2024,17,2020
CANOO INC.,1750153,2018,2019,9,2019
Canopy Growth Corporation,1737927,2016,2021,135,2019
Cantabio Pharmaceuticals Inc.,1550518,2015,2015,1,2012
Cantel Medical Corp.,19446,2016,2018,17,2012
"CAPAX, LLC",1707910,2012,2012,2,2017
"Capital Art, Inc.",1527844,2015,2015,6,2015
"CAPITAL BANCORP, INC.",1419536,2021,2021,2,2018
"Capital City Energy Group, Inc.",1386041,2008,2008,2,2013
Capri Inc,1530721,2020,2020,1,2012
"Capstone Financial, LLC",1558432,2012,2013,2,2013
"Cardax, Inc",1544238,2016,2016,1,2012
"CARDIFF ONCOLOGY, INC.",1213037,2020,2020,2,2012
Cardigant Medical Inc,1491487,2010,2010,1,2012
"Cardinal Ethanol, LLC",1352081,2021,2026,7,2012
"Cardlytics, Inc.",1666071,2014,2023,10,2018
"Cardtronics, Inc.",1671013,2011,2011,4,2016
"Care Capital Properties, Inc.",1639947,2015,2015,6,2015
"CareDx, Inc.",1217234,2014,2026,79,2014
CareFusion Corporation,1457543,2009,2010,27,2012
"CareTrust REIT, Inc.",1590717,2013,2026,9,2014
"CarGurus, Inc.",1494259,2016,2025,29,2017
Carisma Therapeutics Inc.,1485003,2020,2020,4,2014
Carmell Corporation,1842939,2024,2024,5,2021
"Carolina Financial Corporation, Inc.",870385,2011,2012,3,2014
"Carter Validus Mission Critical REIT II, Inc.",1567925,2020,2020,2,2014
"Cartesian Therapeutics, Inc.",1453687,2018,2020,2,2016
"Carvana, LLC",1690820,2013,2023,47,2017
"CASCADE ENERGY, LLC",1290504,2010,2021,28,2014
Castle Biosciences Incorporated,1447362,2015,2026,45,2019
"Castlight Health, Inc.",1433714,2010,2015,17,2014
CAT9 GROUP INC.,1632275,2019,2019,1,2015
"CBDMD, INC.",1644903,2019,2019,2,2017
Celcuity Inc.,1603454,2020,2026,11,2017
Cell MedX Corp.,1493712,2017,2017,2,2012
"Cellular Dynamics International, Inc.",1482080,2009,2009,2,2013
Celsus Therapeutics Plc,1541157,2013,2013,1,2014
Celularity Inc.,1752828,2018,2022,26,2019
cen biotech inc.,1653821,2015,2015,1,2015
"Cenntro Electric Group, Inc.",1707919,2024,2024,2,2022
"CENTERSPACE, LP",798359,2020,2020,3,2012
Centessa Pharmaceuticals plc,1847903,2021,2021,4,2021
CENTRAL PACIFIC FINANCIAL CORP.,701347,2017,2017,1,2012
"Century Communities, Inc.",1576940,2018,2024,23,2014
"Century Therapeutics, Inc.",1850119,2021,2021,2,2021
CERBERUS CYBER SENTINEL CORPORATION,1777319,2019,2019,2,2019
Cerecor Inc.,1534120,2019,2019,1,2015
"Cerevel Therapeutics, LLC",1805387,2023,2025,7,2020
Cerulean Pharma Inc.,1401914,2010,2012,13,2014
Cesca Therapeutics Inc.,811212,2014,2014,4,2012
"Change Healthcare Holdings, LLC",1444598,2020,2021,7,2014
"Charge Enterprises, Inc.",1277250,2021,2024,24,2021
"ChargePoint, Inc.",1777393,2016,2023,11,2020
"ChatAnd, Inc.",1529133,2011,2011,2,2012
CHATCHING INC.,1524083,2011,2011,2,2012
CHC LLC,1586300,2017,2021,4,2014
"Checkpoint Therapeutics, Inc.",1651407,2015,2023,9,2016
Chemomab Therapeutics Ltd.,1534248,2022,2022,2,2019
"Chiasma, Inc.",1339469,2016,2020,11,2015
"China Foundation, The",1494562,2008,2008,3,2012
"ChineseInvestors.com,Inc",1459482,2016,2017,2,2012
"CHINOOK THERAPEUTICS, INC.",1435049,2020,2020,9,2015
"Cidara Therapeutics, Inc.",1610618,2014,2024,25,2015
"Cincor Pharma, Inc.",1868734,2021,2021,1,2021
Cingulate,1862150,2021,2021,2,2021
"Cipher Digital, LLC",1819989,2023,2023,1,2021
Cision Group Limited,1701040,2025,2026,23,2017
"CITIUS ONCOLOGY, INC.",1851484,2023,2023,1,2022
"CITY OFFICE REIT, INC.",1593222,2014,2014,1,2014
Civeo Corporation,1590584,2017,2017,4,2014
Claritev Corporation,1793229,2025,2026,20,2020
"CleanGoal Energy, Corp.",1672690,2018,2018,1,2016
"CLEARPOINT NEURO, INC.",1285550,2008,2024,30,2012
"Clearside Biomedical, Inc.",1539029,2012,2022,27,2016
ClearSign Combustion Corporation,1434524,2008,2021,16,2012
CLEARWAY ENERGY GROUP LLC,1637757,2018,2018,12,2015
"CLIC TECHNOLOGY, INC.",1658304,2019,2019,6,2016
Clickstream Corporation,1393548,2020,2020,4,2016
"CloudCommerce, Inc.",743758,2020,2020,2,2012
"Clovis Oncology, Inc.",1466301,2012,2019,21,2012
CNS Response Inc.,822370,2011,2011,2,2012
Code Green Apparel Corp.,1444403,2015,2015,4,2016
"Code Rebel, LLC",1613011,2013,2013,2,2015
CodeSmart LLC,1543098,2020,2020,1,2012
"Codiak Biosciences, Inc.",1659352,2019,2019,11,2020
"Coeptis Therapeutics, Inc.",1759186,2025,2025,2,2020
"Cogent Biosciences, Inc.",1622229,2023,2025,22,2018
"COGINT, INC.",1460329,2016,2016,6,2014
"Cognition Therapeutics, Inc.",1455365,2016,2016,1,2021
"CohBar, Inc.",1522602,2014,2021,5,2015
"Coherus BioSciences, Inc.",1512762,2015,2021,37,2014
"COHERUS ONCOLOGY, INC.",1512762,2021,2025,19,2014
"Coil Tubing Technology, Inc.",1084463,2007,2007,1,2012
"COLUCID PHARMACEUTICALS, INC.",1348649,2016,2016,3,2015
Columbia Care LLC,1776738,2019,2022,71,2022
"Comera Life Sciences, Inc.",1907685,2022,2022,8,2022
"Comhear, Inc.",1561299,2014,2018,5,2013
COMMERCE.COM PTY LTD,1626450,2016,2024,18,2020
"Communications Sales & Leasing, Inc.",1620280,2014,2015,6,2016
Community Choice Financial Inc.,1528061,2013,2014,5,2012
Compass Therapeutics LLC,1738021,2015,2020,33,2018
CONCENTRIX CORPORATION,1803599,2019,2019,3,2021
"CONDUENT, INC.",1677703,2016,2016,20,2016
"CONNECTM TECHNOLOGY SOLUTIONS, INC.",1895249,2025,2025,1,2022
ConneXionONE Corp.,1182731,2022,2022,1,2022
Consorteum Holdings Inc.,1387976,2018,2018,2,2012
Content Checked Holdings Inc.,1574300,2018,2018,4,2013
Context Therapeutics Inc.,1842952,2016,2022,2,2021
"ContinuityX Solutions, Inc.",1497814,2012,2012,1,2012
ContraFect Corporation,1478069,2011,2011,4,2014
"Contura Energy, Inc.",1704715,2016,2016,5,2018
"CONVERSION LABS, INC.",948320,2013,2013,2,2013
"Convey Health Solutions, Inc.",1787640,2020,2026,31,2021
"Cool Technologies, INC.",1399352,2021,2021,1,2012
Cooper Standard GmbH,1320461,2017,2017,3,2012
"Corbus Pharmaceuticals, Inc.",1595097,2015,2025,13,2014
Cordia Bancorp Inc.,1466292,2009,2015,2,2013
Corgenix Medical Corporation,1063665,2010,2012,4,2012
CornerWorld Corporation,1338242,2009,2009,2,2012
Coronado Global Resources Inc.,1770561,2018,2018,1,2019
"Cortexyme, Inc",1662774,2015,2015,2,2019
"Corvex, Inc.",1734750,2025,2025,7,2021
"CORVUS PHARMACEUTICALS, INC.",1626971,2019,2019,2,2016
Cosmos Health Inc,1474167,2025,2025,1,2012
Counterpath Corporation,1236997,2012,2012,5,2012
Coupa Software Incorporated,1385867,2011,2020,14,2016
Coupang Corp.,1834584,2016,2025,326,2021
CPI Card Group Inc.,1641614,2018,2020,14,2015
CQENS TECHNOLOGIES INC.,1479915,2020,2022,3,2013
CREATIONS LLC,1795938,2016,2023,10,2020
"Crescent Biopharma, Inc.",1253689,2025,2026,3,2014
Crescent Energy Company,1866175,2025,2025,12,2021
"Crimson Wine Group, Ltd.",1562151,2014,2024,9,2013
"Crinetics Pharmaceuticals, Inc.",1658247,2018,2025,26,2018
Crisp Momentum Inc.,924396,2025,2025,5,2021
CRISPR Therapeutics AG,1674416,2018,2026,85,2016
"Croe, Inc.",1688126,2014,2014,2,2016
CRONOS GROUP INC.,1656472,2014,2020,22,2019
CROSSAMERICA PARTNERS LP,1538849,2015,2015,4,2012
Crown Electrokinetics,1761696,2018,2021,7,2019
CSRA INC.,1646383,2015,2015,9,2015
"CSW Industrials, Inc.",1624794,2015,2015,2,2015
CU Bancorp,1543643,2015,2015,5,2012
"CUE BIOPHARMA, INC.",1645460,2016,2024,6,2018
"CULLINAN ONCOLOGY, LLC",1789972,2016,2016,4,2021
"Cullinan Therapeutics, Inc.",1789972,2024,2025,8,2021
"CUR MEDIA, INC.",1556226,2010,2013,8,2012
"Curative Biosciences, Inc.",1137005,2008,2009,2,2012
"CURE PHARMACEUTICAL, INC.",1643301,2018,2018,9,2015
CURIOSITYSTREAM INC.,1776909,2015,2019,15,2020
"Curo, Inc.",1711291,2016,2016,1,2018
CURRENC GROUP INC.,1862935,2022,2022,2,2022
CYBER APPS WORLD INC.,1230524,2021,2021,1,2012
"CYBERLOQ TECHNOLOGIES, INC.",1437517,2011,2025,5,2012
"Cyclerion Therapeutics, Inc.",1755237,2018,2023,11,2019
"CymaBay Therapeutics, Inc.",1042074,2019,2025,20,2013
CYNGN INC.,1874097,2017,2021,10,2021
Cypherpunk Technologies Inc.,1509745,2025,2025,6,2017
CyrusOne Inc.,1553023,2012,2019,11,2014
"Cyteir Therapeutics, Inc.",1662244,2019,2019,6,2021
"Cytek Biosciences, Inc.",1831915,2020,2026,48,2021
CytoDyn Inc.,1175680,2011,2023,27,2012
"CytomX Therapeutics, Inc.",1501989,2015,2023,22,2015
Dakota Gold Corp.,1852353,2022,2022,2,2021
Dalrada Financial Corporation,725394,2021,2021,2,2019
"Damora Therapeutics, Inc.",1800315,2025,2025,1,2020
"DaniMer Scientific, LLC.",1779020,2015,2015,6,2020
"Dare Bioscience, Inc.",1401914,2020,2020,2,2014
"Datadog, Inc.",1561550,2015,2025,29,2019
DATASEA INC.,1631282,2018,2023,3,2016
"Datchat, Inc.",1648960,2023,2025,35,2021
DavidsTea Inc.,1627606,2013,2024,42,2017
"Day One Biopharmaceuticals, Inc.",1845337,2020,2023,30,2021
"Decibel Therapeutics, Inc.",1656536,2017,2020,17,2021
"Deciphera Pharmaceuticals, LLC",1654151,2019,2025,34,2017
Decoy Therapeutics Inc.,1615219,2020,2020,1,2015
"DEEP GREEN WASTE & RECYCLING, LLC",1637866,2015,2015,1,2020
"Definitive Healthcare, LLC",1861795,2017,2022,15,2021
Denali Therapeutics Inc.,1714899,2015,2025,16,2018
"Dermira, Inc.",1557883,2015,2017,10,2014
"DermTech, Inc.",1651944,2018,2022,27,2017
"DERYCZ SCIENTIFIC, INC.",1386301,2008,2008,2,2012
"Design Therapeutics, Inc.",1807120,2020,2021,4,2021
"Desktop Metal, Inc.",1754820,2015,2024,29,2019
Dethrone Royalty Inc,1504222,2009,2012,5,2012
Devago LLC,1627611,2022,2022,1,2015
"DevvStream, Inc.",1854480,2023,2025,2,2022
Co-Diagnostics Inc.,1692415,2021,2023,43,2017
"DICE THERAPEUTICS, INC.",1645569,2017,2017,1,2021
"Dicerna Pharmaceuticals, Inc.",1399529,2014,2021,51,2014
"DigiPath, Inc.",1502966,2010,2010,1,2012
Digital Brands LLC,1668010,2017,2019,13,2021
Digital Cinema Destinations Corp.,1510326,2010,2010,1,2012
"Digital Media Solutions, LLC",1725134,2018,2025,18,2018
"DigitalOcean, LLC",1582961,2018,2026,14,2021
"Dimension Therapeutics, Inc.",1592288,2015,2017,16,2015
Dinamo GmbH,1579541,2019,2019,6,2014
"Dipexium Pharmaceuticals, LLC",1497504,2013,2013,1,2014
"Diplomat Pharmacy, Inc.",1610092,2009,2016,12,2014
"Disc Medicine, Inc.",1816736,2023,2026,17,2021
DNA PRECIOUS METALS INC.,1506503,2013,2013,2,2012
DOMA COMPANY,1722438,2020,2020,4,2020
Domark International,1365160,2012,2012,2,2012
Dominovas Energy Corporation,1343254,2014,2014,2,2012
DONGFANG CITY HOLDING GROUP COMPANY LIMITED,1793330,2021,2021,1,2020
"DoorDash, Inc.",1792789,2017,2026,281,2020
"Dova Pharmaceuticals, Inc.",1685071,2017,2017,3,2017
Dragonfly Energy Corp.,1847986,2021,2022,7,2021
"Drilling Tools International, Inc.",1884516,2019,2023,14,2022
"DRONE USA, LLC",1704795,2015,2015,1,2017
"Dropcar, Inc.",1086745,2017,2017,3,2012
"Dror Ortho-Design, Inc.",1282980,2024,2024,4,2019
DSwiss AG,1652561,2011,2022,12,2016
"Dthera Sciences, Inc.",1586372,2017,2017,1,2014
Duke Robotics Inc.,1638911,2017,2017,1,2015
"Dutch Bros., LLC",1866581,2016,2026,123,2021
DXC Technology Company,1688568,2017,2025,112,2017
DYM ENERGY INC.,1418196,2013,2013,1,2012
"Dynamic Applications, Inc.",1431934,2015,2015,1,2012
"Dyne Therapeutics, Inc.",1818794,2018,2025,31,2020
"Eagle Bancorp Montana, Inc.",1478454,2014,2023,10,2012
Eagle Pharmaceuticals Inc.,827871,2016,2024,23,2014
"Eargo, Inc.",1719395,2015,2025,18,2020
"Earth Science Tech, Inc.",1538495,2014,2018,15,2012
Eastern Acquisition Company Inc.,1505364,2024,2024,3,2013
"Eastern Bankshares, Inc.",1810546,2020,2020,2,2020
Eastside Distilling Inc.,1534708,2017,2024,17,2012
"EBET, INC.",1829966,2021,2024,8,2021
Ebizware Inc.,1627041,2023,2023,2,2016
ECARD Inc.,1552743,2019,2019,8,2013
"eCareer, Inc.",1332572,2012,2012,5,2012
"Eco Building Products, Inc.",1409885,2014,2017,16,2012
"ECO Integrated Technologies, Inc.",1586609,2015,2023,6,2014
ECO PLANET INC.,1537528,2009,2010,3,2012
"EcoMax, Inc.",1008653,2016,2016,2,2018
"Edesa Biotech, Inc.",1540159,2022,2022,2,2014
"Edge Therapeutics, Inc.",1472091,2014,2017,8,2015
Edgen INC,1537951,2024,2024,1,2012
"Edgewise Therapeutics, Inc.",1710072,2021,2024,6,2021
"Editas Medicine, Inc.",1650664,2013,2025,21,2016
EF Hutton America Inc.,1565700,2017,2017,20,2013
eGain Corporation,1066194,2016,2026,18,2012
Egalet Ltd.,1586105,2014,2016,6,2014
"Eiger BioPharmaceuticals, Inc.",1305253,2020,2020,10,2014
Eightco Holdings Inc.,1892492,2023,2023,2,2022
"Ekso Bionics, Inc.",1549084,2009,2018,27,2012
"Elecsys Holdings, LLC",914398,2021,2021,8,2012
ElectraMeccanica Vehicles Corp.,1637736,2017,2021,27,2022
Electro Rent Corporation,32166,2017,2022,37,2012
"ELECTROCORE, INC",1560258,2022,2025,12,2018
"Eledon Pharmaceuticals, Inc.",1404281,2021,2025,7,2014
"Element Solutions, LLC",1590714,2016,2016,1,2014
"Elevation Oncology, Inc.",1783032,2020,2020,4,2021
"Eleven Biotherapeutics, Inc.",1485003,2011,2018,4,2014
"Eliem Therapeutics, Inc.",1768446,2018,2018,2,2021
Elutia Inc.,1708527,2023,2026,3,2020
"emedia, llc",1658433,2013,2015,3,2015
Emerge Energy Services LP,1555177,2012,2012,10,2013
"Emmaus Life Sciences, Inc.",822370,2026,2026,2,2012
"Empirical Ventures, LLC",1301704,2014,2019,3,2012
"Enable Midstream Partners, LP",1591763,2014,2018,24,2014
"Enact Holdings, Inc.",1823529,2022,2026,10,2021
ENDEAVOR FOUNDATION,1766363,2019,2019,7,2021
ENDEXX Corp.,1109486,2018,2020,5,2021
ENDI Corp.,1908984,2022,2022,2,2022
ENDRA Life Sciences Inc.,1681682,2017,2023,9,2017
Energous Corporation,1575793,2014,2024,26,2014
Energy And Water Development Corp,1563298,2022,2022,8,2019
"Energy Vault, Inc.",1828536,2021,2025,38,2021
ENERTOPIA CORP.,1346022,2021,2026,6,2012
Enfusion Ltd. LLC,1868912,2018,2021,9,2021
"EngageSmart, Inc.",1863105,2023,2023,4,2021
"ENHABIT, INC",1803737,2021,2021,8,2022
"ENLINK MIDSTREAM, LLC",1592000,2013,2013,9,2014
"EnLiven Therapeutics, Inc.",1672619,2019,2019,1,2020
"Enova International, Inc.",1529864,2011,2014,10,2014
"Enphase Energy, Inc.",1463101,2007,2023,41,2012
"ENSYNC, INC.",1140310,2007,2015,15,2012
ENTASIS THERAPEUTICS INC.,1724344,2015,2018,7,2018
Entegra Financial Corp.,1522327,2014,2014,1,2014
Entera Bio Ltd.,1638097,2024,2024,3,2021
"Entrada Therapeutics, Inc.",1689375,2019,2025,19,2021
"Enumeral Biomedical Holdings, Inc.",1561551,2015,2015,4,2013
Envirostar LLC,65312,2017,2017,2,2012
Envista Holdings Corporation,1757073,2019,2022,12,2019
enviva GmbH,1592057,2010,2010,8,2015
"Envivio, Inc.",1174266,2010,2010,2,2012
"ENvue Medical Holdings, Corp.",1326706,2025,2026,6,2015
"EP Energy, LLC",1584952,2015,2015,7,2014
"EPAM Systems, Inc.",1352010,2007,2023,34,2012
"Epizyme, Inc.",1571498,2011,2021,11,2013
"Epsilon, Inc.",1539574,2010,2017,11,2012
EQM Midstream Partners LP,1540947,2019,2019,2,2012
"Equillium, Inc.",1746466,2017,2017,2,2018
"Equitable Holdings, Inc.",1333986,2020,2025,144,2018
"Erasca, Inc.",1761918,2019,2026,12,2021
"ESG Holdings, LLC",1883835,2022,2025,4,2022
"ESPORTS ENTERTAINMENT GROUP, INC.",1451448,2021,2021,6,2014
"Esports Technologies, Inc.",1829966,2021,2021,9,2021
"ESS Tech, Inc.",1819438,2017,2024,16,2021
ESSA Pharma Inc.,1633932,2017,2022,4,2020
"Essential Properties Realty Trust, Inc.",1728951,2018,2018,1,2018
"Eternity Healthcare, Inc.",1437822,2015,2015,1,2012
"Eton Pharmaceuticals, Inc.",1710340,2020,2025,20,2018
Evans Brewing Co,1580490,2023,2023,2,2014
"EVELO BIOSCIENCES, INC.",1694665,2015,2015,5,2018
Event Cardio Group,1394130,2016,2016,6,2012
EverCommerce LLC,1853145,2025,2025,2,2021
"Evergy, Inc.",1711269,2019,2021,23,2018
"EverQuote, Inc.",1640428,2014,2021,27,2018
"Everspin Technologies, Inc.",1438423,2011,2025,4,2016
"Evertec Group, LLC",1559865,2017,2022,37,2013
"EVI Industries, Inc.",65312,2019,2025,3,2012
"Evil Empire Designs, Inc.",1759424,2016,2016,1,2019
"Evofem Biosciences, Inc.",1618835,2016,2026,64,2015
"Evolus, Inc.",1570562,2017,2024,28,2018
"Evolv Technologies, Inc.",1805385,2018,2024,38,2020
Excalibur Industries,201779,2020,2020,2,2012
"Excelerate Energy, Inc.",1888447,2021,2022,6,2022
"EXCELLERANT, INC.",1786119,2015,2015,1,2020
Excelsis Investments Inc.,1496818,2014,2015,2,2012
Exela Technologies Inc.,1620179,2020,2023,31,2015
"Exeo Entertainment, Inc",1528760,2015,2022,3,2014
"Exicure, Inc.",1698530,2021,2021,1,2017
"Expion360, Inc",1894954,2021,2023,8,2022
"Extraction Oil & Gas, Inc.",1655020,2021,2021,4,2016
"Eyenovia, Inc.",1682639,2018,2020,10,2017
EzFill Holdings Inc.,1817004,2020,2023,7,2021
"F45 Training, Inc.",1788717,2016,2020,103,2021
"Fairway Holdings, Inc.",1555492,2012,2022,7,2013
Fantex Limited,1573683,2020,2021,6,2014
Farmhouse Group,1811999,2015,2026,7,2020
"FAST RADIUS, INC.",1832351,2021,2021,5,2021
FAT Brands Inc.,1705012,2023,2023,3,2018
"Fate Therapeutics, Inc.",1434316,2009,2025,45,2013
Fathom Holdings Inc.,1753162,2019,2022,5,2020
"Federal Life Group, Inc.",1743886,2025,2025,2,2018
Femasys Inc.,1339005,2020,2025,9,2021
"Fenix Parts, Inc.",1615153,2014,2014,4,2015
Fern LLC,1567517,2024,2025,3,2013
"FG Financial Group, Inc.",1591890,2020,2020,2,2014
FGI Industries Inc.,1864943,2022,2024,72,2022
"Fibrocell Science, Inc.",357097,2017,2017,1,2012
Ficaar Inc.,1144546,2018,2018,1,2018
"Fiesta Restaurant Group, Inc.",1534992,2011,2013,3,2012
"FIGS, Inc.",1846576,2018,2024,47,2021
"Finch Therapeutics, Inc.",1733257,2016,2022,21,2021
"FINDIT, INC.",1593184,2019,2020,3,2022
Fintech Ecosystem Development Corp.,1852407,2023,2023,1,2022
"FIREEYE, INC.",1370880,2009,2013,18,2013
"First Foods Group, Inc.",1648903,2018,2019,4,2016
FIRST HARVEST LLC,1585755,2022,2022,2,2015
First Independence Corporation,1543098,2020,2020,1,2012
First Northwest Bancorp,1556727,2012,2020,3,2015
"First Priority Financial, Inc.",1389772,2010,2013,6,2013
"FIRST WAVE BIOPHARMA, INC.",1604191,2021,2021,1,2016
"Firsthand Technology Value Fund, Inc.",1495584,2020,2020,1,2022
FirstSun Capital Bancorp,1709442,2023,2025,5,2021
"FITBIT, INC.",1447599,2012,2013,6,2015
Flameret Inc,1472147,2011,2011,3,2012
"FLASR, Inc.",1577189,2013,2013,1,2014
FleetMatics,1526160,2009,2009,1,2013
"FLEX PHARMA, LLC",1615219,2012,2026,4,2015
"FlexFridge, LLC",1630391,2011,2011,1,2015
"Flexion Therapeutics, Inc.",1419600,2015,2019,9,2014
FLORA GROWTH CORP.,1790169,2020,2020,6,2022
"FMC GlobalSat, Inc.",1719881,2025,2025,14,2018
"Focus Universal, Inc.",1590418,2019,2021,8,2013
"Foghorn Therapeutics, Inc.",1822462,2018,2018,4,2020
"Fogo de Chao (Holdings), Inc.",1627487,2025,2025,5,2015
"Fold, Inc.",1889123,2019,2025,50,2022
FOMO CORP,867028,2021,2021,10,2012
FORCE PROTECTION VIDEO EQUIPMENT CORP.,1518720,2016,2016,1,2012
FOREST CITY REALTY TRUST LLC,1647509,2018,2019,3,2015
"Forge Global, Inc.",1827821,2018,2025,12,2021
Forge Innovation Development Corp.,1687919,2017,2017,1,2017
Forian Inc.,1829280,2020,2020,2,2020
"Forma Therapeutics, Inc.",1538927,2018,2020,32,2020
Fortitude Gold Corporation,1828377,2020,2020,4,2021
Fortress Transportation and Infrastructure Investors LLC,1590364,2016,2020,9,2015
"Forty Seven, Inc",1667633,2017,2017,4,2018
"Forum Energy Technologies, Inc.",1401257,2014,2015,14,2012
FOXO TECHNOLOGIES INC.,1812360,2019,2023,53,2022
"Franchise Group, Inc.",1528930,2019,2021,3,2013
Franklin Wireless Corporation,722572,2013,2024,9,2012
"Frankly, LLC",1688667,2024,2024,3,2017
Freedom Holding Corp.,1386044,2025,2025,21,2021
Freedom Leaf Inc.,1581545,2014,2017,13,2014
"FREESTONE RESOURCES, INC.",1089319,2007,2007,1,2012
Frequency Holdings LLC,1624517,2025,2025,6,2015
"Frequency Therapeutics, Inc.",1703647,2019,2021,9,2019
"FRESH VINE WINE, INC.",1880343,2019,2022,6,2022
FREYR Battery,1844224,2025,2025,4,2021
"frontdoor, inc.",1727263,2018,2020,25,2018
FTAI Aviation LLC,1590364,2026,2026,3,2015
"FTC Solar, Inc.",1828161,2018,2025,29,2021
"FTS International, Inc.",1529463,2021,2021,4,2018
Fuda Group (USA) Corporation,1623013,2016,2016,1,2015
"Fulcrum Therapeutics, Inc.",1680581,2019,2024,35,2019
"Fulgent Genetics, Inc.",1674930,2017,2023,9,2016
"FUNDAMENTAL GLOBAL, LLC",1591890,2019,2022,8,2014
"Fuse Medical, Inc.",319016,2020,2020,2,2012
"Fusion-IO, Inc.",1383729,2012,2012,5,2012
Fusion Pharmaceuticals Inc.,1805890,2019,2021,5,2020
"Future Energy Group, LLC",1504464,2016,2025,34,2012
Futureland,1424549,2026,2026,2,2012
FutureWorld Corp.,1273988,2014,2014,4,2013
"Gabbit, LLC",1657564,2014,2026,8,2016
"Galera Therapeutics, Inc.",1563577,2019,2022,13,2019
Gamida Cell Inc.,1600847,2020,2025,19,2021
"Gaming and Leisure Properties, Inc.",1575965,2016,2018,3,2013
"GankIt, LLC",1552979,2010,2010,4,2013
"Gatos Silver, Inc.",1517006,2020,2020,3,2020
"Gaucho Group, Inc.",1559998,2021,2022,21,2014
"Gawk, Inc.",1546392,2013,2017,7,2012
GAXOS.AI INC.,1895618,2022,2022,7,2022
GBS HOLDINGS LLC,1725430,2016,2021,9,2021
Gemphire Therapeutics Inc.,1638287,2015,2015,7,2016
Gen Serv,1608429,2020,2020,2,2015
GeneDx Holdings Corp.,1818331,2025,2025,12,2021
General Metals Corp.,1060910,2022,2022,2,2012
Generation Bio Co.,1733294,2017,2025,36,2020
"Generation Next Franchise Brands, Inc.",1526689,2017,2018,7,2012
"GenFlat Holdings, Inc.",1796949,2025,2025,1,2020
"Genprex, Inc.",1595248,2017,2020,4,2017
GenuFood Energy Enzymes Corp.,1510518,2011,2011,2,2012
Genvor Inc.,1792941,2024,2024,6,2020
"GeoSolar Technologies, Inc.",1838876,2022,2024,6,2021
"Ginkgo Bioworks, Inc.",1830214,2017,2026,67,2021
"GJ Culture Group US, Inc.",1781726,2019,2019,3,2019
Gladstone Land Corporation,1495240,2018,2025,12,2013
"Global Blood Therapeutics, Inc.",1629137,2016,2022,62,2015
Global Cosmetics Group Pty Ltd,1670961,2012,2018,3,2017
"Global Crossing Airlines, Inc",1846084,2020,2023,23,2022
"Global House, Inc.",1673475,2020,2020,2,2017
Global Innovative Platforms Inc.,1837774,2026,2026,1,2021
Global Medical REIT Inc.,1533615,2025,2025,4,2012
Global Quest Pty Ltd,1649676,2018,2020,6,2016
Global WholeHealth Partners Corp,1598308,2021,2021,1,2020
"Globe Specialty Metals, Inc.",1383571,2010,2010,1,2012
GLORI ENERGY INC.,1597131,2009,2011,3,2014
"Glycomimetics, Inc.",1253689,2013,2023,4,2014
GMS Group LLC,1600438,2023,2023,4,2017
"Gofba, Inc",1735092,2015,2015,1,2019
Gogo LLC,1537054,2011,2019,4,2013
Gold Flora Corporation,1876945,2023,2024,20,2021
Golden Global Limited,1502555,2010,2010,2,2012
"GoodRx, Inc.",1809519,2019,2022,50,2020
"Gossamer Bio, Inc.",1728117,2019,2025,7,2019
GPL LLC,1883083,2024,2024,1,2022
"GPods, Inc.",1748232,2017,2017,1,2018
"Grace Therapeutics, Inc.",1444192,2018,2018,6,2019
GRAND HAVANA LLC,1514113,2015,2015,1,2013
GREAT AJAX CORP.,1614806,2014,2014,1,2015
"Great Elm Group, Inc.",1831096,2024,2024,2,2021
"Green Ballast, Inc.",1526543,2011,2011,1,2012
"Green Earth Technologies, Inc.",1433966,2008,2012,16,2012
"Green Energy, LLC",1000459,2019,2019,2,2012
"GREEN HYGIENICS, INC.",1443388,2013,2013,5,2012
Greenkraft Inc.,1398529,2009,2009,2,2012
Greenland Technologies Corp,1735041,2021,2021,1,2018
GREENLANE HOLDINGS INC,1743745,2014,2021,47,2019
"GreenLight Biosciences, Inc.",1822691,2019,2025,33,2021
"GREENPRO, LLC",1597846,2014,2014,1,2014
"GREENSKY, LLC",1712923,2013,2015,4,2018
GreenWay Technologies Co.,1572386,2012,2012,1,2013
"Grid Dynamics Holdings, Inc.",1743725,2021,2025,14,2019
"Gridiron BioNutrients, Inc.",1629205,2017,2021,6,2016
Griid Infrastructure LLC,1830029,2021,2021,2,2021
"GRITSTONE BIO, INC.",1656634,2018,2018,11,2018
GRN Holdings Limited,1492448,2023,2025,14,2012
"GROGENESIS, INC.",1497055,2013,2013,1,2012
"GROM SOCIAL ENTERPRISES, INC.",1662574,2022,2023,4,2016
"Grove, Inc.",1775194,2021,2022,35,2021
"Grove Collaborative, Inc.",1841761,2018,2026,123,2021
Groveware Technologies Inc.,1484931,2025,2025,8,2012
"GSE, LLC",1275712,2025,2025,3,2012
GTY Technology Holdings Inc.,1682325,2023,2025,17,2017
"Guardant Health, Inc.",1576280,2014,2025,55,2018
"Guardion Health Sciences, Inc.",1642375,2015,2021,9,2016
guuru ltd,1730732,2017,2017,3,2019
"GWG Holdings, Inc.",1522690,2011,2016,5,2012
"GXO Logistics, Inc.",1852244,2021,2023,27,2021
"H-CYTE, Inc.",1591165,2022,2022,3,2015
"HA SUSTAINABLE INFRASTRUCTURE CAPITAL, INC.",1561894,2015,2022,11,2013
Hamilton Lane,1433642,2024,2024,1,2017
Hammer Fiber Optics Holdings Corp.,1539680,2016,2018,2,2013
"Hannon Armstrong Sustainable Infrastructure Capital, Inc.",1561894,2013,2019,29,2013
"HARBOR CUSTOM DEVELOPMENT, INC.",1784567,2018,2018,1,2020
Harmony Energy Technologies Corporation,1901297,2022,2022,2,2021
"Harpoon Therapeutics, Inc.",1708493,2016,2022,16,2018
Harvard Apparatus Regenerative Technology Inc.,1563665,2023,2023,12,2013
"HashiCorp, Inc.",1720671,2018,2018,3,2021
"HC2, Inc.",1006837,2008,2025,16,2012
HCi Viocare Inc.,1402737,2016,2016,7,2012
HCW Biologics Inc.,1828673,2021,2021,6,2021
Healing Spa LLC,1441082,2013,2013,1,2012
"Health-Right Discoveries, Inc.",1537663,2012,2018,6,2015
"Healthcare Integrated Technologies, Inc.",1584693,2025,2025,2,2014
"Healthcare Triangle, Inc.",1839285,2020,2020,10,2021
"HEALTHIENT, INC.",1137005,2009,2010,4,2012
HEALTHLYNKED CORP.,1680139,2017,2021,14,2017
"Healthy Extracts, Inc.",1630176,2022,2022,1,2015
"HeartBeam, Inc.",1779372,2022,2023,11,2021
"Heat Biologics, Inc.",1476963,2020,2020,4,2013
"Heatwurx, Inc.",1533743,2012,2012,2,2013
"Helbiz, Inc.",1788841,2017,2018,14,2020
"Heliogen, Inc.",1840292,2020,2023,25,2021
"Helius Medical Technologies, Inc.",1610853,2014,2014,2,2014
"HELIX TCS, INC.",1611277,2015,2015,1,2016
"Hemp Technology, Inc.",1797956,2021,2021,1,2020
"Hepion Pharmaceuticals, Inc.",1583771,2020,2020,4,2014
"Heritage Insurance Holdings, LLC",1598665,2013,2013,4,2014
Hestia Insight Inc,1813603,2019,2019,1,2020
Hewlett Packard Enterprise,1645590,2020,2020,3,2015
HF FINANCIAL CORP.,881790,2010,2013,11,2012
HF Foods Group Inc.,1680873,2018,2025,36,2017
HI-CRUSH INC.,1549848,2014,2019,7,2012
Hi-Crush Partners LP,1549848,2017,2018,4,2012
"Hillevax, Inc.",1888012,2021,2021,3,2022
"Hillstream BioPharma, Inc.",1861657,2019,2019,1,2021
"HINES GLOBAL INCOME TRUST, INC.",1585101,2014,2014,1,2014
Hip Cuisine Inc.,1654588,2017,2017,2,2016
"HireRight, LLC",1859285,2016,2016,10,2021
"Histogen, Inc.",1383701,2008,2018,5,2013
"Home Loan Servicing Solutions, Ltd.",1513161,2011,2011,2,2012
"Homology Medicines, Inc.",1661998,2016,2022,9,2018
HONEST INC.,1530979,2018,2019,13,2021
Hookipa Pharma Inc.,1760542,2018,2018,3,2019
Horizon Global Company LLC,1637655,2015,2016,3,2015
"Hortonworks, Inc.",1610532,2012,2016,13,2015
"Hospitality Investors Group Holdings, Inc.",1583077,2022,2022,8,2015
"HotApp Blockchain, Inc.",1600347,2021,2021,1,2014
"Hoth Therapeutics, Inc.",1711786,2018,2020,4,2018
"HOUR LOOP, INC.",1874875,2018,2023,6,2021
"HPEV, Inc.",1399352,2012,2012,2,2012
"HTG MOLECULAR DIAGNOSTICS, INC.",1169987,2018,2018,8,2015
"HUMANIGEN, INC.",1293310,2008,2021,16,2012
"Humbl, Inc.",1119190,2021,2025,19,2022
"HYB, Inc.",1307624,2016,2021,4,2020
"HYDROPHI TECHNOLOGIES GROUP, INC.",1496741,2015,2015,1,2012
"HYGEA CO., LTD.",1469628,2025,2025,4,2012
Hygge Integrated Brands Corp.,1803284,2020,2020,2,2020
Hyliion Inc.,1759631,2016,2025,39,2019
"HYPERFINE, INC.",1833769,2019,2024,17,2021
"HYPERION DEFI, INC.",1682639,2015,2024,16,2017
"Hyperion Therapeutics, Inc.",1386858,2010,2023,3,2012
"HyperSolar, Inc.",1481028,2010,2010,2,2012
"HYPHA LABS, INC.",1502966,2024,2024,1,2012
HYRECAR LLC,1713832,2021,2021,3,2018
Hyzon Motors Inc.,1716583,2020,2023,17,2020
"I IN THE SKY, LLC",1590565,2022,2022,2,2014
"I3 VERTICALS, LLC",1728688,2016,2021,15,2018
"IAA, Incorporated",1745041,2014,2014,2,2019
"IBERE PHARMACEUTICALS, LLC",1835205,2021,2021,1,2021
"iBio, Inc",1420720,2019,2023,5,2012
"Icagen, Inc.",1518520,2016,2016,5,2012
"ICC HOLDINGS, LLC",1681903,2018,2018,9,2017
"Icosavax, Inc.",1786255,2021,2021,8,2021
ID Global Solutions Corporation,1534154,2015,2015,3,2013
"Ideal Power, Inc.",1507957,2008,2008,3,2013
"Ideaya Biosciences, Inc.",1676725,2023,2023,6,2019
"IDS Solar Technologies, Inc.",1533455,2012,2012,2,2012
"IF Bancorp, Inc.",1514743,2015,2015,1,2012
"IFAN Financial, Inc.",1538123,2015,2015,1,2012
"iFresh, Inc",1681941,2017,2021,5,2016
"IGM Biosciences, Inc.",1496323,2019,2023,13,2019
"Ignyta, Inc.",1557421,2012,2015,4,2013
"iHealthcare, Inc.",1634291,2016,2019,3,2015
IIM Global Corp,1534154,2014,2014,1,2013
"Ikena Oncology, Inc.",1835579,2023,2023,2,2021
"IMAC Holdings, Inc.",1729944,2022,2022,10,2019
"IMINE Co., Ltd.",1556801,2020,2020,4,2013
"Immix Biopharma, Inc.",1873835,2021,2024,10,2021
"Immudyne, Inc.",948320,2008,2016,17,2013
Immune Design,1437786,2014,2014,6,2014
Immunic AG,1280776,2021,2025,6,2014
"ImmunityBio, Inc.",1326110,2021,2026,169,2015
"Impel NeuroPharma, Inc.",1445499,2019,2019,1,2021
IMPEL PHARMACEUTICALS INC.,1445499,2016,2016,2,2021
"Imperva, Inc.",1364962,2009,2017,13,2012
"IN8bio, Inc.",1740279,2021,2022,6,2021
"Inari Medical, Inc.",1531048,2020,2025,35,2020
"Independence Contract Drilling, Inc.",1537028,2014,2015,7,2014
Indoor Harvest Corp.,1572565,2011,2011,2,2014
INEEDMD INC.,1571759,2011,2011,4,2013
Infinity Distribution Inc.,1646916,2015,2015,1,2017
Infinity Real Estate LLC,1534628,2018,2020,13,2012
"Infrastructure and Energy Alternatives, LLC",1652362,2012,2012,2,2016
"ING U.S., Inc.",1535929,2013,2013,1,2013
"Inhibikase Therapeutics, Inc.",1750149,2018,2025,8,2021
"INHIBITOR Therapeutics, Inc.",1042418,2025,2025,1,2013
InMed Pharmaceuticals Inc.,1728328,2020,2020,3,2021
"Inmune Bio, Inc.",1711754,2016,2021,7,2018
Innerscope Hearing Technologies,1609139,2021,2021,1,2016
"INNOCENT, LLC.",1421865,2024,2024,2,2013
INNOVATE CORP.,1006837,2014,2021,8,2012
INNOVATE BIOPHARMACEUTICALS INC.,1551986,2014,2014,1,2016
"INNOVATIVE EYEWEAR, INC.",1808377,2020,2021,8,2022
"Innovative Payment Solutions, Inc.",1591913,2021,2022,5,2014
"Innovative Solutions & Support, Inc.",836690,2011,2017,6,2012
Inotek Pharmaceuticals Corporation,1281895,2014,2014,1,2015
"Inovalon, Inc.",1619954,2013,2022,34,2015
"Inozyme Pharma, Inc.",1693011,2017,2025,5,2020
Inpixon,1529113,2018,2020,2,2014
Insight Molecular Diagnostics Inc.,1642380,2023,2025,15,2016
INSTIL BIO INC.,1789769,2020,2021,38,2021
Insynergy Products Inc.,1539850,2012,2014,2,2012
"INSYS Therapeutics, Inc.",1516479,2009,2010,4,2013
Intec Pharma Ltd.,1638381,2017,2017,3,2018
"Intellia Therapeutics, Inc.",1652130,2014,2025,22,2016
"Intercept Pharmaceuticals, Inc.",1270073,2014,2022,66,2012
International Media Acquisition Corp.,1846235,2021,2021,4,2021
International Tower Hill Mines Ltd.,1134115,2019,2019,6,2013
Intersect ENT Inc.,1271214,2015,2022,8,2014
"INTRA-CELLULAR THERAPIES, INC.",1567514,2017,2024,32,2013
"INTUITIVE MACHINES, LLC",1844452,2022,2022,4,2021
Invesco Real Estate Income Trust Inc.,1756761,2018,2018,1,2021
INVITAE CORPORATION,1501134,2011,2022,18,2015
"Invivyd, Inc.",1832038,2022,2023,12,2021
"INVO Bioscience, Inc.",1417926,2019,2021,14,2015
"IonQ, Inc.",1824920,2017,2026,36,2021
"Iota Communications, Inc.",1095130,2021,2021,4,2012
"IPSIDY, INC.",1534154,2015,2016,6,2013
iQSTEL Inc.,1527702,2022,2022,3,2012
IRADIMED CORPORATION,1325618,2013,2014,2,2014
"iSun Group, Inc",1634447,2017,2017,1,2016
"iTalk, Inc.",1373444,2013,2013,3,2012
"ITEOS THERAPEUTICS, INC",1808865,2020,2020,3,2020
ITERUM THERAPEUTICS PLC,1659323,2016,2016,2,2018
"IVERIC BIO, INC.",1410939,2012,2022,11,2013
IWALLET CORPORATION,1498372,2007,2015,9,2012
iWeb GmbH,1648365,2011,2012,14,2016
"J. Alexander's, LLC",1617227,2013,2020,23,2015
J.G. Wentworth LLC,1580185,2015,2023,10,2013
Jack Cooper,1655780,2019,2019,1,2016
JACKSON FINANCIAL GROUP LLC,1822993,2021,2021,2,2021
"Jade Biosciences, Inc.",1798749,2024,2024,1,2021
"Jaguar Animal Health, Inc.",1585608,2014,2014,3,2015
"JAGUAR HEALTH, INC.",1585608,2014,2020,9,2015
JAKROO,1675442,2014,2014,1,2017
"JANUX THERAPEUTICS, INC.",1817713,2021,2021,2,2021
Jasmin Group Limited,1680237,2019,2019,2,2017
"Jasper Therapeutics, Inc.",1788028,2023,2023,3,2020
JBG SMITH Properties LP,1689796,2017,2021,15,2017
JET.AI INC.,1861622,2025,2025,3,2022
JETBLACK LTD.,1213106,2015,2017,8,2012
Jewett Cameron Trading Company,885307,2021,2021,1,2012
"Jive Software, Inc.",1462633,2011,2017,20,2012
"JM Global Group, Inc",1641398,2024,2024,1,2016
JOINT,1612630,2012,2012,3,2014
"Jounce Therapeutics, Inc.",1640455,2014,2014,4,2017
JP Energy Partners LP,1523404,2014,2014,3,2014
"Juno Therapeutics, Inc.",1594864,2013,2026,72,2015
JV Company,1021917,2014,2014,1,2012
K12 Inc.,1157408,2007,2018,28,2012
"Kaiser Federal Financial Group, Inc.",1412109,2012,2012,1,2012
"Kaival Brands Innovations Group, Inc.",1762239,2021,2022,4,2019
"KALA BIO, INC.",1479419,2013,2013,2,2017
"Kala Pharmaceuticals, Inc.",1479419,2017,2021,14,2017
"Kalaris Therapeutics, Inc.",1754068,2024,2024,4,2020
"Kaleido Biosciences, Inc.",1751299,2016,2019,4,2019
Kalvista Pharmaceuticals Limited,1348911,2022,2025,27,2015
"Kannalife, Inc.",1615999,2019,2020,5,2016
KARAT PACKAGING INC.,1758021,2018,2020,3,2021
"Karuna Therapeutics, Inc.",1771917,2020,2026,27,2019
Karyopharm Therapeutics Inc.,1503802,2013,2021,27,2013
"KATAPULT GROUP, INC.",1785424,2018,2022,3,2020
KAYA HOLDING CORP.,1530746,2014,2021,10,2012
"KCG Holdings, Inc.",1569391,2013,2015,6,2013
"KemPharm, Inc.",1434647,2015,2019,34,2015
"Keros Therapeutics, Inc.",1664710,2020,2026,8,2020
"Kimball Electronics, Inc.",1606757,2019,2019,4,2015
"Kindred Biosciences, Inc.",1561743,2013,2019,42,2014
KINETIC HOLDING CORP.,1696195,2013,2016,12,2017
KINETIK HOLDINGS INC.,1692787,2017,2018,15,2017
Kingfish Inc.,1374881,2012,2013,4,2013
"Kiniksa Pharmaceuticals, GmbH",1730430,2025,2025,4,2018
"Kiniksa Pharmaceuticals International, plc",1730430,2025,2025,17,2018
Kinnate Biopharma Inc.,1797768,2020,2020,4,2021
"Kinsale Capital Group, Inc.",1669162,2025,2025,1,2016
"KIORA PHARMACEUTICALS, INC.",1372514,2021,2025,4,2015
"Kiromic Biopharma, Inc.",1792581,2020,2023,22,2020
Kisses From Italy Inc.,1608092,2016,2022,5,2018
"Kite Pharma, Inc.",1510580,2014,2025,213,2014
KLX Energy Services LLC,1738827,2023,2025,18,2018
"Knightscope, Inc.",1600983,2016,2023,34,2021
"Know Labs, Inc.",1074828,2018,2024,18,2012
"KnowBe4, Inc.",1664998,2017,2024,75,2021
"KNOWLES, LLC",1587523,2019,2019,2,2014
Kodiak Sciences Inc.,1468748,2015,2025,21,2018
"Kokos, Inc",1687065,2013,2013,1,2017
KONARED CORPORATION,1527355,2012,2018,3,2012
"Kontoor Brands, Inc.",1760965,2019,2019,2,2019
"Korro Bio, Inc.",1703647,2018,2026,20,2019
KORTH DIRECT MORTGAGE INC.,1695963,2019,2024,2,2017
"Krystal Biotech, Inc.",1711279,2021,2024,16,2017
"Kubient, Inc.",1729750,2020,2020,7,2020
"KULR Technology Group, Inc.",1662684,2025,2025,22,2016
"Kura Sushi USA, Inc.",1772177,2022,2023,14,2020
Kush Bottles Inc.,1604627,2015,2015,1,2015
"KushCo Holdings, Inc.",1604627,2018,2019,3,2015
"Kwikclick, LLC",1884164,2020,2021,4,2021
"Kymera Therapeutics, Inc.",1815442,2018,2025,19,2020
"Kyndryl, Inc.",1867072,2021,2024,31,2021
"Kythera Biopharmaceuticals, Inc.",1436304,2009,2014,46,2012
"L3 Group, LLC",1537118,2011,2013,11,2012
"Labor Smart, Inc.",1522469,2012,2015,3,2012
Labstyle Innovations Ltd.,1533998,2013,2015,8,2013
"Lagoon Corporation, Inc.",1595140,2015,2015,6,2014
"LAIRD SUPERFOOD, INC.",1650696,2015,2021,14,2020
Landmark Infrastructure Partners LP,1615346,2015,2016,2,2015
"Landos Biopharma, Inc.",1785345,2020,2023,5,2021
LANDSEA HOMES CORPORATION,1721386,2017,2021,7,2018
Lantern Pharma Inc.,1763950,2019,2026,10,2020
"LAREDO PETROLEUM, INC.",1528129,2012,2012,6,2012
"Larimar Therapeutics, Inc.",1374690,2024,2024,5,2014
Lash Inc Ltd,1530425,2022,2022,2,2012
Latch Group Pty Ltd,1826000,2019,2019,1,2021
LEADER CAPITAL HOLDINGS CORP.,1715433,2020,2020,4,2018
"LEAP THERAPEUTICS, INC.",1509745,2015,2015,1,2017
LEATT CORPORATION,1456189,2014,2025,20,2012
"LED Lighting, LLC",1502659,2018,2018,2,2013
Legacy Reserves Inc.,1735828,2022,2022,5,2018
"Lemonade, Inc.",1691421,2015,2018,9,2020
"Lenz Therapeutics, Inc.",1815776,2022,2025,15,2021
"Leonardo DRS, Inc.",1833756,2017,2025,9,2021
"Lepota, LLC",1617351,2018,2018,1,2016
LGBTQ Loyalty Holdings Inc.,1510247,2019,2019,3,2012
"LGI Homes, Inc.",1580670,2014,2021,11,2013
Li-ion Motors Corp.,1141263,2010,2011,2,2012
"Liberated Syndication, Inc.",1667489,2022,2023,5,2016
"Life Clips, Inc.",1604930,2016,2016,1,2015
"LIFE ON EARTH, INC.",1579010,2009,2017,5,2014
"Life Time, Inc.",1869198,2017,2024,107,2021
"LifeLock, Inc.",1383871,2008,2015,30,2012
Lifelogger Technologies Corp.,1567771,2013,2015,2,2013
"LifeMD, Inc.",948320,2026,2026,5,2013
LifeVantage Corporation,849146,2007,2024,54,2012
LIFEWARD LTD,1607962,2024,2024,4,2015
"Lightning eMotors, Inc.",1802749,2022,2023,28,2020
Limitless Projects Inc.,1842167,2021,2022,8,2022
LIMITLESS X LLC,1803977,2025,2025,2,2020
"Lincolnway Energy, LLC",1350420,2014,2020,8,2012
Lindsay Corporation,836157,2007,2023,59,2012
"LINKBANCORP, Inc.",1756701,2022,2022,2,2021
"Liquidity Services, Inc.",1235468,2014,2025,18,2012
"Lite Strategy, Inc.",1262104,2025,2025,6,2012
"Lithium Exploration group, Inc.",1375576,2011,2011,1,2012
Live Fit Inc,1610457,2016,2016,1,2015
"Live Oak Bancshares, Inc.",1462120,2015,2022,10,2015
"LIVEONE, INC.",1491419,2010,2023,9,2012
"LiveXLive Media, Inc.",1491419,2017,2021,29,2012
"Livongo Health, Inc.",1639225,2014,2019,11,2019
"LM  FUNDING  AMERICA,  INC.",1640384,2015,2022,6,2015
"LogicBio Therapeutics, Inc.",1664106,2016,2021,9,2018
"LogicMark, Inc.",1566826,2022,2026,24,2013
Long Island Iced Tea Corp.,1629261,2015,2015,3,2015
"Longboard Pharmaceuticals, Inc.",1832168,2024,2025,97,2021
Longevity Health Corp.,1842939,2018,2023,3,2021
LONGFIN CORP.,1699683,2017,2017,2,2017
"Loop Media, Inc.",1643988,2017,2021,12,2016
Lordstown Motors Corp.,1759546,2019,2021,7,2019
"Love International, Inc.",1605780,2010,2011,6,2014
"Loxo Oncology, Inc.",1581720,2016,2017,12,2014
Loyalty Ventures Inc.,1870997,2021,2021,18,2021
LTX-Credence Corporation,357020,2010,2010,3,2012
Lucent LLC,1726079,2023,2025,5,2018
Lucid Corp.,752902,2023,2024,10,2012
Lucid Diagnostics Inc.,1799011,2021,2025,14,2021
"Lucira Health, Inc.",1652724,2019,2019,3,2021
Luckwel Pharmaceuticals Inc.,1567098,2020,2021,6,2014
"Lulu's Fashion Lounge, LLC",1780201,2018,2026,12,2021
Luther Burbank Corporation,1475348,2016,2016,7,2018
"Lyell Immunopharma, Inc.",1806952,2018,2021,24,2021
"LYRA THERAPEUTICS, INC.",1327273,2020,2024,2,2020
LYYNKS INC.,1200528,2012,2012,4,2012
"M/A-COM Technology Solutions Holdings, Inc",1493594,2014,2014,1,2012
M&A,1629665,2020,2020,3,2015
M2i Global LLC,1753373,2023,2023,5,2019
"MacroGenics, Inc.",1125345,2010,2021,42,2013
"Magenta Therapeutics, Inc.",1690585,2016,2022,5,2018
"Magnachip Semiconductor, Ltd.",1325702,2019,2022,13,2012
"MAGNITE, INC.",1595974,2009,2020,19,2014
Magnolia Oil & Gas Corporation,1698990,2018,2018,2,2017
"Maia Biotechnology, Inc.",1878313,2022,2022,1,2022
Mainstream Entertainment Group Inc.,1454725,2012,2025,5,2012
"Major League Football, Inc.",1308569,2016,2016,40,2012
MamaMancini's Inc.,1520358,2013,2022,5,2012
"MANDIANT, INC.",1370880,2010,2016,3,2013
"Maptelligent, Inc.",1697935,2020,2022,3,2017
"MARA HOLDINGS, INC.",1507605,2013,2024,30,2012
"Marathon Digital Holdings, Inc.",1507605,2021,2021,6,2012
"Marathon Patent Group, Inc.",1507605,2013,2015,15,2012
"Marinus Pharmaceuticals, Inc.",1267813,2020,2023,11,2014
Mariposa Health Inc.,1612253,2020,2020,1,2015
"Marketo, Inc.",1490660,2009,2017,8,2013
"MARKETWISE, LLC",1805651,2021,2021,12,2020
"Markforged, Inc.",1816613,2017,2024,23,2021
MARLBOROUGH SOFTWARE DEVELOPMENT HOLDINGS INC.,1534463,2008,2011,8,2012
"MARQUIE, LLC",1434601,2008,2009,6,2012
"Marrone Bio Innovations, Inc.",1441693,2009,2022,56,2013
"Mary Jane's CBD Dispensary, Inc.",1751882,2019,2019,2,2018
MaryJane LLC,1554225,2022,2022,1,2013
"MassRoots, Inc.",1589149,2014,2018,6,2014
"MATINAS BIOPHARMA HOLDINGS, INC.",1582554,2020,2020,2,2014
Mawson Infrastructure Group Inc.,1218683,2021,2021,2,2012
Maxar Technologies Holdings Inc.,1121142,2018,2025,35,2018
"MaxPoint Interactive, Inc.",1611231,2011,2017,11,2015
"MCBC, LLC",1638290,2017,2018,8,2017
"mCig, Inc.",1525852,2015,2017,8,2012
MCTC Holdings Inc.,1413488,2019,2019,3,2012
MCX Technologies,1535079,2022,2022,1,2012
"MEDBOX, INC.",1547996,2012,2012,1,2014
"Medical Alarm Concepts, LLC",1443089,2008,2009,7,2012
"Foundation Medicine, Inc.",1488613,2011,2026,83,2013
"Medicine Man Technologies, Inc.",1622879,2020,2024,70,2015
"Medifirst Solutions, Inc.",1522704,2011,2014,4,2012
"MediXall Group, Inc.",1601280,2019,2019,4,2014
"Medley, Inc.",1536577,2016,2023,8,2016
Medovex Corp.,1591165,2014,2019,28,2015
"Medpace, Inc.",1668397,2014,2022,18,2016
MEI Pharma Inc.,1262104,2012,2023,4,2012
MeiraGTx Limited,1735438,2017,2025,8,2018
Membership Collective Group Limited,1846510,2021,2021,12,2021
Memorial Resource Development Corp.,1599222,2012,2014,6,2014
MENLO THERAPEUTICS INC.,1566044,2016,2018,8,2017
"Mentor Capital, Inc.",1599117,2015,2015,1,2014
"MERION, INC.",1517498,2018,2018,2,2013
"Metacrine, Inc.",1634379,2015,2022,4,2020
Metaldyne Performance Group Inc.,1616817,2015,2016,13,2015
"Metavesco, Inc.",924095,2023,2025,3,2017
METAVIA INC.,1638287,2024,2024,4,2016
"Metwood, Inc.",32567,2024,2024,10,2012
"Microvast, Inc.",1760689,2025,2025,2,2019
Migom Global Corp.,1697412,2020,2020,1,2017
"Millendo Therapeutics, Inc.",1544227,2015,2016,2,2012
"Millennial Media, Inc.",1372375,2007,2011,5,2012
"Minerva Neurosciences, Inc.",1598646,2014,2023,9,2014
"MINK THERAPEUTICS, INC.",1840229,2021,2021,4,2021
Mirage Capital Group LLC,1527666,2016,2016,1,2012
"miRagen Therapeutics, Inc.",1590750,2009,2017,2,2014
"Mirati Therapeutics, Inc.",1576263,2014,2023,53,2013
"Mirum Pharmaceuticals, Inc.",1759425,2019,2025,31,2019
"MISTRAS Group, Inc.",1436126,2010,2021,40,2012
"ML Capital Group, Inc.",1527698,2015,2015,2,2013
MMEX Resources Corporation,1440799,2018,2018,2,2012
"Mobile Global Esports, Inc.",1886362,2022,2022,4,2022
MOBILE INFRASTRUCTURE CORPORATION,1847874,2021,2021,4,2022
"MOBILEIRON, INC.",1470099,2009,2011,3,2014
"Mobix Labs, Inc.",1855467,2020,2021,7,2022
"MODIV, LLC",1645873,2014,2022,11,2016
"Modular Medical, Inc.",1074871,2021,2025,4,2012
Moelis & Company Group LP,1596967,2015,2023,6,2014
Mohawk Group Inc.,1757715,2016,2016,5,2019
"Moleculin Biotech, Inc.",1659617,2020,2020,4,2016
"Molekule Group, Inc.",1872356,2025,2026,12,2021
"MOMENTOUS ENTERTAINMENT GROUP, INC.",1602381,2015,2018,6,2014
"Moms Online, Inc.",1619174,2017,2017,1,2016
"MONARCH AMERICA, INC.",1531433,2015,2015,3,2012
"Monetiva, Inc.",1681309,2018,2018,1,2017
Moneylion Inc.,1807846,2016,2019,7,2021
"MONOGRAM RESIDENTIAL TRUST, INC.",1384710,2013,2014,9,2013
"Monster Offers, Inc.",1423746,2012,2012,1,2012
"Montauk Renewables, Inc.",1826600,2022,2022,6,2021
"Monte Rosa Therapeutics, Inc.",1826457,2021,2021,6,2021
"Montrose Environmental Group, Inc.",1643615,2020,2026,34,2020
MoonLake Immunotherapeutics AG,1821586,2023,2025,9,2021
"MORPHIC, INC.",1679363,2024,2024,2,2019
"Motivating The Masses, Inc.",1107796,2012,2014,7,2013
Motorsport Games Inc.,1821175,2020,2021,6,2020
Motos America Inc.,1409175,2023,2023,11,2012
"Motus GI, Inc.",1686850,2015,2017,3,2018
Movano Inc.,1734750,2019,2022,15,2021
MOXIAN LLC,1532158,2021,2021,1,2012
MR. COOPER GROUP INC.,933136,2018,2018,1,2012
"MRI INTERVENTIONS, INC.",1285550,2009,2009,1,2012
"MSP Recovery, LLC",1802450,2022,2024,35,2020
"MTBC, LLC",1582982,2019,2019,2,2014
MU Global Co. Ltd.,1746119,2021,2021,1,2019
"MultiSensor AI Holdings, Inc.",1863990,2025,2025,14,2022
"Muscle Maker, Inc.",1701756,2023,2023,2,2017
MUSIC OF YOUR LIFE INC,1434601,2011,2014,4,2012
"Mustang Bio, Inc.",1680048,2015,2023,3,2016
Mycotopia Therapies Inc.,1763329,2021,2021,1,2019
MyECheck Inc.,1619558,2014,2014,3,2015
"MYMD PHARMACEUTICALS, INC.",1321834,2015,2021,3,2014
"MyoKardia, Inc.",1552451,2014,2025,43,2015
Myovant Sciences GmbH,1679082,2018,2019,18,2016
"mySkin, Inc.",1436161,2010,2018,29,2012
Naked Brand Group Inc.,1383097,2014,2016,10,2013
NAMI,1567388,2008,2016,15,2013
Nano Labs Ltd.,1497572,2022,2022,1,2012
"Nano Mobile Healthcare, Inc.",1497130,2015,2015,2,2012
Nanoflex Power Corporation,1571636,2017,2023,22,2013
"NanoString Technologies, Inc.",1401708,2015,2018,12,2013
Nanoviricides Inc.,1379006,2007,2007,2,2012
"NANTKWEST, INC.",1326110,2014,2015,38,2015
"Natera, Inc.",1604821,2011,2026,100,2015
National Art Exchange,1619870,2016,2016,1,2015
National Bank Holdings Corporation,1475841,2012,2025,21,2012
"National Commerce Group, Inc.",1609951,2021,2021,2,2014
National Energy Services Reunited,1698514,2025,2025,4,2017
"National General Holdings, Corp.",1578735,2013,2024,44,2014
National Storage Affiliates Trust,1618563,2014,2014,2,2015
"Nauticus Robotics Holdings, Inc.",1849820,2022,2024,4,2021
"Nautilus Biotechnology, Inc.",1808805,2022,2026,33,2021
Navitas Semiconductor Limited,1821769,2020,2025,14,2020
"nDivision, Inc.",1659183,2015,2021,3,2016
"NEFF, LLC",1617667,2013,2015,15,2014
"NEOLEUKIN THERAPEUTICS, INC.",1404644,2019,2019,3,2014
"Neon Therapeutics, Inc.",1694187,2016,2019,7,2018
"Neos Therapeutics, Inc.",1467652,2012,2020,17,2015
"NEOTHETICS, INC.",1618835,2014,2014,1,2015
"NEOVOLTA, INC.",1748137,2018,2019,3,2022
Neptune Wellness Solutions Inc.,1401395,2018,2021,97,2021
"NESCO, LLC",1709682,2017,2017,6,2018
Neurogene Inc.,1404644,2020,2020,3,2014
"Neuropathix, Inc.",1615999,2021,2021,16,2016
Nevro Corp.,1444380,2009,2025,83,2014
New Age Beverages Corporation,1579823,2017,2020,13,2014
"New Energy Technologies, Inc.",1071840,2010,2013,7,2012
New Fortress Energy Inc.,1749723,2022,2022,5,2019
New Senior Investment Group Inc.,1610114,2014,2014,2,2014
"NewAge, Inc.",1579823,2020,2020,1,2014
"NEXALIN TECHNOLOGY, INC.",1527352,2017,2026,19,2022
"NEXGEL, Inc.",1468929,2019,2023,10,2019
"Nexien BioPharma, Inc.",1625288,2019,2019,2,2015
Next Galaxy Corp,1466739,2014,2014,2,2012
"NEXT MEATS CO., LTD.",1811530,2020,2021,4,2021
NEXT TECHNOLOGY CO. LTD,1784970,2021,2021,3,2019
"NextCure, Inc.",1661059,2019,2019,7,2019
Nextpower LLC,1852131,2026,2026,13,2022
Nextracker LLC,1852131,2022,2025,17,2022
NEXTSOURCE MATERIALS INC.,1302084,2017,2017,2,2012
Nexus Enterprise Solutions,1561781,2013,2013,1,2013
NFT Gaming,1895618,2021,2021,1,2022
Nfusz Inc,1566610,2019,2019,1,2013
"NGM Biopharmaceuticals, Inc.",1426332,2015,2022,22,2019
Nhale Inc.,1552979,2014,2014,2,2013
NI Corporation,1681206,2019,2019,1,2016
"Nicolet Bankshares, Inc.",1174850,2016,2019,4,2013
"Nightfood Holdings, Inc.",1593001,2025,2026,5,2014
"NIGHTHAWK BIOSCIENCES, INC.",1476963,2020,2020,2,2013
Nikola Corporation,1731289,2015,2024,48,2018
"Nimble Storage, Inc.",1452751,2013,2016,3,2014
"NIVALIS THERAPEUTICS, INC.",1626199,2015,2015,2,2015
"Nkarta, Inc.",1787400,2016,2024,8,2020
"NKGEN BIOTECH, INC.",1845459,2017,2022,9,2021
Nobilis Health Corp.,1409916,2016,2017,10,2014
"NOHO, Inc.",1535469,2017,2017,1,2012
"Nortek, Inc.",1216596,2015,2015,38,2012
Northern Tier Energy LLC,1536047,2012,2012,2,2012
"Notable Labs, Inc.",1603207,2024,2024,4,2022
"Notes Co., Ltd.",1703975,2015,2022,18,2017
"NOTIS GLOBAL, INC.",1547996,2015,2015,2,2014
Novagold Resources Inc.,1173420,2013,2013,4,2013
Novocure GmbH,1645113,2019,2026,43,2015
"Novume Solutions, Inc.",1697851,2017,2017,3,2017
"Novus Therapeutics, Inc.",1404281,2017,2017,4,2014
NRx Pharmaceuticals,1719406,2025,2025,1,2018
Nugenerex Immuno-Oncology,1804585,2020,2020,2,2020
NuLife Sciences Inc,1592603,2024,2024,1,2014
"Nurix Therapeutics, Inc.",1549595,2019,2025,16,2020
Nutrafuels,1563463,2010,2012,6,2013
"NUTRALIFE BIOSCIENCES, INC.",1563463,2019,2019,2,2013
"Nutriband, Inc.",1676047,2016,2024,7,2016
"Nuvalent, Inc.",1861560,2020,2026,32,2021
NUVATION BIO INC.,1811063,2019,2023,17,2021
NUVECTRA CORPORATION,1648893,2012,2017,20,2016
NUVVE CORPORATION,1836875,2022,2022,10,2021
"NUWELLIS, INC.",1506492,2012,2021,10,2012
"NUZEE, INC.",1527613,2011,2021,30,2012
"NV5,INC",1532961,2011,2012,3,2013
"NV5 Global, Inc",1532961,2022,2022,11,2013
"NXT-ID, Inc.",1566826,2013,2013,4,2013
"O'Donnell Strategic Industrial REIT, Inc.",1503993,2011,2011,1,2012
"Obalon Therapeutics, Inc.",1427570,2014,2019,7,2016
"Ocean Power Technologies, Inc.",1378140,2009,2025,24,2012
"Ocular Therapeutix, Inc.",1393434,2010,2023,15,2014
"Odonate Therapeutics, Inc.",1717452,2021,2021,3,2018
ODYSIGHT.AI LTD,1577445,2023,2024,11,2013
"Oklo, Inc.",1849056,2020,2023,16,2021
"Olema Pharmaceuticals, Inc.",1750284,2020,2020,12,2021
Olivia LLC,1568139,2018,2018,2,2013
Olo Inc.,1431695,2021,2024,30,2021
OM Asset Management plc,1611702,2016,2017,2,2014
"Omega Therapeutics, Inc.",1850838,2019,2024,19,2021
"OMNIAB, INC.",1846253,2016,2024,41,2021
"Oncobiologics, Inc.",1649989,2014,2014,2,2016
OncoCyte Corporation,1642380,2015,2019,34,2016
"ONCONETIX, INC.",1782107,2021,2023,8,2022
"Oncorus, Inc.",1671818,2015,2019,2,2020
OncoSec Medical Incorporated,1444307,2011,2023,10,2012
"Ondas, LLC",1646188,2015,2015,1,2016
"ONE Gas, Inc.",1587732,2013,2014,3,2014
One Madison Group LLC,1712463,2018,2018,1,2018
"One World Pharma, Inc.",1622244,2019,2019,3,2015
OneSpaWorld LLC,1758488,2019,2019,1,2019
ONFOLIO LLC,1825452,2021,2021,1,2022
"Ooma, Inc.",1327688,2012,2026,24,2015
OP Bancorp,1722010,2025,2026,5,2018
"Opal Fuels, LLC",1842279,2021,2021,8,2021
Openlocker Inc.,924396,2021,2021,1,2021
Ophthotech Corporation,1410939,2016,2016,13,2013
"Opiant Pharmaceuticals, Inc.",1385508,2017,2022,8,2012
"OPOWER, INC.",1412043,2009,2015,8,2014
"OPTEC International, Inc.",1557340,2020,2020,1,2015
"Optex Systems, Inc.",1397016,2010,2025,5,2012
"Opti-Harvest, Inc.",1753945,2017,2026,16,2022
"OptiLeaf, Inc.",1628228,2014,2014,3,2015
"Optimus Healthcare Services, Inc.",1892025,2021,2022,2,2022
OPTINOSE INC.,1494650,2014,2019,11,2017
"Orchestra BioMed, Inc.",1814114,2019,2022,7,2021
"Organicell Regenerative Medicine, Inc.",1557376,2020,2023,5,2012
"Organovo, Inc",1497253,2012,2013,36,2012
"ORIC Pharmaceuticals, Inc.",1796280,2020,2022,3,2020
"Origin Bancorp, Inc.",1516912,2016,2022,4,2018
Orion Properties Inc.,1873923,2025,2025,2,2021
OSL HOLDINGS INC.,1329957,2015,2015,1,2012
"Osler, Inc.",1403433,2024,2024,1,2012
"OSR, Inc.",1840425,2019,2019,2,2022
"Otonomy, Inc.",1493566,2011,2017,8,2014
"Ouster, Inc.",1816581,2016,2022,15,2021
Outfront Media LLC,1579877,2014,2025,24,2014
"Outlook Therapeutics, Inc.",1649989,2020,2023,14,2016
"Outset Medical, Inc.",1484612,2016,2021,15,2020
"Ovascience, Inc.",1544227,2012,2015,6,2012
Ovid Therapeutics Inc.,1636651,2014,2021,17,2017
"Oxygen Biotherapeutics, Inc.",34956,2009,2011,27,2012
"Oyster Point Pharma, Inc.",1720725,2019,2025,17,2019
OZOP Surgical AG,1679817,2016,2017,4,2017
"P10 Holdings, Inc.",1841968,2020,2020,2,2021
Pacific Green Technologies Inc.,1553404,2017,2025,50,2012
"Pacific Metals Group, LLC",1545312,2007,2017,3,2012
Pactiv Evergreen Inc.,1527508,2020,2020,33,2020
Palladyne AI Corp.,1826681,2024,2025,6,2021
Palmer Square Capital BDC Inc.,1794776,2023,2023,2,2022
"PALOMAR HOLDINGS, INC.",1761312,2019,2021,6,2019
"Palvella Therapeutics, Inc.",1583648,2018,2025,7,2014
"Panacea Life Sciences, Inc.",1552189,2020,2020,12,2015
"Panbela Therapeutics, Inc.",1029125,2024,2024,2,2012
"Pandion Therapeutics, Inc.",1807901,2017,2020,5,2020
PARAGON OFFSHORE PLC,1594590,2014,2014,4,2014
Paramount Holding Group Inc.,1605607,2013,2018,31,2015
Paramount Gold & Silver Corp.,1342854,2007,2007,1,2012
"Pardes Biosciences, Inc.",1822711,2022,2022,2,2021
Parkway Acquisition Corp.,1657642,2022,2022,2,2016
PARTNERS BANCORP,832090,2020,2022,6,2019
Pasithea Therapeutics Corp.,1841330,2021,2021,2,2021
"Passage Bio, Inc.",1787297,2020,2020,3,2020
PATTERN ENERGY GROUP LP,1561660,2009,2025,18,2013
PAVmed Inc.,1624326,2015,2026,39,2016
"PAYA, INC.",1819881,2017,2020,14,2021
Paymentus Corporation,1841156,2016,2026,80,2021
"Pazoo, Inc.",1533427,2012,2013,5,2012
"PEAK BIO, INC.",1834645,2022,2022,2,2021
"Peck, Inc.",1634447,2017,2017,3,2016
"Peloton Interactive, Inc.",1639825,2015,2025,76,2020
"PENNS WOODS BANCORP, INC.",716605,2018,2018,1,2018
"Penntex Midstream Partners, LLC",1617798,2015,2015,3,2015
People's Utah Bancorp,1636286,2014,2017,5,2015
PERFORMANT FINANCIAL CORPORATION,1550695,2012,2012,3,2012
PERSEON CORPORATION,320174,2015,2015,2,2012
"Personalis, Inc.",1527753,2014,2026,70,2019
"Perspective Therapeutics, Inc.",728387,2023,2025,5,2012
"PetIQ, LLC",1668673,2019,2026,32,2017
"PETLIFE PHARMACEUTICALS, INC.",1354591,2017,2017,1,2013
Petrichor Holdings LLC,1604082,2024,2024,2,2015
Petrogas Group Limited,1609258,2021,2025,21,2014
"Petroteq Energy, Inc.",1561180,2017,2018,3,2019
"PF Hospitality Group, Inc.",1343465,2015,2016,2,2015
Pfenex Inc.,1478121,2017,2020,4,2014
"PharmaCyte Biotech, Inc.",1157075,2016,2016,1,2012
Pharmagreen Biotech Inc.,1435181,2023,2023,1,2019
"PhaseBio Pharmaceuticals, Inc.",1169245,2018,2020,3,2018
"PHATHOM PHARMACEUTICALS, INC.",1783183,2019,2025,9,2019
PHIO PHARMACEUTICALS CORP.,1533040,2009,2023,11,2012
"PHOENIX MOTOR, INC.",1879848,2017,2020,3,2022
PHYSICIANS REALTY TRUST,1574540,2014,2015,7,2013
Piedmont Lithium Inc.,1728205,2022,2022,10,2021
Pierre Incorporated,1652958,2022,2022,1,2015
Pike LLC,1317577,2023,2023,4,2012
"Pineapple Express, Inc.",1654672,2016,2016,5,2018
PJT PARTNERS HOLDINGS LP,1626115,2015,2024,9,2015
PLANDAI BIOTECHNOLOGY INC.,1317880,2012,2012,2,2012
Planet Labs PBC,1836833,2021,2025,35,2021
"Pliant Therapeutics, Inc.",1746473,2015,2015,2,2020
"Pluralsight, LLC",1725579,2016,2019,5,2018
Pluri Inc.,1158780,2016,2016,1,2012
"PMV Pharmaceuticals, Inc.",1699382,2025,2025,2,2020
Pocket Games Ltd.,1591157,2011,2012,3,2014
POINT.360,1398797,2009,2012,13,2012
"Point Capital, LLC",1514183,2024,2024,1,2012
Pontem,1830392,2018,2019,2,2021
"Population Health Investment Co., Inc.",1825724,2020,2020,1,2021
"PORCH, Inc.",1784535,2018,2023,2,2020
"Portola Pharmaceuticals, Inc.",1269021,2014,2019,25,2013
"Poseida Therapeutics, Inc.",1661460,2018,2021,12,2020
"Positive Physicians Holdings, Inc.",1752039,2025,2026,5,2019
"Foundation Post, Inc.",1530950,2007,2007,7,2012
"PostAds, Inc.",1655971,2016,2016,1,2016
"Postal Realty Trust, Inc.",1759774,2021,2021,2,2019
PowerComm Holdings LLC,1634424,2016,2016,1,2016
Powerstorm,1558294,2011,2011,5,2013
"Praxis Precision Medicines, Inc.",1689548,2021,2025,33,2020
"Precision BioSciences, Inc.",1357874,2016,2021,22,2019
Prelude Therapeutics Incorporated,1678660,2019,2019,2,2020
Premier Air Charter LLC,1570937,2022,2024,4,2013
"PREMIER BRANDS, LLC",1502777,2009,2016,31,2012
Presto Automation Inc.,1822145,2022,2022,2,2020
"Presurance Holdings, Inc.",1502292,2025,2025,2,2015
"Prevail Therapeutics, Inc.",1714798,2018,2018,1,2019
Principia Biopharma Inc.,1510487,2014,2026,61,2018
"PRIVACY AND VALUE, INC.",1860173,2021,2021,1,2021
"Privia Health, LLC",1759655,2019,2021,11,2021
Probility Media Corp.,1530981,2017,2017,1,2013
Professional Holding Corp.,1630856,2021,2021,2,2020
Profit Planners Management,1468164,2014,2014,2,2012
ProFrac Holding Corp.,1881487,2022,2022,36,2022
"PROG Holdings Foundation, Inc.",1808834,2023,2023,2,2020
"Progenity, Inc.",1580063,2015,2020,16,2020
"ProGreen Properties, Inc.",1079297,2010,2010,3,2012
"ProLung, Inc.",1541884,2020,2022,8,2013
"Prometheus Biosciences, Inc.",1718852,2021,2022,24,2021
"PRONTO GROUP, LLC",1542013,2021,2021,14,2012
"ProSight Global, Inc.",1634038,2015,2021,13,2019
"Protagonist Therapeutics, Inc.",1377121,2018,2023,17,2016
"Protara Therapeutics, Inc.",1359931,2021,2025,8,2014
"Proteon Therapeutics, Inc.",1359931,2016,2016,3,2014
"Proteostasis Therapeutics, Inc.",1445283,2012,2019,18,2016
Prothena Corporation plc,1559053,2014,2014,6,2013
"Proto Labs, Inc.",1443669,2008,2026,39,2012
"Provention Bio, Inc.",1695357,2020,2023,13,2018
Provision Inc.,1335493,2012,2012,3,2014
PSB,1293211,2008,2008,3,2012
"PSM Holdings, LLC",1362180,2016,2024,8,2012
"PSQ Holdings, Inc.",1847064,2021,2025,19,2021
"PTC Therapeutics, Inc.",1070081,2008,2026,71,2013
"Puget Technologies, Inc.",1540615,2014,2014,2,2012
"Pulse Biosciences, Inc.",1625101,2016,2025,21,2016
"Pura Naturals, Inc.",1501257,2015,2018,39,2013
"Pure Storage, Inc.",1474432,2010,2026,52,2015
Purebase Corporation,1575858,2016,2024,9,2013
"PureCycle Technologies, Inc.",1830033,2021,2025,9,2021
"Purple Innovation, LLC",1643953,2011,2026,192,2016
"Pyxis Oncology, Inc.",1782223,2022,2022,1,2021
Q32 Bio Inc.,1661998,2020,2020,4,2018
"QEP Midstream Partners, LP",1576044,2013,2013,14,2014
Qrons Inc.,1689084,2017,2019,5,2017
"QTS Realty Trust, LLC",1577368,2016,2025,10,2013
Quantenna Communications Inc.,1370702,2015,2015,6,2017
"Quantum Computing, Inc.",1758009,2022,2022,2,2018
Quantum Materials Corp.,1403570,2015,2020,9,2012
Quest Resource Holding Corporation,1442236,2013,2013,2,2012
QUIDELORTHO CORPORATION,1906324,2022,2022,10,2022
"QUINCE THERAPEUTICS, INC.",1662774,2015,2024,9,2019
Quintiles IMS Incorporated,1478242,2014,2014,5,2013
"Quoin Pharmaceuticals, Inc.",1671502,2021,2024,8,2022
"Quorum Group, LLC",1557565,2011,2011,6,2013
"Ra Medical Systems, Inc.",1716621,2018,2018,3,2018
"Ra Pharmaceuticals, Inc.",1481512,2016,2020,10,2016
"Radius Global Infrastructure, Inc.",1810739,2022,2022,8,2020
RAFINA INNOVATIONS INC.,1402737,2018,2018,1,2012
RAIN ONCOLOGY INC.,1724979,2017,2022,6,2021
"Rallybio, LLC",1739410,2018,2024,3,2021
"Randolph Bancorp, Inc.",1667161,2017,2017,2,2016
"Ranger Energy Services, LLC",1699039,2015,2022,10,2017
"RANGERS SUB I, LLC",1715629,2015,2021,4,2017
"Raphael Pharmaceutical, Inc.",1415397,2025,2025,1,2021
"Rapid Fire Marketing, Inc.",859917,2012,2013,4,2013
"Rapid Micro Biosystems, Inc.",1380106,2018,2018,4,2021
"Rapid7, Inc.",1560327,2023,2025,20,2015
"RAPT THERAPEUTICS, INC.",1673772,2016,2019,23,2019
Rasna Therapeutics Limited,1582249,2015,2015,3,2014
"Rave Restaurant Group, Inc.",718332,2015,2015,2,2012
Rayonier Advanced Materials Inc.,1597672,2017,2022,15,2014
Raystream GmbH,1489744,2011,2011,2,2012
RB Global LLC,1046102,2020,2020,2,2015
RBB Bancorp,1499422,2024,2024,2,2017
"RC-1, Inc.",1665598,2022,2022,1,2016
RCS Capital Corporation,1568832,2013,2014,2,2013
Ready Capital Corporation,1527590,2023,2023,12,2016
Real Brands LLC,1084133,2021,2024,7,2021
"Reata Pharmaceuticals, Inc.",1358762,2015,2023,18,2016
"Recall Studios, Inc.",1484769,2016,2018,9,2012
RECEPTOS LLC,1463729,2016,2019,2,2013
"Recro Pharma, Inc.",1588972,2014,2018,7,2014
"Recursion Pharmaceuticals, Inc.",1601830,2017,2024,47,2021
"Red Violet, Inc.",1720116,2017,2021,7,2018
"REDBOX ENTERTAINMENT, LLC",1820201,2019,2019,4,2021
"Redwire Holdings, LLC",1819810,2022,2022,36,2021
REGEN BIOPHARMA INC.,1589150,2012,2013,2,2014
REGENXBIO Inc.,1590877,2014,2025,24,2015
Regional Management Corp.,1519401,2016,2017,13,2012
Regulus Therapeutics Inc.,1505512,2009,2022,14,2012
"Rekor Systems, Inc.",1697851,2019,2025,29,2017
"Relay Therapeutics, Inc.",1812364,2018,2026,17,2020
"Reliabrand, Inc.",1406243,2011,2013,5,2012
"Reliance Global Group, Inc",1812727,2021,2021,6,2020
"Relmada Therapeutics, Inc.",1553643,2011,2022,8,2013
"Relypsa, Inc.",1416792,2013,2014,8,2014
"Remy International, Inc.",1046859,2009,2012,6,2012
"Reneo Pharmaceuticals, Inc.",1637715,2018,2023,4,2021
Renewable Fuel Corp,1455768,2007,2007,6,2012
"Renovacor, Inc.",1799850,2021,2021,2,2020
"REPARE THERAPEUTICS, INC.",1808158,2019,2022,2,2020
"Repay Holdings, LLC",1720592,2022,2025,4,2018
Replimune Limited,1737953,2017,2025,24,2018
"Repositrak, Inc.",50471,2021,2026,6,2012
Reraise Gaming Corp.,1592411,2014,2014,2,2015
"Research Solutions, Inc.",1386301,2013,2024,17,2012
"Resideo Technologies, Inc.",1740332,2018,2018,1,2018
Resonant Inc.,1579910,2013,2021,13,2014
"Resonate Blends, LLC",897078,2018,2019,3,2014
Restaurant Brands International Inc.,1618756,2019,2019,1,2014
"resTORbio, Inc.",1720580,2019,2019,1,2018
RETAIL VALUE INC.,1735184,2018,2018,9,2019
"RetailMeNot, Inc.",1475274,2012,2021,24,2013
Retinalgenix Technologies Inc.,1836295,2023,2023,7,2021
"Revelation Biosciences, Inc.",1810560,2021,2021,6,2020
REVIV3 PROCARE COMPANY,1718500,2013,2019,3,2018
"Revolution Medicines, Inc.",1628171,2015,2026,110,2020
"Rexford Industrial Realty, Inc.",1571283,2015,2024,5,2014
"Rezolute, Inc.",1509261,2017,2025,15,2012
RH SAS,1528849,2009,2009,3,2012
"Rhythm Pharmaceuticals, Inc.",1649904,2016,2025,47,2017
"Rich Cigars, Inc.",1582962,2015,2015,5,2016
"RIDENOW GROUP, INC.",1596961,2017,2023,19,2014
"Rightside, LLC",1589094,2025,2025,5,2014
Rithm Capital Corp.,1556593,2023,2024,4,2020
RITO LLC,1646576,2022,2022,2,2017
"Ritter Pharmaceuticals, Inc.",1460702,2011,2011,1,2015
River Financial Inc.,1641601,2019,2020,6,2015
"RIZZEN, LLC",1659559,2011,2011,1,2016
"RLJ Entertainment, Inc.",1546381,2013,2021,22,2014
"RMG ACQUISITION COMPANY, LLC",1757932,2016,2016,1,2019
"Rocket Companies, Inc.",1805284,2020,2020,3,2020
Rocket Fuel Inc.,1477200,2010,2014,9,2013
Rocket Lab USA Inc.,1819994,2017,2024,41,2021
Rocket Pharmaceuticals GmbH,1281895,2023,2026,30,2015
Rockley Photonics Limited,1852117,2016,2022,23,2021
"Rocky Mountain High Brands, Inc.",1670869,2017,2019,12,2016
Roivant Sciences GmbH,1635088,2016,2025,119,2021
"ROKA BIOSCIENCE, INC.",1472343,2010,2016,9,2014
"Romeo Power, Inc.",1757932,2021,2021,8,2019
ROSS ACQUISITION CORP II,1841610,2021,2021,1,2021
"Rouse Properties, Inc.",1528558,2015,2015,4,2012
"Royal Bakery Holdings, Inc.",1594485,2013,2013,2,2014
"RTI Surgical, Inc.",1760173,2014,2025,31,2018
"Rubius Therapeutics, Inc.",1709401,2015,2020,10,2018
Rumble Inc.,1830081,2023,2026,28,2021
"RumbleOn, Inc.",1596961,2020,2023,18,2014
"RUSH STREET INTERACTIVE, LP",1793659,2020,2020,4,2020
"RVL PHARMACEUTICALS, INC.",1739426,2020,2020,6,2018
"Rx Safes, Inc.",1599385,2010,2010,1,2014
RXI PHARMACEUTICALS CORPORATION,1533040,2009,2011,7,2012
"RXO, Inc.",1929561,2022,2024,17,2022
S&W Seed Company,1477246,2012,2025,36,2012
SADOT LLC,1701756,2023,2023,1,2017
"SafeSpace Global, Inc.",1584693,2025,2025,14,2014
"Safety, Income and Growth, Inc.",1688852,2017,2017,2,2018
"SAFETY SHOT, INC.",1760903,2022,2024,6,2020
"Sage Therapeutics, Inc.",1597553,2014,2023,23,2014
"Saleen Automotive, Inc.",1528098,2012,2012,2,2012
Salona Global Medical Device Corporation,1617765,2023,2023,3,2021
SALT BLOCKCHAIN INC.,1686400,2017,2019,19,2021
Samsara Inc.,1642896,2021,2025,17,2022
Samsara Luggage Inc.,1530163,2019,2019,1,2012
"Sana Biotechnology, Inc.",1770121,2018,2023,3,2021
SAND INTERNATIONAL LTD.,1608104,2017,2017,1,2014
"Satsuma Pharmaceuticals, Inc.",1692830,2022,2026,5,2019
"Sauer Energy, Inc.",1446152,2011,2011,7,2012
Save Foods LLC,1789192,2024,2024,1,2019
SC Health Company,1764301,2018,2018,3,2019
"ScanSys, Inc.",1566039,2013,2013,1,2013
"Scholar Rock, Inc.",1727196,2016,2026,25,2018
"SCIENTURE, LLC",1382574,2020,2022,3,2014
SCILEX HOLDING COMPANY,1820190,2019,2022,2,2021
Scinai Immunotherapeutics Ltd.,1611747,2020,2023,3,2022
"SCIPLAY HOLDING COMPANY, LLC",1760717,2019,2020,5,2019
Scoop Media Group LLC,1533615,2015,2015,2,2012
SCORPIUS,1476963,2015,2022,2,2013
scPharmaceuticals Inc.,1604950,2016,2025,11,2018
SCWorx,1674227,2018,2018,1,2016
"SCYNEXIS, Inc.",1178253,2019,2022,7,2014
Sealand Natural Resources,1522236,2012,2012,1,2012
"SEARCHCORE, INC.",1281198,2011,2012,9,2012
"Sears Hometown and Outlet Stores, Inc.",1548309,2013,2015,59,2012
"SeaStar Medical, Inc.",1831868,2019,2025,7,2021
"Second Sight Medical Products, Inc.",1266806,2010,2011,2,2015
"SECTOR 5, INC.",1550737,2015,2015,1,2013
"SecureTech Innovations, Inc.",1703157,2018,2018,4,2018
"Seer, Inc.",1726445,2019,2026,11,2021
Select Energy Services LLC,1693256,2012,2012,4,2017
"Select Interior Concepts, Inc.",1723866,2017,2020,4,2018
Selecta Biosciences Inc.,1453687,2011,2022,4,2016
"SEMA4 HOLDINGS, CORP.",1818331,2018,2018,1,2021
"Semler Scientific, Inc.",1554859,2011,2025,28,2014
Semrush Inc.,1831840,2021,2026,18,2021
"Senseonics, Incorporated",1616543,2013,2026,16,2015
"Sensus Healthcare, Inc.",1494891,2016,2020,10,2016
"Senti Biosciences, Inc.",1854270,2017,2023,15,2022
Sentient Brands Holdings Inc.,1358633,2024,2024,3,2012
"Sentinel Ag, Inc.",889353,2025,2025,4,2022
"SentinelOne, Inc.",1583708,2021,2024,28,2021
"Sera Prognostics, Inc.",1534969,2023,2025,21,2021
"Seres Therapeutics, Inc.",1609809,2014,2020,32,2015
"Serina Therapeutics, Inc.",1708599,2019,2019,1,2018
"Seritage Growth Properties, LP",1628063,2017,2017,2,2016
"Service Team, Inc.",1535635,2012,2012,1,2012
"ServiceNow, Inc.",1373715,2014,2024,113,2012
"Sesen Bio, Inc.",1485003,2019,2020,4,2014
SEVEN HILLS REALTY TRUST,1452477,2017,2017,1,2021
SEVENTY SEVEN ENERGY INC.,1532930,2012,2014,7,2013
Sezzle Inc.,1662991,2016,2026,52,2021
"Sharps Compliance, Inc.",898770,2007,2021,38,2012
"Sharps Technology, Inc.",1737995,2018,2019,12,2022
"Shattuck Labs, Inc.",1680367,2017,2025,7,2020
"Shengkai Innovations, Inc.",1327364,2010,2010,1,2012
"Shift4 Payments, LLC",1794669,2018,2025,75,2020
SHIFTPIXY HOLDINGS INC,1675634,2015,2020,7,2017
"Shineco, Inc.",1300734,2014,2014,1,2016
"Shockwave Medical, Inc.",1642545,2014,2025,24,2019
"Shutterstock, Inc.",1549346,2008,2025,136,2012
"Sidus Space, Inc.",1879726,2021,2026,62,2021
"Sienna Biopharmaceuticals, Inc.",1656328,2016,2017,4,2017
"Sierra Oncology, Inc.",1290149,2017,2021,16,2015
"Sigilon Therapeutics, Inc.",1821323,2017,2018,15,2021
SigmaBroadband Co,1571384,2024,2024,1,2013
Signal Genetics LLC,1590750,2012,2012,12,2014
"Signify Health, LLC",1828182,2018,2024,31,2021
"Sigyn Therapeutics, Inc.",1642159,2020,2024,11,2015
"SILA REALTY TRUST, INC.",1567925,2020,2020,3,2014
"Silo Pharma, Inc",1514183,2020,2020,1,2012
Silver Bay Realty Trust Corp.,1557255,2012,2013,2,2013
"Silverback Therapeutics, Inc.",1671858,2016,2021,8,2021
SILVERGATE CAPITAL CORPORATION,1312109,2019,2021,15,2019
SinglePoint Inc,1443611,2019,2020,2,2018
"Singular Genomics Systems, Inc.",1850906,2020,2025,37,2021
"Sintx Technologies, Inc.",1269026,2019,2021,16,2014
Sio Gene Therapies Inc.,1636050,2020,2020,6,2015
SiriusPoint Ltd,1576018,2021,2021,7,2013
"SIRRUS, INC.",1622767,2012,2013,6,2015
"Skkynet Cloud Systems, Inc.",1546853,2012,2012,1,2012
Sky Harbour LLC,1823587,2021,2021,4,2021
"Skye Bioscience, Inc.",1516551,2025,2025,4,2013
"SKYWARD SPECIALTY INSURANCE GROUP, INC.",1519449,2020,2022,2,2022
"SLAM, LLC",1838162,2025,2025,6,2021
Slinger Bag Inc.,1674440,2018,2018,1,2017
Smack Sportswear,1422768,2014,2015,2,2014
"Smart Sand, Inc.",1529628,2012,2021,7,2016
"Smart Server, Inc.",1596961,2013,2013,1,2014
Smartsheet Inc.,1366561,2021,2025,20,2018
"SMILEDIRECTCLUB, LLC",1775625,2018,2019,22,2019
Snap Inc.,1564408,2013,2025,329,2017
"SOBR Safe, Inc.",1425627,2022,2022,3,2012
"Social Reality, Inc.",1538217,2012,2020,13,2012
"SOCIETAL CDMO, INC",1588972,2017,2022,14,2014
Solana Foundation,1610853,2021,2025,41,2014
SolarEdge Technologies Ltd.,1419612,2012,2024,13,2015
Solaris Power Cells Inc.,1411730,2013,2013,1,2012
"SolarWindow Technologies, Inc.",1071840,2015,2022,72,2012
"Soleno Therapeutics, Inc.",1484565,2020,2024,11,2014
Solid Biosciences Inc.,1707502,2020,2026,10,2018
"Soliton, Inc.",1548187,2015,2021,10,2018
"Solo Brands, LLC",1870600,2022,2026,58,2021
"SOMO, LLC",1587285,2017,2017,1,2015
"Sonos, Inc.",1314727,2013,2026,54,2018
Sophiris Bio Inc.,1563855,2012,2012,4,2013
Sotherly Hotels Inc.,1313536,2016,2016,5,2014
SOUND FINANCIAL BANCORP INC.,1541119,2014,2014,1,2012
"SOUNDTHINKING, INC.",1351636,2018,2023,22,2017
"SPARK ENERGY, LLC",1606268,2010,2011,4,2014
"Spark Therapeutics, Inc.",1609351,2016,2024,112,2015
"Spectrum Global Solutions, LLC",1413891,2007,2007,1,2012
"SPERO THERAPEUTICS, INC.",1701108,2018,2021,12,2017
Sphere 3D Corp.,1591956,2023,2023,2,2017
"Sphere Entertainment Group, LLC",1795250,2023,2026,44,2020
Spiral Toys LLC,1520108,2015,2016,7,2013
"Spirit MTA REIT, Inc.",1722992,2017,2017,2,2018
"Splash Beverage Group, Inc.",1553788,2023,2023,1,2012
SPLUNK INC.,1353283,2007,2018,39,2012
Sport-Stix LLC,1561196,2018,2018,1,2013
"Sports Asylum, Inc.",1493712,2012,2012,2,2012
"Sports Field Holdings, LLC",1539551,2020,2025,11,2012
Spriza Inc,1565248,2013,2013,8,2013
"Spruce Biosciences, Inc.",1683553,2026,2026,6,2020
Spruce Power Holding Corporation,1772720,2022,2022,8,2020
"SPYRE THERAPEUTICS, INC.",1636282,2023,2023,3,2016
SQL Technologies Corp.,1598981,2019,2019,1,2014
SQZ Biotechnologies Company,1604477,2019,2019,20,2020
"SRAX, Inc.",1538217,2021,2021,3,2012
SSR Mining Inc.,921638,2017,2017,4,2021
sstl incorporated,1534298,2025,2025,2,2012
"STAG Industrial, Inc.",1479094,2010,2014,3,2012
"Starco Brands, Inc.",1539850,2017,2023,4,2012
Stardust Power Inc.,1831979,2023,2023,2,2021
"StartEngine Crowdfunding, Inc.",1661779,2020,2025,3,2022
"State National Companies, Inc.",1610793,2025,2026,7,2014
StationDigital Corporation,1449097,2014,2014,16,2012
"Stealth Technologies, LLC",1496818,2019,2019,3,2012
"STEEL CONNECT, INC.",914712,2008,2008,12,2012
STEEL PARTNERS HOLDINGS L.P.,1452857,2022,2023,3,2012
"STELLAR BANCORP, INC.",1473844,2022,2022,12,2017
"Stem, Inc.",1697834,2013,2026,19,2017
"Stemcell, LLC",1666487,2019,2019,3,2016
"Stoke Therapeutics, Inc.",1623526,2016,2025,4,2019
Stonegate Mortgage Corporation,1454389,2008,2015,11,2013
"StoneMor, Inc.",1753886,2023,2023,3,2019
Stony Hill Corp.,1607549,2017,2018,4,2014
Straight Path Communications Inc.,1574460,2016,2016,24,2013
"STRATEGIC ENVIRONMENTAL AND ENERGY RESOURCES, INC.",1576197,2016,2016,1,2013
Stratus Capital Holdings LLC,1761540,2025,2025,1,2019
"STREAMTRACK, INC.",1442376,2008,2008,2,2012
Stronghold Digital Mining Inc.,1856028,2021,2021,3,2021
"STRYVE FOODS, LLC",1691936,2017,2022,17,2019
"STWC Holdings, Inc.",1400683,2016,2018,18,2012
SUCCESS INTERNATIONAL INC,1572699,2012,2012,1,2013
"Sugarmade, Inc.",919175,2011,2019,3,2012
"Summit Materials, LLC",1571371,2014,2014,9,2013
Summit Therapeutics Inc.,1599298,2020,2021,2,2020
"Summit Wireless Technologies, Inc.",1682149,2020,2020,1,2018
Sunrun Inc.,1469367,2016,2023,40,2015
"SUPER LEAGUE ENTERPRISE, INC.",1621672,2015,2022,16,2019
"Super League Gaming, Inc.",1621672,2015,2021,105,2019
"Superior Drilling Products, Inc.",1600422,2015,2015,6,2014
"Sur Ventures, Inc.",1482179,2012,2012,2,2012
"Surface Oncology, Inc.",1718108,2017,2021,15,2018
"Surge Holdings, LLC",1392694,2017,2023,9,2012
"SurgePays, Inc.",1392694,2024,2025,7,2012
"Surgical Care Affiliates, LLC",1411574,2011,2019,16,2013
SuRo Capital Corp.,1509470,2021,2021,1,2022
SusGlobal Energy Corp.,1652539,2019,2019,6,2017
"Sweegen, Inc.",1580883,2022,2022,7,2014
"SWS Holdings, Inc.",878520,2019,2025,38,2012
Sylios Corp,1448695,2014,2014,1,2019
SYNCHRONY FINANCIAL,1601712,2014,2014,3,2014
"Syneos Health, LLC",1610950,2019,2022,36,2014
Synergy CHC Corp.,1562733,2015,2025,65,2012
"Synlogic, Inc.",1527599,2014,2021,14,2015
"Synthesis Energy Systems, Inc.",1375063,2008,2014,8,2012
"Syros Pharmaceuticals, Inc.",1556263,2012,2012,4,2016
T Stamp Inc.,1718939,2017,2026,34,2021
"T2 Biosystems, Inc.",1492674,2011,2024,109,2014
"TALARIS THERAPEUTICS, INC.",1827506,2018,2018,2,2021
Talen Energy Corporation,1622536,2014,2021,41,2015
TALEND,1668105,2015,2021,15,2018
Talis Biomedical Corporation,1584751,2018,2020,4,2021
Talkspace LLC,1803901,2022,2026,10,2020
"TALMER BANCORP, INC.",1360683,2012,2012,1,2014
"Talos Energy, LLC",1724965,2014,2014,2,2018
"Tango Therapeutics, Inc.",1819133,2020,2022,5,2021
"Tarsus Pharmaceuticals, Inc.",1819790,2019,2025,33,2020
"TaskUs, Inc.",1829864,2016,2022,10,2021
"Taylor Devices, Inc.",96536,2014,2014,6,2012
"Taysha Gene Therapies, Inc.",1806310,2021,2025,3,2020
TCR2 Therapeutics Inc.,1750019,2018,2021,6,2019
TD LLC,1556266,2023,2023,13,2013
TEAM HOLDING LIMITED,318833,2020,2025,30,2012
TechnipFMC PLC,1681459,2017,2021,63,2016
"TECNOGLASS, INC.",1534675,2007,2026,29,2012
"Tectonic Financial, Inc.",1766526,2025,2025,5,2019
"Tectonic Therapeutic, Inc.",1681087,2021,2021,1,2018
"TELA Bio, Inc.",1561921,2015,2025,14,2019
"Teladoc, Inc.",1477449,2015,2015,1,2015
"Teladoc Health, Inc.",1477449,2018,2026,80,2015
"Telehealthcare, Inc.",1628104,2016,2016,3,2015
"Telenav, Inc.",1474439,2010,2025,34,2012
"TEMPEST THERAPEUTICS, INC.",1544227,2017,2017,1,2012
"TENAX THERAPEUTICS, INC.",34956,2008,2014,4,2012
"Tenaya Therapeutics, Inc.",1858848,2023,2023,2,2021
"Tenon Medical, Inc.",1560293,2020,2024,23,2022
"Terns Pharmaceuticals, Inc.",1831363,2024,2025,6,2021
Terrascend Corp.,1778129,2017,2018,10,2022
"Tesaro, Inc.",1491576,2010,2019,17,2012
"Tetraphase Pharmaceuticals, Inc.",1373707,2014,2018,16,2013
"Tevogen Bio, Inc.",1860871,2023,2025,11,2022
TEXAS PACIFIC LAND CORPORATION,1811074,2017,2021,8,2020
Textura Corporation,1565337,2010,2017,23,2013
TGI SOLAR POWER GROUP INC.,1309056,2021,2021,3,2016
"TGS International, Inc.",1701859,2020,2020,1,2017
"THARIMMUNE, INC.",1861657,2019,2024,6,2021
That Marketing Solution,1557796,2015,2015,1,2013
"Theseus Pharmaceuticals, Inc.",1745020,2018,2022,4,2021
"Third Harmonic Bio, Inc.",1923840,2019,2019,1,2022
"THORNE HEALTHTECH, INC",1844280,2018,2018,6,2021
Three Forks LLC,1548082,2025,2026,3,2013
THUNDER ENERGIES CORPORATION,1524872,2014,2015,3,2012
Thunder Power Holdings Ltd.,1912582,2024,2024,8,2022
Ticket Trust,1570279,2021,2021,3,2014
"TIER REIT, Inc.",1176373,2015,2017,4,2018
"TILRAY BRANDS, INC.",1731348,2014,2021,31,2018
Tilt Holdings Inc.,1761510,2022,2022,18,2022
"Tintri, Inc.",1554875,2013,2016,4,2017
TIVIC HEALTH SYSTEMS INC.,1787740,2018,2019,3,2022
"TMSR Holdings, Inc.",1641398,2025,2025,1,2016
"TNI BIOTECH, INC.",1559356,2013,2013,7,2013
"Tobira Therapeutics, Inc.",1311596,2008,2020,15,2013
"Tocagen, Inc.",1419041,2018,2018,5,2017
TODOS MEDICAL LTD.,1645260,2018,2018,2,2020
Toga LLC,1378125,2024,2024,1,2012
"Tokai Pharmaceuticals, Inc.",1404281,2012,2012,2,2014
Torrid LLC,1792781,2017,2017,2,2021
TORtec Group,1560905,2017,2017,1,2012
"ToughBuilt Industries, Inc.",1668370,2017,2024,48,2018
"Tourmaline Bio, Inc.",1827506,2024,2024,4,2021
TOWERS WATSON & CO.,1470215,2009,2009,8,2012
"Townsquare Media, Inc.",1499832,2013,2025,16,2014
"TPT Global Tech, Inc",1661039,2015,2015,2,2018
"Trade Street Residential, Inc.",1299901,2012,2013,2,2013
Tradeweb Markets LLC,1758730,2014,2026,65,2019
"TransCode Therapeutics, Inc.",1829635,2021,2021,1,2021
"Translate Bio, Inc.",1693415,2021,2021,7,2018
Translation LLC,1564863,2019,2019,6,2013
"Traqer, LLC",1656053,2025,2025,1,2016
"Trean Insurance Group, Inc.",1801754,2020,2020,1,2020
"TREND INNOVATIONS, LLC",1740797,2020,2021,3,2018
"Trendmaker co.,Ltd.",1613685,2020,2020,1,2015
"Trevena, Inc.",1429560,2014,2020,6,2014
"TRI POINTE HOMES HOLDINGS, INC.",1561680,2014,2017,27,2013
"Tricida, Inc.",1595585,2018,2022,24,2018
"TRILLER, INC.",1769624,2022,2022,31,2019
"TriNet Group, Inc.",937098,2013,2013,3,2014
"TriState Capital Holdings, Inc.",1380846,2010,2013,3,2013
TRON HOLDINGS INC.,1658605,2012,2012,4,2016
Tronox LLC,1530804,2018,2023,20,2012
"Trovagene, Inc.",1213037,2012,2018,58,2012
"TRUE NATURE GROUP, INC.",802257,2009,2010,2,2012
"TrueCar, Inc.",1327318,2012,2023,77,2014
Trunity,802257,2019,2019,2,2012
"Trupanion, Inc.",1371285,2013,2025,63,2014
"Trxade, Inc.",1382574,2021,2021,2,2014
"TScan Therapeutics, Inc.",1783328,2018,2024,9,2021
"TUBEMOGUL, INC.",1449278,2013,2013,4,2014
"Turning Point Brands, LLC",1290677,2013,2023,8,2016
"Turning Point Therapeutics, Inc.",1595893,2022,2024,31,2019
"TuSimple, Inc.",1823593,2019,2024,89,2021
"Tvardi Therapeutics, Inc.",1346830,2018,2022,3,2014
Twilio Inc.,1447669,2015,2026,52,2016
"TWIN RIVER WORLDWIDE HOLDINGS, INC.",1747079,2020,2020,8,2019
TWIN VEE POWERCATS CO.,1855509,2016,2023,9,2021
Twist Bioscience Corporation,1581280,2015,2022,5,2019
"Twitter, Inc.",1418091,2009,2016,53,2014
TWO Inc.,1843988,2017,2024,26,2021
"Tyme Technologies, Inc",1537917,2019,2019,3,2012
"Tyra Biosciences, Inc.",1863127,2024,2025,9,2021
"U.S. Well Services, LLC",1543450,2013,2019,14,2013
"Ubiquity, Inc.",1538329,2015,2019,7,2012
Ubiquity Broadcasting Corporation,1538329,2007,2013,29,2012
"UBL Interactive, Inc.",1576778,2013,2014,4,2013
UCP Group Limited,1572684,2024,2024,10,2013
"UiPath, Inc.",1734722,2016,2025,46,2021
Ultragenyx Pharmaceutical Inc.,1515673,2013,2026,93,2014
"UMAMI SUSTAINABLE SEAFOOD, INC.",1368765,2010,2010,1,2012
"UMAX CO., LTD",1517709,2024,2024,1,2012
"Unified Grocers, Inc.",320431,2008,2018,32,2012
Unilife LLC,1476170,2018,2018,3,2012
"Union Bankshares, Inc.",883948,2008,2008,2,2013
"Unique Fabricating, Inc.",1617669,2016,2018,14,2015
United Cannabis Corp.,1436161,2017,2019,19,2012
UNITED PARKS & RESORTS INC.,1564902,2012,2012,1,2013
"UNITY BIOTECHNOLOGY, INC.",1463361,2014,2018,4,2018
Univar Inc.,1494319,2010,2017,11,2015
"Universal Gaming Group, LLC",1670196,2013,2013,1,2016
"Unleashed, LLC",1666114,2013,2016,8,2015
Unum Therapeutics Inc.,1622229,2014,2017,3,2018
Upay Inc.,1677897,2024,2024,5,2016
"UpHealth, Inc.",1770141,2022,2022,12,2020
"UPPERCUT BRANDS, INC.",1514183,2018,2018,2,2012
Uranium Energy Corp.,1334933,2024,2024,4,2012
"URBAN-GRO, INC.",1706524,2013,2022,19,2018
UroGen Pharma Ltd.,1668243,2016,2026,10,2018
Urovant Sciences GmbH,1740547,2018,2022,50,2018
US Alliance Corporation,1463913,2014,2025,15,2016
"US Highland, Inc.",1381871,2012,2012,1,2012
US Nuclear Corp,1543623,2013,2013,1,2012
"USBC, Inc.",1074828,2026,2026,3,2012
V Media Incorporated,1080627,2021,2021,1,2012
"V2X, INC.",1601548,2022,2022,8,2014
"VACCINOGEN, INC.",1453001,2022,2022,3,2013
Vado Limited,1700849,2022,2022,2,2018
Vallon Pharmaceuticals Inc.,1824293,2018,2022,4,2021
"Vantiv, LLC",1533932,2013,2017,29,2012
VapAria,1479915,2016,2016,1,2013
"Vaxcyte, Inc.",1649094,2020,2025,7,2020
"Vaxxinity, Inc.",1851657,2021,2021,2,2021
"Vectrus, Inc.",1601548,2022,2022,10,2014
VEEA INC.,1840317,2016,2019,9,2021
Veeva Systems Inc.,1393052,2009,2025,30,2013
"Vemanti Group, Inc.",1605057,2021,2021,1,2021
Venus Concept Inc.,1409269,2020,2025,8,2017
"VERA THERAPEUTICS, INC.",1831828,2017,2026,9,2021
"Veracyte, Inc.",1384101,2008,2025,41,2013
Verastem Inc.,1526119,2018,2024,23,2012
"Verb Technology Company, Inc.",1566610,2019,2024,43,2013
"Veritex Holdings, Inc.",1501570,2011,2011,1,2014
"Veritone, Inc.",1615165,2014,2024,70,2017
Verona Pharma PLC,1657312,2020,2025,42,2020
Veroni Brands Corp.,1693690,2020,2020,2,2017
Verrica Pharmaceuticals Inc.,1660334,2014,2023,17,2018
"Versartis, Inc.",1513818,2016,2016,8,2014
"Verve Therapeutics, Inc.",1840574,2019,2019,2,2021
"VETRO, INC.",1570132,2015,2025,9,2013
"VIA RENEWABLES, INC.",1606268,2021,2021,3,2014
vibe wireless llc,1571804,2015,2015,1,2013
"Vicarious Surgical, Inc.",1812173,2021,2023,12,2021
VICI Properties Inc.,1705696,2021,2021,7,2017
"Victory Capital, LLC",1570827,2015,2015,3,2017
Vidaroo Corporation,1418826,2011,2011,2,2012
"Viela Bio, Inc.",1734517,2023,2025,10,2019
"Vigil Neuroscience, Inc.",1827087,2020,2023,10,2022
"Viking Therapeutics, Inc.",1607678,2014,2015,2,2015
VILACTO BIO INC.,1576724,2013,2013,4,2013
"Village Super Market, Inc.",103595,2016,2023,16,2012
"Vince, LLC",1579157,2012,2022,47,2013
"Vincerx Pharma, Inc.",1796129,2021,2023,7,2020
"Vinco Ventures, Inc.",1717556,2022,2022,2,2018
"VIP PLAY, INC.",1832161,2016,2025,54,2021
"Vir Biotechnology, Inc.",1706431,2016,2024,18,2019
"Virgin Orbit, LLC",1843388,2017,2021,5,2021
"Virios Therapeutics, LLC",1818844,2020,2020,2,2021
Virpax Pharmaceuticals Inc.,1708331,2019,2024,8,2021
VirTra Inc.,1085243,2018,2023,12,2017
Virtu Financial Inc.,1592386,2018,2018,1,2015
"Visium Technologies, Inc.",1082733,2021,2021,2,2013
Vista Outdoor Inc.,1616318,2014,2014,28,2014
"Visualant, Inc.",1074828,2012,2018,14,2012
"VitaCig, Inc.",1604906,2014,2014,1,2015
"Vital Energy, Inc.",1528129,2023,2023,2,2012
"Vitalibis, Inc.",1636509,2018,2018,2,2015
"Vitamin Blue, Inc",1483623,2011,2011,2,2012
Vitas Limited,1522236,2024,2024,2,2012
"VitaSpring Biomedical Co., Ltd.",1697884,2021,2021,2,2017
"Vitesse Energy, Inc.",1944558,2025,2025,4,2022
"VIVANI MEDICAL, INC.",1266806,2022,2022,9,2015
VIVIC CORPORATION,1703073,2020,2020,1,2018
"Vivint Solar, Inc.",1607716,2015,2016,30,2014
VizConnect LLC,1506295,2013,2013,1,2012
"Vodka Brands, LLC",1620053,2012,2012,3,2015
"Volato, Inc.",1853070,2021,2022,6,2022
"Volcon, Inc.",1829794,2020,2024,17,2021
Vontier Corporation,1786842,2023,2025,24,2020
"VOR BIOPHARMA, INC.",1817229,2019,2026,8,2021
"Voyager Therapeutics, Inc.",1640266,2013,2025,28,2015
vTv Therapeutics LLC,1641489,2016,2026,21,2015
"VYANT BIO, INC.",1349929,2020,2021,6,2013
"W.S. Industries, Inc.",1310497,2011,2016,13,2012
"Waitr, Inc.",1653247,2019,2021,5,2016
"Walgreens Boots Alliance, Inc.",1618921,2014,2018,6,2015
"Wally World Media, Inc",1555214,2013,2014,2,2013
"Washington Prime, LLC",1594686,2015,2015,1,2014
Waste Energy Corp,1515139,2026,2026,3,2012
"WatchTower, LLC",1407041,2024,2024,1,2012
"Water Now, Inc.",1713909,2019,2019,1,2017
"WATERMARK LODGING TRUST, INC.",1609471,2010,2017,2,2015
Wave Life Sciences Ltd.,1631574,2015,2026,20,2015
Wayfair LLC,1616707,2009,2024,655,2014
"Wearable Health Solutions, Inc.",1443089,2021,2023,2,2012
"Weave Communications, Inc.",1609151,2021,2021,8,2021
"Webstar Technology Group, Inc.",1645155,2018,2018,3,2018
"Werewolf Therapeutics, Inc.",1785530,2018,2019,4,2021
Western Magnesium Corporation,1801762,2021,2021,2,2021
WETRADE INC.,1784970,2020,2022,8,2019
"WEWARDS, INC.",1616156,2018,2018,2,2015
White River Energy Corp,1589361,2022,2022,3,2014
Wikisoft Corp,1393781,2021,2021,2,2020
WILLSCOT MOBILE MINI HOLDINGS CORP.,1647088,2020,2020,8,2016
"WindStream Technologies, Inc.",1439133,2009,2015,12,2012
"WiSA Technologies, Inc.",1682149,2023,2023,1,2018
"Workday, Inc.",1327811,2015,2025,63,2012
"World Point Terminals, Inc.",1574963,2013,2013,4,2013
World Scan Project Corporation,1813744,2025,2025,5,2020
"Wowio, Inc.",1559754,2012,2012,1,2013
WP GLIMCHER INC.,1594686,2015,2015,4,2014
"WPX Energy, Inc.",1518832,2020,2020,6,2012
"Wrap Technologies, Inc.",1702924,2018,2026,71,2017
"WYTEC INTERNATIONAL, INC.",1560143,2015,2015,1,2017
"X4 Pharmaceuticals, Inc.",1501697,2019,2025,23,2018
XBP Global Holdings Inc.,1839530,2025,2025,18,2021
"Xcel Brands, Inc.",1083220,2021,2025,41,2013
Xenetic Biosciences,1534525,2011,2011,3,2012
"XENIA HOTELS & RESORTS, INC.",1616000,2014,2014,4,2015
"Xeris Pharmaceuticals, Inc.",1346302,2016,2024,39,2018
"Xometry, Inc.",1657573,2018,2022,10,2021
"XOS, INC.",1819493,2020,2023,27,2021
Xperi Corporation,1690666,2017,2020,5,2016
"XPLR INFRASTRUCTURE, LP",1603145,2025,2025,12,2014
Xponential Fitness LLC,1802156,2022,2022,4,2021
"XTI AEROSPACE, INC.",1529113,2018,2025,25,2014
Xumanii Inc.,1499274,2008,2008,8,2012
Xumanii International Holdings Corp.,1499274,2014,2014,1,2012
"Y-mAbs Therapeutics, Inc",1722964,2019,2025,29,2018
Yappn Corp.,1511735,2014,2015,7,2013
"YayYo, LLC",1691077,2016,2016,9,2019
"YEW BIO-PHARM GROUP, INC.",1548240,2015,2016,9,2012
YO-HEALTH INC.,1844793,2021,2021,1,2022
"Yumanity Therapeutics, Inc.",1445283,2017,2020,2,2016
Zai Lab Limited,1704292,2021,2022,4,2020
ZAZA ENERGY CORPORATION,1528393,2011,2012,8,2012
ZBB Energy Corporation,1140310,2008,2008,1,2012
ZEC LLC,1660156,2022,2022,1,2015
"Zedge, Inc.",1667313,2016,2023,34,2016
"Zendesk, Inc.",1463172,2009,2023,49,2014
"Zentalis Pharmaceuticals, Inc.",1725160,2020,2026,13,2020
"Zentrum, LLC",1818152,2021,2021,1,2020
"ZEO SCIENTIFIX, INC.",1557376,2020,2024,13,2012
"ZEP Co., Ltd.",1408287,2023,2023,4,2012
"Zero Gravity Solutions, Inc.",1574186,2013,2018,14,2015
Zevotek Inc.,1364208,2007,2007,1,2012
"ZIPRECRUITER, INC.",1617553,2017,2023,35,2021
Ziwira Inc.,1636300,2015,2015,1,2015
Zlato LLC,1576724,2019,2019,2,2013
Zoetis LLC,1555280,2013,2015,42,2013
"Zomedica Pharmaceuticals, Inc.",1684144,2019,2019,4,2017
"Zonzia Media, Inc.",356870,2015,2015,9,2012
"Zoom Video Communications, Inc.",1585521,2018,2023,18,2019
Zosano Pharma Corporation,1587221,2018,2018,5,2015
ZRCN Inc.,1901297,2023,2023,1,2021
"ZS PHARMA, INC.",1459266,2014,2014,7,2014
"Zscaler, Inc.",1713683,2013,2026,33,2018
"ZULILY, LLC",1478484,2012,2013,16,2014
Zura Bio Limited,1855644,2024,2024,4,2022
"Zurvita, Inc.",1408950,2008,2019,17,2012
ZYLA LIFE SCIENCES,1586105,2014,2014,1,2014
"Zynerba Pharmaceuticals, Inc.",1621443,2014,2023,8,2015
Zynga Inc.,1439404,2009,2026,363,2012
"Benson Hill Holdings, Inc.",1830210,2022,2023,11,2021
"PARTS iD, LLC",1698113,2021,2021,12,2017
"Pyros Pharmaceuticals, Inc.",1556263,2021,2025,21,2016
Salt Blockchain Inc.,1686400,2021,2026,13,2021
"iSatori, Inc.",741114,2012,2019,16,2012
Evoqua Water Technologies LLC,1604643,2014,2025,41,2018
RegenxBio Inc.,1590877,2016,2023,12,2015
DMM International Limited,1496819,2019,2019,14,2012
SOUTHLAND HOLDINGS LLC,1883814,2018,2018,14,2022
IGT Global Solutions Corporation,1534154,2015,2025,173,2013
"i3 Verticals, LLC",1728688,2013,2026,13,2018
"NUTANIX, INC.",1618732,2014,2019,11,2017
Savant Technologies LLC,1740797,2020,2025,12,2018
UiPath Inc,1734722,2017,2019,35,2021
"Eagle Pharmaceuticals, Inc.",827871,2014,2025,21,2014
"Everyday Health, Inc.",1358483,2012,2024,32,2014
"Aucta Pharmaceuticals, Inc.",1593899,2018,2025,10,2020
Array Biopharma Inc.,1100412,2016,2018,16,2012
CPG International LLC,1552358,2014,2022,37,2013
TMP International LLC,1575420,2022,2024,20,2014
Labstyle Innovation Ltd.,1533998,2013,2024,31,2013
BV FRANCHISES INC.,1528930,2013,2014,13,2013
"Rocket Pharmaceuticals, Inc.",1281895,2022,2023,12,2015
"CPH International, LLC",1515003,2019,2026,16,2012
"VERACYTE, INC.",1384101,2012,2019,19,2013
VTV THERAPEUTICS LLC,1641489,2015,2015,12,2015
"Virgin Galactic Holdings, Inc.",1706946,2023,2024,11,2018
"Advantice Health, LLC",1531477,2019,2025,29,2012
F45 Training Holdings Inc.,1788717,2020,2026,44,2021
Advenco Holdings (Pty) Ltd,1698519,2018,2023,16,2017
"One World Ventures, LLC",1763657,2021,2026,41,2022
REAL INTERNATIONAL LLC,1603494,2017,2025,10,2014
"AUKEY TECHNOLOGY CO.,LTD",906193,2018,2019,12,2012
"AM8 Technologies, LLC",1667615,2023,2025,27,2019
Mediaco Holding Inc.,1784254,2022,2026,13,2019
Mallinckrodt LLC,1567892,2011,2015,19,2013
L3M Technologies Limited,1039101,2020,2021,11,2016
"Catalent Pharma Solutions, Inc.",1416083,2007,2024,13,2012
"Suitable Technologies, Inc.",1086745,2016,2017,23,2012
"Zayo Group, LLC",1502756,2009,2026,20,2012
"NCS Multistage, LLC",1692427,2015,2024,22,2017
"Viridian Therapeutics, Inc.",1590750,2021,2026,12,2014
"Cargurus, Inc.",1494259,2017,2021,16,2017
"Fluence Energy, LLC",1868941,2017,2025,18,2022
"Kyocera Communications, Inc.",1129260,2009,2015,76,2012
"Compass Holding, LLC",1563190,2016,2019,23,2021
Syngene International Limited,1593549,2019,2022,18,2014
"GDB INTERNATIONAL, INC.",1563536,2022,2025,14,2012
Nuvation Bio Inc.,1811063,2024,2025,11,2021
UiPath SRL,1734722,2018,2019,20,2021
TWINGA INTERNATIONAL LTD.,1584057,2016,2017,29,2014
ROCK ENTERTAINMENT GROUP LLC,1875746,2024,2025,19,2022
"Cotiviti, Inc.",1657197,2020,2025,19,2016
Reata Pharmaceuticals Inc.,1358762,2019,2023,10,2016
"Casper Sleep, Inc.",1598674,2021,2021,39,2020
PETROGAS GROUP LIMITED,1609258,2014,2022,14,2014
"ERA Group, Inc.",1525221,2019,2019,10,2013
"Patriot National, Inc.",1619917,2014,2016,36,2015
BRIGHTSIDE HOLDINGS LLC,1589094,2019,2023,12,2014
"DVC Acquisition, LLC",1838163,2021,2026,34,2021
"Madison Venture Holdings, LLC",1575975,2018,2024,17,2013
"CGFNS International, Inc.",1552358,2009,2021,17,2013
"ONE WATER MARINE HOLDINGS, LLC",1772921,2024,2024,12,2020
"FRONTDOOR, INC.",1727263,2014,2023,16,2018
WireCo WorldGroup Inc.,1522182,2011,2025,45,2012
"UT Brands, LLC",1739566,2015,2024,16,2019
"NEXT NRG, LLC",1817004,2024,2024,21,2021
"Ching Technologies, Inc.",1581378,2018,2018,15,2014
"TWITTER, INC.",1418091,2009,2013,21,2014
Cadence Bancorporation,1614184,2020,2021,15,2017
"HELIOGEN, INC.",1840292,2018,2019,19,2021
Endeavour Group Limited,1766363,2020,2026,70,2021
ORIZON S.A.,1609804,2020,2023,19,2019
"Eladon, LLC",865941,2018,2019,15,2012
"MongoDB, Inc.",1441816,2015,2025,17,2017
ONCEPT LLC,1651932,2020,2026,12,2015
OA Entertainment Inc.,1875746,2024,2024,20,2022
"Lamb Weston, Inc.",1679273,2017,2024,43,2017
Smith & Wesson Inc.,1092796,2019,2026,84,2012
Dyaco International Inc.,1213809,2014,2026,12,2018
"Precigen, Inc.",1356090,2018,2024,22,2013
Entos Pharmaceuticals Inc.,1815903,2022,2023,25,2021
Coupons.com Incorporated,1115128,2012,2014,10,2014
ENERGOUS CORPORATION,1575793,2013,2014,15,2014
"AXONICS, INC",1603756,2021,2022,11,2018
DHL International GmbH,1496819,2011,2025,98,2012
"Empire State Realty OP, L.P.",1553079,2013,2024,12,2013
"MB Technologies, LLC",1725872,2023,2025,24,2018
"NSi Industries, LLC",763532,2010,2022,18,2012
RLG International Inc.,1126115,2014,2024,13,2012
La-Z-Boy Incorporated,57131,2007,2025,74,2012
"LEMONNADE, INC.",1691421,2017,2022,13,2020
"Zoom Communications, Inc.",1585521,2025,2026,13,2019
"Virion Therapeutics, LLC",1818844,2018,2022,14,2021
"VINCE, LLC",1579157,2008,2012,11,2013
"Graphic Packaging International, LLC",1005011,2018,2025,58,2018
"SM Global Enterprises, Inc.",1537917,2017,2024,10,2012
SquareX Inc.,1512673,2015,2015,15,2016
"US Foods, Inc.",1561951,2011,2026,226,2013
"VIELA BIO, INC.",1734517,2018,2020,10,2019
"CHR Solutions, Inc.",1506492,2008,2013,10,2012
Rainbow International LLC,1522538,2013,2019,10,2012
CAREFUSION CORPORATION,1457543,2007,2009,11,2012
Yelp Inc.,1345016,2007,2014,12,2012
RAICO INTERNATIONAL LLC,1603494,2019,2025,11,2014
"Blue Apron, LLC",1701114,2017,2025,15,2017
Altair Engineering Inc,1701732,2017,2019,14,2017
EnSight Technologies LLC,1601046,2022,2023,10,2015
"CV3 Financial Services, LLC",1605301,2023,2025,10,2014
GDC Technology Limited,1688568,2012,2023,36,2017
TLA Acquisition Corp.,1879221,2019,2021,14,2022
DYACO International Inc.,1213809,2016,2024,14,2018
"MACOM Technology Solutions Holdings, Inc.",1493594,2017,2021,13,2012
BCPK INVESTMENTS,1372807,2021,2024,14,2022
"REV Group, Inc.",1687221,2015,2025,19,2017
Station Casinos LLC,1503579,2012,2025,19,2012
Quotient Technology Inc.,1115128,2016,2022,14,2014
Baxalta Incorporated,1620546,2015,2026,55,2015
"Marathon Patent Group, Inc",1507605,2013,2013,10,2012
"VOD Acquisition Co, LLC",1834342,2022,2024,80,2021
Company Box LLC,1372612,2019,2021,17,2015
Mizco International Inc.,1658432,2015,2016,10,2015
On-Communications Ltd,1084752,2013,2016,10,2012
SLA Marketing Group LLC,1569055,2014,2015,10,2013
"iCrypto, Inc.",1688126,2014,2021,19,2016
RAS INTERNATIONAL INC.,906192,2012,2014,10,2015
"ALR Industries, Inc.",1009891,2007,2010,19,2012
"Aries Technology, LLC",1853044,2017,2025,106,2022
Seraphina Therapeutics,1708599,2017,2022,10,2018
"Rent the Runway, Inc.",1468327,2016,2026,25,2021
"Celularity, Inc.",1752828,2018,2022,11,2019
"Le Technology, Inc.",1586495,2016,2016,93,2014
"Premier Brands, LLC",1502777,2017,2024,15,2012
"NantHealth, Inc.",1566469,2017,2025,30,2016
BAKER HUGHES HOLDING LLC,1701605,2019,2020,12,2017
"Finnovate Group, LLC",1006837,2018,2024,10,2012
Kinetik Holdings Inc.,1692787,2022,2022,12,2017
Movella Inc.,1839132,2022,2022,11,2021
"Hydrofarm, LLC",1695295,2017,2024,18,2021
"ZG Technology Co.,Ltd",1565228,2024,2024,10,2013
"Bee Line, Inc.",1534708,2008,2012,10,2012
TechnipFMC plc,1681459,2014,2014,19,2016
"Fuse, LLC",1636051,2015,2026,121,2016
SYNGENE INTERNATIONAL LIMITED,1593549,2018,2024,38,2014
National Bark LLC,1475841,2023,2023,10,2012
"Winc, Inc.",1782627,2017,2021,17,2021
"RumbleON, Inc.",1596961,2017,2018,10,2014
"RXO, INC.",1929561,2022,2022,14,2022
"BBMK Technologies, LLC",1725872,2016,2016,10,2018
"SPR Therapeutics, Inc.",1636282,2017,2024,16,2016
Vintage Wine Estates,1834045,2020,2023,27,2021
AFT Pharmaceuticals Limited,1593899,2015,2026,11,2020
"ZURVITA HOLDINGS, INC.",1408950,2014,2023,11,2012
"Yume, Inc.",1415624,2008,2015,10,2013
Veracyte,1384101,2016,2020,20,2013
"Tilray Brands, Inc.",1731348,2022,2023,23,2018
"Solarna, LLC",1610853,2015,2026,15,2014
VITESCO TECHNOLOGIES GMBH,927355,2019,2019,11,2012
"Exela Technologies, Inc.",1620179,2017,2025,19,2015
Cannabis,1776738,2025,2026,17,2022
"PHARMAGENX, INC.",1470915,2010,2016,11,2012
ATAI Life Sciences AG,1582249,2018,2021,65,2014
"RETAILMENOT, INC.",1475274,2009,2023,16,2013
"Live Holdings, LLC",1730732,2017,2017,10,2019
"LSC Communications US, LLC",1669812,2016,2017,11,2016
"CID Resources, Inc.",1575051,2010,2026,144,2013
"AIA Industries, LLC",1009891,2019,2021,10,2012
"Bionano Genomics, Inc.",1411690,2017,2024,16,2018
"Cure Media Group, LLC",1556226,2016,2025,25,2012
"XG HEALTH SOLUTIONS, INC.",1471727,2012,2012,20,2012
United States Commodity Funds LLC,1529505,2008,2022,56,2012
"Vital Pharmaceuticals, Inc.,",1157602,2010,2012,12,2014
Claris International Inc.,1645494,2019,2023,14,2015
"Global Crossing Airlines, Inc.",1846084,2020,2026,15,2022
"Keyes Technology, LLC",906193,2026,2026,11,2012
"Navepoint, LLC",1777921,2015,2025,11,2020
"VOD Acquisition Co., LLC",1834342,2022,2024,44,2021
"EYEPOINT PHARMACEUTICALS US, INC.",1314102,2015,2018,12,2012
CRONOS GROUP,1656472,2019,2019,10,2019
HELING,1441082,2021,2023,11,2012
Upwork Inc.,1627475,2015,2025,15,2018
Adaptive Biotechnologies Corp.,1478320,2014,2022,26,2019
ADX TECHNOLOGY PTE. LIMITED,1688568,2017,2024,12,2017
Presto AB,1594219,2019,2019,14,2014
"Ryan Specialty, LLC",1849253,2022,2022,12,2021
Magnus International Limited Corp,1839839,2016,2021,15,2021
"modiv, LLC",1645873,2020,2021,10,2016
"BBVA Compass Bancshares, Inc.",1409775,2013,2017,30,2014
HER2O INTERNATIONAL,853464,2020,2020,11,2021
"MARIUS PHARMACEUTICALS, INC.",1267813,2020,2023,11,2014
"Navitent, Inc.",1593538,2021,2022,41,2014
Tara Pharmaceuticals (PTY) LTD,1481512,2017,2021,11,2016
"Acucela, Inc.",1400482,2010,2021,14,2014
Polarium Energy Solutions AB,1503636,2021,2021,10,2012
"SOLARWINDOW TECHNOLOGIES, INC.",1071840,2012,2014,11,2012
"School Specialty, LLC",1055454,2020,2025,58,2012
ORBIS Corporation,1621430,2023,2025,12,2014
Match Group Holdings Ltd,1575189,2023,2023,16,2015
"Marius Pharmaceuticals, LLC",1267813,2017,2021,17,2014
Viant Technology LLC,1828791,2023,2024,21,2021
"Organovo, Inc.",1497253,2014,2020,11,2012
"QuinStreet, Inc.",1117297,2009,2015,15,2012
"Corus International, Inc.",1594337,2020,2024,32,2014
Absci Corporation,1672688,2023,2026,16,2021
Cronos Group Inc.,1656472,2018,2025,15,2019
Splunk Inc.,1353283,2011,2019,38,2012
V International,1605331,2013,2013,14,2015
Orbis Corporation,1621430,2017,2023,23,2014
Erickson Incorporated,1490165,2017,2023,10,2012
"TANDEM DIABETES CARE, INC.",1438133,2018,2020,13,2014
"SHOALS TECHNOLOGIES GROUP, LLC",1831651,2021,2025,21,2021
"Globus Medical, Inc",1237831,2011,2022,57,2012
"Location Based Technologies, Inc.",1383196,2007,2011,17,2012
"Intercontinental Exchange Holdings, Inc.",1571949,2015,2026,96,2013
CANOPY GROWTH CORPORATION,1737927,2014,2019,17,2019
Diplomat Pharmacy Inc.,1610092,2009,2018,11,2014
ZoomInfo Technologies LLC,1794515,2020,2023,24,2020
"Daré Bioscience, Inc.",1401914,2016,2025,24,2014
"VERITEXT, LLC",1501570,2010,2025,18,2014
VANTOR HOLDINGS INC.,1722482,2014,2025,96,2019
Epoch LLC,351903,2015,2026,21,2012
VSL Pharmaceuticals Inc.,1739426,2015,2020,10,2018
"ProFrac Holdings, LLC",1881487,2022,2023,15,2022
Amcor Pty Limited,1748790,2021,2021,16,2019
Rocky Mountain Industries LLC,1556179,2021,2024,25,2013
MIOVISION TECHNOLOGIES INCORPORATED,1106851,2014,2023,12,2012
"Avantar, LLC",1303849,2008,2015,13,2012
"Straight Path Communications, Inc.",1574460,2013,2014,13,2013
"XG Health Solutions, Inc.",1471727,2014,2015,30,2012
ATHOME CORP.,1646228,2023,2026,21,2016
GitLab Inc.,1653482,2022,2026,18,2021
"Vitane Pharmaceuticals, Inc.",1157602,2011,2019,20,2014
"Bankrate, LLC",1518222,2018,2022,25,2013
Better Home & Finance Holding Company,1835856,2020,2026,18,2021
"Geo Management, Inc.",1681556,2015,2024,22,2016
"SPX FLOW, Inc.",1641991,2015,2018,21,2015
MI Technologies,1059786,2017,2025,12,2012
"HUMBL, INC.",1119190,2020,2022,14,2022
Vistra Corp.,1692819,2020,2020,10,2018
GrowGeneration Corp.,1604868,2014,2025,47,2016
Big Heart Pet Brands,1259045,2014,2015,22,2013
"Thryv, Inc.",1556739,2019,2026,52,2013
"CQuotient, Inc.",1596946,2011,2012,12,2014
"One Water Marine Holdings, LLC",1772921,2023,2024,10,2020
Vertiv Group Corporation,1674101,2019,2024,18,2018
"BL Technologies, Inc.",1725872,2018,2025,15,2018
"Alteryx, Inc.",1689923,2017,2020,20,2017
Madison Venture Holdings LLC,1575975,2014,2024,34,2013
DataChat Inc.,1648960,2019,2024,11,2021
"L3 Technologies, Inc.",1039101,2017,2019,27,2016
Orion Energy Pte. Limited,1523855,2012,2012,10,2012
MRI Software LLC,1389002,2013,2025,43,2013
Warby Parker Inc.,1504776,2022,2025,26,2021
"KQ ENTERTAINMENT CO., LTD.",1875746,2019,2023,22,2022
"SPARK THERAPEUTICS, INC.",1609351,2013,2017,11,2015
"PROCON, Inc.",812306,2007,2011,18,2012
MNG Acquisition Corp.,1757932,2016,2018,12,2019
CAASTLE INC.,802510,2013,2024,18,2013
"Hostess Brands, LLC",1644406,2013,2025,30,2018
"CrowdStrike, Inc.",1535527,2016,2025,34,2019
"Revolve, Inc.",1746618,2015,2016,10,2019
"C2G INTERNATIONAL, LLC",1552358,2014,2015,11,2013
Delphi Technologies IP Limited,1707092,2018,2022,17,2017
"Truecar, Inc.",1327318,2009,2013,36,2014
"NAVITENT, INC.",1593538,2019,2021,14,2014
CORDIA LLC,837342,2022,2022,20,2021
"JUSHI GROUP CO., LTD.",1909747,2019,2025,15,2022
"ShotSpotter, Inc.",1351636,2018,2024,23,2017
VENT INTERNATIONAL INC.,1539778,2012,2012,14,2012
"ISP ACQUISITION COMPANY, INC.",1849902,2017,2021,10,2022
"ENVISION ENERGY CO., LTD.",1676580,2014,2018,11,2016
"MOLEKULE GROUP, INC.",1872356,2016,2023,10,2021
"Tenable, Inc.",1660280,2020,2026,12,2018
Altair Engineering Inc.,1701732,2018,2025,27,2017
"VERITONE, INC.",1615165,2014,2018,15,2017
"REAL GOOD FOODS, LLC",1871149,2016,2019,15,2021
KYT TECHNOLOGY INC.,906193,2024,2025,10,2012
Elanco Animal Health GmbH,1739104,2022,2025,17,2018
Dynatrace LLC,1773383,2015,2025,20,2019
CAPITA PLC,703339,2014,2019,27,2012
"Clio Technology, LLC",1658304,2019,2020,12,2016
"Magnite, Inc.",1595974,2020,2026,15,2014
"Heron Therapeutics, Inc.",1386858,2014,2023,66,2012
JF Acquisition LLC,1839434,2020,2020,12,2021
"E2open, LLC",1540400,2013,2022,13,2012
"MX TECHNOLOGIES, INC.",1535079,2011,2021,87,2012
Teva Pharmaceutical Industries Limited,818686,2012,2020,100,2017
"LVD Acquisition, LLC",1402366,2009,2022,14,2013
Oncocyte Corporation,1642380,2019,2025,26,2016
"Laird Superfood, Inc.",1650696,2019,2020,13,2020
Zomedica Inc.,1684144,2023,2026,23,2017
"Le-Vel Brands, LLC",1644903,2014,2025,58,2017
"Aukey Technology Co., Ltd",906193,2019,2026,24,2012
BRIGHTCOVE INC.,1313275,2008,2018,23,2012
Assured Inc.,1798270,2018,2024,15,2021
Revol Technologies Inc.,1805385,2016,2025,12,2020
Gigamon Inc.,1484504,2013,2023,14,2013
"Mueller International, LLC",871344,2010,2025,71,2012
"EZRA AI, Inc.",1605331,2018,2025,10,2015
"Revance Therapeutics, Inc",1479290,2017,2019,14,2014
"SKR International, LLC",906192,2013,2021,10,2015
"Snap One, LLC",1856430,2021,2025,12,2021
"ASTRA SPACE, INC.",1814329,2017,2018,12,2021
"AUKEY TECHNOLOGY CO.,LTD",906193,2012,2019,31,2012
"Aukey Technology Co.,Ltd",906193,2019,2021,105,2012
Axalta Coating Systems IP Co. LLC,1616862,2011,2026,55,2016
Amcor Group GmbH,1748790,2016,2018,10,2019
"Meta Platforms, Inc.",1326801,2009,2026,354,2012
"VITAL PHARMACEUTICALS, INC.,",1157602,2010,2012,11,2014
"TUSIMPLE, INC.",1823593,2017,2018,61,2021
Ubiquiti Inc.,1511737,2020,2026,12,2012
Evolent Health LLC,1628908,2014,2024,22,2015
Rocket Lab USA Inc,1819994,2017,2023,14,2021
"ABM International, Inc.",1563536,2012,2024,24,2012
Cosmose Inc.,1706509,2017,2025,21,2017
Cosmoss Group Ltd,1706509,2022,2022,12,2017
SkyX Platforms Corp.,1598981,2023,2026,15,2014
"Nuzee, Inc.",1527613,2021,2023,21,2012
"J.G. Wentworth, LLC",1580185,2012,2016,10,2013
"KINIKSA PHARMACEUTICALS INTERNATIONAL, PLC.",1730430,2015,2021,12,2018
"RAIN Scientific, Inc.",1662382,2023,2025,31,2016
BNSF Railway Company,15511,2008,2026,51,2013
"Advent, LLC",1520007,2015,2024,15,2012
"Edison Nation, Inc.",1717556,2019,2020,11,2018
SNAP,1564408,2021,2022,10,2017
New World Products LLC,1622244,2017,2021,11,2015
"Lifecore Biomedical, LLC",1005286,2010,2025,36,2012
"HEALTHCARE CO., LTD",1561032,2020,2024,12,2013
"Freshworks, Inc.",1544522,2017,2021,32,2021
"Youngevity International, Inc.",1569329,2014,2025,24,2013
GrubHub Holdings Inc.,1594109,2015,2022,47,2014
Nuvectra Corporation,1648893,2016,2017,19,2016
PC International Pte Ltd.,1086745,2023,2025,13,2012
WRT Technologies Limited,924396,2018,2018,10,2021
"Animal Pharmaceuticals, Inc.",1513525,2016,2019,11,2018
"DERMTECH, LLC",1651944,2020,2023,19,2017
"Axiom, LLC",1584584,2011,2014,11,2014
BEONE MEDICINES I GMBH,1651308,2016,2026,109,2016
"SAGE THERAPEUTICS, LLC",1597553,2017,2025,12,2014
"SERES THERAPEUTICS, INC.",1609809,2012,2014,21,2015
Flo Free LLC,1543652,2019,2022,11,2012
"COHERUS BIOSCIENCES, INC.",1512762,2019,2021,12,2014
"Vertical Pharmaceuticals, LLC",1660334,2014,2024,31,2018
"MVP Group International, Inc",1575420,2016,2024,18,2014
"Allay Pharmaceuticals, LLC",1624658,2019,2021,26,2017
"AGE International, Inc.",1578523,2021,2021,14,2013
Tricon International Ltd.,1660734,2014,2023,21,2016
"PARAGON 28, INC.",1531978,2016,2017,16,2021
"CDK Global, LLC",1609702,2014,2025,41,2015
"Reshape Lifesciences, Inc.",1427570,2021,2022,12,2016
"Ubiquity6, Inc.",1538329,2018,2021,19,2012
"PTC THERAPEUTICS, INC.",1070081,2015,2024,36,2013
"BEYOND AIR, INC.",1641631,2019,2024,10,2016
"Pylon Technologies Co., Ltd.",1464766,2012,2025,27,2012
"ABC Financial Services, Inc.",1605301,2010,2022,21,2014
"First Foundation, Inc.",1413837,2011,2016,17,2014
"DATCHAT, INC.",1648960,2021,2022,14,2021
INSIGHT MOLECULAR DIAGNOSTICS INC.,1642380,2022,2023,12,2016
MARA Group Ltd.,1507605,2009,2009,27,2012
"Espen Technology, Inc",1897982,2023,2024,13,2022
Premier Brands Inc.,1502777,2014,2020,22,2012
Nextcell Medical Company,1492448,2011,2022,16,2012
"Cars.com, LLC",1683606,2017,2025,23,2017
"Cricut, Inc.",1828962,2018,2023,16,2021
VERTIV GROUP CORPORATION,1674101,2016,2024,39,2018
"API Group Holding, Inc",1796209,2024,2025,15,2020
"NSI Industries, LLC",763532,2020,2026,38,2012
NCS MULTISTAGE LLC,1692427,2016,2019,21,2017
"Dyno Therapeutics, Inc.",1818794,2018,2025,22,2020
UT Brands LLC,1739566,2019,2024,25,2019
"DERMTECH, INC.",1651944,2017,2017,16,2017
BeOne Medicines I GmbH,1651308,2018,2026,19,2016
Era Group Inc.,1525221,2011,2016,10,2013
"Cellarity, Inc.",1752828,2019,2025,53,2019
"AmericaFinance, Inc.",1568162,2021,2022,29,2013
"Liquid Holding Company, Inc",1562594,2010,2011,16,2013
"SIDUS SPACE, INC.",1879726,2016,2021,18,2021
"Progyny, Inc.",1551306,2015,2025,22,2019
"GAUCHO GROUP, INC.",1559998,2017,2018,11,2014
Chase Corporation Pty Limited,830524,2009,2018,14,2012
Snowflake Inc.,1640147,2019,2022,56,2020
ARCHAEA ENERGY,1823766,2023,2025,13,2021
"FGI Industries, Inc.",1864943,2025,2026,32,2022
Resolute Forest Products Inc.,1393066,2011,2020,21,2013
VeriTX Corp.,1501570,2021,2025,16,2014
"OneGevity Health, LLC",1842939,2019,2020,17,2021
"William Lyon Homes, Inc.",1095996,2014,2019,12,2015
"BAZAARVOICE, INC.",1330421,2012,2022,11,2013
Zeta Global Corp.,1851003,2019,2025,30,2021
"TUMI, Inc.",1535031,2020,2025,35,2012
"Vivos Therapeutics, Inc.",1716166,2020,2021,11,2020
"KYC Technology Holding Co., Ltd.",906193,2017,2020,10,2012
COMPANY BOX LLC,1372612,2015,2022,25,2015
"SWS HOLDINGS, INC.",878520,2007,2015,17,2012
"VARONIS SYSTEMS, INC.",1361113,2020,2024,15,2014
"Corebridge Financial, Inc.",1889539,2023,2025,12,2022
"Milestone Pharmaceuticals USA, Inc.",1408443,2019,2023,11,2019
EBM TECHNOLOGIES INCORPORATED,1725872,2017,2025,32,2018
Santander Consumer USA Inc.,1580608,2010,2023,15,2014
Compass Holdings Inc.,1563190,2017,2017,20,2021
"Santander Consumer USA, Inc.",1580608,2011,2012,13,2014
"Worldpay, LLC",1533932,2012,2025,65,2012
"C3.ai, Inc.",1577526,2019,2025,31,2021
RGA International Corporation,906192,2014,2016,10,2015
"Tecnoglass, Inc.",1534675,2023,2023,12,2012
"Olaplex, Inc.",1868726,2021,2026,14,2021
"Bridgebio Pharma, Inc.",1743881,2020,2025,20,2019
"Entegra Technologies, Inc.",1018281,2016,2016,10,2012
"SPHERE ENTERTAINMENT GROUP, LLC",1795250,2019,2023,15,2020
"Zeo ScientifiX, Inc.",1557376,2024,2025,11,2012
"Toast Holdings, Inc.",1650164,2016,2020,16,2021
Sens.AI Inc.,1819142,2018,2023,12,2021
One World Ventures LLC,1763657,2022,2025,28,2022
ChampionX LLC,1723089,2023,2025,28,2018
F45 Training Incorporated,1788717,2021,2023,30,2021
"America Finance, Inc",1568162,2022,2023,18,2013
"HB Global Enterprises, Inc.",1537917,2020,2021,13,2012
"Luse Enterprises, Inc.",1636051,2016,2021,20,2016
"Franklin Covey, Co.",886206,2008,2016,72,2012
"Regalo International, LLC",1603494,2010,2026,34,2014
FORTE INDUSTRIES INC.,851249,2025,2025,10,2012
IQVIA Inc.,1478242,2010,2026,24,2013
"Ring Therapeutics, Inc.",1420565,2019,2025,20,2017
"Two Foundation, Inc.",1843988,2023,2026,10,2021
Grubhub Holdings Inc.,1594109,2023,2026,35,2014
"EyePoint Pharmaceuticals US, Inc.",1314102,2019,2023,19,2012
