cls,class_name,year,n_filings,n_unique_owners,top10_count,top10_share,hhi
001,Chemicals & Industrial,1985,1716,1165,149,0.08682983682983683,21.65278389054613
001,Chemicals & Industrial,1986,1739,1220,84,0.048303622771707876,13.018658975616384
001,Chemicals & Industrial,1987,1795,1241,105,0.0584958217270195,14.590203365895674
001,Chemicals & Industrial,1988,1947,1344,112,0.05752439650744735,13.086916275655144
001,Chemicals & Industrial,1989,2279,1516,107,0.04695041684949539,11.057327322881083
001,Chemicals & Industrial,1990,2855,1960,128,0.04483362521891419,9.192708892439905
001,Chemicals & Industrial,1991,2653,1795,113,0.042593290614398795,9.469469591778484
001,Chemicals & Industrial,1992,2554,1695,118,0.04620203602192639,10.605686168578595
001,Chemicals & Industrial,1993,2785,1823,123,0.04416517055655296,9.957163439688768
001,Chemicals & Industrial,1994,2752,1871,136,0.04941860465116279,11.041124425365064
001,Chemicals & Industrial,1995,3094,2003,211,0.06819650937297995,15.289095102015743
001,Chemicals & Industrial,1996,2982,2003,132,0.04426559356136821,9.084239395685534
001,Chemicals & Industrial,1997,3431,2210,140,0.040804430195278345,8.51274503449399
001,Chemicals & Industrial,1998,3713,2402,167,0.04497710746027471,8.53959443563421
001,Chemicals & Industrial,1999,3972,2609,172,0.0433031218529708,7.616254364641108
001,Chemicals & Industrial,2000,4032,2597,200,0.0496031746031746,8.54153872197027
001,Chemicals & Industrial,2001,4115,2522,189,0.04592952612393682,8.573086343564206
001,Chemicals & Industrial,2002,3855,2490,125,0.0324254215304799,7.145536731147413
001,Chemicals & Industrial,2003,3934,2546,142,0.03609557702084393,7.328598540896836
001,Chemicals & Industrial,2004,4196,2658,210,0.05004766444232602,8.45600830969801
001,Chemicals & Industrial,2005,4263,2713,180,0.0422237860661506,7.809865191921123
001,Chemicals & Industrial,2006,4502,2810,160,0.03553976010661928,6.717977754494226
001,Chemicals & Industrial,2007,4810,2965,170,0.035343035343035345,6.591430707854825
001,Chemicals & Industrial,2008,4947,3020,275,0.05558924600768142,10.834473476256855
001,Chemicals & Industrial,2009,4412,2801,173,0.03921124206708976,7.067800747816266
001,Chemicals & Industrial,2010,4821,3031,232,0.04812279610039411,7.4025340545608715
001,Chemicals & Industrial,2011,5120,3131,196,0.03828125,6.745147705078127
001,Chemicals & Industrial,2012,5170,3198,191,0.03694390715667312,6.640752144682348
001,Chemicals & Industrial,2013,5177,3276,177,0.03418968514583736,5.863515201055887
001,Chemicals & Industrial,2014,5778,3547,213,0.03686396677050883,6.238077830938927
001,Chemicals & Industrial,2015,5798,3522,212,0.03656433252845809,6.123128183155067
001,Chemicals & Industrial,2016,5726,3435,225,0.03929444638491093,6.692271064366947
001,Chemicals & Industrial,2017,6280,3683,237,0.03773885350318471,6.313136435555196
001,Chemicals & Industrial,2018,6018,3697,228,0.03788634097706879,5.911698823988871
001,Chemicals & Industrial,2019,6967,3955,460,0.06602554901679346,14.272826587248064
001,Chemicals & Industrial,2020,7276,4239,260,0.035733919736118745,5.607461524117334
001,Chemicals & Industrial,2021,7455,4381,292,0.03916834339369551,5.543837583965677
001,Chemicals & Industrial,2022,6838,4085,234,0.034220532319391636,5.17855204314345
001,Chemicals & Industrial,2023,6649,4071,230,0.03459166791998797,5.480985734168777
001,Chemicals & Industrial,2024,6809,4212,188,0.027610515494198854,4.7117840824782435
001,Chemicals & Industrial,2025,6834,4248,234,0.03424056189640035,5.07627299300293
002,Paints & Coatings,1985,546,334,133,0.24358974358974358,129.74815172617372
002,Paints & Coatings,1986,456,327,55,0.1206140350877193,45.87950138504155
002,Paints & Coatings,1987,440,318,59,0.1340909090909091,47.72727272727272
002,Paints & Coatings,1988,475,344,58,0.12210526315789473,45.16343490304709
002,Paints & Coatings,1989,611,424,91,0.14893617021276595,54.99288815791236
002,Paints & Coatings,1990,760,515,101,0.13289473684210526,40.82409972299169
002,Paints & Coatings,1991,719,470,112,0.15577190542420027,47.79857668179998
002,Paints & Coatings,1992,774,522,86,0.1111111111111111,37.52445432632921
002,Paints & Coatings,1993,876,561,113,0.12899543378995434,37.295927941452426
002,Paints & Coatings,1994,785,515,105,0.1337579617834395,39.904255750740376
002,Paints & Coatings,1995,1032,604,198,0.19186046511627908,89.78201430202512
002,Paints & Coatings,1996,919,617,117,0.12731229597388466,37.14355742214003
002,Paints & Coatings,1997,953,629,104,0.10912906610703044,31.061132404545653
002,Paints & Coatings,1998,1098,729,141,0.1284153005464481,36.79483478820575
002,Paints & Coatings,1999,1206,791,126,0.1044776119402985,28.643405416257572
002,Paints & Coatings,2000,1227,815,126,0.10268948655256724,25.459489654466964
002,Paints & Coatings,2001,1108,766,119,0.10740072202166065,27.89036739694249
002,Paints & Coatings,2002,1129,746,119,0.1054030115146147,27.84313387063495
002,Paints & Coatings,2003,1301,857,123,0.09454265949269793,24.18171795951911
002,Paints & Coatings,2004,1400,842,179,0.12785714285714286,33.37755102040816
002,Paints & Coatings,2005,1441,916,135,0.0936849410131853,23.98769841862266
002,Paints & Coatings,2006,1353,886,106,0.07834441980783444,20.42489685126644
002,Paints & Coatings,2007,1451,922,128,0.08821502412129566,21.634833459279243
002,Paints & Coatings,2008,1469,958,153,0.10415248468345814,24.944843766870665
002,Paints & Coatings,2009,1220,794,128,0.10491803278688525,27.15667831228165
002,Paints & Coatings,2010,1316,841,159,0.12082066869300911,31.203518075405803
002,Paints & Coatings,2011,1467,926,150,0.10224948875255624,24.66905411439768
002,Paints & Coatings,2012,1308,878,124,0.09480122324159021,23.41506981267944
002,Paints & Coatings,2013,1346,865,110,0.08172362555720654,22.696714054520683
002,Paints & Coatings,2014,1595,1008,205,0.12852664576802508,31.62311691119388
002,Paints & Coatings,2015,1590,1023,168,0.10566037735849057,25.204699181203267
002,Paints & Coatings,2016,1623,1074,169,0.10412815773259396,23.176541467786887
002,Paints & Coatings,2017,1746,1126,190,0.10882016036655212,24.779269651200778
002,Paints & Coatings,2018,1668,1125,172,0.10311750599520383,22.773148387764603
002,Paints & Coatings,2019,2072,1282,337,0.16264478764478765,109.22429600035777
002,Paints & Coatings,2020,2190,1425,213,0.09726027397260274,19.80776047205021
002,Paints & Coatings,2021,2158,1445,265,0.12279888785912882,26.63108411402794
002,Paints & Coatings,2022,1743,1194,166,0.09523809523809523,20.76003382433924
002,Paints & Coatings,2023,1888,1386,179,0.0948093220338983,20.34481829933927
002,Paints & Coatings,2024,2004,1471,124,0.06187624750499002,12.529830558443992
002,Paints & Coatings,2025,2013,1462,116,0.057625434674615006,12.277375400680477
003,Cosmetics & Cleaning,1985,2742,1665,247,0.09008023340627279,18.891905422365227
003,Cosmetics & Cleaning,1986,2721,1706,193,0.07092980521866961,14.401984051251235
003,Cosmetics & Cleaning,1987,2821,1746,235,0.08330379298121234,15.992629341819175
003,Cosmetics & Cleaning,1988,3079,1845,261,0.08476778174732055,16.54915734737123
003,Cosmetics & Cleaning,1989,3519,2019,303,0.08610400682011936,17.26914042157053
003,Cosmetics & Cleaning,1990,4552,2825,239,0.05250439367311072,9.566277284787235
003,Cosmetics & Cleaning,1991,4362,2560,332,0.0761118752865658,13.695243465038502
003,Cosmetics & Cleaning,1992,4514,2584,308,0.06823216659282233,12.473378249796973
003,Cosmetics & Cleaning,1993,4782,2924,234,0.04893350062735257,8.82736583112365
003,Cosmetics & Cleaning,1994,5401,3085,293,0.05424921310868358,9.701824780197155
003,Cosmetics & Cleaning,1995,6079,3276,411,0.0676098042441191,11.986445615267812
003,Cosmetics & Cleaning,1996,6245,3420,391,0.06261008807045637,10.683839305231215
003,Cosmetics & Cleaning,1997,6994,3756,493,0.07048899056334,11.12723034221334
003,Cosmetics & Cleaning,1998,7275,4052,457,0.06281786941580755,10.047495896364001
003,Cosmetics & Cleaning,1999,8501,4661,591,0.06952123279614163,10.986895664869227
003,Cosmetics & Cleaning,2000,8394,4652,549,0.06540385989992852,10.159917146986947
003,Cosmetics & Cleaning,2001,8549,4403,681,0.07965843958357703,14.211456539726722
003,Cosmetics & Cleaning,2002,9029,4740,702,0.07774947391737734,12.200139099666556
003,Cosmetics & Cleaning,2003,9937,5311,806,0.08111099929556204,12.047621865392099
003,Cosmetics & Cleaning,2004,11053,5970,874,0.07907355469103411,10.957052057370877
003,Cosmetics & Cleaning,2005,12113,6324,861,0.07108065714521589,10.213204016017226
003,Cosmetics & Cleaning,2006,11728,6522,754,0.0642905866302865,8.44546649940721
003,Cosmetics & Cleaning,2007,12638,7037,849,0.06717835100490584,8.951218115229892
003,Cosmetics & Cleaning,2008,12026,6835,712,0.05920505571262265,7.181347116725778
003,Cosmetics & Cleaning,2009,10868,6201,666,0.06128082443871918,7.840937707470067
003,Cosmetics & Cleaning,2010,11468,6572,774,0.06749215207534008,8.469146460407442
003,Cosmetics & Cleaning,2011,12351,6956,849,0.06873937333009474,8.539193059333812
003,Cosmetics & Cleaning,2012,12618,7391,802,0.063559993659851,7.814643146412247
003,Cosmetics & Cleaning,2013,13096,7654,815,0.062232742822235794,7.62087609043914
003,Cosmetics & Cleaning,2014,13915,8141,708,0.0508803449514912,5.7904563782288365
003,Cosmetics & Cleaning,2015,15359,9222,673,0.04381795689823556,4.712315697673869
003,Cosmetics & Cleaning,2016,16385,10118,662,0.040402807445834604,4.036641580209353
003,Cosmetics & Cleaning,2017,19431,12397,675,0.03473830477072719,3.31734697387973
003,Cosmetics & Cleaning,2018,22309,14458,596,0.026715675288000357,2.3411089891651167
003,Cosmetics & Cleaning,2019,25522,16594,821,0.0321683253663506,2.6551321133178236
003,Cosmetics & Cleaning,2020,33800,24283,742,0.02195266272189349,1.3574629739855046
003,Cosmetics & Cleaning,2021,29229,20888,632,0.02162236135345034,1.4897795745074032
003,Cosmetics & Cleaning,2022,22580,15865,575,0.02546501328609389,2.0320231343570465
003,Cosmetics & Cleaning,2023,23879,17197,641,0.02684367017044265,2.003431594547143
003,Cosmetics & Cleaning,2024,29337,21140,766,0.02611037256706548,1.8333497434221868
003,Cosmetics & Cleaning,2025,33224,23401,754,0.022694437755839153,1.5640573897215513
004,Lubricants & Fuels,1985,416,263,117,0.28125,188.26275887573965
004,Lubricants & Fuels,1986,372,276,50,0.13440860215053763,53.61891548155857
004,Lubricants & Fuels,1987,362,280,37,0.10220994475138122,45.633527670095525
004,Lubricants & Fuels,1988,371,292,47,0.12668463611859837,47.87817583423544
004,Lubricants & Fuels,1989,464,343,51,0.10991379310344827,41.524227110582636
004,Lubricants & Fuels,1990,578,411,73,0.12629757785467127,42.74374109505393
004,Lubricants & Fuels,1991,573,404,85,0.14834205933682373,51.80779035662398
004,Lubricants & Fuels,1992,564,388,75,0.13297872340425532,45.52084905185856
004,Lubricants & Fuels,1993,627,432,78,0.12440191387559808,40.16493313899509
004,Lubricants & Fuels,1994,664,473,77,0.11596385542168675,39.32900275802004
004,Lubricants & Fuels,1995,813,522,148,0.1820418204182042,116.41998338802578
004,Lubricants & Fuels,1996,923,588,99,0.10725893824485373,32.127090403073495
004,Lubricants & Fuels,1997,1004,657,97,0.09661354581673307,27.955905461818066
004,Lubricants & Fuels,1998,1204,804,118,0.09800664451827243,24.392666747607645
004,Lubricants & Fuels,1999,1347,918,98,0.07275426874536006,19.493950922862485
004,Lubricants & Fuels,2000,1314,845,141,0.10730593607305935,31.27541127165821
004,Lubricants & Fuels,2001,1238,767,190,0.15347334410339256,78.60925302940538
004,Lubricants & Fuels,2002,1259,835,125,0.09928514694201747,33.41785057041249
004,Lubricants & Fuels,2003,1140,798,94,0.0824561403508772,21.714373653431824
004,Lubricants & Fuels,2004,1403,890,181,0.12900926585887385,36.877498527999
004,Lubricants & Fuels,2005,1514,986,166,0.1096433289299868,25.62608084125442
004,Lubricants & Fuels,2006,1683,1090,167,0.0992275698158051,22.330183806539054
004,Lubricants & Fuels,2007,1691,1144,139,0.08219988172678888,19.076888428354657
004,Lubricants & Fuels,2008,1780,1175,200,0.11235955056179775,34.288599924252
004,Lubricants & Fuels,2009,1566,993,138,0.08812260536398467,21.652647494898783
004,Lubricants & Fuels,2010,1667,1087,192,0.11517696460707859,28.640942477371347
004,Lubricants & Fuels,2011,1830,1102,215,0.11748633879781421,26.59380692167577
004,Lubricants & Fuels,2012,1630,1125,148,0.09079754601226994,20.429824231246947
004,Lubricants & Fuels,2013,1696,1175,144,0.08490566037735849,28.417308205767174
004,Lubricants & Fuels,2014,1894,1219,175,0.09239704329461457,24.581599872436602
004,Lubricants & Fuels,2015,1958,1320,198,0.10112359550561797,21.46193662416362
004,Lubricants & Fuels,2016,2145,1387,195,0.09090909090909091,18.706701224183746
004,Lubricants & Fuels,2017,2378,1560,206,0.08662741799831791,17.49991688600509
004,Lubricants & Fuels,2018,2420,1620,195,0.08057851239669421,14.756505703162356
004,Lubricants & Fuels,2019,2879,1804,437,0.15178881556095866,65.63319608123938
004,Lubricants & Fuels,2020,3847,2838,231,0.06004678970626462,10.271356106179645
004,Lubricants & Fuels,2021,4721,3428,269,0.05697945350561322,7.522935936235366
004,Lubricants & Fuels,2022,3721,2741,203,0.05455522708949207,8.280464870281264
004,Lubricants & Fuels,2023,3762,2823,176,0.04678362573099415,7.876973376847465
004,Lubricants & Fuels,2024,3688,2765,135,0.036605206073752714,6.244971085210403
004,Lubricants & Fuels,2025,3493,2636,135,0.03864872602347552,6.6166441918231795
005,Pharmaceuticals,1985,2317,1298,212,0.09149762624082866,22.507264148254748
005,Pharmaceuticals,1986,2594,1399,242,0.09329221279876639,22.693375198919995
005,Pharmaceuticals,1987,2618,1378,247,0.09434682964094729,22.64396278686487
005,Pharmaceuticals,1988,2691,1506,261,0.09698996655518395,21.273272691042067
005,Pharmaceuticals,1989,3220,1716,332,0.1031055900621118,22.018826434165344
005,Pharmaceuticals,1990,3818,2261,225,0.05893137768465165,10.976102007501618
005,Pharmaceuticals,1991,3962,2231,251,0.06335184250378596,12.15484508178529
005,Pharmaceuticals,1992,4593,2362,378,0.08229915088177661,16.4512596886685
005,Pharmaceuticals,1993,5024,2668,315,0.06269904458598727,11.796878169499779
005,Pharmaceuticals,1994,5142,2833,307,0.05970439517697394,10.080875443889079
005,Pharmaceuticals,1995,6257,3261,361,0.05769538117308615,10.294495416851202
005,Pharmaceuticals,1996,7604,3796,396,0.05207785376117833,8.89990898779429
005,Pharmaceuticals,1997,9123,4319,489,0.05360078921407432,9.371118133412159
005,Pharmaceuticals,1998,9847,4806,596,0.06052604854270336,9.480380377302946
005,Pharmaceuticals,1999,10937,5639,578,0.05284813020023772,7.246319321806909
005,Pharmaceuticals,2000,11077,5683,550,0.04965243296921549,6.739938700372027
005,Pharmaceuticals,2001,10683,5257,689,0.0644949920434335,9.649381222969192
005,Pharmaceuticals,2002,11130,5537,785,0.07053009883198562,9.66055818316409
005,Pharmaceuticals,2003,11368,5786,546,0.0480295566502463,6.732108747791869
005,Pharmaceuticals,2004,12821,6294,1051,0.08197488495437173,16.559450297865517
005,Pharmaceuticals,2005,13196,6534,830,0.06289784783267657,8.963420533710005
005,Pharmaceuticals,2006,14107,6947,888,0.06294747288580138,8.447070742563008
005,Pharmaceuticals,2007,14540,7339,909,0.06251719394773039,8.924392039036649
005,Pharmaceuticals,2008,14590,7331,1156,0.0792323509252913,11.090341859583472
005,Pharmaceuticals,2009,13999,7021,1113,0.0795056789770698,14.199528431615086
005,Pharmaceuticals,2010,14627,7348,1101,0.07527175770834757,10.80457775549065
005,Pharmaceuticals,2011,15566,7832,1121,0.07201593215983554,9.697633296089752
005,Pharmaceuticals,2012,14937,7769,971,0.06500636004552454,8.286661782257122
005,Pharmaceuticals,2013,15863,8139,1177,0.07419781882367774,10.752051517968091
005,Pharmaceuticals,2014,16592,8536,1225,0.07383076181292189,11.231609800914848
005,Pharmaceuticals,2015,17594,9397,999,0.05678072070023872,6.440405416352462
005,Pharmaceuticals,2016,18310,9775,1070,0.05843801201529219,7.07101227986605
005,Pharmaceuticals,2017,20354,11191,796,0.0391077920801808,4.074824607107242
005,Pharmaceuticals,2018,22591,12994,691,0.03058740206276836,2.942216805303541
005,Pharmaceuticals,2019,25559,14517,1118,0.043741930435463046,3.838809166204051
005,Pharmaceuticals,2020,31433,19133,884,0.028123309897241752,2.0689480900783517
005,Pharmaceuticals,2021,26474,15707,842,0.03180478960489537,2.710249757261189
005,Pharmaceuticals,2022,22404,12881,968,0.04320657025531155,4.172855862292298
005,Pharmaceuticals,2023,22667,13701,773,0.034102439670004855,2.8862408019819825
005,Pharmaceuticals,2024,28309,18038,704,0.02486841640467696,1.8841414747559586
005,Pharmaceuticals,2025,33286,20754,1081,0.032476116084840474,2.2920187115141704
006,Common Metals,1985,1145,842,119,0.10393013100436681,33.53864342785226
006,Common Metals,1986,1074,840,69,0.06424581005586592,17.512284607568777
006,Common Metals,1987,970,800,52,0.05360824742268041,16.027207992347755
006,Common Metals,1988,1171,907,82,0.07002561912894961,17.97641698286442
006,Common Metals,1989,1323,1021,73,0.05517762660619804,14.745799218318387
006,Common Metals,1990,1703,1347,64,0.037580739870816206,9.954455006518494
006,Common Metals,1991,1619,1266,74,0.04570722668313774,11.517796884662943
006,Common Metals,1992,1730,1311,87,0.050289017341040465,12.008419927160949
006,Common Metals,1993,1954,1446,126,0.06448311156601842,14.143100942978158
006,Common Metals,1994,1918,1464,86,0.04483837330552659,10.17744196085382
006,Common Metals,1995,2162,1601,163,0.0753931544865865,21.470851756990008
006,Common Metals,1996,2335,1743,116,0.04967880085653105,9.465860268055705
006,Common Metals,1997,2838,2029,156,0.05496828752642706,9.818426161412543
006,Common Metals,1998,2971,2241,102,0.03433187478963312,6.744202144345866
006,Common Metals,1999,2970,2239,83,0.027946127946127945,6.516341869877223
006,Common Metals,2000,3080,2287,109,0.03538961038961039,6.900404790015181
006,Common Metals,2001,2800,2086,94,0.03357142857142857,7.181122448979591
006,Common Metals,2002,2898,2141,100,0.03450655624568668,7.3347269314503105
006,Common Metals,2003,2942,2113,107,0.03636981645139361,7.720068156578973
006,Common Metals,2004,3178,2346,137,0.043108873505349275,7.610139089500227
006,Common Metals,2005,3702,2627,115,0.031064289573203674,6.073782594774796
006,Common Metals,2006,3688,2638,116,0.031453362255965296,6.075870149302893
006,Common Metals,2007,4024,2848,161,0.04000994035785288,6.321415443719394
006,Common Metals,2008,3893,2799,123,0.03159517081941947,5.660670297527971
006,Common Metals,2009,3523,2567,138,0.03917116094237866,6.472208218665081
006,Common Metals,2010,3695,2657,122,0.03301759133964818,6.203020942245399
006,Common Metals,2011,3809,2716,125,0.03281701233919664,6.013723972895578
006,Common Metals,2012,3621,2619,124,0.03424468378900856,6.164750850027087
006,Common Metals,2013,3928,2841,97,0.02469450101832994,5.183683077471886
006,Common Metals,2014,4117,2924,145,0.03521982025746903,5.922822536743889
006,Common Metals,2015,4087,2956,109,0.02666992904330805,5.30245961207452
006,Common Metals,2016,4555,3225,164,0.036004390779363335,5.686806334578834
006,Common Metals,2017,4939,3527,181,0.036647094553553354,5.378843186736456
006,Common Metals,2018,5017,3652,190,0.03787123779150887,5.208919134778309
006,Common Metals,2019,5744,4070,350,0.06093314763231198,16.41351809033139
006,Common Metals,2020,6961,5380,141,0.02025571038643873,2.907202256684021
006,Common Metals,2021,7827,6044,233,0.02976874920148205,3.150243603984459
006,Common Metals,2022,6873,5217,164,0.02386148697802997,3.1874674799249556
006,Common Metals,2023,7252,5664,180,0.024820739106453393,3.197094344364063
006,Common Metals,2024,8440,6713,156,0.01848341232227488,2.301722782507132
006,Common Metals,2025,7542,5958,142,0.01882789710952002,2.6212267256690565
007,Machines & Power Tools,1985,1948,1548,119,0.061088295687885014,14.288334478789388
007,Machines & Power Tools,1986,1958,1543,71,0.03626149131767109,8.89465287899829
007,Machines & Power Tools,1987,1996,1554,91,0.045591182364729456,9.628475387649043
007,Machines & Power Tools,1988,2091,1652,74,0.03538976566236251,8.345758198066411
007,Machines & Power Tools,1989,2318,1792,76,0.03278688524590164,7.853903985837665
007,Machines & Power Tools,1990,2910,2246,97,0.03333333333333333,6.525666914656181
007,Machines & Power Tools,1991,2621,2037,96,0.03662724151087371,7.448715296767327
007,Machines & Power Tools,1992,2749,2047,106,0.038559476173153875,7.731903171641768
007,Machines & Power Tools,1993,2797,2178,90,0.03217733285663211,6.602150089560435
007,Machines & Power Tools,1994,3041,2317,95,0.031239723775073988,6.324828894941339
007,Machines & Power Tools,1995,3452,2505,193,0.05590961761297798,11.078938570214389
007,Machines & Power Tools,1996,3858,2746,147,0.038102643856920686,6.468619937270242
007,Machines & Power Tools,1997,4173,2936,153,0.03666427030913012,6.431058723163508
007,Machines & Power Tools,1998,4503,3231,177,0.03930712858094604,6.167083123551408
007,Machines & Power Tools,1999,4856,3481,131,0.02697693574958814,4.836999150493013
007,Machines & Power Tools,2000,5049,3514,185,0.03664091899386017,5.467903945179585
007,Machines & Power Tools,2001,4830,3374,179,0.03706004140786749,5.778240722880205
007,Machines & Power Tools,2002,4689,3282,154,0.032842823629771804,5.531975413705389
007,Machines & Power Tools,2003,4720,3312,165,0.034957627118644065,5.534508761850042
007,Machines & Power Tools,2004,5145,3575,201,0.03906705539358601,5.827126074641992
007,Machines & Power Tools,2005,5427,3723,202,0.03722130090289294,5.603971081539935
007,Machines & Power Tools,2006,5840,3968,175,0.029965753424657533,4.680756239444549
007,Machines & Power Tools,2007,6341,4152,241,0.03800662356095253,5.372773832335681
007,Machines & Power Tools,2008,6334,4201,163,0.02573413324913167,4.347007230089985
007,Machines & Power Tools,2009,5463,3703,247,0.0452132527915065,6.863271258976862
007,Machines & Power Tools,2010,5775,3926,171,0.02961038961038961,4.787016735068683
007,Machines & Power Tools,2011,5947,4092,186,0.03127627375147133,4.559359596168261
007,Machines & Power Tools,2012,6102,4107,150,0.024582104228121928,4.338460741845097
007,Machines & Power Tools,2013,6443,4332,180,0.02793729629054788,4.272714783532928
007,Machines & Power Tools,2014,6416,4405,162,0.02524937655860349,3.99367852189974
007,Machines & Power Tools,2015,7148,4932,172,0.024062674874090653,3.5781176556796295
007,Machines & Power Tools,2016,7637,5158,326,0.04268691894723059,7.231185625195108
007,Machines & Power Tools,2017,8733,5995,265,0.030344669643879538,3.4103325826248425
007,Machines & Power Tools,2018,9186,6324,259,0.028195079468756802,3.2492482217541636
007,Machines & Power Tools,2019,9534,6702,384,0.040276903713027064,7.060506931592006
007,Machines & Power Tools,2020,11536,8483,291,0.025225381414701802,2.4686033806490832
007,Machines & Power Tools,2021,12722,9452,275,0.02161609809778337,2.020027471978189
007,Machines & Power Tools,2022,10848,7875,217,0.02000368731563422,2.3754429673427837
007,Machines & Power Tools,2023,11476,8609,234,0.02039037992331823,2.2170323238726595
007,Machines & Power Tools,2024,13449,10359,201,0.014945349096587107,1.6230492027501267
007,Machines & Power Tools,2025,13525,10258,183,0.013530499075785582,1.5642969649550194
008,Hand Tools,1985,688,482,126,0.18313953488372092,79.13906165494862
008,Hand Tools,1986,604,483,49,0.08112582781456953,28.014122187623357
008,Hand Tools,1987,622,467,61,0.09807073954983923,34.48061951385945
008,Hand Tools,1988,597,479,37,0.06197654941373534,25.56052176011267
008,Hand Tools,1989,717,573,59,0.08228730822873083,25.42361342102243
008,Hand Tools,1990,942,706,90,0.09554140127388536,25.626462195897062
008,Hand Tools,1991,916,693,81,0.08842794759825327,23.907820217005778
008,Hand Tools,1992,996,699,79,0.07931726907630522,22.842373510104668
008,Hand Tools,1993,1040,718,91,0.0875,25.5362426035503
008,Hand Tools,1994,1099,811,77,0.07006369426751592,19.16706477308762
008,Hand Tools,1995,1357,915,171,0.1260132645541636,49.28184272276887
008,Hand Tools,1996,1421,945,126,0.08866995073891626,22.65702806153401
008,Hand Tools,1997,1461,1015,87,0.059548254620123205,16.326848037569082
008,Hand Tools,1998,1581,1109,90,0.056925996204933584,14.798598633920117
008,Hand Tools,1999,1702,1262,84,0.04935370152761457,12.040856060679285
008,Hand Tools,2000,1680,1221,99,0.05892857142857143,13.874716553287984
008,Hand Tools,2001,1505,1065,99,0.06578073089700996,16.110197459189195
008,Hand Tools,2002,1659,1204,88,0.05304400241109102,13.141826724814795
008,Hand Tools,2003,1854,1296,103,0.05555555555555555,12.981058477021024
008,Hand Tools,2004,2076,1423,137,0.06599229287090559,14.260601943117232
008,Hand Tools,2005,2021,1375,121,0.05987135081642751,13.531839485501202
008,Hand Tools,2006,2199,1538,125,0.056844020009095046,11.897176793536106
008,Hand Tools,2007,2213,1551,131,0.05919566199728875,12.514882991255101
008,Hand Tools,2008,2019,1404,140,0.06934125804853888,14.299518614764493
008,Hand Tools,2009,1801,1286,98,0.05441421432537479,12.86533084679651
008,Hand Tools,2010,2041,1417,147,0.0720235178833905,14.554643046359049
008,Hand Tools,2011,2157,1464,130,0.0602688919796013,12.996897036505443
008,Hand Tools,2012,2168,1525,124,0.05719557195571956,11.786672294767225
008,Hand Tools,2013,2414,1660,138,0.05716652858326429,11.785710118207174
008,Hand Tools,2014,2587,1834,113,0.04367993815229996,9.193778950952916
008,Hand Tools,2015,3044,2151,139,0.04566360052562418,8.601397635381897
008,Hand Tools,2016,3798,2745,175,0.04607688256977357,7.5037414719811775
008,Hand Tools,2017,4572,3441,204,0.04461942257217848,6.013437952801831
008,Hand Tools,2018,5014,3859,209,0.04168328679696849,5.221916328735066
008,Hand Tools,2019,5581,4205,379,0.06790897688586275,17.294773096358973
008,Hand Tools,2020,10053,8278,213,0.02118770516263802,2.033290010769442
008,Hand Tools,2021,9340,7612,250,0.02676659528907923,2.474219240768677
008,Hand Tools,2022,6221,5079,170,0.027326796334994373,3.3412710591999795
008,Hand Tools,2023,6722,5518,180,0.02677774471883368,3.2603535257186835
008,Hand Tools,2024,7942,6567,202,0.025434399395618233,2.6162353973890657
008,Hand Tools,2025,7275,5995,165,0.02268041237113402,2.6503229768188854
009,Software & Electronics,1985,8148,5717,185,0.02270495827196858,3.2227791743756704
009,Software & Electronics,1986,8392,5892,178,0.02121067683508103,2.976187771548736
009,Software & Electronics,1987,8759,6175,146,0.016668569471400847,2.7503881285005423
009,Software & Electronics,1988,9678,6794,196,0.020252118206240958,2.6932530221638515
009,Software & Electronics,1989,11885,7936,359,0.030206142196045435,3.407992985646876
009,Software & Electronics,1990,17192,11465,318,0.018496975337366217,1.9747949472099635
009,Software & Electronics,1991,16522,10923,360,0.02178912964532139,2.1716888990335153
009,Software & Electronics,1992,17334,11062,397,0.022902965270566518,2.2207389339566497
009,Software & Electronics,1993,20840,13047,563,0.027015355086372362,2.3598129980364058
009,Software & Electronics,1994,23017,14319,516,0.022418212625450754,1.938626528906103
009,Software & Electronics,1995,27519,16590,541,0.01965914459100985,1.7456993243089467
009,Software & Electronics,1996,32408,19120,547,0.016878548506541594,1.42817362386667
009,Software & Electronics,1997,34580,20348,625,0.01807403123192597,1.4211519812566966
009,Software & Electronics,1998,35464,21784,568,0.016016241822693435,1.153315914127423
009,Software & Electronics,1999,46041,28046,581,0.01261918724615017,0.9473133938773534
009,Software & Electronics,2000,54422,31823,581,0.010675829627724082,0.7912000569727249
009,Software & Electronics,2001,40520,24025,1506,0.03716683119447187,4.446916151238248
009,Software & Electronics,2002,34365,21691,526,0.015306270915175323,1.2053398643286655
009,Software & Electronics,2003,32959,21184,702,0.021299189902606267,1.479274959945275
009,Software & Electronics,2004,35740,22517,945,0.026440962506994965,2.7670306813900933
009,Software & Electronics,2005,38347,23977,675,0.01760242000678019,1.2637467481139508
009,Software & Electronics,2006,39401,24831,663,0.016826984086698308,1.1534174479835098
009,Software & Electronics,2007,41820,26256,838,0.020038259206121473,1.3877996405080095
009,Software & Electronics,2008,39008,24643,892,0.02286710418375718,1.6240279438693208
009,Software & Electronics,2009,35956,22923,973,0.027060852152630994,2.017474887818848
009,Software & Electronics,2010,38676,24538,856,0.02213258868548971,1.4873050906721015
009,Software & Electronics,2011,43418,27262,1186,0.027315859781657376,1.6624381851120271
009,Software & Electronics,2012,45592,28817,918,0.020135111423056677,1.240422501572651
009,Software & Electronics,2013,47287,30191,1020,0.02157041047222281,1.3106041503300756
009,Software & Electronics,2014,51743,33672,971,0.018765823396401447,1.0268370858236737
009,Software & Electronics,2015,57363,38434,1162,0.020256960061363596,1.4093027185263236
009,Software & Electronics,2016,59239,40621,930,0.015699117135670758,0.8108235675652178
009,Software & Electronics,2017,66283,45735,1010,0.015237692922770545,0.8217599907824678
009,Software & Electronics,2018,66716,45410,933,0.013984651357995084,0.7168326950737071
009,Software & Electronics,2019,64773,44283,908,0.01401818659009155,0.7240090412652903
009,Software & Electronics,2020,78320,54890,802,0.010240040858018386,0.4740021816679379
009,Software & Electronics,2021,83308,57772,739,0.008870696691794305,0.4267557480557587
009,Software & Electronics,2022,75325,50428,811,0.010766677729837372,0.5463180956424142
009,Software & Electronics,2023,67960,47313,793,0.011668628605061801,0.5689087269075289
009,Software & Electronics,2024,72718,51867,734,0.010093786957837124,0.48120735630323036
009,Software & Electronics,2025,80745,57094,810,0.010031580902842282,0.44402435197325524
010,Medical Devices,1985,1194,816,151,0.12646566164154105,37.162361219834516
010,Medical Devices,1986,1224,862,95,0.07761437908496732,20.25129223802811
010,Medical Devices,1987,1400,989,99,0.07071428571428572,17.357142857142854
010,Medical Devices,1988,1625,1126,102,0.06276923076923077,15.242603550295858
010,Medical Devices,1989,1947,1315,134,0.06882383153569595,14.812141682685677
010,Medical Devices,1990,2619,1756,124,0.047346315387552504,10.39923104298033
010,Medical Devices,1991,2755,1730,156,0.05662431941923775,12.267416773989545
010,Medical Devices,1992,3115,1932,211,0.06773675762439807,12.378358741552422
010,Medical Devices,1993,3288,2059,165,0.05018248175182482,9.978777061466603
010,Medical Devices,1994,3200,2038,167,0.0521875,10.035156250000004
010,Medical Devices,1995,3453,2078,246,0.07124239791485665,15.245056930562907
010,Medical Devices,1996,3759,2289,186,0.04948124501197127,9.462790765318331
010,Medical Devices,1997,4213,2494,208,0.049370994540707334,9.195256462356491
010,Medical Devices,1998,4156,2572,221,0.053176130895091434,9.603796498632263
010,Medical Devices,1999,4810,3080,173,0.03596673596673597,6.433236370866308
010,Medical Devices,2000,5152,3179,170,0.03299689440993789,6.22986671038926
010,Medical Devices,2001,4922,2950,200,0.04063388866314506,7.581084916571743
010,Medical Devices,2002,4794,2919,200,0.041718815185648725,7.491808092057778
010,Medical Devices,2003,5175,3014,256,0.049468599033816424,8.96805059627996
010,Medical Devices,2004,5739,3355,338,0.058895277922983096,9.395459774999003
010,Medical Devices,2005,6108,3637,299,0.04895219384413883,7.93992355029251
010,Medical Devices,2006,6188,3671,207,0.033451842275371686,5.937112053314192
010,Medical Devices,2007,6650,3923,268,0.04030075187969925,6.080615071513371
010,Medical Devices,2008,6595,3988,234,0.0354814253222138,5.3591269145589555
010,Medical Devices,2009,6285,3771,252,0.04009546539379475,6.672451297396473
010,Medical Devices,2010,6807,4063,223,0.03276039371235493,5.381863816033447
010,Medical Devices,2011,6913,4182,197,0.02849703457254448,4.877424192714522
010,Medical Devices,2012,7272,4425,244,0.03355335533553355,5.197611345292945
010,Medical Devices,2013,7349,4498,213,0.028983535174853723,4.744314622252443
010,Medical Devices,2014,7633,4644,232,0.030394340364208045,4.585267253971062
010,Medical Devices,2015,8537,5247,230,0.02694154855335598,4.09589034874398
010,Medical Devices,2016,9392,5947,246,0.02619250425894378,3.550177903409767
010,Medical Devices,2017,10617,6947,267,0.025148346990675332,3.1702254765316416
010,Medical Devices,2018,11531,7624,259,0.022461191570548954,2.6847124387336803
010,Medical Devices,2019,12231,8096,428,0.03499305044558908,5.1461469296908255
010,Medical Devices,2020,22960,16555,249,0.010844947735191637,1.1001560052932535
010,Medical Devices,2021,17000,11734,261,0.015352941176470588,1.7175778546712805
010,Medical Devices,2022,13370,9259,235,0.017576664173522813,2.0696264032325464
010,Medical Devices,2023,13588,9587,302,0.022225493082131294,2.198514698374962
010,Medical Devices,2024,14195,10272,205,0.014441704825642832,1.7753523886896658
010,Medical Devices,2025,14385,10137,275,0.019117135905457074,2.0026750821450285
011,"Lighting, HVAC & Appliances",1985,1480,1079,146,0.09864864864864865,25.14609203798394
011,"Lighting, HVAC & Appliances",1986,1438,1138,73,0.050764951321279554,12.351028414135689
011,"Lighting, HVAC & Appliances",1987,1487,1143,84,0.05648957632817754,13.18307194067934
011,"Lighting, HVAC & Appliances",1988,1488,1133,82,0.05510752688172043,13.612484102208347
011,"Lighting, HVAC & Appliances",1989,1973,1386,153,0.07754688291941206,15.24123564727984
011,"Lighting, HVAC & Appliances",1990,2457,1816,120,0.04884004884004884,9.748463146916547
011,"Lighting, HVAC & Appliances",1991,2320,1717,121,0.052155172413793104,9.954667063020215
011,"Lighting, HVAC & Appliances",1992,2470,1754,110,0.044534412955465584,9.69365175629825
011,"Lighting, HVAC & Appliances",1993,2533,1814,121,0.04776944334780892,9.671000511370712
011,"Lighting, HVAC & Appliances",1994,2722,1937,134,0.04922850844966936,9.51239013108419
011,"Lighting, HVAC & Appliances",1995,3028,2050,219,0.07232496697490093,16.0457482693452
011,"Lighting, HVAC & Appliances",1996,3077,2132,117,0.03802404939876503,7.778892300523167
011,"Lighting, HVAC & Appliances",1997,3466,2353,149,0.042989036353144834,7.907996866102461
011,"Lighting, HVAC & Appliances",1998,3777,2568,168,0.04447974583002383,7.819439160802788
011,"Lighting, HVAC & Appliances",1999,4173,2924,147,0.03522645578720345,6.11292259202389
011,"Lighting, HVAC & Appliances",2000,4254,2897,132,0.031029619181946404,6.261978825095393
011,"Lighting, HVAC & Appliances",2001,4188,2738,199,0.047516714422158546,8.092662986711474
011,"Lighting, HVAC & Appliances",2002,4446,2899,204,0.04588394062078273,7.809007737979965
011,"Lighting, HVAC & Appliances",2003,4806,3014,282,0.05867665418227216,9.542102057543897
011,"Lighting, HVAC & Appliances",2004,5127,3296,290,0.05656329237370782,8.377422175779477
011,"Lighting, HVAC & Appliances",2005,5460,3612,315,0.057692307692307696,8.429604583450736
011,"Lighting, HVAC & Appliances",2006,6000,3868,282,0.047,6.940555555555555
011,"Lighting, HVAC & Appliances",2007,6442,4104,334,0.051847252406085065,7.327823144470359
011,"Lighting, HVAC & Appliances",2008,6186,4085,214,0.0345942450695118,5.016385570328754
011,"Lighting, HVAC & Appliances",2009,5927,3903,306,0.05162814239919015,7.728869515270276
011,"Lighting, HVAC & Appliances",2010,6220,4161,229,0.036816720257234724,5.4569328274107995
011,"Lighting, HVAC & Appliances",2011,6485,4256,332,0.051195065535851965,6.58301079116804
011,"Lighting, HVAC & Appliances",2012,6379,4262,257,0.040288446464963164,5.248498088342028
011,"Lighting, HVAC & Appliances",2013,6859,4492,275,0.04009330806239977,5.414076526699542
011,"Lighting, HVAC & Appliances",2014,7475,4869,298,0.039866220735785954,5.039227749130323
011,"Lighting, HVAC & Appliances",2015,8506,5769,359,0.04220550199858923,6.5817083571773995
011,"Lighting, HVAC & Appliances",2016,10450,7277,420,0.04019138755980861,5.870744717382843
011,"Lighting, HVAC & Appliances",2017,12920,9492,304,0.023529411764705882,2.2693833929204725
011,"Lighting, HVAC & Appliances",2018,12710,9244,288,0.022659323367427223,2.3083479990912696
011,"Lighting, HVAC & Appliances",2019,13849,10141,447,0.032276698678604956,4.016323675009314
011,"Lighting, HVAC & Appliances",2020,27194,20996,406,0.014929763918511436,1.0281892895346154
011,"Lighting, HVAC & Appliances",2021,24575,19516,361,0.014689725330620549,1.0171863697092691
011,"Lighting, HVAC & Appliances",2022,16518,13044,291,0.01761714493280058,1.459953405517793
011,"Lighting, HVAC & Appliances",2023,16810,13659,293,0.017430101130279596,1.3828487264138758
011,"Lighting, HVAC & Appliances",2024,19458,15632,292,0.015006681056634804,1.2217199795198148
011,"Lighting, HVAC & Appliances",2025,18162,14236,248,0.013654883823367471,1.2354397909181862
012,Vehicles,1985,1540,1091,161,0.10454545454545454,25.560802833530108
012,Vehicles,1986,1492,1051,92,0.06166219839142091,16.216964112442408
012,Vehicles,1987,1465,1042,111,0.0757679180887372,18.2413307085697
012,Vehicles,1988,1663,1176,132,0.079374624173181,17.627475575550637
012,Vehicles,1989,1786,1271,107,0.059910414333706606,14.289315053376459
012,Vehicles,1990,2231,1569,141,0.0632003585835948,12.305717829186992
012,Vehicles,1991,2072,1454,130,0.06274131274131274,13.304810602107898
012,Vehicles,1992,2048,1446,123,0.06005859375,12.822151184082031
012,Vehicles,1993,2364,1634,157,0.06641285956006768,13.95366481428993
012,Vehicles,1994,2451,1661,156,0.06364749082007344,13.19871937964521
012,Vehicles,1995,2684,1724,232,0.08643815201192251,20.330778405342915
012,Vehicles,1996,2774,1834,166,0.059841384282624366,11.760767534979509
012,Vehicles,1997,3222,2029,262,0.08131595282433271,15.504825799968483
012,Vehicles,1998,3260,2160,212,0.06503067484662577,11.125748052241333
012,Vehicles,1999,3759,2519,221,0.05879223197658952,9.99074244514239
012,Vehicles,2000,4280,2604,383,0.08948598130841122,15.21966984016071
012,Vehicles,2001,3791,2366,301,0.07939857557372725,14.459686379067278
012,Vehicles,2002,4037,2546,260,0.0644042605895467,11.258872521079935
012,Vehicles,2003,4388,2801,231,0.052643573381950776,8.983853369885052
012,Vehicles,2004,4686,3053,214,0.04566794707639778,8.19269137243565
012,Vehicles,2005,4948,3227,200,0.04042037186742118,6.701057203485368
012,Vehicles,2006,4982,3266,204,0.040947410678442396,6.646972054031207
012,Vehicles,2007,5178,3300,263,0.05079181151023561,7.857768277442028
012,Vehicles,2008,5076,3230,242,0.04767533490937746,7.489004018353648
012,Vehicles,2009,4321,2831,211,0.04883128905345985,8.08042786687684
012,Vehicles,2010,4621,2983,282,0.06102575200173123,9.106175382455856
012,Vehicles,2011,4859,3125,239,0.04918707552994443,7.626044366763221
012,Vehicles,2012,4919,3122,303,0.061597885749136,9.684434081355612
012,Vehicles,2013,5056,3268,205,0.04054588607594937,6.521109147171926
012,Vehicles,2014,5569,3670,209,0.03752917938588615,5.911891821182216
012,Vehicles,2015,6509,4274,325,0.049930864956214474,6.852726058705816
012,Vehicles,2016,7290,4667,253,0.034705075445816184,5.033108096665482
012,Vehicles,2017,7964,5365,229,0.028754394776494226,4.142195883484722
012,Vehicles,2018,8251,5525,397,0.04811537995394498,6.163574580067648
012,Vehicles,2019,8621,5905,425,0.0492982252638905,8.907634318784751
012,Vehicles,2020,11351,8480,245,0.021584001409567437,2.258601777492667
012,Vehicles,2021,13205,9792,299,0.022642938280954185,2.2474361928181996
012,Vehicles,2022,11332,8261,323,0.02850335333568655,2.9683627570727675
012,Vehicles,2023,11762,8785,334,0.0283965312021765,2.722042495551906
012,Vehicles,2024,13660,10610,208,0.015226939970717423,1.65266490742547
012,Vehicles,2025,13532,10083,351,0.025938516109961573,2.3676921233945283
013,Firearms & Pyrotechnics,1985,228,113,112,0.49122807017543857,565.5586334256692
013,Firearms & Pyrotechnics,1986,134,98,34,0.2537313432835821,155.93673423925148
013,Firearms & Pyrotechnics,1987,142,94,42,0.29577464788732394,170.6010712160285
013,Firearms & Pyrotechnics,1988,147,103,36,0.24489795918367346,132.81503077421436
013,Firearms & Pyrotechnics,1989,234,127,89,0.3803418803418803,260.4280809409015
013,Firearms & Pyrotechnics,1990,300,178,78,0.26,153.11111111111111
013,Firearms & Pyrotechnics,1991,288,186,92,0.3194444444444444,168.30632716049388
013,Firearms & Pyrotechnics,1992,311,187,81,0.2604501607717042,127.48007154599314
013,Firearms & Pyrotechnics,1993,343,216,66,0.1924198250728863,83.04362978010863
013,Firearms & Pyrotechnics,1994,384,211,107,0.2786458333333333,138.34635416666666
013,Firearms & Pyrotechnics,1995,462,192,212,0.4588744588744589,553.0256179606827
013,Firearms & Pyrotechnics,1996,402,208,101,0.2512437810945274,109.15571396747602
013,Firearms & Pyrotechnics,1997,437,240,116,0.2654462242562929,125.4130251506789
013,Firearms & Pyrotechnics,1998,377,244,69,0.1830238726790451,85.20428624700095
013,Firearms & Pyrotechnics,1999,518,284,132,0.2548262548262548,112.32688838866444
013,Firearms & Pyrotechnics,2000,471,252,104,0.2208067940552017,92.09298551665381
013,Firearms & Pyrotechnics,2001,548,284,147,0.26824817518248173,116.28216740369758
013,Firearms & Pyrotechnics,2002,499,304,96,0.19238476953907815,79.3169505343352
013,Firearms & Pyrotechnics,2003,552,311,128,0.2318840579710145,112.1088006721277
013,Firearms & Pyrotechnics,2004,582,321,142,0.24398625429553264,93.46842857311556
013,Firearms & Pyrotechnics,2005,616,344,112,0.18181818181818182,68.20290099510878
013,Firearms & Pyrotechnics,2006,765,380,149,0.19477124183006536,73.0488273740869
013,Firearms & Pyrotechnics,2007,736,390,152,0.20652173913043478,82.70321361058602
013,Firearms & Pyrotechnics,2008,843,420,172,0.2040332147093713,86.63911438698992
013,Firearms & Pyrotechnics,2009,827,439,183,0.22128174123337363,88.00621117104264
013,Firearms & Pyrotechnics,2010,798,459,129,0.16165413533834586,54.83633896772004
013,Firearms & Pyrotechnics,2011,883,533,123,0.1392978482446206,45.95422020831383
013,Firearms & Pyrotechnics,2012,929,554,144,0.155005382131324,49.789059847678146
013,Firearms & Pyrotechnics,2013,1025,655,111,0.10829268292682927,30.829268292682926
013,Firearms & Pyrotechnics,2014,1250,712,147,0.1176,33.0496
013,Firearms & Pyrotechnics,2015,1402,767,163,0.11626248216833096,32.78381606875037
013,Firearms & Pyrotechnics,2016,1544,796,191,0.12370466321243523,34.329780665252756
013,Firearms & Pyrotechnics,2017,1716,883,286,0.16666666666666666,56.7400742225917
013,Firearms & Pyrotechnics,2018,1614,868,224,0.13878562577447337,38.932881278896396
013,Firearms & Pyrotechnics,2019,1576,773,388,0.24619289340101522,196.14490195573194
013,Firearms & Pyrotechnics,2020,1618,961,203,0.12546353522867737,30.948186425579966
013,Firearms & Pyrotechnics,2021,1863,1073,276,0.14814814814814814,35.8162701118974
013,Firearms & Pyrotechnics,2022,1718,953,241,0.14027939464493597,37.431509958922916
013,Firearms & Pyrotechnics,2023,1740,971,318,0.18275862068965518,81.21284185493458
013,Firearms & Pyrotechnics,2024,1678,976,243,0.14481525625744934,48.79808955834532
013,Firearms & Pyrotechnics,2025,1748,1027,204,0.11670480549199085,29.684137215987935
014,Jewelry & Watches,1985,899,642,123,0.13681868743047831,50.59384979726578
014,Jewelry & Watches,1986,905,702,72,0.07955801104972375,21.867464363114678
014,Jewelry & Watches,1987,927,736,74,0.07982740021574973,23.657993620603982
014,Jewelry & Watches,1988,1074,814,77,0.07169459962756052,21.88168631163544
014,Jewelry & Watches,1989,1521,1147,114,0.07495069033530571,18.193677729408268
014,Jewelry & Watches,1990,2583,2067,88,0.034068912117692605,6.929072111361566
014,Jewelry & Watches,1991,2228,1783,81,0.036355475763016155,8.009695438180302
014,Jewelry & Watches,1992,1837,1347,125,0.06804572672836146,13.995861397411048
014,Jewelry & Watches,1993,2029,1462,139,0.06850665352390341,13.98888128057411
014,Jewelry & Watches,1994,2121,1507,106,0.04997642621404998,11.081124277309527
014,Jewelry & Watches,1995,2348,1620,233,0.09923339011925042,24.809980004005013
014,Jewelry & Watches,1996,2616,1836,130,0.04969418960244648,9.851747421186017
014,Jewelry & Watches,1997,3108,2164,181,0.058236808236808234,10.236380892751548
014,Jewelry & Watches,1998,3184,2230,160,0.05025125628140704,8.798704578167218
014,Jewelry & Watches,1999,3657,2554,179,0.04894722450095707,8.012024242598264
014,Jewelry & Watches,2000,3525,2546,136,0.03858156028368794,6.873698506111362
014,Jewelry & Watches,2001,3190,2196,180,0.05642633228840126,9.630408506205718
014,Jewelry & Watches,2002,3405,2457,146,0.042878120411160056,7.794532097351867
014,Jewelry & Watches,2003,3849,2698,160,0.04156923876331515,7.18808170288619
014,Jewelry & Watches,2004,4722,3306,293,0.062049978822532825,9.158066067598188
014,Jewelry & Watches,2005,5047,3628,210,0.04160887656033287,6.082315043818931
014,Jewelry & Watches,2006,5029,3586,180,0.03579240405647246,5.187253361800029
014,Jewelry & Watches,2007,5482,3890,180,0.032834731849689894,4.9340610063967105
014,Jewelry & Watches,2008,5096,3728,130,0.025510204081632654,4.345914793885191
014,Jewelry & Watches,2009,4580,3312,199,0.04344978165938865,6.501592265593715
014,Jewelry & Watches,2010,5417,3889,239,0.04412036182388776,5.743955751741017
014,Jewelry & Watches,2011,5849,4115,182,0.031116430159001538,4.543301982318392
014,Jewelry & Watches,2012,5870,4207,205,0.03492333901192504,4.777562694264429
014,Jewelry & Watches,2013,6208,4428,180,0.028994845360824743,4.257995170847061
014,Jewelry & Watches,2014,6328,4504,198,0.031289506953223765,4.364744174747195
014,Jewelry & Watches,2015,7363,5193,334,0.0453619448594323,7.1526109907614055
014,Jewelry & Watches,2016,8186,6250,314,0.03835817248961642,5.07740596725927
014,Jewelry & Watches,2017,8955,6914,303,0.0338358458961474,3.7536151506337445
014,Jewelry & Watches,2018,8824,6844,202,0.022892112420670897,2.489758418686695
014,Jewelry & Watches,2019,10104,7692,428,0.042359461599366585,6.452686204408436
014,Jewelry & Watches,2020,12373,9812,234,0.018912147417764487,1.8797300789387998
014,Jewelry & Watches,2021,13451,10790,271,0.02014720095160211,1.771243359170796
014,Jewelry & Watches,2022,11120,8978,232,0.020863309352517987,1.9730798095336681
014,Jewelry & Watches,2023,11027,9042,218,0.0197696562981772,1.946712673704795
014,Jewelry & Watches,2024,12220,9951,207,0.016939443535188215,1.6456347218613476
014,Jewelry & Watches,2025,11588,9333,183,0.01579219882637211,1.693901145638978
015,Musical Instruments,1985,250,126,112,0.448,474.2400000000004
015,Musical Instruments,1986,172,119,46,0.26744186046511625,143.9967550027042
015,Musical Instruments,1987,138,99,36,0.2608695652173913,140.72673808023526
015,Musical Instruments,1988,200,128,55,0.275,139.00000000000003
015,Musical Instruments,1989,185,149,31,0.16756756756756758,84.44119795471147
015,Musical Instruments,1990,239,176,48,0.200836820083682,91.56002170830341
015,Musical Instruments,1991,212,164,40,0.18867924528301888,84.9946600213599
015,Musical Instruments,1992,249,171,49,0.19678714859437751,89.83726068934371
015,Musical Instruments,1993,317,211,58,0.1829652996845426,76.9238424106121
015,Musical Instruments,1994,306,196,62,0.20261437908496732,89.70908624887862
015,Musical Instruments,1995,407,228,129,0.31695331695331697,404.77153499266524
015,Musical Instruments,1996,375,253,71,0.18933333333333333,78.0088888888889
015,Musical Instruments,1997,466,282,87,0.18669527896995708,70.27206248042883
015,Musical Instruments,1998,412,281,69,0.16747572815533981,65.51041568479592
015,Musical Instruments,1999,511,348,72,0.14090019569471623,52.19802313869814
015,Musical Instruments,2000,580,354,121,0.20862068965517241,84.42330558858502
015,Musical Instruments,2001,441,296,72,0.16326530612244897,60.520050801877815
015,Musical Instruments,2002,523,336,84,0.16061185468451242,59.48180997261717
015,Musical Instruments,2003,494,350,57,0.11538461538461539,42.28884262977595
015,Musical Instruments,2004,657,438,99,0.1506849315068493,53.955876186438516
015,Musical Instruments,2005,728,471,110,0.1510989010989011,50.64303828040092
015,Musical Instruments,2006,771,487,107,0.13878080415045396,43.51987833948198
015,Musical Instruments,2007,723,492,99,0.13692946058091288,41.14942924536423
015,Musical Instruments,2008,727,504,86,0.11829436038514443,40.84922492427095
015,Musical Instruments,2009,593,426,76,0.1281618887015177,41.94523516347266
015,Musical Instruments,2010,715,457,128,0.17902097902097902,63.240256247249256
015,Musical Instruments,2011,754,525,91,0.1206896551724138,36.375405441535506
015,Musical Instruments,2012,750,506,82,0.10933333333333334,36.26666666666667
015,Musical Instruments,2013,748,525,72,0.0962566844919786,30.491292287454602
015,Musical Instruments,2014,778,536,97,0.12467866323907455,40.08035897198671
015,Musical Instruments,2015,809,562,95,0.11742892459826947,36.13550278770507
015,Musical Instruments,2016,935,628,133,0.14224598930481283,42.449026280419794
015,Musical Instruments,2017,1065,731,152,0.14272300469483568,39.965615287971964
015,Musical Instruments,2018,1016,714,144,0.14173228346456693,42.043834087668166
015,Musical Instruments,2019,1361,826,321,0.23585598824393827,242.27442219788043
015,Musical Instruments,2020,1700,1303,158,0.09294117647058824,19.238754325259514
015,Musical Instruments,2021,1670,1209,206,0.12335329341317365,26.71304098390046
015,Musical Instruments,2022,1123,888,97,0.08637577916295637,22.004093157797495
015,Musical Instruments,2023,1218,976,127,0.10426929392446634,31.70828378913991
015,Musical Instruments,2024,1261,1035,84,0.06661379857256146,16.017648971367592
015,Musical Instruments,2025,1101,902,67,0.06085376930063579,15.698716631977698
016,"Paper, Print & Office",1985,4731,3466,160,0.033819488480236734,5.6084342487372085
016,"Paper, Print & Office",1986,5070,3581,193,0.03806706114398422,5.673626429202214
016,"Paper, Print & Office",1987,5390,3890,163,0.030241187384044528,4.818240333745236
016,"Paper, Print & Office",1988,5823,4214,184,0.03159883221707024,4.5574217892538815
016,"Paper, Print & Office",1989,7197,4900,369,0.051271363067944976,6.537275298175224
016,"Paper, Print & Office",1990,10262,7195,240,0.023387253946599105,2.953223858812577
016,"Paper, Print & Office",1991,9862,6772,293,0.02970999797201379,3.504044312835318
016,"Paper, Print & Office",1992,10421,6921,321,0.030803185874676134,3.680480243508211
016,"Paper, Print & Office",1993,12502,8095,624,0.04991201407774756,7.149583950106619
016,"Paper, Print & Office",1994,12531,8333,306,0.02441943978932248,2.930407157323495
016,"Paper, Print & Office",1995,13739,9030,438,0.03188004949414077,3.2774401537918068
016,"Paper, Print & Office",1996,15262,9886,398,0.026077840387891495,2.8057519623906795
016,"Paper, Print & Office",1997,16149,10543,365,0.02260201870084835,2.398287963281259
016,"Paper, Print & Office",1998,16458,10831,311,0.01889658524729615,2.1573785899350497
016,"Paper, Print & Office",1999,20078,13039,417,0.020769000896503634,2.0695262180057794
016,"Paper, Print & Office",2000,19762,12983,423,0.021404716121850017,2.039552529160362
016,"Paper, Print & Office",2001,17076,10554,1620,0.09486999297259312,35.159943330797724
016,"Paper, Print & Office",2002,15598,10507,350,0.022438774201820746,2.2703881621456494
016,"Paper, Print & Office",2003,16276,11110,428,0.026296387318751537,2.4784437004315034
016,"Paper, Print & Office",2004,17986,12139,543,0.030190147892805514,2.779939953297009
016,"Paper, Print & Office",2005,18825,12623,454,0.02411686586985392,2.26324449876457
016,"Paper, Print & Office",2006,18480,12682,340,0.0183982683982684,1.7067708626150189
016,"Paper, Print & Office",2007,19757,13397,413,0.020903983398289215,1.804047024769997
016,"Paper, Print & Office",2008,18191,12726,298,0.016381727227749988,1.6361123592675855
016,"Paper, Print & Office",2009,15247,10877,304,0.019938348527579197,1.9466943510362622
016,"Paper, Print & Office",2010,15230,10822,276,0.018122127380170716,1.8882281704604686
016,"Paper, Print & Office",2011,15497,10999,308,0.019874814480221978,1.8719003949620308
016,"Paper, Print & Office",2012,15014,10690,280,0.018649260690022644,1.874454940142098
016,"Paper, Print & Office",2013,14529,10444,247,0.01700048179503063,1.79244256058196
016,"Paper, Print & Office",2014,14311,10222,229,0.016001677031653973,1.8126047006504304
016,"Paper, Print & Office",2015,15331,11099,253,0.016502511251712218,1.6921832150631018
016,"Paper, Print & Office",2016,15555,11221,259,0.016650594664095145,1.662478440217058
016,"Paper, Print & Office",2017,16995,12431,327,0.019240953221535746,1.6680052567249546
016,"Paper, Print & Office",2018,18260,13298,277,0.015169769989047097,1.4584875397237662
016,"Paper, Print & Office",2019,18860,13923,456,0.024178154825026513,2.4754034021966853
016,"Paper, Print & Office",2020,24822,19330,262,0.010555152687132382,0.8907511401410092
016,"Paper, Print & Office",2021,25846,20140,301,0.011645902654182465,0.8959669445860763
016,"Paper, Print & Office",2022,21898,17092,305,0.013928212622157274,1.0549663493929264
016,"Paper, Print & Office",2023,22544,17844,258,0.01144428672817601,0.9916338669437726
016,"Paper, Print & Office",2024,24412,19586,298,0.012207111256758971,0.8890406640776346
016,"Paper, Print & Office",2025,25774,20613,248,0.009622099790486538,0.7780531671249834
017,Rubber & Insulators,1985,822,599,115,0.13990267639902676,56.26890676706864
017,Rubber & Insulators,1986,641,509,57,0.08892355694227769,27.96430109934507
017,Rubber & Insulators,1987,742,584,55,0.07412398921832884,23.539497678743977
017,Rubber & Insulators,1988,774,610,57,0.07364341085271318,23.20239836014128
017,Rubber & Insulators,1989,889,683,54,0.06074240719910011,19.77677424742605
017,Rubber & Insulators,1990,1022,827,53,0.05185909980430528,15.567495528892731
017,Rubber & Insulators,1991,976,752,63,0.06454918032786885,19.085091373286755
017,Rubber & Insulators,1992,884,695,53,0.05995475113122172,19.169345426997815
017,Rubber & Insulators,1993,1050,769,78,0.07428571428571429,20.17233560090703
017,Rubber & Insulators,1994,1014,762,86,0.08481262327416174,22.855564503265914
017,Rubber & Insulators,1995,1115,801,129,0.11569506726457399,62.104606969776206
017,Rubber & Insulators,1996,1261,921,85,0.06740681998413957,17.2879925489947
017,Rubber & Insulators,1997,1376,1005,101,0.07340116279069768,17.70382639264467
017,Rubber & Insulators,1998,1479,1091,85,0.05747126436781609,14.459818573392381
017,Rubber & Insulators,1999,1521,1131,95,0.062458908612754764,14.822076724671168
017,Rubber & Insulators,2000,1548,1171,81,0.05232558139534884,12.811396216840603
017,Rubber & Insulators,2001,1534,1119,85,0.05541069100391134,13.828237481917903
017,Rubber & Insulators,2002,1617,1122,83,0.051329622758194186,14.07815614017575
017,Rubber & Insulators,2003,1565,1134,101,0.0645367412140575,14.833263583378416
017,Rubber & Insulators,2004,1641,1156,104,0.06337599024984765,15.548403364277886
017,Rubber & Insulators,2005,1891,1317,100,0.05288207297726071,12.480840385907698
017,Rubber & Insulators,2006,1874,1304,94,0.05016008537886873,12.403627007331696
017,Rubber & Insulators,2007,2233,1503,109,0.048813255709807435,11.509561519599046
017,Rubber & Insulators,2008,2209,1489,120,0.05432322317790855,12.068411849053247
017,Rubber & Insulators,2009,1930,1368,99,0.05129533678756477,11.919783081425004
017,Rubber & Insulators,2010,2001,1364,119,0.059470264867566215,13.419077567662944
017,Rubber & Insulators,2011,2035,1394,112,0.055036855036855035,12.414201111989806
017,Rubber & Insulators,2012,1987,1399,111,0.05586311021640664,12.185395306026667
017,Rubber & Insulators,2013,2111,1408,137,0.06489815253434392,15.589092437461304
017,Rubber & Insulators,2014,2090,1458,99,0.04736842105263158,10.970444815823813
017,Rubber & Insulators,2015,2167,1498,109,0.050299953853253344,11.43766388004487
017,Rubber & Insulators,2016,2449,1629,152,0.0620661494487546,12.35660725013218
017,Rubber & Insulators,2017,2765,1875,168,0.060759493670886074,11.477752453328712
017,Rubber & Insulators,2018,2564,1847,126,0.04914196567862714,10.11545922055291
017,Rubber & Insulators,2019,2986,1961,327,0.10951105157401206,54.1935148128193
017,Rubber & Insulators,2020,3187,2268,157,0.04926262943206777,8.950504820877171
017,Rubber & Insulators,2021,3343,2418,202,0.06042476817230033,9.369478228960126
017,Rubber & Insulators,2022,2945,2144,137,0.046519524617996605,8.32812081136628
017,Rubber & Insulators,2023,3131,2330,143,0.04567230916640051,8.777780962691525
017,Rubber & Insulators,2024,3432,2584,124,0.03613053613053613,6.301245374671949
017,Rubber & Insulators,2025,3137,2378,80,0.025502072043353523,6.010709122427322
018,Leather & Luggage,1985,813,577,130,0.15990159901599016,61.62164942682637
018,Leather & Luggage,1986,809,610,61,0.0754017305315204,23.08699564998831
018,Leather & Luggage,1987,770,622,61,0.07922077922077922,22.8031708551189
018,Leather & Luggage,1988,851,662,56,0.06580493537015276,20.67105679224414
018,Leather & Luggage,1989,1118,838,78,0.06976744186046512,18.75314019092361
018,Leather & Luggage,1990,1686,1299,82,0.04863582443653618,11.468390161669126
018,Leather & Luggage,1991,1398,1083,80,0.05722460658082976,13.600054031817375
018,Leather & Luggage,1992,1478,1081,97,0.06562922868741543,16.65381847612526
018,Leather & Luggage,1993,1679,1216,101,0.06015485407980941,14.824190212203371
018,Leather & Luggage,1994,1815,1335,96,0.05289256198347107,12.224423043356174
018,Leather & Luggage,1995,2131,1491,188,0.08822149225715627,24.735965097912185
018,Leather & Luggage,1996,2351,1650,146,0.062101233517652066,12.051307705292425
018,Leather & Luggage,1997,2649,1847,168,0.06342015855039637,11.384881236835032
018,Leather & Luggage,1998,2658,1960,113,0.04251316779533484,8.294451323460384
018,Leather & Luggage,1999,3123,2237,171,0.05475504322766571,8.988910123099982
018,Leather & Luggage,2000,3249,2344,133,0.04093567251461988,7.640203899184927
018,Leather & Luggage,2001,2761,1973,163,0.05903658094893155,10.702965360250746
018,Leather & Luggage,2002,3110,2257,101,0.03247588424437299,6.951954591040208
018,Leather & Luggage,2003,3444,2517,153,0.04442508710801394,7.289352385808579
018,Leather & Luggage,2004,4397,3263,174,0.03957243575164885,5.774917657639605
018,Leather & Luggage,2005,4787,3511,152,0.031752663463547104,4.975263544741521
018,Leather & Luggage,2006,5314,3823,204,0.03838916070756492,5.165270964604615
018,Leather & Luggage,2007,5969,4279,186,0.03116099849220975,4.6313447085925405
018,Leather & Luggage,2008,5824,4255,185,0.03176510989010989,4.313219833051564
018,Leather & Luggage,2009,4855,3639,140,0.028836251287332648,4.666322317336645
018,Leather & Luggage,2010,5371,3931,151,0.028113945261590022,4.30017830574084
018,Leather & Luggage,2011,5803,4224,144,0.02481475099086679,3.8221449155064247
018,Leather & Luggage,2012,6030,4516,138,0.022885572139303482,3.501563492652823
018,Leather & Luggage,2013,6332,4689,147,0.02321541377132028,3.445882878291896
018,Leather & Luggage,2014,6552,4961,116,0.017704517704517704,2.9653818573232495
018,Leather & Luggage,2015,7710,5806,153,0.019844357976653695,2.767305754481942
018,Leather & Luggage,2016,9041,7105,187,0.020683552704346863,2.3282449560819796
018,Leather & Luggage,2017,11091,8744,218,0.01965557659363448,2.0044666022671715
018,Leather & Luggage,2018,11657,9253,201,0.017242858368362358,1.7274083152077373
018,Leather & Luggage,2019,12623,9879,434,0.03438168422720431,4.366445567519278
018,Leather & Luggage,2020,14693,11754,186,0.012659089362281358,1.3242744726596518
018,Leather & Luggage,2021,16067,13130,251,0.015622082529408103,1.2507917487752565
018,Leather & Luggage,2022,13148,10581,181,0.013766352296927289,1.4436289615802647
018,Leather & Luggage,2023,13950,11413,202,0.014480286738351255,1.4175563006641743
018,Leather & Luggage,2024,14927,12053,256,0.0171501306357607,1.4121559832178328
018,Leather & Luggage,2025,13355,10697,147,0.011007113440658928,1.3629480697386025
019,Building Materials,1985,918,597,165,0.17973856209150327,60.37563899924532
019,Building Materials,1986,804,601,78,0.09701492537313433,28.186183510309153
019,Building Materials,1987,850,659,63,0.07411764705882352,22.615916955017298
019,Building Materials,1988,893,687,53,0.0593505039193729,19.599999498400525
019,Building Materials,1989,1081,741,93,0.08603145235892692,26.057689756889026
019,Building Materials,1990,1305,950,85,0.06513409961685823,17.11660134173016
019,Building Materials,1991,1286,953,85,0.0660964230171073,16.93074599285523
019,Building Materials,1992,1221,882,84,0.0687960687960688,18.130706091394057
019,Building Materials,1993,1342,948,77,0.05737704918032787,16.613324863795167
019,Building Materials,1994,1370,996,76,0.05547445255474453,15.003463157333902
019,Building Materials,1995,1602,1119,146,0.09113607990012484,35.14645394879371
019,Building Materials,1996,1618,1140,101,0.06242274412855377,14.859102097692675
019,Building Materials,1997,1950,1327,146,0.07487179487179488,15.931623931623932
019,Building Materials,1998,2017,1389,118,0.05850272682201289,13.270935275247158
019,Building Materials,1999,2180,1541,105,0.0481651376146789,10.874505513003957
019,Building Materials,2000,2381,1651,138,0.05795884082318354,11.481416738737886
019,Building Materials,2001,2276,1538,108,0.04745166959578207,11.188809028882417
019,Building Materials,2002,2496,1642,134,0.05368589743589743,11.54090133957922
019,Building Materials,2003,2644,1754,133,0.05030257186081694,10.493887911086901
019,Building Materials,2004,2856,1922,129,0.045168067226890755,9.692602531208562
019,Building Materials,2005,3312,2160,143,0.043176328502415456,8.634973978389226
019,Building Materials,2006,3467,2289,134,0.038650129795212,7.7179129039726755
019,Building Materials,2007,3535,2361,135,0.03818953323903819,7.887982170615525
019,Building Materials,2008,3448,2216,181,0.05249419953596288,9.35173421762372
019,Building Materials,2009,2904,2006,109,0.03753443526170799,8.499723000098658
019,Building Materials,2010,2800,1917,129,0.04607142857142857,9.216836734693876
019,Building Materials,2011,3014,2001,100,0.033178500331785,8.282516141219322
019,Building Materials,2012,2682,1842,136,0.05070842654735272,9.909463537678484
019,Building Materials,2013,2835,1845,181,0.0638447971781305,12.032760063330318
019,Building Materials,2014,2919,1912,132,0.045220966084275435,9.878457533488698
019,Building Materials,2015,3327,2106,174,0.05229936880072137,9.69289802111839
019,Building Materials,2016,3501,2240,206,0.0588403313339046,10.189278764030451
019,Building Materials,2017,3822,2436,192,0.05023547880690738,8.987050924705107
019,Building Materials,2018,3688,2361,215,0.058297180043383946,9.72403903614231
019,Building Materials,2019,4029,2444,472,0.117150657731447,37.72537413506359
019,Building Materials,2020,3828,2503,239,0.062434691745036575,10.510739215744081
019,Building Materials,2021,4236,2641,384,0.0906515580736544,17.425618445608976
019,Building Materials,2022,3728,2382,309,0.0828862660944206,14.298476671148851
019,Building Materials,2023,4066,2727,240,0.05902606984751599,9.370715220504568
019,Building Materials,2024,4418,2942,272,0.0615663196016297,9.199371844184075
019,Building Materials,2025,3891,2606,200,0.05140066820868671,8.564796513261893
020,Furniture,1985,1508,1155,127,0.08421750663129973,21.890324986455965
020,Furniture,1986,1513,1190,79,0.05221414408460013,12.288301999546562
020,Furniture,1987,1547,1256,75,0.04848093083387201,11.687236676780008
020,Furniture,1988,1709,1357,75,0.04388531304856641,10.398259857889308
020,Furniture,1989,2060,1642,76,0.036893203883495145,8.393816570836082
020,Furniture,1990,2965,2306,135,0.045531197301854974,9.041970828866283
020,Furniture,1991,2649,1983,131,0.04945262363155908,9.133271228799062
020,Furniture,1992,2785,2020,161,0.05780969479353681,10.839035742258638
020,Furniture,1993,3079,2193,184,0.0597596622279961,10.353112331216053
020,Furniture,1994,3088,2241,167,0.05408031088082901,9.9897816048753
020,Furniture,1995,3398,2396,243,0.07151265450264861,13.308039455401005
020,Furniture,1996,3535,2450,173,0.04893917963224894,8.220882706577385
020,Furniture,1997,4089,2736,179,0.043775984348251404,8.013793845078574
020,Furniture,1998,4357,3055,169,0.03878815698875373,6.429284794349015
020,Furniture,1999,4997,3629,178,0.035621372823694215,5.354022900031794
020,Furniture,2000,4763,3449,177,0.037161452865840855,5.689369589021399
020,Furniture,2001,4250,2939,205,0.04823529411764706,7.742006920415225
020,Furniture,2002,4635,3150,232,0.05005393743257821,7.773972483181644
020,Furniture,2003,5119,3466,232,0.04532135182652862,6.864940266547745
020,Furniture,2004,5342,3743,217,0.04062149007862224,5.852759950217551
020,Furniture,2005,5542,3947,176,0.031757488271382174,4.74966207332973
020,Furniture,2006,5813,4006,212,0.03646998107689661,5.234238769536324
020,Furniture,2007,6415,4405,199,0.031021044427123928,4.627939315553412
020,Furniture,2008,5670,4028,173,0.03051146384479718,4.528304234359496
020,Furniture,2009,5197,3683,151,0.02905522416778911,4.849158657829006
020,Furniture,2010,5661,3900,243,0.04292527821939587,5.85048404494148
020,Furniture,2011,5753,3935,214,0.037197983660698763,5.3439874279878286
020,Furniture,2012,5861,4019,237,0.04043678553147927,5.846354496818331
020,Furniture,2013,6090,4145,218,0.035796387520525455,5.098670463032618
020,Furniture,2014,6333,4361,258,0.04073898626243486,5.828674470363434
020,Furniture,2015,7105,4813,280,0.03940886699507389,6.1074433413346885
020,Furniture,2016,8343,5833,226,0.02708857725038955,3.525432253350586
020,Furniture,2017,10778,7574,311,0.02885507515308963,3.1534378205454225
020,Furniture,2018,11285,8015,342,0.03030571555161719,3.2482608628224825
020,Furniture,2019,12106,8894,434,0.03584999173963324,4.9478955497707355
020,Furniture,2020,20963,16539,249,0.011878070886800554,1.0851128795812635
020,Furniture,2021,22839,18744,318,0.013923551819256535,1.0375945745369644
020,Furniture,2022,17614,14600,236,0.013398433064607699,1.1201825751265269
020,Furniture,2023,20427,17385,241,0.011798110344152348,0.9126393003476717
020,Furniture,2024,23344,19512,333,0.01426490747087046,0.984654640596689
020,Furniture,2025,21515,17740,188,0.008738089704857076,0.8627222283401171
021,Household Utensils,1985,1296,912,162,0.125,35.87724813290657
021,Household Utensils,1986,1238,873,129,0.10420032310177706,30.2744799183633
021,Household Utensils,1987,1205,902,100,0.08298755186721991,20.695235963568127
021,Household Utensils,1988,1288,972,90,0.06987577639751552,16.781759962964394
021,Household Utensils,1989,1681,1207,116,0.06900654372397383,15.503788183077054
021,Household Utensils,1990,2388,1711,136,0.05695142378559464,11.868387161940355
021,Household Utensils,1991,2143,1591,112,0.05226318245450303,10.824290046552502
021,Household Utensils,1992,2386,1706,105,0.04400670578373848,9.868266199379025
021,Household Utensils,1993,2664,1959,111,0.041666666666666664,8.679851022193363
021,Household Utensils,1994,2727,1979,129,0.047304730473047306,8.95444635528215
021,Household Utensils,1995,3081,2165,184,0.059720869847452125,13.472655061157893
021,Household Utensils,1996,3520,2466,136,0.038636363636363635,7.165224690082645
021,Household Utensils,1997,3916,2593,201,0.05132788559754852,8.910303294621162
021,Household Utensils,1998,3917,2781,123,0.03140158284401327,6.1142331147673685
021,Household Utensils,1999,4429,3205,177,0.039963874463761574,6.012936045555778
021,Household Utensils,2000,4409,3010,255,0.057836244046269,8.83211678456626
021,Household Utensils,2001,3852,2648,170,0.044132917964693666,7.426924988866352
021,Household Utensils,2002,4074,2847,114,0.027982326951399118,5.699661803999597
021,Household Utensils,2003,4541,3134,161,0.03545474565073772,6.017745000759191
021,Household Utensils,2004,4947,3305,183,0.03699211643420255,6.164801106403437
021,Household Utensils,2005,4918,3471,169,0.034363562423749494,5.386426040996705
021,Household Utensils,2006,5018,3537,163,0.03248306098047031,4.925274194247858
021,Household Utensils,2007,5626,3907,185,0.03288304301457519,5.189581811833206
021,Household Utensils,2008,5479,3810,185,0.03376528563606498,5.0344042049284
021,Household Utensils,2009,5376,3653,222,0.041294642857142856,6.652970432964851
021,Household Utensils,2010,5702,3970,180,0.03156787092248334,4.845475647071227
021,Household Utensils,2011,5966,4118,198,0.03318806570566544,4.827894441279667
021,Household Utensils,2012,6139,4280,219,0.03567356246945757,4.822576802421164
021,Household Utensils,2013,6811,4752,181,0.026574658640434592,3.8351168354731
021,Household Utensils,2014,7515,5088,250,0.0332667997338656,4.581655053167118
021,Household Utensils,2015,8692,6144,207,0.023815002300966406,3.0088338897090567
021,Household Utensils,2016,11048,8208,226,0.02045619116582187,2.23548903317549
021,Household Utensils,2017,14394,11172,243,0.016882034180908712,1.5933413967644228
021,Household Utensils,2018,16023,12490,289,0.01803657242713599,1.4756373059791583
021,Household Utensils,2019,18947,14874,437,0.023064337362115373,2.2962554244970903
021,Household Utensils,2020,34784,28548,357,0.010263339466421342,0.6351955270915199
021,Household Utensils,2021,38584,32823,288,0.0074642338793282186,0.4709130118919689
021,Household Utensils,2022,27616,23715,200,0.007242178447276941,0.5968450872015351
021,Household Utensils,2023,29576,25812,234,0.007911820394914795,0.5654024357525043
021,Household Utensils,2024,32621,28182,224,0.006866742282578707,0.505850019828552
021,Household Utensils,2025,29334,24667,170,0.005795322833571964,0.5813010562632995
022,"Ropes, Tents & Textiles (raw)",1985,333,214,107,0.3213213213213213,270.991712433154
022,"Ropes, Tents & Textiles (raw)",1986,265,216,37,0.13962264150943396,63.93734425062297
022,"Ropes, Tents & Textiles (raw)",1987,198,176,24,0.12121212121212122,63.769003162942575
022,"Ropes, Tents & Textiles (raw)",1988,228,190,30,0.13157894736842105,62.71160357032934
022,"Ropes, Tents & Textiles (raw)",1989,246,205,32,0.13008130081300814,59.157908652257284
022,"Ropes, Tents & Textiles (raw)",1990,433,349,44,0.10161662817551963,40.269029116374824
022,"Ropes, Tents & Textiles (raw)",1991,397,313,45,0.11335012594458438,43.715777652291436
022,"Ropes, Tents & Textiles (raw)",1992,367,284,44,0.11989100817438691,47.29413686344097
022,"Ropes, Tents & Textiles (raw)",1993,397,301,48,0.12090680100755667,46.5074963993173
022,"Ropes, Tents & Textiles (raw)",1994,373,305,39,0.10455764075067024,43.341071954804534
022,"Ropes, Tents & Textiles (raw)",1995,511,345,112,0.2191780821917808,253.79038836401517
022,"Ropes, Tents & Textiles (raw)",1996,446,335,77,0.1726457399103139,60.42751714291459
022,"Ropes, Tents & Textiles (raw)",1997,477,355,61,0.1278825995807128,44.433896338488736
022,"Ropes, Tents & Textiles (raw)",1998,490,399,44,0.08979591836734693,32.15326947105374
022,"Ropes, Tents & Textiles (raw)",1999,550,434,51,0.09272727272727273,31.73553719008265
022,"Ropes, Tents & Textiles (raw)",2000,569,428,65,0.11423550087873462,36.78639490241258
022,"Ropes, Tents & Textiles (raw)",2001,489,395,42,0.08588957055214724,32.82856796349965
022,"Ropes, Tents & Textiles (raw)",2002,574,407,64,0.11149825783972125,38.72816229406694
022,"Ropes, Tents & Textiles (raw)",2003,674,475,78,0.11572700296735905,37.114001179899454
022,"Ropes, Tents & Textiles (raw)",2004,728,529,81,0.11126373626373626,38.86909793503201
022,"Ropes, Tents & Textiles (raw)",2005,778,574,89,0.11439588688946016,34.694457477812065
022,"Ropes, Tents & Textiles (raw)",2006,757,556,91,0.1202113606340819,33.66204286195421
022,"Ropes, Tents & Textiles (raw)",2007,825,605,78,0.09454545454545454,27.107438016528928
022,"Ropes, Tents & Textiles (raw)",2008,856,618,80,0.09345794392523364,28.222988907328148
022,"Ropes, Tents & Textiles (raw)",2009,722,524,83,0.1149584487534626,33.647685330836936
022,"Ropes, Tents & Textiles (raw)",2010,812,623,79,0.09729064039408868,30.909510058482372
022,"Ropes, Tents & Textiles (raw)",2011,942,644,82,0.0870488322717622,26.843550110214064
022,"Ropes, Tents & Textiles (raw)",2012,918,661,95,0.10348583877995643,28.17055168714788
022,"Ropes, Tents & Textiles (raw)",2013,959,731,64,0.0667361835245047,19.408903739448796
022,"Ropes, Tents & Textiles (raw)",2014,935,725,62,0.06631016042780749,20.212187937887848
022,"Ropes, Tents & Textiles (raw)",2015,1101,817,82,0.07447774750227067,21.209353894279907
022,"Ropes, Tents & Textiles (raw)",2016,1445,1059,133,0.09204152249134948,21.249745572969662
022,"Ropes, Tents & Textiles (raw)",2017,1872,1399,152,0.0811965811965812,16.53357622908905
022,"Ropes, Tents & Textiles (raw)",2018,1817,1406,124,0.0682443588332416,14.37836079417499
022,"Ropes, Tents & Textiles (raw)",2019,2292,1601,350,0.15270506108202445,90.46185381126867
022,"Ropes, Tents & Textiles (raw)",2020,3063,2515,124,0.04048318641854391,6.880218853846137
022,"Ropes, Tents & Textiles (raw)",2021,3340,2674,203,0.06077844311377246,8.505145397827102
022,"Ropes, Tents & Textiles (raw)",2022,2393,1988,104,0.04346009193480986,8.097513834489751
022,"Ropes, Tents & Textiles (raw)",2023,2484,2044,135,0.05434782608695652,10.583029294084394
022,"Ropes, Tents & Textiles (raw)",2024,2518,2100,98,0.03891977760127085,7.362399776415211
022,"Ropes, Tents & Textiles (raw)",2025,2348,1961,79,0.03364565587734242,7.052288511154513
023,Yarns & Threads,1985,202,98,104,0.5148514851485149,694.0496029800998
023,Yarns & Threads,1986,162,94,70,0.43209876543209874,495.3513183965855
023,Yarns & Threads,1987,86,72,24,0.27906976744186046,167.658193618172
023,Yarns & Threads,1988,118,90,36,0.3050847457627119,202.5280091927608
023,Yarns & Threads,1989,101,74,30,0.297029702970297,181.35476914028033
023,Yarns & Threads,1990,122,85,40,0.32786885245901637,186.77774791722658
023,Yarns & Threads,1991,144,109,37,0.2569444444444444,134.0663580246914
023,Yarns & Threads,1992,138,92,35,0.2536231884057971,143.87733669397187
023,Yarns & Threads,1993,135,86,45,0.3333333333333333,218.9300411522633
023,Yarns & Threads,1994,124,92,35,0.28225806451612906,174.29760665972947
023,Yarns & Threads,1995,215,101,113,0.5255813953488372,1344.9432125473243
023,Yarns & Threads,1996,161,96,63,0.391304347826087,271.2086725049187
023,Yarns & Threads,1997,206,123,60,0.2912621359223301,152.7005372796682
023,Yarns & Threads,1998,178,130,37,0.20786516853932585,105.41598283045069
023,Yarns & Threads,1999,187,131,44,0.23529411764705882,116.9607366524636
023,Yarns & Threads,2000,195,120,53,0.2717948717948718,147.00854700854703
023,Yarns & Threads,2001,166,112,44,0.26506024096385544,144.43315430396282
023,Yarns & Threads,2002,209,138,52,0.24880382775119617,120.64742107552482
023,Yarns & Threads,2003,213,146,53,0.24882629107981222,119.24441799466595
023,Yarns & Threads,2004,301,166,112,0.37209302325581395,341.3869604088254
023,Yarns & Threads,2005,360,194,114,0.31666666666666665,208.17901234567898
023,Yarns & Threads,2006,334,179,121,0.36227544910179643,275.0188246261967
023,Yarns & Threads,2007,319,176,103,0.322884012539185,250.88196853411432
023,Yarns & Threads,2008,325,193,75,0.23076923076923078,109.15976331360945
023,Yarns & Threads,2009,238,143,71,0.29831932773109243,152.17851846621002
023,Yarns & Threads,2010,245,147,74,0.3020408163265306,201.41607663473553
023,Yarns & Threads,2011,327,146,128,0.39143730886850153,232.21015814231873
023,Yarns & Threads,2012,267,149,86,0.32209737827715357,184.1798875001753
023,Yarns & Threads,2013,281,162,83,0.29537366548042704,189.58726459897926
023,Yarns & Threads,2014,289,180,80,0.2768166089965398,152.17729672776903
023,Yarns & Threads,2015,361,192,93,0.25761772853185594,131.29119635361917
023,Yarns & Threads,2016,374,196,138,0.3689839572192513,201.03520260802424
023,Yarns & Threads,2017,511,244,184,0.36007827788649704,186.46527854902524
023,Yarns & Threads,2018,447,243,149,0.3333333333333333,169.71207503165525
023,Yarns & Threads,2019,641,277,304,0.47425897035881437,1055.269043835076
023,Yarns & Threads,2020,522,351,113,0.2164750957854406,97.6938095447806
023,Yarns & Threads,2021,688,430,179,0.2601744186046512,108.16657652785288
023,Yarns & Threads,2022,429,330,72,0.16783216783216784,79.49315641623333
023,Yarns & Threads,2023,607,433,107,0.17627677100494235,96.81122760544878
023,Yarns & Threads,2024,597,469,87,0.1457286432160804,47.44549099489631
023,Yarns & Threads,2025,464,394,46,0.09913793103448276,39.38763376932223
024,Textiles & Bedding,1985,777,501,182,0.23423423423423423,100.55836310662562
024,Textiles & Bedding,1986,715,520,94,0.13146853146853146,42.036285392928754
024,Textiles & Bedding,1987,709,550,76,0.1071932299012694,37.73765071685623
024,Textiles & Bedding,1988,810,610,65,0.08024691358024691,24.264593811918918
024,Textiles & Bedding,1989,912,662,87,0.09539473684210527,28.157702369959992
024,Textiles & Bedding,1990,1252,944,73,0.05830670926517572,15.897886066000472
024,Textiles & Bedding,1991,1206,836,132,0.10945273631840796,27.075787453005834
024,Textiles & Bedding,1992,1168,815,114,0.0976027397260274,25.567648714580592
024,Textiles & Bedding,1993,1352,967,124,0.09171597633136094,22.298764048877842
024,Textiles & Bedding,1994,1341,961,109,0.08128262490678598,19.335131717456836
024,Textiles & Bedding,1995,1622,1071,209,0.12885326757090013,42.4952221382623
024,Textiles & Bedding,1996,1715,1107,166,0.0967930029154519,22.653826211867504
024,Textiles & Bedding,1997,1913,1284,165,0.08625196027182436,18.059503728444525
024,Textiles & Bedding,1998,1896,1337,103,0.054324894514767935,12.495771689009949
024,Textiles & Bedding,1999,2184,1514,154,0.07051282051282051,14.155563606113057
024,Textiles & Bedding,2000,2379,1620,126,0.05296343001261034,11.40885084407297
024,Textiles & Bedding,2001,1994,1381,164,0.08224674022066199,17.15779233387223
024,Textiles & Bedding,2002,2196,1540,122,0.05555555555555555,11.882011008589885
024,Textiles & Bedding,2003,2352,1656,115,0.04889455782312925,10.513559165162663
024,Textiles & Bedding,2004,2786,1949,154,0.05527638190954774,10.461496282561408
024,Textiles & Bedding,2005,2896,2070,120,0.04143646408839779,8.03403818564757
024,Textiles & Bedding,2006,3162,2224,126,0.03984819734345351,7.925391698782306
024,Textiles & Bedding,2007,3415,2355,167,0.04890190336749634,8.796777630340692
024,Textiles & Bedding,2008,2993,2161,122,0.040761777480788505,8.02295231919361
024,Textiles & Bedding,2009,2672,1885,138,0.051646706586826345,10.286313600344224
024,Textiles & Bedding,2010,2774,1996,147,0.052992069214131216,9.426807480523907
024,Textiles & Bedding,2011,3095,2081,155,0.050080775444264945,9.352726399607477
024,Textiles & Bedding,2012,3144,2146,175,0.05566157760814249,9.705873783579044
024,Textiles & Bedding,2013,3338,2302,136,0.04074295985620132,8.009158657807172
024,Textiles & Bedding,2014,3604,2458,174,0.04827968923418424,8.54581356761078
024,Textiles & Bedding,2015,4121,2855,194,0.04707595243872846,7.459970448648123
024,Textiles & Bedding,2016,4957,3507,209,0.042162598345773655,6.107395499622352
024,Textiles & Bedding,2017,6508,4807,229,0.035187461585740626,4.400050016451786
024,Textiles & Bedding,2018,6849,5181,239,0.0348956051978391,4.040819546847936
024,Textiles & Bedding,2019,8114,6071,440,0.054227261523293074,9.586099584495015
024,Textiles & Bedding,2020,12846,9916,237,0.018449322746380198,1.91116557248226
024,Textiles & Bedding,2021,14297,11100,312,0.02182276001958453,2.0487347205262294
024,Textiles & Bedding,2022,9895,7809,192,0.019403739262253663,2.213744570644623
024,Textiles & Bedding,2023,9355,7665,203,0.02169962586851951,2.3375147580114612
024,Textiles & Bedding,2024,10134,8239,198,0.019538188277087035,2.0528159294621204
024,Textiles & Bedding,2025,8753,7003,146,0.016679995430138237,2.2182337667022916
025,"Clothing, Footwear & Headwear",1985,4973,3386,311,0.06253770359943696,9.049066042493125
025,"Clothing, Footwear & Headwear",1986,5457,3687,208,0.038116181051859994,5.839379487098378
025,"Clothing, Footwear & Headwear",1987,5654,3970,196,0.034665723381676686,5.169590470586012
025,"Clothing, Footwear & Headwear",1988,5862,4101,257,0.043841692255203,5.823116252448417
025,"Clothing, Footwear & Headwear",1989,6601,4608,247,0.03741857294349341,4.712759110812171
025,"Clothing, Footwear & Headwear",1990,9355,6622,232,0.024799572421165154,3.0875488232012365
025,"Clothing, Footwear & Headwear",1991,8983,6063,287,0.031949237448513856,3.9436495933435882
025,"Clothing, Footwear & Headwear",1992,9423,6257,319,0.033853337578265946,4.041200172594825
025,"Clothing, Footwear & Headwear",1993,12122,7964,467,0.03852499587526811,4.400893615236243
025,"Clothing, Footwear & Headwear",1994,12135,8107,317,0.02612278533168521,2.9774228230715125
025,"Clothing, Footwear & Headwear",1995,13134,8855,379,0.028856403228262526,2.9409521594062387
025,"Clothing, Footwear & Headwear",1996,14359,9637,435,0.03029458875966293,2.916419781909847
025,"Clothing, Footwear & Headwear",1997,14671,9944,276,0.0188126235430441,2.137491915295851
025,"Clothing, Footwear & Headwear",1998,14320,9954,266,0.01857541899441341,2.0860967198277205
025,"Clothing, Footwear & Headwear",1999,17672,12432,420,0.023766410140334992,2.170608078683832
025,"Clothing, Footwear & Headwear",2000,16377,11710,350,0.021371435549856505,1.9971579396681127
025,"Clothing, Footwear & Headwear",2001,14213,10154,276,0.019418841905297968,2.0413409637451023
025,"Clothing, Footwear & Headwear",2002,15852,11501,312,0.01968205904617714,1.8268434189607388
025,"Clothing, Footwear & Headwear",2003,18336,13114,389,0.021215095986038393,1.848910030030853
025,"Clothing, Footwear & Headwear",2004,22716,16421,454,0.019985913012854375,1.518671908916056
025,"Clothing, Footwear & Headwear",2005,24344,17780,312,0.012816299704239238,1.1049383742650665
025,"Clothing, Footwear & Headwear",2006,25447,18631,315,0.012378669391283844,1.0013901494332769
025,"Clothing, Footwear & Headwear",2007,27767,20185,412,0.014837757049735298,1.0851143653900857
025,"Clothing, Footwear & Headwear",2008,27262,20117,442,0.01621304379722691,1.1747045858676974
025,"Clothing, Footwear & Headwear",2009,24924,18564,360,0.014443909484833895,1.1161196930016952
025,"Clothing, Footwear & Headwear",2010,27448,20166,607,0.02211454386476246,1.4241709460462204
025,"Clothing, Footwear & Headwear",2011,29239,21909,343,0.011730907349772564,0.8487703481836149
025,"Clothing, Footwear & Headwear",2012,31462,23647,290,0.009217468692390821,0.7472591174451985
025,"Clothing, Footwear & Headwear",2013,33534,25268,335,0.009989861036559909,0.7330890405121697
025,"Clothing, Footwear & Headwear",2014,35003,26471,269,0.007685055566665714,0.6469176665043062
025,"Clothing, Footwear & Headwear",2015,39374,29947,449,0.011403464214964189,0.6643566471653605
025,"Clothing, Footwear & Headwear",2016,44534,34660,338,0.007589706740917052,0.5145423053519002
025,"Clothing, Footwear & Headwear",2017,52449,41180,402,0.007664588457358577,0.43959106277180543
025,"Clothing, Footwear & Headwear",2018,53743,41931,369,0.0068660104571758186,0.41764560574708576
025,"Clothing, Footwear & Headwear",2019,59316,46102,597,0.010064738013352215,0.522011806307235
025,"Clothing, Footwear & Headwear",2020,84294,66020,418,0.004958834555247111,0.27244330095944574
025,"Clothing, Footwear & Headwear",2021,83147,65103,497,0.005977365389009826,0.29652312890697047
025,"Clothing, Footwear & Headwear",2022,60737,47734,435,0.007162026441872335,0.38105080332503943
025,"Clothing, Footwear & Headwear",2023,59641,46767,367,0.006153485018695193,0.38040241932790014
025,"Clothing, Footwear & Headwear",2024,62213,48986,422,0.006783148216610677,0.36938011808392046
025,"Clothing, Footwear & Headwear",2025,64581,49820,357,0.005527941654666233,0.34394899832153364
026,"Trim, Lace & Notions",1985,405,248,119,0.2938271604938272,202.71300106691046
026,"Trim, Lace & Notions",1986,316,229,67,0.2120253164556962,86.92517224803717
026,"Trim, Lace & Notions",1987,285,227,50,0.17543859649122806,99.8461064943059
026,"Trim, Lace & Notions",1988,357,282,47,0.13165266106442577,52.80543589985013
026,"Trim, Lace & Notions",1989,329,258,45,0.13677811550151975,53.86129100802838
026,"Trim, Lace & Notions",1990,450,359,42,0.09333333333333334,35.753086419753096
026,"Trim, Lace & Notions",1991,484,393,47,0.09710743801652892,35.34594631514241
026,"Trim, Lace & Notions",1992,475,352,49,0.1031578947368421,39.66759002770083
026,"Trim, Lace & Notions",1993,595,428,81,0.1361344537815126,62.340230209730976
026,"Trim, Lace & Notions",1994,507,378,55,0.10848126232741617,38.63076689658392
026,"Trim, Lace & Notions",1995,701,480,140,0.19971469329529243,149.30779546643174
026,"Trim, Lace & Notions",1996,717,482,92,0.12831241283124128,39.23445162218993
026,"Trim, Lace & Notions",1997,727,491,103,0.14167812929848694,48.56876349263711
026,"Trim, Lace & Notions",1998,778,587,60,0.07712082262210797,25.607813852670812
026,"Trim, Lace & Notions",1999,884,645,89,0.10067873303167421,28.4341024958539
026,"Trim, Lace & Notions",2000,813,588,78,0.0959409594095941,28.276666530502943
026,"Trim, Lace & Notions",2001,720,516,93,0.12916666666666668,39.69907407407409
026,"Trim, Lace & Notions",2002,837,606,86,0.1027479091995221,30.104101094967092
026,"Trim, Lace & Notions",2003,840,630,70,0.08333333333333333,24.348072562358276
026,"Trim, Lace & Notions",2004,959,711,95,0.09906152241918666,28.955692245463375
026,"Trim, Lace & Notions",2005,1022,755,96,0.09393346379647749,24.107597627153687
026,"Trim, Lace & Notions",2006,1114,800,93,0.08348294434470377,21.88564669023913
026,"Trim, Lace & Notions",2007,1265,941,86,0.06798418972332015,17.153837741567585
026,"Trim, Lace & Notions",2008,1204,896,79,0.06561461794019934,17.673645986247394
026,"Trim, Lace & Notions",2009,1112,829,85,0.0764388489208633,19.8294601728689
026,"Trim, Lace & Notions",2010,1262,897,113,0.089540412044374,23.21925050419303
026,"Trim, Lace & Notions",2011,1392,947,119,0.08548850574712644,20.55051856255781
026,"Trim, Lace & Notions",2012,1388,1013,107,0.07708933717579251,18.55135413465771
026,"Trim, Lace & Notions",2013,1471,1069,91,0.061862678450033994,15.791363598342025
026,"Trim, Lace & Notions",2014,1462,1144,68,0.046511627906976744,12.50091230460307
026,"Trim, Lace & Notions",2015,1915,1431,107,0.05587467362924282,12.25177075308987
026,"Trim, Lace & Notions",2016,2416,1883,147,0.06084437086092715,10.512148589974124
026,"Trim, Lace & Notions",2017,3693,2815,351,0.0950446791226645,23.005152640929197
026,"Trim, Lace & Notions",2018,3039,2382,173,0.05692662059888121,8.59832379786695
026,"Trim, Lace & Notions",2019,3983,3046,361,0.09063519959829275,31.53056528407922
026,"Trim, Lace & Notions",2020,6211,5241,135,0.021735630333279667,2.9554246221425724
026,"Trim, Lace & Notions",2021,7473,6278,225,0.030108390204737052,2.966923397132125
026,"Trim, Lace & Notions",2022,5229,4475,138,0.026391279403327597,3.3928938531859685
026,"Trim, Lace & Notions",2023,5252,4420,160,0.030464584920030464,4.120578734304388
026,"Trim, Lace & Notions",2024,6781,5431,210,0.03096888364548002,3.7103680723838637
026,"Trim, Lace & Notions",2025,5996,4676,146,0.024349566377585057,3.5291484071435666
027,Carpets & Wall Hangings,1985,397,229,122,0.30730478589420657,212.36096923399043
027,Carpets & Wall Hangings,1986,313,191,78,0.24920127795527156,108.70785656687316
027,Carpets & Wall Hangings,1987,296,189,76,0.25675675675675674,146.09203798392988
027,Carpets & Wall Hangings,1988,317,198,85,0.26813880126182965,137.42797719153342
027,Carpets & Wall Hangings,1989,332,221,76,0.2289156626506024,122.2964145739585
027,Carpets & Wall Hangings,1990,502,317,110,0.21912350597609562,93.88739861272045
027,Carpets & Wall Hangings,1991,427,276,86,0.20140515222482436,86.60169254479538
027,Carpets & Wall Hangings,1992,471,275,108,0.22929936305732485,90.9209749324967
027,Carpets & Wall Hangings,1993,591,320,116,0.19627749576988154,78.53275729283872
027,Carpets & Wall Hangings,1994,506,314,100,0.1976284584980237,74.5988845318627
027,Carpets & Wall Hangings,1995,645,359,156,0.24186046511627907,183.08995853614562
027,Carpets & Wall Hangings,1996,554,333,111,0.2003610108303249,73.37512544148888
027,Carpets & Wall Hangings,1997,630,373,106,0.16825396825396827,61.526832955404394
027,Carpets & Wall Hangings,1998,769,469,152,0.1976592977893368,95.35630520105316
027,Carpets & Wall Hangings,1999,865,499,147,0.1699421965317919,58.338066757993936
027,Carpets & Wall Hangings,2000,808,514,102,0.12623762376237624,40.68228605038723
027,Carpets & Wall Hangings,2001,732,440,127,0.17349726775956284,56.249813371554836
027,Carpets & Wall Hangings,2002,805,508,112,0.1391304347826087,44.303846302226006
027,Carpets & Wall Hangings,2003,841,533,110,0.13079667063020214,38.951986551314114
027,Carpets & Wall Hangings,2004,851,570,106,0.1245593419506463,39.09135723369617
027,Carpets & Wall Hangings,2005,920,638,80,0.08695652173913043,25.850661625708888
027,Carpets & Wall Hangings,2006,958,615,104,0.10855949895615867,32.25230015559555
027,Carpets & Wall Hangings,2007,1005,606,150,0.14925373134328357,54.563005866191446
027,Carpets & Wall Hangings,2008,1054,669,123,0.11669829222011385,31.28949443522282
027,Carpets & Wall Hangings,2009,828,553,83,0.10024154589371981,31.3892972998203
027,Carpets & Wall Hangings,2010,870,562,118,0.135632183908046,41.80208746201611
027,Carpets & Wall Hangings,2011,952,593,112,0.11764705882352941,35.24203799166726
027,Carpets & Wall Hangings,2012,900,600,101,0.11222222222222222,32.66666666666667
027,Carpets & Wall Hangings,2013,1047,648,128,0.12225405921680993,34.41861907720152
027,Carpets & Wall Hangings,2014,1002,621,129,0.12874251497005987,40.65720853701779
027,Carpets & Wall Hangings,2015,1235,802,141,0.11417004048582996,29.785769312724362
027,Carpets & Wall Hangings,2016,1455,898,162,0.11134020618556702,28.535326696661595
027,Carpets & Wall Hangings,2017,2087,1355,227,0.10876856732151413,24.08640524349402
027,Carpets & Wall Hangings,2018,2130,1421,211,0.09906103286384976,19.824108973087352
027,Carpets & Wall Hangings,2019,2503,1679,358,0.14302836596084698,76.7261467621196
027,Carpets & Wall Hangings,2020,3707,2896,156,0.04208254653358511,6.378326526510369
027,Carpets & Wall Hangings,2021,4449,3349,274,0.061586873454708924,8.591160345204493
027,Carpets & Wall Hangings,2022,2972,2365,129,0.043405114401076715,7.5106557570070756
027,Carpets & Wall Hangings,2023,3097,2541,149,0.048111075234097515,8.273028498732563
027,Carpets & Wall Hangings,2024,3428,2753,151,0.044049008168028,6.59337816512787
027,Carpets & Wall Hangings,2025,2835,2262,125,0.04409171075837742,7.926865304878239
028,"Toys, Games & Sporting Goods",1985,3601,1941,646,0.179394612607609,52.59654724253907
028,"Toys, Games & Sporting Goods",1986,3417,1945,538,0.15744805384840505,54.706755091625155
028,"Toys, Games & Sporting Goods",1987,3702,2146,613,0.1655861696380335,57.06466141361818
028,"Toys, Games & Sporting Goods",1988,3497,2233,396,0.11323991993136974,28.86824271696913
028,"Toys, Games & Sporting Goods",1989,4377,2563,545,0.12451450765364405,31.763540166161317
028,"Toys, Games & Sporting Goods",1990,6298,3815,628,0.09971419498253414,20.0782537586723
028,"Toys, Games & Sporting Goods",1991,6185,3605,681,0.11010509296685529,25.93203757232044
028,"Toys, Games & Sporting Goods",1992,6911,3694,901,0.1303718709304008,37.41327740984288
028,"Toys, Games & Sporting Goods",1993,8170,4492,768,0.09400244798041615,17.81362689122967
028,"Toys, Games & Sporting Goods",1994,8728,4546,978,0.11205316223648029,29.6944061948397
028,"Toys, Games & Sporting Goods",1995,9710,5193,1218,0.12543769309989702,34.03924945987713
028,"Toys, Games & Sporting Goods",1996,9886,5088,1378,0.13938903499898847,46.6182373044207
028,"Toys, Games & Sporting Goods",1997,9737,5247,1004,0.10311184142959844,30.233679191935543
028,"Toys, Games & Sporting Goods",1998,10011,5479,920,0.09189891119768255,15.538496506105792
028,"Toys, Games & Sporting Goods",1999,11537,6364,1154,0.10002600329375054,23.73879611413979
028,"Toys, Games & Sporting Goods",2000,10919,6051,1103,0.10101657660957963,43.760362430690776
028,"Toys, Games & Sporting Goods",2001,11231,5110,2663,0.2371115662006945,124.66519995134433
028,"Toys, Games & Sporting Goods",2002,9771,5335,1088,0.11134991300788047,42.50200327443182
028,"Toys, Games & Sporting Goods",2003,10419,5656,1256,0.12054899702466647,47.59691675307174
028,"Toys, Games & Sporting Goods",2004,11648,6089,1944,0.16689560439560439,93.18574357905146
028,"Toys, Games & Sporting Goods",2005,11309,6300,1494,0.13210717127951188,87.7628000445152
028,"Toys, Games & Sporting Goods",2006,10541,6152,1049,0.09951617493596433,50.469576915347744
028,"Toys, Games & Sporting Goods",2007,11372,6537,1243,0.10930355258529723,45.444878281860326
028,"Toys, Games & Sporting Goods",2008,10456,6180,1111,0.1062547819433818,43.33805405418062
028,"Toys, Games & Sporting Goods",2009,9458,5646,885,0.09357157961514062,32.607012489714805
028,"Toys, Games & Sporting Goods",2010,9941,5942,849,0.08540388290916406,31.997354960609005
028,"Toys, Games & Sporting Goods",2011,10472,6356,948,0.09052711993888464,27.201388576821106
028,"Toys, Games & Sporting Goods",2012,11671,6549,1354,0.11601405192357124,45.1502005609026
028,"Toys, Games & Sporting Goods",2013,11725,6518,1436,0.12247334754797441,55.462122830865475
028,"Toys, Games & Sporting Goods",2014,11968,6719,1317,0.11004344919786097,33.02757889130372
028,"Toys, Games & Sporting Goods",2015,13103,7968,815,0.06219949629855758,8.176255886609225
028,"Toys, Games & Sporting Goods",2016,14669,9056,1108,0.0755334378621583,9.816220416956796
028,"Toys, Games & Sporting Goods",2017,18300,11827,1153,0.06300546448087432,7.544268267192214
028,"Toys, Games & Sporting Goods",2018,18395,12121,952,0.051753193802663765,5.594161111148463
028,"Toys, Games & Sporting Goods",2019,20146,13533,1091,0.05415467090241239,5.107754590733156
028,"Toys, Games & Sporting Goods",2020,35431,26511,1058,0.029860856312268917,1.997736480694735
028,"Toys, Games & Sporting Goods",2021,36601,27937,816,0.02229447282861124,1.2897037776536864
028,"Toys, Games & Sporting Goods",2022,27293,20069,862,0.031583189828893854,2.230249019701227
028,"Toys, Games & Sporting Goods",2023,28046,20948,1017,0.03626185552306924,2.443342830046393
028,"Toys, Games & Sporting Goods",2024,30875,23133,881,0.028534412955465587,1.8301194905669655
028,"Toys, Games & Sporting Goods",2025,30669,22448,882,0.02875868140467573,1.827612942459485
029,"Meat, Dairy & Prepared Foods",1985,1992,1319,193,0.09688755020080321,21.037967129562425
029,"Meat, Dairy & Prepared Foods",1986,1677,1193,99,0.059033989266547404,13.956404104925136
029,"Meat, Dairy & Prepared Foods",1987,1902,1330,116,0.060988433228180865,13.721789339021074
029,"Meat, Dairy & Prepared Foods",1988,1869,1298,122,0.06527554842161584,13.881409989405011
029,"Meat, Dairy & Prepared Foods",1989,2307,1512,135,0.05851755526657997,13.082815178320294
029,"Meat, Dairy & Prepared Foods",1990,3031,2056,205,0.0676344440778621,12.179217915478251
029,"Meat, Dairy & Prepared Foods",1991,2995,1894,217,0.07245409015025042,16.19504962360752
029,"Meat, Dairy & Prepared Foods",1992,2871,1879,175,0.06095437129919889,11.271872692259679
029,"Meat, Dairy & Prepared Foods",1993,3129,1988,184,0.05880472994566954,11.027878562802984
029,"Meat, Dairy & Prepared Foods",1994,3031,1917,181,0.05971626525899043,12.063836996804492
029,"Meat, Dairy & Prepared Foods",1995,3416,2165,215,0.06293911007025761,13.740614493580281
029,"Meat, Dairy & Prepared Foods",1996,3730,2331,180,0.04825737265415549,9.408534525512293
029,"Meat, Dairy & Prepared Foods",1997,3796,2408,188,0.04952581664910432,9.123074480263734
029,"Meat, Dairy & Prepared Foods",1998,3713,2433,147,0.03959062752491247,7.7460569929616705
029,"Meat, Dairy & Prepared Foods",1999,4436,2847,228,0.05139765554553652,8.681734249085887
029,"Meat, Dairy & Prepared Foods",2000,4163,2710,190,0.04564016334374249,7.759122046137089
029,"Meat, Dairy & Prepared Foods",2001,4094,2590,256,0.0625305324865657,13.101971763222314
029,"Meat, Dairy & Prepared Foods",2002,4454,2853,180,0.04041311180960934,7.354529028865444
029,"Meat, Dairy & Prepared Foods",2003,5158,3192,247,0.0478867778208608,7.605347633622057
029,"Meat, Dairy & Prepared Foods",2004,5583,3499,231,0.04137560451370231,6.483500791420849
029,"Meat, Dairy & Prepared Foods",2005,5446,3367,210,0.038560411311053984,6.776377127201816
029,"Meat, Dairy & Prepared Foods",2006,5934,3571,272,0.045837546343107514,7.206561242309376
029,"Meat, Dairy & Prepared Foods",2007,6225,3756,248,0.03983935742971888,6.682472863340912
029,"Meat, Dairy & Prepared Foods",2008,5681,3496,260,0.04576659038901602,7.095237521279284
029,"Meat, Dairy & Prepared Foods",2009,5542,3582,187,0.03374233128834356,5.74726041393038
029,"Meat, Dairy & Prepared Foods",2010,5847,3772,208,0.035573798529160254,5.572519403269199
029,"Meat, Dairy & Prepared Foods",2011,6331,4034,207,0.03269625651555837,5.160228165764303
029,"Meat, Dairy & Prepared Foods",2012,6493,4198,226,0.034806714923764054,5.192953949222147
029,"Meat, Dairy & Prepared Foods",2013,6947,4533,255,0.03670649201093997,5.044465790036798
029,"Meat, Dairy & Prepared Foods",2014,7237,4668,245,0.03385380682603289,4.504319677129388
029,"Meat, Dairy & Prepared Foods",2015,8018,5192,232,0.028934896482913443,3.9770829925508724
029,"Meat, Dairy & Prepared Foods",2016,8503,5361,269,0.03163589321415971,4.2349339827332155
029,"Meat, Dairy & Prepared Foods",2017,8943,5668,228,0.02549480040254948,3.699927213050301
029,"Meat, Dairy & Prepared Foods",2018,9075,5895,217,0.02391184573002755,3.239001586109024
029,"Meat, Dairy & Prepared Foods",2019,9644,5991,492,0.05101617586063874,8.396811172902572
029,"Meat, Dairy & Prepared Foods",2020,9649,6314,272,0.028189449683905066,3.4661536502917873
029,"Meat, Dairy & Prepared Foods",2021,9568,6359,255,0.02665133779264214,3.3517347401035797
029,"Meat, Dairy & Prepared Foods",2022,7901,5333,187,0.023667890140488545,3.514091873646924
029,"Meat, Dairy & Prepared Foods",2023,8063,5476,220,0.027285129604365622,3.6499432896733217
029,"Meat, Dairy & Prepared Foods",2024,8554,5968,169,0.019756838905775075,2.856052806554998
029,"Meat, Dairy & Prepared Foods",2025,9225,6309,192,0.0208130081300813,2.878827270657531
030,"Coffee, Tea, Bakery & Spices",1985,2508,1641,208,0.08293460925039872,16.93464486211905
030,"Coffee, Tea, Bakery & Spices",1986,2592,1717,157,0.060570987654320986,12.368898605395517
030,"Coffee, Tea, Bakery & Spices",1987,2773,1806,184,0.06635412910205554,12.691284472690072
030,"Coffee, Tea, Bakery & Spices",1988,2815,1833,180,0.06394316163410302,12.34568680217939
030,"Coffee, Tea, Bakery & Spices",1989,3423,2119,214,0.06251825883727724,11.713820233953797
030,"Coffee, Tea, Bakery & Spices",1990,4733,2966,322,0.06803296006761039,10.57126668023434
030,"Coffee, Tea, Bakery & Spices",1991,4290,2666,301,0.07016317016317017,12.690650452888216
030,"Coffee, Tea, Bakery & Spices",1992,4667,2883,281,0.06020998500107135,10.197471737723838
030,"Coffee, Tea, Bakery & Spices",1993,5497,3324,258,0.0469346916499909,7.810501694591944
030,"Coffee, Tea, Bakery & Spices",1994,5667,3343,294,0.05187930121757544,8.548371442292702
030,"Coffee, Tea, Bakery & Spices",1995,6139,3660,424,0.06906662322853885,10.168141163443268
030,"Coffee, Tea, Bakery & Spices",1996,6222,3631,353,0.056734169077467055,9.27795223985648
030,"Coffee, Tea, Bakery & Spices",1997,6425,3860,303,0.04715953307392996,7.216702750987905
030,"Coffee, Tea, Bakery & Spices",1998,6501,4081,276,0.042455006922012,6.163073937887185
030,"Coffee, Tea, Bakery & Spices",1999,7011,4363,288,0.0410783055198973,5.9109998122029275
030,"Coffee, Tea, Bakery & Spices",2000,6805,4399,355,0.05216752387950037,7.064218350922977
030,"Coffee, Tea, Bakery & Spices",2001,6824,4055,425,0.06228018757327081,9.817687109422781
030,"Coffee, Tea, Bakery & Spices",2002,7244,4517,358,0.049420209828823856,6.710174432520328
030,"Coffee, Tea, Bakery & Spices",2003,7956,4954,385,0.048391151332327804,6.659932797808763
030,"Coffee, Tea, Bakery & Spices",2004,8968,5498,416,0.0463871543264942,6.280134899306962
030,"Coffee, Tea, Bakery & Spices",2005,9030,5599,418,0.04629014396456257,5.879012863483235
030,"Coffee, Tea, Bakery & Spices",2006,9493,5948,412,0.04340040029495418,5.531805640905973
030,"Coffee, Tea, Bakery & Spices",2007,9751,6235,358,0.036714183160701463,4.595717332452858
030,"Coffee, Tea, Bakery & Spices",2008,9300,6014,340,0.03655913978494624,4.599838131575905
030,"Coffee, Tea, Bakery & Spices",2009,9210,5924,315,0.03420195439739414,4.476322177305743
030,"Coffee, Tea, Bakery & Spices",2010,10108,6603,343,0.03393351800554017,4.169257730793149
030,"Coffee, Tea, Bakery & Spices",2011,10797,7102,364,0.03371306844493841,3.7420477624878203
030,"Coffee, Tea, Bakery & Spices",2012,11066,7251,347,0.031357310681366345,3.713486297109804
030,"Coffee, Tea, Bakery & Spices",2013,12334,8207,421,0.03413329009242744,3.5418961177552877
030,"Coffee, Tea, Bakery & Spices",2014,13006,8625,368,0.028294633246194065,2.90229075833865
030,"Coffee, Tea, Bakery & Spices",2015,13267,8862,327,0.02464762191904726,2.5964516804182898
030,"Coffee, Tea, Bakery & Spices",2016,14045,9336,343,0.024421502313990744,2.498554904320788
030,"Coffee, Tea, Bakery & Spices",2017,14852,9970,317,0.02134392674387288,2.236992205852027
030,"Coffee, Tea, Bakery & Spices",2018,15854,10710,312,0.019679576132206382,2.0597629157662003
030,"Coffee, Tea, Bakery & Spices",2019,16519,11007,536,0.0324474847145711,3.576368506436853
030,"Coffee, Tea, Bakery & Spices",2020,17608,12271,283,0.016072239890958656,1.598365824794438
030,"Coffee, Tea, Bakery & Spices",2021,18110,12896,265,0.014632799558255107,1.4958589465384406
030,"Coffee, Tea, Bakery & Spices",2022,15498,10907,258,0.01664730933023616,1.7755258085245589
030,"Coffee, Tea, Bakery & Spices",2023,16502,11785,288,0.01745243000848382,1.6725421690603246
030,"Coffee, Tea, Bakery & Spices",2024,18236,13061,229,0.012557578416319368,1.3751846870749385
030,"Coffee, Tea, Bakery & Spices",2025,19048,14039,232,0.012179756404871903,1.2461059052653471
031,Agriculture & Live Animals,1985,844,533,156,0.1848341232227488,66.37317221086678
031,Agriculture & Live Animals,1986,817,595,79,0.0966952264381885,29.828206906780483
031,Agriculture & Live Animals,1987,840,597,75,0.08928571428571429,27.891156462585037
031,Agriculture & Live Animals,1988,928,658,79,0.08512931034482758,24.82628567181926
031,Agriculture & Live Animals,1989,1095,769,100,0.091324200913242,24.22801859844457
031,Agriculture & Live Animals,1990,1471,998,139,0.09449354180829368,25.727398639733696
031,Agriculture & Live Animals,1991,1464,1008,97,0.0662568306010929,16.83388575353101
031,Agriculture & Live Animals,1992,1355,880,137,0.1011070110701107,26.9658637545785
031,Agriculture & Live Animals,1993,1633,1018,171,0.10471524800979792,24.183547462789992
031,Agriculture & Live Animals,1994,1562,1036,105,0.06722151088348272,17.501118923996785
031,Agriculture & Live Animals,1995,1876,1142,228,0.12153518123667377,35.34149235546301
031,Agriculture & Live Animals,1996,1813,1189,160,0.0882515168229454,19.486037136340503
031,Agriculture & Live Animals,1997,1998,1253,160,0.08008008008008008,18.22142462783103
031,Agriculture & Live Animals,1998,2013,1332,128,0.06358668653750621,14.449051853464157
031,Agriculture & Live Animals,1999,2328,1566,156,0.06701030927835051,12.975165621568006
031,Agriculture & Live Animals,2000,2350,1562,148,0.06297872340425532,13.008601177003168
031,Agriculture & Live Animals,2001,2130,1405,120,0.056338028169014086,12.84577574996143
031,Agriculture & Live Animals,2002,2386,1494,198,0.08298407376362113,18.65801416336846
031,Agriculture & Live Animals,2003,2518,1605,156,0.061953931691818905,13.504041749286001
031,Agriculture & Live Animals,2004,2740,1681,226,0.08248175182481751,16.348766583195694
031,Agriculture & Live Animals,2005,2797,1731,165,0.058991776903825524,12.551115533280527
031,Agriculture & Live Animals,2006,3090,1795,225,0.07281553398058252,14.702401524910712
031,Agriculture & Live Animals,2007,3081,1887,216,0.07010710808179163,13.797119660331914
031,Agriculture & Live Animals,2008,3024,1829,210,0.06944444444444445,13.531518574507992
031,Agriculture & Live Animals,2009,2822,1737,156,0.05527994330262225,11.78349115811225
031,Agriculture & Live Animals,2010,3153,1913,221,0.07009197589597209,14.184106096027232
031,Agriculture & Live Animals,2011,3266,1958,213,0.06521739130434782,14.583627862116659
031,Agriculture & Live Animals,2012,3112,1915,205,0.06587403598971722,12.48380925317702
031,Agriculture & Live Animals,2013,3493,2111,222,0.06355568279415975,12.686614077199426
031,Agriculture & Live Animals,2014,3557,2155,239,0.06719145347202699,13.731155623004257
031,Agriculture & Live Animals,2015,3877,2392,186,0.04797523858653598,9.369223030419073
031,Agriculture & Live Animals,2016,4405,2616,319,0.07241770715096481,13.565742159165431
031,Agriculture & Live Animals,2017,4703,2828,243,0.05166914735275356,8.674753005543984
031,Agriculture & Live Animals,2018,5084,3143,260,0.05114083398898505,8.315066907426516
031,Agriculture & Live Animals,2019,5509,3281,561,0.10183336358685786,23.94899535837675
031,Agriculture & Live Animals,2020,5548,3572,198,0.03568853640951694,5.900526518516517
031,Agriculture & Live Animals,2021,5974,3826,416,0.06963508536993639,12.001005585076902
031,Agriculture & Live Animals,2022,4989,3361,248,0.049709360593305274,7.760910443143288
031,Agriculture & Live Animals,2023,4988,3382,215,0.04310344827586207,6.617325044420965
031,Agriculture & Live Animals,2024,5508,3785,221,0.040123456790123455,5.664830821109746
031,Agriculture & Live Animals,2025,5332,3671,206,0.038634658664666165,5.715044665142279
032,Beer & Soft Drinks,1985,830,531,125,0.15060240963855423,60.8796632312382
032,Beer & Soft Drinks,1986,742,508,79,0.10646900269541779,33.16598978502046
032,Beer & Soft Drinks,1987,796,591,66,0.0829145728643216,25.15719300017676
032,Beer & Soft Drinks,1988,771,562,79,0.10246433203631647,31.239433349987635
032,Beer & Soft Drinks,1989,909,620,95,0.10451045104510451,29.784056513462126
032,Beer & Soft Drinks,1990,1342,926,118,0.08792846497764531,21.29970393633631
032,Beer & Soft Drinks,1991,1454,894,234,0.1609353507565337,48.663365680974934
032,Beer & Soft Drinks,1992,1585,937,255,0.1608832807570978,41.22640288986854
032,Beer & Soft Drinks,1993,2019,1169,244,0.12085190688459634,31.61398119548293
032,Beer & Soft Drinks,1994,2286,1290,353,0.15441819772528434,42.18687449720578
032,Beer & Soft Drinks,1995,2977,1553,385,0.12932482364796774,31.9446063307663
032,Beer & Soft Drinks,1996,2962,1680,289,0.09756920999324781,22.176012065501308
032,Beer & Soft Drinks,1997,2749,1638,281,0.10221898872317206,25.38440844456683
032,Beer & Soft Drinks,1998,2612,1560,284,0.10872894333843798,23.313884087812404
032,Beer & Soft Drinks,1999,2675,1638,264,0.09869158878504673,23.40676041575683
032,Beer & Soft Drinks,2000,2526,1584,224,0.08867775138558986,18.33974958139232
032,Beer & Soft Drinks,2001,2738,1596,326,0.11906501095690285,27.87113807191591
032,Beer & Soft Drinks,2002,2869,1783,234,0.08156151969327292,16.62827394580181
032,Beer & Soft Drinks,2003,3143,1966,229,0.07286032453070315,14.774586577305806
032,Beer & Soft Drinks,2004,3741,2306,263,0.07030205827318899,13.065304873905342
032,Beer & Soft Drinks,2005,4141,2496,430,0.10383965225790871,21.181042718922534
032,Beer & Soft Drinks,2006,4415,2615,368,0.08335220838052095,14.360084597833241
032,Beer & Soft Drinks,2007,5172,3068,363,0.07018561484918794,12.259629906767895
032,Beer & Soft Drinks,2008,5060,2884,430,0.08498023715415019,16.29302129388055
032,Beer & Soft Drinks,2009,4468,2765,278,0.06222023276633841,10.473363153798742
032,Beer & Soft Drinks,2010,5019,3074,334,0.06654712094042638,10.352769458127257
032,Beer & Soft Drinks,2011,5581,3359,295,0.05285791076867945,8.481241918107166
032,Beer & Soft Drinks,2012,6160,3775,354,0.057467532467532466,8.693498060381176
032,Beer & Soft Drinks,2013,7600,4421,327,0.04302631578947368,6.131232686980609
032,Beer & Soft Drinks,2014,8079,4651,330,0.04084663943557371,5.733240666293848
032,Beer & Soft Drinks,2015,9375,5256,316,0.03370666666666667,5.146965333333334
032,Beer & Soft Drinks,2016,9721,5569,299,0.03075815245345129,4.453117611438341
032,Beer & Soft Drinks,2017,9531,5668,311,0.032630364075123285,4.375717422423816
032,Beer & Soft Drinks,2018,9461,5616,372,0.039319310855089315,5.1505677192963715
032,Beer & Soft Drinks,2019,9632,5562,573,0.05948920265780731,9.82674032295449
032,Beer & Soft Drinks,2020,8750,5432,293,0.033485714285714285,4.390661224489796
032,Beer & Soft Drinks,2021,8756,5554,280,0.03197807217907721,4.1222141272415485
032,Beer & Soft Drinks,2022,7405,4755,217,0.029304523970290344,4.3726500106457635
032,Beer & Soft Drinks,2023,7631,4998,221,0.028960817717206135,4.123666301856804
032,Beer & Soft Drinks,2024,8057,5248,215,0.026684870299118778,3.9030890877426963
032,Beer & Soft Drinks,2025,8913,5964,212,0.023785481880399417,3.2613907713731085
033,Wine & Spirits,1985,905,612,131,0.14475138121546963,52.87994871951405
033,Wine & Spirits,1986,727,510,75,0.1031636863823934,32.41070972453735
033,Wine & Spirits,1987,743,511,89,0.11978465679676985,37.18872781220508
033,Wine & Spirits,1988,720,513,87,0.12083333333333333,38.31018518518519
033,Wine & Spirits,1989,760,520,90,0.11842105263157894,34.79916897506925
033,Wine & Spirits,1990,1000,667,130,0.13,38.900000000000006
033,Wine & Spirits,1991,851,575,105,0.12338425381903642,39.17420716071919
033,Wine & Spirits,1992,947,619,90,0.09503695881731784,28.42299753905235
033,Wine & Spirits,1993,1058,642,113,0.10680529300567108,34.019318112785484
033,Wine & Spirits,1994,1258,757,146,0.11605723370429252,32.79488222909153
033,Wine & Spirits,1995,1488,897,206,0.13844086021505375,48.994103364550824
033,Wine & Spirits,1996,1519,957,132,0.086899275839368,21.726119146505468
033,Wine & Spirits,1997,1743,1098,141,0.08089500860585198,19.930554115486615
033,Wine & Spirits,1998,1866,1204,140,0.07502679528403002,17.065120868844982
033,Wine & Spirits,1999,2185,1457,164,0.07505720823798627,15.183616189014971
033,Wine & Spirits,2000,2262,1507,150,0.06631299734748011,13.802015539873398
033,Wine & Spirits,2001,2436,1581,158,0.06486042692939245,14.239742666785304
033,Wine & Spirits,2002,2905,1891,183,0.06299483648881239,11.365056982293572
033,Wine & Spirits,2003,3514,2136,261,0.0742743312464428,13.380092120338873
033,Wine & Spirits,2004,4451,2700,311,0.06987193889013704,12.218721936929144
033,Wine & Spirits,2005,4917,2992,288,0.05857230018303844,10.0447166713633
033,Wine & Spirits,2006,5425,3258,270,0.04976958525345622,8.011042918728364
033,Wine & Spirits,2007,6185,3698,303,0.04898949070331447,7.556550943065765
033,Wine & Spirits,2008,5909,3618,286,0.048400744626840415,7.147095648588691
033,Wine & Spirits,2009,5429,3329,262,0.048259347946214774,8.191954404894803
033,Wine & Spirits,2010,6146,3610,454,0.07386918320859095,14.666438074962763
033,Wine & Spirits,2011,7093,4204,360,0.05075426476808121,8.134858288152872
033,Wine & Spirits,2012,7779,4439,491,0.06311865278313408,8.820772437374078
033,Wine & Spirits,2013,8440,4888,557,0.06599526066350711,9.502818894454302
033,Wine & Spirits,2014,8771,4869,707,0.08060654429369513,11.322046106560082
033,Wine & Spirits,2015,8863,5210,448,0.05054721877468126,6.765770408424433
033,Wine & Spirits,2016,9570,5423,544,0.056844305120167186,8.238694369923424
033,Wine & Spirits,2017,9854,5602,513,0.05206007712604019,6.961388659243299
033,Wine & Spirits,2018,10496,5930,587,0.05592606707317073,7.598895107543873
033,Wine & Spirits,2019,10987,6034,830,0.07554382451988714,11.603526011929885
033,Wine & Spirits,2020,11136,6355,603,0.05414870689655173,7.914491366924298
033,Wine & Spirits,2021,12020,6871,645,0.05366056572379368,7.361275301009688
033,Wine & Spirits,2022,10209,6033,483,0.0473111960035263,6.349516670784252
033,Wine & Spirits,2023,9358,5688,510,0.05449882453515709,8.81056222385917
033,Wine & Spirits,2024,8899,5371,457,0.05135408472862119,7.775639421866806
033,Wine & Spirits,2025,7972,4885,554,0.06949322629202208,11.297695471531195
034,Tobacco & Smokers' Articles,1985,380,219,126,0.33157894736842103,232.5484764542936
034,Tobacco & Smokers' Articles,1986,294,181,75,0.25510204081632654,117.54361608589014
034,Tobacco & Smokers' Articles,1987,265,174,73,0.27547169811320754,195.2296190815237
034,Tobacco & Smokers' Articles,1988,327,185,91,0.2782874617737003,156.27191874982464
034,Tobacco & Smokers' Articles,1989,331,179,112,0.338368580060423,234.8463413075821
034,Tobacco & Smokers' Articles,1990,414,235,124,0.2995169082125604,163.7144390767579
034,Tobacco & Smokers' Articles,1991,386,243,78,0.20207253886010362,84.8344922011329
034,Tobacco & Smokers' Articles,1992,485,232,157,0.3237113402061856,160.99479222021466
034,Tobacco & Smokers' Articles,1993,530,256,168,0.3169811320754717,158.06336774652908
034,Tobacco & Smokers' Articles,1994,449,257,97,0.21603563474387527,88.83884504541153
034,Tobacco & Smokers' Articles,1995,669,364,162,0.242152466367713,175.4174291325652
034,Tobacco & Smokers' Articles,1996,990,622,104,0.10505050505050505,30.466278951127432
034,Tobacco & Smokers' Articles,1997,1419,906,106,0.07470049330514447,20.068922669837175
034,Tobacco & Smokers' Articles,1998,856,567,90,0.10514018691588785,32.67206742946982
034,Tobacco & Smokers' Articles,1999,736,495,80,0.10869565217391304,34.74273393194707
034,Tobacco & Smokers' Articles,2000,804,502,90,0.11194029850746269,36.29241850449246
034,Tobacco & Smokers' Articles,2001,824,473,105,0.12742718446601942,41.94551795645207
034,Tobacco & Smokers' Articles,2002,1123,596,156,0.13891362422083706,45.031079294822334
034,Tobacco & Smokers' Articles,2003,1074,577,132,0.12290502793296089,41.00648821475263
034,Tobacco & Smokers' Articles,2004,1009,596,133,0.13181367690782952,40.30131197812354
034,Tobacco & Smokers' Articles,2005,1122,586,151,0.13458110516934046,42.24376511259178
034,Tobacco & Smokers' Articles,2006,1124,605,155,0.13790035587188612,42.72678917440256
034,Tobacco & Smokers' Articles,2007,1274,622,231,0.1813186813186813,102.2133282729829
034,Tobacco & Smokers' Articles,2008,1392,636,279,0.20043103448275862,83.63679151803409
034,Tobacco & Smokers' Articles,2009,1358,658,218,0.16053019145802652,53.28159534618396
034,Tobacco & Smokers' Articles,2010,1381,741,241,0.17451122375090514,52.74331847180179
034,Tobacco & Smokers' Articles,2011,1758,896,237,0.1348122866894198,39.481466813177136
034,Tobacco & Smokers' Articles,2012,1883,1040,212,0.11258629845990441,28.138395668655654
034,Tobacco & Smokers' Articles,2013,2854,1558,264,0.09250175192711983,20.180923613031098
034,Tobacco & Smokers' Articles,2014,2982,1713,191,0.06405097250167673,13.820908909751823
034,Tobacco & Smokers' Articles,2015,3804,2210,234,0.061514195583596214,12.155835741004266
034,Tobacco & Smokers' Articles,2016,3174,1880,244,0.07687460617517328,15.274546776363877
034,Tobacco & Smokers' Articles,2017,3501,1825,546,0.155955441302485,41.198495455780744
034,Tobacco & Smokers' Articles,2018,3799,2196,363,0.095551460910766,18.601894445698953
034,Tobacco & Smokers' Articles,2019,4906,2724,471,0.09600489196901753,27.944018564088434
034,Tobacco & Smokers' Articles,2020,4075,2545,301,0.07386503067484662,12.35063419774926
034,Tobacco & Smokers' Articles,2021,4841,3053,332,0.06858087172071886,11.093957012932767
034,Tobacco & Smokers' Articles,2022,4170,2659,192,0.0460431654676259,8.274243914221142
034,Tobacco & Smokers' Articles,2023,4630,2786,264,0.05701943844492441,10.001446104614008
034,Tobacco & Smokers' Articles,2024,3777,2311,280,0.07413290971670639,12.539842863971407
034,Tobacco & Smokers' Articles,2025,3383,2107,211,0.062370676913981675,11.319661023554248
035,Advertising & Retail,1985,2330,1864,127,0.054506437768240344,11.214058096483633
035,Advertising & Retail,1986,2467,1964,77,0.031211998378597488,6.945347003634025
035,Advertising & Retail,1987,2671,2137,80,0.02995132909022838,6.353864412486206
035,Advertising & Retail,1988,2802,2246,83,0.029621698786581014,6.1799438659344474
035,Advertising & Retail,1989,3636,2870,101,0.027777777777777776,5.078478144844187
035,Advertising & Retail,1990,4494,3560,100,0.022251891410769914,4.056241531754051
035,Advertising & Retail,1991,4441,3536,98,0.02206710200405314,3.9493002934062913
035,Advertising & Retail,1992,4621,3556,101,0.021856740965159056,4.120608752390283
035,Advertising & Retail,1993,5676,4221,136,0.023960535588442564,3.8290372131760604
035,Advertising & Retail,1994,6219,4723,132,0.021225277375783887,3.264818681557776
035,Advertising & Retail,1995,8085,5800,306,0.03784786641929499,5.085576143090059
035,Advertising & Retail,1996,12897,9329,284,0.022020624951539117,2.23534039558052
035,Advertising & Retail,1997,17568,12437,294,0.01673497267759563,1.5487568886632759
035,Advertising & Retail,1998,20036,14351,260,0.012976642044320223,1.2507930922981076
035,Advertising & Retail,1999,37264,24943,447,0.011995491627307857,0.9166172972402961
035,Advertising & Retail,2000,44695,29357,389,0.008703434388634076,0.6920806083459281
035,Advertising & Retail,2001,24898,17566,296,0.01188850510081131,1.0439573135475235
035,Advertising & Retail,2002,23937,17295,382,0.015958557881104566,1.3028902237243827
035,Advertising & Retail,2003,24903,18055,289,0.011605027506726097,1.0271068869649285
035,Advertising & Retail,2004,28897,21060,282,0.009758798491192858,0.8382746246757669
035,Advertising & Retail,2005,32135,23246,321,0.009989108448731913,0.7977760502512823
035,Advertising & Retail,2006,36290,26069,312,0.008597409754753376,0.6723949422767105
035,Advertising & Retail,2007,42168,29841,562,0.013327641813697591,0.913932421113713
035,Advertising & Retail,2008,41054,29516,366,0.00891508744580309,0.6590362081622099
035,Advertising & Retail,2009,37132,27241,361,0.00972207260583863,0.689940569026497
035,Advertising & Retail,2010,39269,28293,399,0.010160686546639843,0.7032372057861583
035,Advertising & Retail,2011,44047,31583,313,0.007106045814697936,0.5525431100872672
035,Advertising & Retail,2012,44206,31824,255,0.005768447722028684,0.5147145722145191
035,Advertising & Retail,2013,44942,32224,326,0.0072537937786480355,0.5521780305147617
035,Advertising & Retail,2014,47688,34162,425,0.008912095286025835,0.5920026191606511
035,Advertising & Retail,2015,51283,36735,271,0.005284402238558587,0.45144271396507685
035,Advertising & Retail,2016,50596,36526,344,0.006798956439244209,0.46898476680226414
035,Advertising & Retail,2017,54838,39158,585,0.01066778511251322,0.6868900342706259
035,Advertising & Retail,2018,57079,40819,326,0.005711382469910125,0.4169505512916825
035,Advertising & Retail,2019,59533,42695,509,0.008549879898543665,0.5138144738414695
035,Advertising & Retail,2020,67073,49526,450,0.00670910798682033,0.35898340639253634
035,Advertising & Retail,2021,74047,53748,430,0.005807122503274947,0.33914356614057506
035,Advertising & Retail,2022,69503,49117,331,0.004762384357509748,0.3532990365140692
035,Advertising & Retail,2023,66426,48397,356,0.0053593472435492125,0.34134153750372603
035,Advertising & Retail,2024,65744,48240,281,0.004274154295449015,0.3315662435668671
035,Advertising & Retail,2025,69824,51430,357,0.005112855178735105,0.33240821258803593
036,Insurance & Financial,1985,2398,1567,165,0.06880733944954129,15.063289466270547
036,Insurance & Financial,1986,2386,1637,117,0.0490360435875943,10.342533175853276
036,Insurance & Financial,1987,2776,1871,139,0.050072046109510084,10.025724821234293
036,Insurance & Financial,1988,2714,1870,122,0.0449521002210759,9.389345021230564
036,Insurance & Financial,1989,3437,2249,206,0.059935990689554845,10.965067291719803
036,Insurance & Financial,1990,4045,2773,135,0.03337453646477132,6.2039998105369
036,Insurance & Financial,1991,3738,2512,139,0.0371856607811664,7.245586447346688
036,Insurance & Financial,1992,3814,2542,164,0.04299947561615102,7.858883274135064
036,Insurance & Financial,1993,5088,3189,281,0.05522798742138365,10.145341363078991
036,Insurance & Financial,1994,5704,3588,271,0.04751051893408135,6.986190149281329
036,Insurance & Financial,1995,6815,4101,310,0.04548789435069699,7.031444705988743
036,Insurance & Financial,1996,8408,5032,298,0.035442435775451954,5.0524465395197
036,Insurance & Financial,1997,9946,5891,360,0.0361954554594812,4.948297318692061
036,Insurance & Financial,1998,10693,6591,305,0.02852333302160292,3.6507704299297097
036,Insurance & Financial,1999,17342,10242,561,0.03234921001037942,3.25904044065722
036,Insurance & Financial,2000,20563,11918,401,0.01950104556728104,2.2384277378546815
036,Insurance & Financial,2001,13019,7902,356,0.027344650126737844,3.361350764937838
036,Insurance & Financial,2002,12146,7420,369,0.030380372138975795,3.47736926725173
036,Insurance & Financial,2003,12811,7877,446,0.03481383186324252,3.8882726558783776
036,Insurance & Financial,2004,14300,8891,496,0.03468531468531469,3.8179862095946016
036,Insurance & Financial,2005,16135,10010,527,0.03266191509141617,3.1957274042257913
036,Insurance & Financial,2006,17566,10889,466,0.02652852100648981,2.5903186303216437
036,Insurance & Financial,2007,19070,11686,589,0.030886208704771892,2.965147310064842
036,Insurance & Financial,2008,16710,10574,443,0.026511071214841413,2.599560711270983
036,Insurance & Financial,2009,14115,9222,330,0.023379383634431455,2.412900759900864
036,Insurance & Financial,2010,14535,9368,328,0.022566219470244238,2.4063950591250447
036,Insurance & Financial,2011,15836,10021,288,0.018186410709775197,2.08263138697285
036,Insurance & Financial,2012,15639,9873,318,0.020333780932284672,2.2566595344319174
036,Insurance & Financial,2013,16610,10593,264,0.015894039735099338,1.8616698339676994
036,Insurance & Financial,2014,17486,11414,255,0.014583095047466545,1.6590779527103652
036,Insurance & Financial,2015,19360,12495,238,0.012293388429752066,1.4764829929649614
036,Insurance & Financial,2016,18716,12298,266,0.014212438555246848,1.5311372230107272
036,Insurance & Financial,2017,21195,13793,313,0.01476763387591413,1.4612846115288556
036,Insurance & Financial,2018,23240,15010,282,0.012134251290877796,1.2798427543466215
036,Insurance & Financial,2019,22873,14737,474,0.020723123333187602,2.098135093373472
036,Insurance & Financial,2020,23573,15502,333,0.014126330971874603,1.3599218849956627
036,Insurance & Financial,2021,26923,17492,304,0.011291460832745237,1.1192554569608215
036,Insurance & Financial,2022,26039,16353,315,0.012097238757248743,1.2210825256972844
036,Insurance & Financial,2023,22496,14763,278,0.012357752489331436,1.281285157190581
036,Insurance & Financial,2024,23399,15644,261,0.011154322834309158,1.1489585983516768
036,Insurance & Financial,2025,25154,16611,264,0.01049534865230182,1.0862877155058308
037,Construction & Repair,1985,1376,1064,137,0.09956395348837209,26.175466468361286
037,Construction & Repair,1986,1276,1071,53,0.041536050156739814,11.767769577736065
037,Construction & Repair,1987,1432,1198,48,0.0335195530726257,10.192019599887642
037,Construction & Repair,1988,1666,1373,71,0.042617046818727494,10.635706863777923
037,Construction & Repair,1989,1875,1550,60,0.032,8.115200000000002
037,Construction & Repair,1990,2104,1763,64,0.030418250950570342,7.201564284578352
037,Construction & Repair,1991,1878,1532,69,0.036741214057507986,8.971091762587033
037,Construction & Repair,1992,1769,1414,64,0.03617863199547767,9.557861812683162
037,Construction & Repair,1993,1961,1577,80,0.0407955124936257,9.031286007799725
037,Construction & Repair,1994,2202,1702,91,0.041326067211625794,8.765048040712719
037,Construction & Repair,1995,2708,2013,173,0.0638847858197932,15.26196247673615
037,Construction & Repair,1996,3435,2535,118,0.03435225618631732,6.39787782672167
037,Construction & Repair,1997,3631,2713,118,0.032497934453318646,5.756149367411395
037,Construction & Repair,1998,4155,3117,122,0.029362214199759325,5.07587309448405
037,Construction & Repair,1999,5220,3833,130,0.02490421455938697,4.131618737246958
037,Construction & Repair,2000,6320,4367,237,0.0375,5.190975004005768
037,Construction & Repair,2001,5016,3641,138,0.02751196172248804,4.422848479761098
037,Construction & Repair,2002,4588,3400,125,0.02724498692240628,4.618583484910791
037,Construction & Repair,2003,4805,3661,106,0.02206035379812695,3.9063540515050543
037,Construction & Repair,2004,5564,4142,181,0.03253055355859094,4.289023459323855
037,Construction & Repair,2005,6498,4679,218,0.033548784241305016,4.243557763967623
037,Construction & Repair,2006,7399,5359,209,0.028247060413569402,3.5964796256753173
037,Construction & Repair,2007,8265,5932,258,0.03121597096188748,3.741606765312221
037,Construction & Repair,2008,8012,5801,164,0.020469296055916127,2.8071970925289547
037,Construction & Repair,2009,6870,5116,181,0.026346433770014555,3.3663227881492226
037,Construction & Repair,2010,6792,5005,134,0.019729093050647822,3.0218118454330667
037,Construction & Repair,2011,7337,5402,137,0.01867248194084776,2.8338390062530037
037,Construction & Repair,2012,7446,5430,133,0.017861939296266453,2.76825266549833
037,Construction & Repair,2013,7422,5409,141,0.018997574777687955,2.81450393170079
037,Construction & Repair,2014,8056,5819,163,0.020233366434955314,2.834860544214333
037,Construction & Repair,2015,9098,6522,127,0.013959111892723676,2.3149892083954686
037,Construction & Repair,2016,9197,6605,170,0.018484288354898338,2.4594250724145987
037,Construction & Repair,2017,10130,7149,213,0.02102665350444225,2.465091032763609
037,Construction & Repair,2018,10355,7399,193,0.018638338966682762,2.201984079891052
037,Construction & Repair,2019,10795,7652,345,0.03195924038906901,5.435673155083334
037,Construction & Repair,2020,12002,8483,220,0.018330278286952176,2.0545928564202804
037,Construction & Repair,2021,13004,9070,241,0.01853275915103045,1.9218940370996278
037,Construction & Repair,2022,13200,8893,180,0.013636363636363636,1.8479109274563819
037,Construction & Repair,2023,13643,9430,205,0.015026020669940628,1.7756805836718117
037,Construction & Repair,2024,14971,10713,147,0.0098189833678445,1.3770081735427033
037,Construction & Repair,2025,15208,10904,164,0.010783798001052078,1.409008132987954
038,Telecommunications,1985,1066,603,144,0.1350844277673546,48.36512501364009
038,Telecommunications,1986,796,515,97,0.12185929648241206,35.66829120476757
038,Telecommunications,1987,752,530,87,0.11569148936170212,34.199581258487996
038,Telecommunications,1988,812,563,83,0.1022167487684729,32.45650222038874
038,Telecommunications,1989,1082,660,152,0.14048059149722736,43.25528476395803
038,Telecommunications,1990,1468,947,157,0.10694822888283378,26.050753959120637
038,Telecommunications,1991,1332,812,200,0.15015015015015015,54.07434461488515
038,Telecommunications,1992,1764,993,298,0.1689342403628118,65.41127410903893
038,Telecommunications,1993,2606,1317,449,0.17229470452801227,65.67582101402455
038,Telecommunications,1994,3277,1675,496,0.1513579493439121,44.70268315738298
038,Telecommunications,1995,4052,2068,607,0.1498025666337611,50.35111175644557
038,Telecommunications,1996,4671,2434,635,0.13594519374866196,53.9323953750442
038,Telecommunications,1997,4745,2562,457,0.09631190727081138,22.418362848808748
038,Telecommunications,1998,5151,2963,318,0.06173558532323821,10.342292922635647
038,Telecommunications,1999,10433,6040,435,0.041694622831400366,5.142883911635297
038,Telecommunications,2000,14509,8493,337,0.023226962574953477,2.7884042835730813
038,Telecommunications,2001,6628,4210,294,0.04435727217863609,5.899789084475109
038,Telecommunications,2002,4740,3015,312,0.06582278481012659,11.129804696540797
038,Telecommunications,2003,4465,2872,335,0.07502799552071669,12.95480964926911
038,Telecommunications,2004,5139,3299,260,0.050593500681066356,7.651465177768108
038,Telecommunications,2005,6310,3916,294,0.04659270998415214,7.068999726241395
038,Telecommunications,2006,7375,4637,278,0.037694915254237286,5.38346452168917
038,Telecommunications,2007,8033,5121,278,0.034607245113905144,4.558099371277348
038,Telecommunications,2008,6970,4583,249,0.03572453371592539,5.032018756342513
038,Telecommunications,2009,5935,3994,185,0.031171019376579612,4.976404732822368
038,Telecommunications,2010,6050,4030,195,0.032231404958677684,4.913325592514173
038,Telecommunications,2011,6911,4579,191,0.027637100274924033,4.114365500499865
038,Telecommunications,2012,6707,4484,180,0.026837632324437154,4.217291410523808
038,Telecommunications,2013,6585,4422,201,0.03052391799544419,4.4400396889227896
038,Telecommunications,2014,6963,4676,247,0.0354732155680023,4.535782156557643
038,Telecommunications,2015,6963,4677,197,0.028292402699985637,4.009828607413812
038,Telecommunications,2016,6946,4755,210,0.030233227756982436,4.1416118700726905
038,Telecommunications,2017,7398,4723,356,0.048121113814544474,6.848478589706737
038,Telecommunications,2018,7129,4732,262,0.03675129751718333,4.666227400500498
038,Telecommunications,2019,6987,4496,395,0.056533562330041504,12.550450222743914
038,Telecommunications,2020,7504,5200,196,0.026119402985074626,3.5411106968962676
038,Telecommunications,2021,8565,5638,245,0.028604786923525978,3.5805994406293142
038,Telecommunications,2022,7641,4967,218,0.02853029708153383,3.993328341287533
038,Telecommunications,2023,6526,4387,202,0.030953110634385536,4.40727483521676
038,Telecommunications,2024,6064,4185,147,0.024241424802110816,3.9519096219046084
038,Telecommunications,2025,5997,4038,176,0.029348007337001835,4.448058057153751
039,Transport & Logistics,1985,1014,687,136,0.1341222879684418,45.06922804601457
039,Transport & Logistics,1986,914,662,61,0.06673960612691467,21.21149730187839
039,Transport & Logistics,1987,1026,801,62,0.06042884990253411,17.479262375127767
039,Transport & Logistics,1988,1037,776,75,0.07232401157184185,19.481684891418663
039,Transport & Logistics,1989,1176,851,74,0.06292517006802721,18.105881808505718
039,Transport & Logistics,1990,1493,1112,82,0.05492297387809779,13.705396337182359
039,Transport & Logistics,1991,1338,987,88,0.06576980568011959,16.712805628729942
039,Transport & Logistics,1992,1367,995,73,0.053401609363569864,14.678740015058684
039,Transport & Logistics,1993,1612,1192,70,0.043424317617866005,11.929757587325824
039,Transport & Logistics,1994,1734,1219,137,0.0790080738177624,17.088184076127227
039,Transport & Logistics,1995,2149,1465,204,0.0949278734295021,25.52725617616038
039,Transport & Logistics,1996,2639,1707,176,0.06669192876089428,12.96178048082505
039,Transport & Logistics,1997,2878,1969,134,0.046560111188325225,9.00652478049916
039,Transport & Logistics,1998,3380,2216,213,0.06301775147928994,10.530093484121704
039,Transport & Logistics,1999,4656,3131,173,0.03715635738831615,6.2015829997283936
039,Transport & Logistics,2000,5808,3712,252,0.04338842975206612,7.0074097473609145
039,Transport & Logistics,2001,3835,2605,181,0.04719687092568448,7.800927775294117
039,Transport & Logistics,2002,3262,2195,209,0.06407112201103618,12.662767403927806
039,Transport & Logistics,2003,3015,2127,141,0.046766169154228855,8.647750743243428
039,Transport & Logistics,2004,3601,2482,173,0.04804221049708415,8.159817990019588
039,Transport & Logistics,2005,3910,2720,178,0.04552429667519182,7.189905874503699
039,Transport & Logistics,2006,4390,3092,122,0.027790432801822324,5.107902096813529
039,Transport & Logistics,2007,5494,3775,195,0.035493265380415,5.750722004174657
039,Transport & Logistics,2008,5034,3529,139,0.027612236789829162,4.805621337874247
039,Transport & Logistics,2009,4354,3138,132,0.03031694993109784,5.295053371479382
039,Transport & Logistics,2010,4505,3202,136,0.03018867924528302,5.176145385383857
039,Transport & Logistics,2011,5015,3524,192,0.038285144566301096,5.811081212991135
039,Transport & Logistics,2012,4990,3484,161,0.032264529058116234,5.022469789277955
039,Transport & Logistics,2013,5191,3616,166,0.031978424195723366,5.702785458331276
039,Transport & Logistics,2014,5353,3753,151,0.028208481225481037,4.423372170250167
039,Transport & Logistics,2015,6114,4282,146,0.02387962054301603,3.7585943402899167
039,Transport & Logistics,2016,6350,4432,195,0.030708661417322834,4.065224130448262
039,Transport & Logistics,2017,6788,4708,209,0.030789628756629345,3.96597482680275
039,Transport & Logistics,2018,7149,4846,217,0.03035389564974122,3.9455507346071528
039,Transport & Logistics,2019,7349,4959,378,0.051435569465233366,10.998596295375926
039,Transport & Logistics,2020,7337,5128,228,0.031075371405206487,3.979263543293712
039,Transport & Logistics,2021,8744,5941,267,0.0305352241537054,3.5520370418424156
039,Transport & Logistics,2022,8421,5711,219,0.026006412540078374,3.271744412302352
039,Transport & Logistics,2023,7771,5515,180,0.023163042079526446,3.226942056676046
039,Transport & Logistics,2024,7614,5539,113,0.014841082216968742,2.631570050304111
039,Transport & Logistics,2025,7631,5561,148,0.019394574760843927,2.8590730129352404
040,Materials Treatment,1985,327,198,114,0.3486238532110092,287.3869577009044
040,Materials Treatment,1986,236,194,33,0.13983050847457626,70.38207411663316
040,Materials Treatment,1987,282,235,30,0.10638297872340426,50.2992807202857
040,Materials Treatment,1988,278,246,25,0.08992805755395683,45.805082552662924
040,Materials Treatment,1989,404,332,33,0.08168316831683169,35.658268797176746
040,Materials Treatment,1990,641,549,35,0.054602184087363496,21.344379516210292
040,Materials Treatment,1991,763,621,52,0.06815203145478375,22.759714103636576
040,Materials Treatment,1992,811,663,48,0.059186189889025895,19.05063089060559
040,Materials Treatment,1993,910,732,49,0.05384615384615385,17.36505252988769
040,Materials Treatment,1994,960,782,48,0.05,16.16753472222222
040,Materials Treatment,1995,1294,1007,119,0.0919629057187017,46.105076575037806
040,Materials Treatment,1996,1632,1244,92,0.056372549019607844,12.697940695886198
040,Materials Treatment,1997,1646,1259,74,0.04495747266099635,11.360801028746739
040,Materials Treatment,1998,1985,1543,64,0.03224181360201511,8.575652405636731
040,Materials Treatment,1999,2477,1874,89,0.035930561162696814,7.922707235187053
040,Materials Treatment,2000,2793,2128,94,0.033655567490153956,6.8851480140174495
040,Materials Treatment,2001,2424,1835,81,0.03341584158415842,7.610909605812067
040,Materials Treatment,2002,2639,2012,78,0.029556650246305417,6.899452222262587
040,Materials Treatment,2003,2582,2056,73,0.028272656855151047,6.506944040281255
040,Materials Treatment,2004,2730,2091,102,0.03736263736263736,7.478967918528356
040,Materials Treatment,2005,3309,2499,97,0.02931399214264128,5.829500046623215
040,Materials Treatment,2006,3893,2917,114,0.029283329052144876,5.138085978185139
040,Materials Treatment,2007,4807,3669,95,0.019762845849802372,3.8529034763073695
040,Materials Treatment,2008,4805,3640,90,0.018730489073881373,3.828391557961324
040,Materials Treatment,2009,3914,2994,118,0.030148185998978026,5.378802140763253
040,Materials Treatment,2010,3874,2887,102,0.02632937532266391,5.143965741721214
040,Materials Treatment,2011,4165,3060,102,0.024489795918367346,4.767909564786298
040,Materials Treatment,2012,4229,3128,100,0.023646252069047056,4.718626654308065
040,Materials Treatment,2013,4156,3079,98,0.02358036573628489,4.580735344657492
040,Materials Treatment,2014,4388,3248,87,0.01982680036463081,4.2795092940139225
040,Materials Treatment,2015,4774,3514,107,0.022413070800167575,4.19374671033522
040,Materials Treatment,2016,5084,3616,183,0.035995279307631786,4.963041051948043
040,Materials Treatment,2017,5283,3848,164,0.03104296801060004,4.4130995067769225
040,Materials Treatment,2018,5899,4251,149,0.025258518392947956,3.7935869155994593
040,Materials Treatment,2019,6270,4423,323,0.051515151515151514,13.658112222705528
040,Materials Treatment,2020,6877,5051,151,0.02195724880034899,3.182491900673351
040,Materials Treatment,2021,7711,5363,233,0.030216573725846192,3.577055388656763
040,Materials Treatment,2022,7231,5031,198,0.027382104826441708,3.519971107358048
040,Materials Treatment,2023,7168,5057,160,0.022321428571428572,3.392355782645089
040,Materials Treatment,2024,7485,5494,113,0.01509686038744155,2.658266878892499
040,Materials Treatment,2025,7052,5171,120,0.017016449234259785,2.856987506149119
041,Education & Entertainment,1985,2600,1984,141,0.05423076923076923,10.659763313609467
041,Education & Entertainment,1986,2653,2104,84,0.0316622691292876,6.6705415954088485
041,Education & Entertainment,1987,2906,2356,69,0.023743977976600137,5.511060250311551
041,Education & Entertainment,1988,3229,2598,70,0.021678538247135337,5.04966172061972
041,Education & Entertainment,1989,4270,3309,118,0.02763466042154567,4.636673266457888
041,Education & Entertainment,1990,6029,4670,139,0.02305523304030519,3.3423349041582924
041,Education & Entertainment,1991,6400,4898,182,0.0284375,3.9584960937500004
041,Education & Entertainment,1992,6537,4913,152,0.023252256386721737,3.3265181249370945
041,Education & Entertainment,1993,8112,6086,150,0.01849112426035503,2.684617037996647
041,Education & Entertainment,1994,9545,6960,251,0.026296490309062337,2.7946253321299874
041,Education & Entertainment,1995,11144,7868,297,0.026651112706389087,3.001399418382035
041,Education & Entertainment,1996,13611,9327,290,0.021306296377929617,2.3376421637645968
041,Education & Entertainment,1997,14922,10471,276,0.018496180136710897,1.9647356801766005
041,Education & Entertainment,1998,16210,11540,316,0.019494139420111044,1.7723882372059194
041,Education & Entertainment,1999,24121,16520,428,0.017743874632063346,1.4464373516877285
041,Education & Entertainment,2000,27080,18423,430,0.01587887740029542,1.2459117795295518
041,Education & Entertainment,2001,20428,14519,416,0.020364205991775994,1.5758326924244124
041,Education & Entertainment,2002,21268,15282,352,0.016550686477336846,1.3528241411034667
041,Education & Entertainment,2003,22623,16314,395,0.017460106970781947,1.4272954589270923
041,Education & Entertainment,2004,26120,18396,557,0.021324655436447168,1.5827233946750654
041,Education & Entertainment,2005,29418,20554,516,0.01754028146033041,1.3826139495451917
041,Education & Entertainment,2006,33314,23095,659,0.019781473254487602,1.3077225182032606
041,Education & Entertainment,2007,37291,25843,675,0.018100882250408946,1.1081902041556133
041,Education & Entertainment,2008,35563,25092,483,0.013581531366870061,0.9220250920418225
041,Education & Entertainment,2009,32355,23631,414,0.012795549374130737,0.8984988981545782
041,Education & Entertainment,2010,34296,24505,440,0.012829484487986938,0.8906360243392654
041,Education & Entertainment,2011,38286,27278,450,0.011753643629525154,0.7857320351430634
041,Education & Entertainment,2012,39851,28264,562,0.014102531931444631,0.8449141366059982
041,Education & Entertainment,2013,40911,28588,612,0.014959301899244703,0.9097574083149622
041,Education & Entertainment,2014,43137,30072,617,0.014303266337482903,0.8691150750486388
041,Education & Entertainment,2015,47705,33597,578,0.012116130384655697,0.7096640307458537
041,Education & Entertainment,2016,49101,34987,486,0.009897965418219589,0.6190405754067945
041,Education & Entertainment,2017,53024,37514,611,0.011523083886541944,0.6349605890082819
041,Education & Entertainment,2018,56554,39829,725,0.012819606040244722,0.7132354163036233
041,Education & Entertainment,2019,59679,42143,887,0.01486284957857873,0.7284317030192193
041,Education & Entertainment,2020,68912,50319,831,0.012058857673554678,0.5307501195806053
041,Education & Entertainment,2021,72307,51861,754,0.0104277594147178,0.4832983786435258
041,Education & Entertainment,2022,69094,47506,1033,0.014950646944741946,0.7671752622846097
041,Education & Entertainment,2023,65080,45763,956,0.01468961278426552,0.7193500958963467
041,Education & Entertainment,2024,65385,46359,1021,0.015615202263516098,0.7284551115755574
041,Education & Entertainment,2025,77180,56209,827,0.010715211194610002,0.5373532060859203
042,Scientific & Tech Services,1985,6548,5233,174,0.02657299938912645,3.2684720212824314
042,Scientific & Tech Services,1986,6695,5401,86,0.012845407020164302,2.4248698074259827
042,Scientific & Tech Services,1987,7278,5930,89,0.012228634240175873,2.1661610528849136
042,Scientific & Tech Services,1988,7634,6220,89,0.011658370447995808,2.066304453093722
042,Scientific & Tech Services,1989,9157,7262,129,0.014087583269629791,1.9454828548792753
042,Scientific & Tech Services,1990,11791,9379,152,0.012891188194385549,1.5482528259965724
042,Scientific & Tech Services,1991,11585,9074,159,0.0137246439361243,1.6765238785065963
042,Scientific & Tech Services,1992,11850,9113,202,0.017046413502109704,1.8612401858676493
042,Scientific & Tech Services,1993,14171,10713,245,0.017288829299273164,1.700003437453859
042,Scientific & Tech Services,1994,16181,12071,266,0.016439033434274768,1.4756052808924358
042,Scientific & Tech Services,1995,20667,14857,361,0.017467460202254804,1.424618456266078
042,Scientific & Tech Services,1996,25181,17443,429,0.017036654620547237,1.3828636479836423
042,Scientific & Tech Services,1997,23837,16869,331,0.01388597558417586,1.1808288744291124
042,Scientific & Tech Services,1998,26134,18639,393,0.015037881686691667,1.1177389422045452
042,Scientific & Tech Services,1999,43569,30087,411,0.009433312676444261,0.6856023595628011
042,Scientific & Tech Services,2000,57014,37337,783,0.013733468972533061,0.7851544289446403
042,Scientific & Tech Services,2001,32660,22994,322,0.009859154929577466,0.7987245606818041
042,Scientific & Tech Services,2002,15835,11913,232,0.014651089359014841,1.4499462556365281
042,Scientific & Tech Services,2003,13359,10001,233,0.017441425256381465,1.9210157209106131
042,Scientific & Tech Services,2004,14513,10727,243,0.016743609177978364,1.6506417555277495
042,Scientific & Tech Services,2005,15696,11345,313,0.01994138634046891,1.7816696385244206
042,Scientific & Tech Services,2006,17686,12646,226,0.012778468845414451,1.3545630436658822
042,Scientific & Tech Services,2007,20051,14207,309,0.01541070270809436,1.3195367821232455
042,Scientific & Tech Services,2008,20619,14541,259,0.012561229933556428,1.22361135664605
042,Scientific & Tech Services,2009,18898,13708,222,0.011747274843898826,1.19770034813
042,Scientific & Tech Services,2010,20817,14615,232,0.011144737474179756,1.2011376856045428
042,Scientific & Tech Services,2011,24028,16829,245,0.010196437489595473,1.0350833965445505
042,Scientific & Tech Services,2012,26214,18059,267,0.010185397116044862,0.9750953891146339
042,Scientific & Tech Services,2013,26865,18582,231,0.00859854829704076,0.9273989527013443
042,Scientific & Tech Services,2014,29393,20080,241,0.008199231109447827,0.8412423227812287
042,Scientific & Tech Services,2015,32187,21878,266,0.00826420604591916,0.8023818703940413
042,Scientific & Tech Services,2016,33394,22744,340,0.010181469725100317,0.8099829789689335
042,Scientific & Tech Services,2017,36450,24436,416,0.011412894375857338,0.8111530724953474
042,Scientific & Tech Services,2018,39224,26009,404,0.01029981643891495,0.7601710383146274
042,Scientific & Tech Services,2019,40780,26878,527,0.012923001471309465,0.9350042970318132
042,Scientific & Tech Services,2020,45370,29945,326,0.007185364778487987,0.6099191090093651
042,Scientific & Tech Services,2021,51496,33101,345,0.006699549479571229,0.562658801554793
042,Scientific & Tech Services,2022,51073,32378,345,0.006755036907955279,0.5800414917383342
042,Scientific & Tech Services,2023,47140,30818,467,0.009906661009758167,0.6641047375288659
042,Scientific & Tech Services,2024,48552,32407,352,0.007249958807052232,0.5618554498263107
042,Scientific & Tech Services,2025,58895,39593,488,0.00828593259190084,0.5369309551480907
043,Restaurants & Hotels,1985,106,21,95,0.8962264150943396,2385.1904592381625
043,Restaurants & Hotels,1986,20,7,20,1.0,2600.0
043,Restaurants & Hotels,1987,6,4,6,1.0,3333.3333333333335
043,Restaurants & Hotels,1988,13,10,13,1.0,1242.6035502958582
043,Restaurants & Hotels,1989,10,8,10,1.0,1600.0000000000002
043,Restaurants & Hotels,1990,8,6,8,1.0,2187.5
043,Restaurants & Hotels,1991,13,10,13,1.0,1479.2899408284027
043,Restaurants & Hotels,1992,43,26,27,0.627906976744186,557.0578691184423
043,Restaurants & Hotels,1993,39,17,32,0.8205128205128205,887.5739644970413
043,Restaurants & Hotels,1994,25,12,23,0.92,1775.9999999999995
043,Restaurants & Hotels,1995,121,28,102,0.8429752066115702,4116.52209548528
043,Restaurants & Hotels,1996,82,30,61,0.7439024390243902,886.3771564544917
043,Restaurants & Hotels,1997,80,35,51,0.6375,575.0
043,Restaurants & Hotels,1998,42,29,23,0.5476190476190477,498.8662131519276
043,Restaurants & Hotels,1999,63,41,32,0.5079365079365079,425.7999496094734
043,Restaurants & Hotels,2000,143,103,47,0.32867132867132864,195.11956574893642
043,Restaurants & Hotels,2001,428,351,42,0.09813084112149532,37.885404838850555
043,Restaurants & Hotels,2002,4788,3512,166,0.03467000835421888,5.060862962195238
043,Restaurants & Hotels,2003,5324,3899,148,0.02779864763335838,4.299174569772083
043,Restaurants & Hotels,2004,6466,4714,191,0.029539127745128364,3.9350232279264383
043,Restaurants & Hotels,2005,7219,5307,159,0.022025211248095304,3.1064612417390416
043,Restaurants & Hotels,2006,8143,5814,216,0.026525850423676778,3.3424096528030693
043,Restaurants & Hotels,2007,9156,6468,235,0.025666229794670162,3.1796799745625606
043,Restaurants & Hotels,2008,8327,6008,194,0.023297706256755132,3.0143240314542497
043,Restaurants & Hotels,2009,7225,5307,170,0.023529411764705882,3.246512853054921
043,Restaurants & Hotels,2010,8274,6051,241,0.0291273869954073,3.281084307944793
043,Restaurants & Hotels,2011,9555,6993,182,0.01904761904761905,2.318889154502521
043,Restaurants & Hotels,2012,9864,7264,164,0.01662611516626115,2.162006697410821
043,Restaurants & Hotels,2013,10757,7830,174,0.016175513619038767,2.077120964982955
043,Restaurants & Hotels,2014,11878,8564,193,0.016248526687994612,1.94461733239498
043,Restaurants & Hotels,2015,13425,9708,164,0.012216014897579144,1.6115463173919526
043,Restaurants & Hotels,2016,14355,10266,220,0.01532567049808429,1.6609724965578387
043,Restaurants & Hotels,2017,15178,10890,231,0.015219396494926868,1.5939458948435696
043,Restaurants & Hotels,2018,15704,11140,242,0.015410086602139583,1.5761370115345819
043,Restaurants & Hotels,2019,16219,11389,431,0.026573771502558727,3.1164091354690866
043,Restaurants & Hotels,2020,14250,10332,202,0.014175438596491228,1.5892643890427822
043,Restaurants & Hotels,2021,17055,12132,248,0.014541190266783934,1.4628032283158605
043,Restaurants & Hotels,2022,16283,11367,191,0.011730025179635202,1.4632108418858063
043,Restaurants & Hotels,2023,16334,11423,339,0.02075425492837027,2.2272900634062527
043,Restaurants & Hotels,2024,15914,11409,206,0.012944577101922835,1.418252111003392
043,Restaurants & Hotels,2025,16869,12280,222,0.01316023475013338,1.3699243381682846
044,Medical & Personal Care,1985,102,18,94,0.9215686274509803,2570.1653210303725
044,Medical & Personal Care,1986,17,5,17,1.0,3425.60553633218
044,Medical & Personal Care,1987,3,1,3,1.0,10000.0
044,Medical & Personal Care,1988,9,6,9,1.0,2098.7654320987654
044,Medical & Personal Care,1989,4,2,4,1.0,6250.0
044,Medical & Personal Care,1990,6,4,6,1.0,3333.3333333333335
044,Medical & Personal Care,1991,7,4,7,1.0,3877.551020408164
044,Medical & Personal Care,1992,40,23,27,0.675,625.0000000000001
044,Medical & Personal Care,1993,33,13,30,0.9090909090909091,1147.8420569329662
044,Medical & Personal Care,1994,26,10,26,1.0,1834.319526627219
044,Medical & Personal Care,1995,102,17,95,0.9313725490196079,5753.556324490581
044,Medical & Personal Care,1996,65,22,53,0.8153846153846154,1271.005917159763
044,Medical & Personal Care,1997,70,27,51,0.7285714285714285,718.3673469387755
044,Medical & Personal Care,1998,25,16,19,0.76,1040.0
044,Medical & Personal Care,1999,69,50,29,0.42028985507246375,329.7626549044319
044,Medical & Personal Care,2000,97,66,41,0.422680412371134,328.4089701349771
044,Medical & Personal Care,2001,369,299,47,0.12737127371273713,49.133011655319805
044,Medical & Personal Care,2002,4668,3359,158,0.03384747215081405,5.488699886701486
044,Medical & Personal Care,2003,5086,3756,143,0.028116397955171058,4.438019196056688
044,Medical & Personal Care,2004,5956,4318,211,0.035426460711887174,4.517119273147473
044,Medical & Personal Care,2005,6749,4883,164,0.02429989628093051,3.7162176180329394
044,Medical & Personal Care,2006,7860,5525,249,0.0316793893129771,3.8734468983288983
044,Medical & Personal Care,2007,9077,6457,252,0.027762476589181448,3.3130672301652266
044,Medical & Personal Care,2008,9016,6448,211,0.023402839396628218,2.847643822005481
044,Medical & Personal Care,2009,8643,6177,319,0.03690848085155617,4.052264099990886
044,Medical & Personal Care,2010,8921,6403,219,0.024548817397152787,2.9610133493639785
044,Medical & Personal Care,2011,9901,7018,295,0.029794970205029796,3.0616200067569252
044,Medical & Personal Care,2012,10593,7499,233,0.021995657509676202,2.6137215040837694
044,Medical & Personal Care,2013,11061,7878,206,0.01862399421390471,2.303881146770961
044,Medical & Personal Care,2014,11545,8092,204,0.017669987007362494,2.1999890837086356
044,Medical & Personal Care,2015,13229,9377,227,0.017159271297906117,1.914615245504021
044,Medical & Personal Care,2016,14100,9878,320,0.02269503546099291,2.1411397817011215
044,Medical & Personal Care,2017,15288,10860,230,0.015044479330193617,1.6154169271460144
044,Medical & Personal Care,2018,16668,11727,311,0.018658507319414448,1.659622449786451
044,Medical & Personal Care,2019,17906,12537,515,0.028761309058416173,2.862223686252427
044,Medical & Personal Care,2020,19811,14380,266,0.01342688405431326,1.2396435600152704
044,Medical & Personal Care,2021,20901,14935,277,0.013252954404095497,1.2353617376983186
044,Medical & Personal Care,2022,19620,13674,326,0.016615698267074413,1.4925272325042267
044,Medical & Personal Care,2023,18261,13082,257,0.014073708997316687,1.3668936814944477
044,Medical & Personal Care,2024,18621,13669,248,0.013318296546909403,1.2276864087402761
044,Medical & Personal Care,2025,20891,15477,187,0.008951223014695323,1.0123182897434126
045,Legal & Personal Services,1985,100,16,94,0.94,2672.0
045,Legal & Personal Services,1986,17,5,17,1.0,3425.60553633218
045,Legal & Personal Services,1987,3,1,3,1.0,10000.0
045,Legal & Personal Services,1988,8,5,8,1.0,2500.0
045,Legal & Personal Services,1989,4,2,4,1.0,6250.0
045,Legal & Personal Services,1990,7,5,7,1.0,2653.0612244897957
045,Legal & Personal Services,1991,7,4,7,1.0,3877.551020408164
045,Legal & Personal Services,1992,38,22,26,0.6842105263157895,664.8199445983375
045,Legal & Personal Services,1993,30,10,30,1.0,1355.5555555555559
045,Legal & Personal Services,1994,22,9,22,1.0,2231.404958677686
045,Legal & Personal Services,1995,100,15,95,0.95,5983.999999999998
045,Legal & Personal Services,1996,60,18,52,0.8666666666666667,1472.2222222222217
045,Legal & Personal Services,1997,64,22,51,0.796875,839.84375
045,Legal & Personal Services,1998,20,12,18,0.9,1450.0
045,Legal & Personal Services,1999,52,22,40,0.7692307692307693,931.9526627218937
045,Legal & Personal Services,2000,71,41,40,0.5633802816901409,557.4290815314421
045,Legal & Personal Services,2001,173,140,34,0.19653179190751446,99.90310401283037
045,Legal & Personal Services,2002,1743,1374,65,0.037292025243832475,9.733220234433347
045,Legal & Personal Services,2003,2234,1689,118,0.052820053715308866,10.828018841233673
045,Legal & Personal Services,2004,2553,1974,100,0.03916960438699569,8.004223505168687
045,Legal & Personal Services,2005,2962,2278,91,0.03072248480756246,6.330467260063438
045,Legal & Personal Services,2006,4063,2940,232,0.057100664533595864,11.794909476750288
045,Legal & Personal Services,2007,6859,5165,128,0.018661612479953345,2.944147225131144
045,Legal & Personal Services,2008,7037,5367,150,0.02131590166264033,2.875036634655017
045,Legal & Personal Services,2009,6777,5147,148,0.02183857163936845,3.0959510321095998
045,Legal & Personal Services,2010,7037,5289,147,0.020889583629387524,2.9832771092054906
045,Legal & Personal Services,2011,8856,6386,189,0.021341463414634148,2.73496693864861
045,Legal & Personal Services,2012,8472,6331,139,0.016406987724268178,2.3818950120421123
045,Legal & Personal Services,2013,8191,6165,105,0.01281894762544256,2.2996615671434184
045,Legal & Personal Services,2014,8918,6564,144,0.016147118187934514,2.3389702827299796
045,Legal & Personal Services,2015,9720,7165,148,0.015226337448559672,2.1128638926992833
045,Legal & Personal Services,2016,9327,6961,159,0.01704728208427147,2.188338778660965
045,Legal & Personal Services,2017,9917,7284,203,0.02046990017142281,2.3076479826423384
045,Legal & Personal Services,2018,9931,7419,201,0.020239653609908367,2.2407151891602557
045,Legal & Personal Services,2019,10669,7736,355,0.03327397131877402,5.564293870796371
045,Legal & Personal Services,2020,12350,9329,175,0.01417004048582996,1.6606074513596356
045,Legal & Personal Services,2021,12826,9443,239,0.018634024637455168,1.8213286890039382
045,Legal & Personal Services,2022,11913,8583,190,0.01594896331738437,1.8970604399172042
045,Legal & Personal Services,2023,11289,8343,172,0.015236070511117016,1.9476383995762254
045,Legal & Personal Services,2024,11598,8689,165,0.014226590791515779,1.783165366679195
045,Legal & Personal Services,2025,12826,9596,168,0.013098393887416186,1.6055314509702965
