year,n_filings,n_debuts,share,cls,class_name
1985,1716,603,0.3513986013986014,001,Chemicals & Industrial
1986,1739,597,0.3433007475560667,001,Chemicals & Industrial
1987,1795,612,0.34094707520891365,001,Chemicals & Industrial
1988,1947,656,0.33692860811504877,001,Chemicals & Industrial
1989,2279,754,0.330846862659061,001,Chemicals & Industrial
1990,2855,1305,0.45709281961471104,001,Chemicals & Industrial
1991,2653,1083,0.4082171127026008,001,Chemicals & Industrial
1992,2554,960,0.37588097102584184,001,Chemicals & Industrial
1993,2785,1020,0.36624775583482944,001,Chemicals & Industrial
1994,2752,997,0.36228197674418605,001,Chemicals & Industrial
1995,3094,1187,0.3836457659987072,001,Chemicals & Industrial
1996,2982,1086,0.3641851106639839,001,Chemicals & Industrial
1997,3431,1247,0.36345088895365785,001,Chemicals & Industrial
1998,3713,1367,0.3681659035820092,001,Chemicals & Industrial
1999,3972,1528,0.38469284994964753,001,Chemicals & Industrial
2000,4032,1566,0.38839285714285715,001,Chemicals & Industrial
2001,4115,1474,0.35820170109356014,001,Chemicals & Industrial
2002,3855,1333,0.3457846952010376,001,Chemicals & Industrial
2003,3934,1378,0.35027961362480936,001,Chemicals & Industrial
2004,4196,1468,0.34985700667302194,001,Chemicals & Industrial
2005,4263,1579,0.3703964344358433,001,Chemicals & Industrial
2006,4502,1627,0.3613949355841848,001,Chemicals & Industrial
2007,4810,1764,0.36673596673596676,001,Chemicals & Industrial
2008,4947,1673,0.3381847584394583,001,Chemicals & Industrial
2009,4412,1564,0.35448776065276516,001,Chemicals & Industrial
2010,4821,1733,0.35946898983613357,001,Chemicals & Industrial
2011,5120,1826,0.356640625,001,Chemicals & Industrial
2012,5170,1842,0.3562862669245648,001,Chemicals & Industrial
2013,5177,1810,0.34962333397720685,001,Chemicals & Industrial
2014,5778,2061,0.35669781931464173,001,Chemicals & Industrial
2015,5798,2068,0.35667471541911006,001,Chemicals & Industrial
2016,5726,2036,0.3555710792874607,001,Chemicals & Industrial
2017,6280,2183,0.3476114649681529,001,Chemicals & Industrial
2018,6018,2074,0.3446327683615819,001,Chemicals & Industrial
2019,6967,2538,0.3642887900100474,001,Chemicals & Industrial
2020,7276,2516,0.34579439252336447,001,Chemicals & Industrial
2021,7455,2661,0.35694164989939636,001,Chemicals & Industrial
2022,6838,2409,0.35229599298040365,001,Chemicals & Industrial
2023,6649,2325,0.3496766431042262,001,Chemicals & Industrial
2024,6809,2493,0.36613305918637096,001,Chemicals & Industrial
2025,6834,2416,0.35352648522095403,001,Chemicals & Industrial
1985,546,227,0.4157509157509158,002,Paints & Coatings
1986,456,176,0.38596491228070173,002,Paints & Coatings
1987,440,171,0.3886363636363636,002,Paints & Coatings
1988,475,154,0.32421052631578945,002,Paints & Coatings
1989,611,182,0.2978723404255319,002,Paints & Coatings
1990,760,311,0.40921052631578947,002,Paints & Coatings
1991,719,257,0.3574408901251738,002,Paints & Coatings
1992,774,297,0.38372093023255816,002,Paints & Coatings
1993,876,314,0.3584474885844749,002,Paints & Coatings
1994,785,270,0.34394904458598724,002,Paints & Coatings
1995,1032,391,0.37887596899224807,002,Paints & Coatings
1996,919,353,0.38411316648531013,002,Paints & Coatings
1997,953,353,0.3704092339979014,002,Paints & Coatings
1998,1098,395,0.35974499089253187,002,Paints & Coatings
1999,1206,471,0.39054726368159204,002,Paints & Coatings
2000,1227,468,0.38141809290953543,002,Paints & Coatings
2001,1108,386,0.3483754512635379,002,Paints & Coatings
2002,1129,399,0.3534100974313552,002,Paints & Coatings
2003,1301,501,0.3850883935434281,002,Paints & Coatings
2004,1400,458,0.3271428571428571,002,Paints & Coatings
2005,1441,518,0.35947258848022207,002,Paints & Coatings
2006,1353,525,0.38802660753880264,002,Paints & Coatings
2007,1451,555,0.3824948311509304,002,Paints & Coatings
2008,1469,504,0.3430905377808033,002,Paints & Coatings
2009,1220,434,0.3557377049180328,002,Paints & Coatings
2010,1316,509,0.38677811550151975,002,Paints & Coatings
2011,1467,550,0.37491479209270623,002,Paints & Coatings
2012,1308,467,0.3570336391437309,002,Paints & Coatings
2013,1346,463,0.3439821693907875,002,Paints & Coatings
2014,1595,546,0.34231974921630093,002,Paints & Coatings
2015,1590,625,0.39308176100628933,002,Paints & Coatings
2016,1623,682,0.42020948860135554,002,Paints & Coatings
2017,1746,749,0.4289805269186712,002,Paints & Coatings
2018,1668,702,0.420863309352518,002,Paints & Coatings
2019,2072,1040,0.5019305019305019,002,Paints & Coatings
2020,2190,958,0.4374429223744292,002,Paints & Coatings
2021,2158,1042,0.48285449490268767,002,Paints & Coatings
2022,1743,810,0.46471600688468157,002,Paints & Coatings
2023,1888,856,0.4533898305084746,002,Paints & Coatings
2024,2004,934,0.4660678642714571,002,Paints & Coatings
2025,2013,922,0.4580228514654744,002,Paints & Coatings
1985,2742,1071,0.39059080962800874,003,Cosmetics & Cleaning
1986,2721,1059,0.38919514884233736,003,Cosmetics & Cleaning
1987,2821,1092,0.3870967741935484,003,Cosmetics & Cleaning
1988,3079,1099,0.3569340695030854,003,Cosmetics & Cleaning
1989,3519,1209,0.3435635123614663,003,Cosmetics & Cleaning
1990,4552,2131,0.4681458699472759,003,Cosmetics & Cleaning
1991,4362,1657,0.379871618523613,003,Cosmetics & Cleaning
1992,4514,1685,0.37328311918475854,003,Cosmetics & Cleaning
1993,4782,1826,0.3818485989125889,003,Cosmetics & Cleaning
1994,5401,1979,0.3664136271060915,003,Cosmetics & Cleaning
1995,6079,2093,0.34430004935022207,003,Cosmetics & Cleaning
1996,6245,2202,0.35260208166533225,003,Cosmetics & Cleaning
1997,6994,2427,0.34701172433514443,003,Cosmetics & Cleaning
1998,7275,2550,0.35051546391752575,003,Cosmetics & Cleaning
1999,8501,3116,0.36654511233972475,003,Cosmetics & Cleaning
2000,8394,3123,0.37205146533238026,003,Cosmetics & Cleaning
2001,8549,2710,0.31699613989940345,003,Cosmetics & Cleaning
2002,9029,3110,0.3444456750470706,003,Cosmetics & Cleaning
2003,9937,3479,0.3501056656938714,003,Cosmetics & Cleaning
2004,11053,4005,0.3623450646883199,003,Cosmetics & Cleaning
2005,12113,4164,0.3437628993643193,003,Cosmetics & Cleaning
2006,11728,4299,0.36655866302864937,003,Cosmetics & Cleaning
2007,12638,4726,0.37395157461623674,003,Cosmetics & Cleaning
2008,12026,4337,0.3606352902045568,003,Cosmetics & Cleaning
2009,10868,4072,0.374677953625322,003,Cosmetics & Cleaning
2010,11468,4206,0.36675967910708057,003,Cosmetics & Cleaning
2011,12351,4555,0.36879604890292284,003,Cosmetics & Cleaning
2012,12618,4810,0.3812014582342685,003,Cosmetics & Cleaning
2013,13096,4910,0.3749236408063531,003,Cosmetics & Cleaning
2014,13915,5369,0.3858426158821416,003,Cosmetics & Cleaning
2015,15359,6377,0.4151963018425679,003,Cosmetics & Cleaning
2016,16385,7148,0.43625267012511443,003,Cosmetics & Cleaning
2017,19431,9104,0.46852966908548194,003,Cosmetics & Cleaning
2018,22309,10614,0.4757721099107983,003,Cosmetics & Cleaning
2019,25522,12819,0.5022725491732623,003,Cosmetics & Cleaning
2020,33800,19283,0.5705029585798816,003,Cosmetics & Cleaning
2021,29229,15990,0.5470594272811249,003,Cosmetics & Cleaning
2022,22580,11571,0.512444641275465,003,Cosmetics & Cleaning
2023,23879,12685,0.5312199003308347,003,Cosmetics & Cleaning
2024,29337,15759,0.5371714899273954,003,Cosmetics & Cleaning
2025,33224,17869,0.5378340958343366,003,Cosmetics & Cleaning
1985,416,178,0.42788461538461536,004,Lubricants & Fuels
1986,372,152,0.40860215053763443,004,Lubricants & Fuels
1987,362,157,0.43370165745856354,004,Lubricants & Fuels
1988,371,153,0.4123989218328841,004,Lubricants & Fuels
1989,464,180,0.3879310344827586,004,Lubricants & Fuels
1990,578,255,0.4411764705882353,004,Lubricants & Fuels
1991,573,221,0.3856893542757417,004,Lubricants & Fuels
1992,564,232,0.41134751773049644,004,Lubricants & Fuels
1993,627,244,0.38915470494417864,004,Lubricants & Fuels
1994,664,267,0.40210843373493976,004,Lubricants & Fuels
1995,813,395,0.4858548585485855,004,Lubricants & Fuels
1996,923,382,0.41386782231852653,004,Lubricants & Fuels
1997,1004,399,0.39741035856573703,004,Lubricants & Fuels
1998,1204,461,0.38289036544850497,004,Lubricants & Fuels
1999,1347,577,0.42835931700074237,004,Lubricants & Fuels
2000,1314,524,0.3987823439878234,004,Lubricants & Fuels
2001,1238,468,0.3780290791599354,004,Lubricants & Fuels
2002,1259,481,0.38204924543288327,004,Lubricants & Fuels
2003,1140,472,0.41403508771929826,004,Lubricants & Fuels
2004,1403,589,0.41981468282252316,004,Lubricants & Fuels
2005,1514,626,0.4134742404227213,004,Lubricants & Fuels
2006,1683,788,0.4682115270350565,004,Lubricants & Fuels
2007,1691,768,0.4541691306918983,004,Lubricants & Fuels
2008,1780,752,0.42247191011235957,004,Lubricants & Fuels
2009,1566,659,0.42081736909323114,004,Lubricants & Fuels
2010,1667,724,0.43431313737252547,004,Lubricants & Fuels
2011,1830,723,0.3950819672131147,004,Lubricants & Fuels
2012,1630,675,0.41411042944785276,004,Lubricants & Fuels
2013,1696,735,0.43337264150943394,004,Lubricants & Fuels
2014,1894,770,0.4065469904963041,004,Lubricants & Fuels
2015,1958,844,0.4310520939734423,004,Lubricants & Fuels
2016,2145,941,0.4386946386946387,004,Lubricants & Fuels
2017,2378,1094,0.4600504625735913,004,Lubricants & Fuels
2018,2420,1149,0.47479338842975205,004,Lubricants & Fuels
2019,2879,1423,0.49426884334838483,004,Lubricants & Fuels
2020,3847,2163,0.5622563036132051,004,Lubricants & Fuels
2021,4721,2724,0.576996399067994,004,Lubricants & Fuels
2022,3721,2014,0.541252351518409,004,Lubricants & Fuels
2023,3762,2064,0.5486443381180224,004,Lubricants & Fuels
2024,3688,1895,0.5138286334056399,004,Lubricants & Fuels
2025,3493,1837,0.5259089607787003,004,Lubricants & Fuels
1985,2317,747,0.32239965472593873,005,Pharmaceuticals
1986,2594,765,0.29491133384734003,005,Pharmaceuticals
1987,2618,747,0.28533231474407944,005,Pharmaceuticals
1988,2691,785,0.2917131178000743,005,Pharmaceuticals
1989,3220,889,0.27608695652173915,005,Pharmaceuticals
1990,3818,1654,0.43321110529072815,005,Pharmaceuticals
1991,3962,1336,0.337203432609793,005,Pharmaceuticals
1992,4593,1491,0.3246244284781189,005,Pharmaceuticals
1993,5024,1698,0.3379777070063694,005,Pharmaceuticals
1994,5142,1615,0.3140801244651886,005,Pharmaceuticals
1995,6257,2136,0.341377657024133,005,Pharmaceuticals
1996,7604,2428,0.3193056286165176,005,Pharmaceuticals
1997,9123,2760,0.30253206182176917,005,Pharmaceuticals
1998,9847,3166,0.32151924443993096,005,Pharmaceuticals
1999,10937,4014,0.3670110633628966,005,Pharmaceuticals
2000,11077,3990,0.3602058319039451,005,Pharmaceuticals
2001,10683,3470,0.3248151268370308,005,Pharmaceuticals
2002,11130,3517,0.3159928122192273,005,Pharmaceuticals
2003,11368,3684,0.3240675580577058,005,Pharmaceuticals
2004,12821,3954,0.30840028078933,005,Pharmaceuticals
2005,13196,4128,0.3128220672931191,005,Pharmaceuticals
2006,14107,4401,0.3119727794711845,005,Pharmaceuticals
2007,14540,4790,0.3294360385144429,005,Pharmaceuticals
2008,14590,4586,0.31432488005483206,005,Pharmaceuticals
2009,13999,4428,0.3163083077362669,005,Pharmaceuticals
2010,14627,4692,0.32077664592876187,005,Pharmaceuticals
2011,15566,5081,0.3264165488886034,005,Pharmaceuticals
2012,14937,4864,0.325634330856263,005,Pharmaceuticals
2013,15863,5202,0.3279329256761016,005,Pharmaceuticals
2014,16592,5516,0.3324493731918997,005,Pharmaceuticals
2015,17594,6353,0.3610890076162328,005,Pharmaceuticals
2016,18310,6567,0.3586564718732933,005,Pharmaceuticals
2017,20354,7830,0.3846909698339393,005,Pharmaceuticals
2018,22591,8987,0.39781328847771236,005,Pharmaceuticals
2019,25559,10378,0.40604092491881527,005,Pharmaceuticals
2020,31433,13528,0.4303757197849394,005,Pharmaceuticals
2021,26474,10871,0.4106292966684294,005,Pharmaceuticals
2022,22404,8475,0.37828066416711303,005,Pharmaceuticals
2023,22667,9370,0.4133762738783253,005,Pharmaceuticals
2024,28309,12861,0.4543078173019181,005,Pharmaceuticals
2025,33286,15150,0.455146307757015,005,Pharmaceuticals
1985,1145,593,0.5179039301310043,006,Common Metals
1986,1074,517,0.4813780260707635,006,Common Metals
1987,970,500,0.5154639175257731,006,Common Metals
1988,1171,518,0.44235695986336465,006,Common Metals
1989,1323,618,0.4671201814058957,006,Common Metals
1990,1703,1003,0.5889606576629477,006,Common Metals
1991,1619,822,0.5077208153180975,006,Common Metals
1992,1730,801,0.4630057803468208,006,Common Metals
1993,1954,958,0.49027635619242577,006,Common Metals
1994,1918,959,0.5,006,Common Metals
1995,2162,1067,0.4935245143385754,006,Common Metals
1996,2335,1114,0.4770877944325482,006,Common Metals
1997,2838,1290,0.45454545454545453,006,Common Metals
1998,2971,1461,0.4917536183103332,006,Common Metals
1999,2970,1438,0.4841750841750842,006,Common Metals
2000,3080,1474,0.4785714285714286,006,Common Metals
2001,2800,1240,0.44285714285714284,006,Common Metals
2002,2898,1283,0.4427191166321601,006,Common Metals
2003,2942,1276,0.433718558803535,006,Common Metals
2004,3178,1441,0.4534298300818125,006,Common Metals
2005,3702,1744,0.47109670448406266,006,Common Metals
2006,3688,1711,0.46393709327548804,006,Common Metals
2007,4024,1844,0.45825049701789267,006,Common Metals
2008,3893,1799,0.46211148214744413,006,Common Metals
2009,3523,1608,0.45642917967641217,006,Common Metals
2010,3695,1648,0.4460081190798376,006,Common Metals
2011,3809,1675,0.43974796534523497,006,Common Metals
2012,3621,1576,0.4352388842861088,006,Common Metals
2013,3928,1737,0.44220977596741345,006,Common Metals
2014,4117,1737,0.42190915715326693,006,Common Metals
2015,4087,1781,0.4357719598727673,006,Common Metals
2016,4555,2081,0.45686059275521407,006,Common Metals
2017,4939,2353,0.4764122291961936,006,Common Metals
2018,5017,2349,0.4682080924855491,006,Common Metals
2019,5744,2911,0.5067896935933147,006,Common Metals
2020,6961,3811,0.5474788105157306,006,Common Metals
2021,7827,4225,0.5397981346620672,006,Common Metals
2022,6873,3562,0.5182598574130656,006,Common Metals
2023,7252,3935,0.5426089354660784,006,Common Metals
2024,8440,4601,0.5451421800947868,006,Common Metals
2025,7542,3994,0.5295677539114293,006,Common Metals
1985,1948,1013,0.5200205338809035,007,Machines & Power Tools
1986,1958,996,0.508682328907048,007,Machines & Power Tools
1987,1996,1047,0.5245490981963928,007,Machines & Power Tools
1988,2091,991,0.47393591582974653,007,Machines & Power Tools
1989,2318,1054,0.454702329594478,007,Machines & Power Tools
1990,2910,1613,0.5542955326460481,007,Machines & Power Tools
1991,2621,1310,0.4998092331171309,007,Machines & Power Tools
1992,2749,1250,0.45471080392870133,007,Machines & Power Tools
1993,2797,1379,0.4930282445477297,007,Machines & Power Tools
1994,3041,1480,0.4866820124958895,007,Machines & Power Tools
1995,3452,1613,0.4672653534183082,007,Machines & Power Tools
1996,3858,1740,0.4510108864696734,007,Machines & Power Tools
1997,4173,1839,0.44069015097052483,007,Machines & Power Tools
1998,4503,2000,0.44414834554741284,007,Machines & Power Tools
1999,4856,2207,0.45448929159802304,007,Machines & Power Tools
2000,5049,2294,0.4543473955238661,007,Machines & Power Tools
2001,4830,2152,0.4455486542443064,007,Machines & Power Tools
2002,4689,1907,0.40669652377905735,007,Machines & Power Tools
2003,4720,1952,0.4135593220338983,007,Machines & Power Tools
2004,5145,2246,0.43654033041788143,007,Machines & Power Tools
2005,5427,2370,0.4367053620784964,007,Machines & Power Tools
2006,5840,2587,0.4429794520547945,007,Machines & Power Tools
2007,6341,2733,0.4310045734111339,007,Machines & Power Tools
2008,6334,2730,0.4310072623934323,007,Machines & Power Tools
2009,5463,2226,0.4074684239428885,007,Machines & Power Tools
2010,5775,2473,0.42822510822510823,007,Machines & Power Tools
2011,5947,2490,0.4186985034471162,007,Machines & Power Tools
2012,6102,2538,0.415929203539823,007,Machines & Power Tools
2013,6443,2571,0.3990377153499922,007,Machines & Power Tools
2014,6416,2576,0.4014962593516209,007,Machines & Power Tools
2015,7148,3034,0.42445439283715725,007,Machines & Power Tools
2016,7637,3250,0.42555977478067303,007,Machines & Power Tools
2017,8733,3922,0.44910111072941716,007,Machines & Power Tools
2018,9186,4047,0.4405617243631613,007,Machines & Power Tools
2019,9534,4550,0.47723935389133626,007,Machines & Power Tools
2020,11536,5874,0.5091886269070736,007,Machines & Power Tools
2021,12722,6599,0.518707750353718,007,Machines & Power Tools
2022,10848,5191,0.4785213864306785,007,Machines & Power Tools
2023,11476,5794,0.5048797490414779,007,Machines & Power Tools
2024,13449,6926,0.514982526581902,007,Machines & Power Tools
2025,13525,6786,0.5017375231053605,007,Machines & Power Tools
1985,688,319,0.4636627906976744,008,Hand Tools
1986,604,287,0.47516556291390727,008,Hand Tools
1987,622,263,0.4228295819935691,008,Hand Tools
1988,597,271,0.4539363484087102,008,Hand Tools
1989,717,311,0.43375174337517436,008,Hand Tools
1990,942,481,0.5106157112526539,008,Hand Tools
1991,916,410,0.44759825327510916,008,Hand Tools
1992,996,414,0.41566265060240964,008,Hand Tools
1993,1040,393,0.3778846153846154,008,Hand Tools
1994,1099,450,0.4094631483166515,008,Hand Tools
1995,1357,592,0.43625644804716285,008,Hand Tools
1996,1421,552,0.3884588318085855,008,Hand Tools
1997,1461,568,0.3887748117727584,008,Hand Tools
1998,1581,600,0.3795066413662239,008,Hand Tools
1999,1702,738,0.4336075205640423,008,Hand Tools
2000,1680,669,0.3982142857142857,008,Hand Tools
2001,1505,627,0.41661129568106314,008,Hand Tools
2002,1659,632,0.38095238095238093,008,Hand Tools
2003,1854,705,0.3802588996763754,008,Hand Tools
2004,2076,855,0.41184971098265893,008,Hand Tools
2005,2021,748,0.3701138050470064,008,Hand Tools
2006,2199,963,0.4379263301500682,008,Hand Tools
2007,2213,863,0.38996836873023044,008,Hand Tools
2008,2019,777,0.3848439821693908,008,Hand Tools
2009,1801,753,0.4181010549694614,008,Hand Tools
2010,2041,832,0.40764331210191085,008,Hand Tools
2011,2157,844,0.3912841910060269,008,Hand Tools
2012,2168,840,0.3874538745387454,008,Hand Tools
2013,2414,920,0.38111019055509526,008,Hand Tools
2014,2587,1008,0.3896405102435253,008,Hand Tools
2015,3044,1368,0.44940867279894875,008,Hand Tools
2016,3798,1878,0.49447077409162715,008,Hand Tools
2017,4572,2382,0.520997375328084,008,Hand Tools
2018,5014,2638,0.5261268448344635,008,Hand Tools
2019,5581,3096,0.5547392940333273,008,Hand Tools
2020,10053,6196,0.6163334328061275,008,Hand Tools
2021,9340,5582,0.597644539614561,008,Hand Tools
2022,6221,3466,0.5571451535122971,008,Hand Tools
2023,6722,3842,0.5715560844986611,008,Hand Tools
2024,7942,4457,0.561193653991438,008,Hand Tools
2025,7275,4004,0.5503780068728522,008,Hand Tools
1985,8148,4328,0.531173294059892,009,Software & Electronics
1986,8392,4298,0.5121544327931363,009,Software & Electronics
1987,8759,4338,0.49526201621189636,009,Software & Electronics
1988,9678,4693,0.4849142384790246,009,Software & Electronics
1989,11885,5621,0.47294909549852754,009,Software & Electronics
1990,17192,9904,0.5760818985574686,009,Software & Electronics
1991,16522,8299,0.5022999636847839,009,Software & Electronics
1992,17334,7996,0.4612899503865236,009,Software & Electronics
1993,20840,9384,0.45028790786948175,009,Software & Electronics
1994,23017,10067,0.4373723769387844,009,Software & Electronics
1995,27519,12002,0.4361350339765253,009,Software & Electronics
1996,32408,13943,0.4302332757343866,009,Software & Electronics
1997,34580,14827,0.4287738577212261,009,Software & Electronics
1998,35464,15992,0.45093616061358,009,Software & Electronics
1999,46041,22311,0.48458982211507134,009,Software & Electronics
2000,54422,26589,0.48857079857410607,009,Software & Electronics
2001,40520,17648,0.435538005923001,009,Software & Electronics
2002,34365,15134,0.4403899316164702,009,Software & Electronics
2003,32959,14662,0.4448557298461725,009,Software & Electronics
2004,35740,15834,0.4430330162283156,009,Software & Electronics
2005,38347,16646,0.43408871619683415,009,Software & Electronics
2006,39401,17500,0.44415116367604884,009,Software & Electronics
2007,41820,18348,0.4387374461979914,009,Software & Electronics
2008,39008,16658,0.4270406070549631,009,Software & Electronics
2009,35956,15393,0.4281065747024141,009,Software & Electronics
2010,38676,16412,0.4243458475540387,009,Software & Electronics
2011,43418,18597,0.42832465797595465,009,Software & Electronics
2012,45592,19767,0.4335629057729426,009,Software & Electronics
2013,47287,20984,0.4437583268128661,009,Software & Electronics
2014,51743,24290,0.46943547919525347,009,Software & Electronics
2015,57363,28765,0.5014556421386608,009,Software & Electronics
2016,59239,30716,0.5185097655260892,009,Software & Electronics
2017,66283,34761,0.5244331125627989,009,Software & Electronics
2018,66716,34419,0.5159032316086096,009,Software & Electronics
2019,64773,32546,0.5024624457721582,009,Software & Electronics
2020,78320,42190,0.5386874361593462,009,Software & Electronics
2021,83308,44135,0.5297810534402458,009,Software & Electronics
2022,75325,37123,0.4928377032857617,009,Software & Electronics
2023,67960,34096,0.5017068864037669,009,Software & Electronics
2024,72718,37540,0.5162408207046398,009,Software & Electronics
2025,80745,42842,0.5305839370858877,009,Software & Electronics
1985,1194,566,0.474036850921273,010,Medical Devices
1986,1224,525,0.42892156862745096,010,Medical Devices
1987,1400,614,0.43857142857142856,010,Medical Devices
1988,1625,678,0.41723076923076924,010,Medical Devices
1989,1947,803,0.4124293785310734,010,Medical Devices
1990,2619,1320,0.5040091638029782,010,Medical Devices
1991,2755,1151,0.4177858439201452,010,Medical Devices
1992,3115,1267,0.4067415730337079,010,Medical Devices
1993,3288,1319,0.4011557177615572,010,Medical Devices
1994,3200,1263,0.3946875,010,Medical Devices
1995,3453,1366,0.3955980306979438,010,Medical Devices
1996,3759,1443,0.383878691141261,010,Medical Devices
1997,4213,1635,0.3880845003560408,010,Medical Devices
1998,4156,1613,0.3881135707410972,010,Medical Devices
1999,4810,2066,0.42952182952182955,010,Medical Devices
2000,5152,2096,0.40683229813664595,010,Medical Devices
2001,4922,1843,0.3744412840308818,010,Medical Devices
2002,4794,1767,0.3685857321652065,010,Medical Devices
2003,5175,1865,0.36038647342995167,010,Medical Devices
2004,5739,2117,0.36887959574838824,010,Medical Devices
2005,6108,2355,0.3855599214145383,010,Medical Devices
2006,6188,2310,0.3733031674208145,010,Medical Devices
2007,6650,2531,0.3806015037593985,010,Medical Devices
2008,6595,2457,0.3725549658832449,010,Medical Devices
2009,6285,2299,0.3657915672235481,010,Medical Devices
2010,6807,2509,0.3685911561627736,010,Medical Devices
2011,6913,2684,0.38825401417618977,010,Medical Devices
2012,7272,2680,0.36853685368536854,010,Medical Devices
2013,7349,2753,0.37460879031160704,010,Medical Devices
2014,7633,2953,0.38687278920476875,010,Medical Devices
2015,8537,3501,0.41009722384912733,010,Medical Devices
2016,9392,4001,0.4260008517887564,010,Medical Devices
2017,10617,4664,0.43929546952999904,010,Medical Devices
2018,11531,5284,0.4582429971381493,010,Medical Devices
2019,12231,5732,0.4686452456871883,010,Medical Devices
2020,22960,12272,0.5344947735191637,010,Medical Devices
2021,17000,8207,0.48276470588235293,010,Medical Devices
2022,13370,6140,0.45923709798055345,010,Medical Devices
2023,13588,6712,0.4939652634677657,010,Medical Devices
2024,14195,6888,0.4852412821415992,010,Medical Devices
2025,14385,6780,0.47132429614181437,010,Medical Devices
1985,1480,721,0.4871621621621622,011,"Lighting, HVAC & Appliances"
1986,1438,694,0.48261474269819193,011,"Lighting, HVAC & Appliances"
1987,1487,717,0.4821788836583726,011,"Lighting, HVAC & Appliances"
1988,1488,625,0.4200268817204301,011,"Lighting, HVAC & Appliances"
1989,1973,831,0.42118601115053217,011,"Lighting, HVAC & Appliances"
1990,2457,1296,0.5274725274725275,011,"Lighting, HVAC & Appliances"
1991,2320,1106,0.47672413793103446,011,"Lighting, HVAC & Appliances"
1992,2470,1046,0.4234817813765182,011,"Lighting, HVAC & Appliances"
1993,2533,1106,0.43663639952625344,011,"Lighting, HVAC & Appliances"
1994,2722,1206,0.44305657604702425,011,"Lighting, HVAC & Appliances"
1995,3028,1271,0.41974900924702774,011,"Lighting, HVAC & Appliances"
1996,3077,1289,0.4189145271368216,011,"Lighting, HVAC & Appliances"
1997,3466,1419,0.40940565493364106,011,"Lighting, HVAC & Appliances"
1998,3777,1573,0.41646809637278265,011,"Lighting, HVAC & Appliances"
1999,4173,1829,0.43829379343398034,011,"Lighting, HVAC & Appliances"
2000,4254,1736,0.4080865068171133,011,"Lighting, HVAC & Appliances"
2001,4188,1577,0.3765520534861509,011,"Lighting, HVAC & Appliances"
2002,4446,1667,0.37494376968061177,011,"Lighting, HVAC & Appliances"
2003,4806,1789,0.3722430295464003,011,"Lighting, HVAC & Appliances"
2004,5127,1978,0.3858006631558416,011,"Lighting, HVAC & Appliances"
2005,5460,2210,0.40476190476190477,011,"Lighting, HVAC & Appliances"
2006,6000,2407,0.40116666666666667,011,"Lighting, HVAC & Appliances"
2007,6442,2644,0.4104315429990686,011,"Lighting, HVAC & Appliances"
2008,6186,2525,0.40817976075008083,011,"Lighting, HVAC & Appliances"
2009,5927,2429,0.40981947022102244,011,"Lighting, HVAC & Appliances"
2010,6220,2636,0.4237942122186495,011,"Lighting, HVAC & Appliances"
2011,6485,2577,0.39737856592135695,011,"Lighting, HVAC & Appliances"
2012,6379,2519,0.39488948110989186,011,"Lighting, HVAC & Appliances"
2013,6859,2636,0.3843125820090392,011,"Lighting, HVAC & Appliances"
2014,7475,3089,0.41324414715719066,011,"Lighting, HVAC & Appliances"
2015,8506,3742,0.4399247589936515,011,"Lighting, HVAC & Appliances"
2016,10450,5148,0.4926315789473684,011,"Lighting, HVAC & Appliances"
2017,12920,6927,0.5361455108359133,011,"Lighting, HVAC & Appliances"
2018,12710,6657,0.5237608182533439,011,"Lighting, HVAC & Appliances"
2019,13849,7501,0.5416275543360531,011,"Lighting, HVAC & Appliances"
2020,27194,16787,0.6173052879311612,011,"Lighting, HVAC & Appliances"
2021,24575,14791,0.6018718209562564,011,"Lighting, HVAC & Appliances"
2022,16518,9384,0.5681075190701054,011,"Lighting, HVAC & Appliances"
2023,16810,9761,0.580666270077335,011,"Lighting, HVAC & Appliances"
2024,19458,11014,0.566039675197862,011,"Lighting, HVAC & Appliances"
2025,18162,9651,0.5313842087875784,011,"Lighting, HVAC & Appliances"
1985,1540,834,0.5415584415584416,012,Vehicles
1986,1492,709,0.47520107238605896,012,Vehicles
1987,1465,676,0.4614334470989761,012,Vehicles
1988,1663,789,0.4744437763078773,012,Vehicles
1989,1786,837,0.4686450167973124,012,Vehicles
1990,2231,1204,0.5396683101748095,012,Vehicles
1991,2072,1036,0.5,012,Vehicles
1992,2048,973,0.47509765625,012,Vehicles
1993,2364,1165,0.4928087986463621,012,Vehicles
1994,2451,1143,0.4663402692778458,012,Vehicles
1995,2684,1239,0.46162444113263784,012,Vehicles
1996,2774,1292,0.4657534246575342,012,Vehicles
1997,3222,1400,0.4345127250155183,012,Vehicles
1998,3260,1493,0.4579754601226994,012,Vehicles
1999,3759,1763,0.4690077148177707,012,Vehicles
2000,4280,1883,0.4399532710280374,012,Vehicles
2001,3791,1623,0.42811922975468214,012,Vehicles
2002,4037,1786,0.44240772851127075,012,Vehicles
2003,4388,1917,0.436873290793072,012,Vehicles
2004,4686,2175,0.4641485275288092,012,Vehicles
2005,4948,2324,0.4696847210994341,012,Vehicles
2006,4982,2301,0.4618627057406664,012,Vehicles
2007,5178,2344,0.4526844341444573,012,Vehicles
2008,5076,2223,0.4379432624113475,012,Vehicles
2009,4321,1940,0.44897014579958344,012,Vehicles
2010,4621,1986,0.4297771045228306,012,Vehicles
2011,4859,2057,0.42333813541881044,012,Vehicles
2012,4919,2084,0.423663346208579,012,Vehicles
2013,5056,2117,0.41871044303797467,012,Vehicles
2014,5569,2423,0.43508708924402945,012,Vehicles
2015,6509,3014,0.4630511599324013,012,Vehicles
2016,7290,3388,0.46474622770919066,012,Vehicles
2017,7964,3795,0.47651933701657456,012,Vehicles
2018,8251,3895,0.4720639922433644,012,Vehicles
2019,8621,4415,0.5121215636237095,012,Vehicles
2020,11351,6394,0.5632983878072416,012,Vehicles
2021,13205,7315,0.5539568345323741,012,Vehicles
2022,11332,5935,0.5237380868337451,012,Vehicles
2023,11762,6400,0.5441251487842204,012,Vehicles
2024,13660,7729,0.5658125915080527,012,Vehicles
2025,13532,7191,0.5314070351758794,012,Vehicles
1985,228,127,0.5570175438596491,013,Firearms & Pyrotechnics
1986,134,81,0.6044776119402985,013,Firearms & Pyrotechnics
1987,142,78,0.5492957746478874,013,Firearms & Pyrotechnics
1988,147,76,0.5170068027210885,013,Firearms & Pyrotechnics
1989,234,84,0.358974358974359,013,Firearms & Pyrotechnics
1990,300,144,0.48,013,Firearms & Pyrotechnics
1991,288,146,0.5069444444444444,013,Firearms & Pyrotechnics
1992,311,148,0.4758842443729904,013,Firearms & Pyrotechnics
1993,343,181,0.5276967930029155,013,Firearms & Pyrotechnics
1994,384,153,0.3984375,013,Firearms & Pyrotechnics
1995,462,214,0.46320346320346323,013,Firearms & Pyrotechnics
1996,402,207,0.5149253731343284,013,Firearms & Pyrotechnics
1997,437,202,0.4622425629290618,013,Firearms & Pyrotechnics
1998,377,185,0.4907161803713528,013,Firearms & Pyrotechnics
1999,518,223,0.4305019305019305,013,Firearms & Pyrotechnics
2000,471,210,0.445859872611465,013,Firearms & Pyrotechnics
2001,548,219,0.39963503649635035,013,Firearms & Pyrotechnics
2002,499,230,0.46092184368737477,013,Firearms & Pyrotechnics
2003,552,255,0.46195652173913043,013,Firearms & Pyrotechnics
2004,582,248,0.4261168384879725,013,Firearms & Pyrotechnics
2005,616,259,0.42045454545454547,013,Firearms & Pyrotechnics
2006,765,320,0.41830065359477125,013,Firearms & Pyrotechnics
2007,736,293,0.39809782608695654,013,Firearms & Pyrotechnics
2008,843,351,0.41637010676156583,013,Firearms & Pyrotechnics
2009,827,344,0.4159613059250302,013,Firearms & Pyrotechnics
2010,798,356,0.44611528822055135,013,Firearms & Pyrotechnics
2011,883,436,0.49377123442808607,013,Firearms & Pyrotechnics
2012,929,392,0.4219590958019376,013,Firearms & Pyrotechnics
2013,1025,497,0.4848780487804878,013,Firearms & Pyrotechnics
2014,1250,523,0.4184,013,Firearms & Pyrotechnics
2015,1402,635,0.4529243937232525,013,Firearms & Pyrotechnics
2016,1544,692,0.4481865284974093,013,Firearms & Pyrotechnics
2017,1716,755,0.43997668997669,013,Firearms & Pyrotechnics
2018,1614,687,0.4256505576208178,013,Firearms & Pyrotechnics
2019,1576,794,0.5038071065989848,013,Firearms & Pyrotechnics
2020,1618,713,0.44066749072929545,013,Firearms & Pyrotechnics
2021,1863,892,0.4787976382179281,013,Firearms & Pyrotechnics
2022,1718,699,0.40686845168800934,013,Firearms & Pyrotechnics
2023,1740,684,0.3931034482758621,013,Firearms & Pyrotechnics
2024,1678,635,0.37842669845053634,013,Firearms & Pyrotechnics
2025,1748,733,0.4193363844393593,013,Firearms & Pyrotechnics
1985,899,505,0.5617352614015573,014,Jewelry & Watches
1986,905,490,0.5414364640883977,014,Jewelry & Watches
1987,927,514,0.5544768069039914,014,Jewelry & Watches
1988,1074,556,0.5176908752327747,014,Jewelry & Watches
1989,1521,832,0.5470085470085471,014,Jewelry & Watches
1990,2583,1806,0.6991869918699187,014,Jewelry & Watches
1991,2228,1392,0.6247755834829444,014,Jewelry & Watches
1992,1837,982,0.5345672291780076,014,Jewelry & Watches
1993,2029,1032,0.5086249383932971,014,Jewelry & Watches
1994,2121,1047,0.49363507779349364,014,Jewelry & Watches
1995,2348,1063,0.4527257240204429,014,Jewelry & Watches
1996,2616,1276,0.4877675840978593,014,Jewelry & Watches
1997,3108,1603,0.5157657657657657,014,Jewelry & Watches
1998,3184,1566,0.49183417085427134,014,Jewelry & Watches
1999,3657,1905,0.5209187858900738,014,Jewelry & Watches
2000,3525,1758,0.49872340425531914,014,Jewelry & Watches
2001,3190,1523,0.4774294670846395,014,Jewelry & Watches
2002,3405,1678,0.49280469897209983,014,Jewelry & Watches
2003,3849,1928,0.5009093270979476,014,Jewelry & Watches
2004,4722,2473,0.523718763235917,014,Jewelry & Watches
2005,5047,2676,0.5302159698830988,014,Jewelry & Watches
2006,5029,2566,0.5102406044939352,014,Jewelry & Watches
2007,5482,2834,0.5169646114556731,014,Jewelry & Watches
2008,5096,2614,0.5129513343799058,014,Jewelry & Watches
2009,4580,2300,0.5021834061135371,014,Jewelry & Watches
2010,5417,2825,0.5215063688388407,014,Jewelry & Watches
2011,5849,2944,0.5033339032313215,014,Jewelry & Watches
2012,5870,2929,0.4989778534923339,014,Jewelry & Watches
2013,6208,3159,0.5088595360824743,014,Jewelry & Watches
2014,6328,3182,0.5028445006321113,014,Jewelry & Watches
2015,7363,3843,0.5219339942958033,014,Jewelry & Watches
2016,8186,4893,0.5977278279990227,014,Jewelry & Watches
2017,8955,5385,0.6013400335008375,014,Jewelry & Watches
2018,8824,5262,0.5963281958295558,014,Jewelry & Watches
2019,10104,6202,0.6138163103721298,014,Jewelry & Watches
2020,12373,7791,0.6296775236401843,014,Jewelry & Watches
2021,13451,8560,0.6363839119768047,014,Jewelry & Watches
2022,11120,6801,0.6116007194244605,014,Jewelry & Watches
2023,11027,6965,0.6316314500770835,014,Jewelry & Watches
2024,12220,7502,0.613911620294599,014,Jewelry & Watches
2025,11588,6985,0.6027787366240939,014,Jewelry & Watches
1985,250,128,0.512,015,Musical Instruments
1986,172,85,0.4941860465116279,015,Musical Instruments
1987,138,69,0.5,015,Musical Instruments
1988,200,103,0.515,015,Musical Instruments
1989,185,97,0.5243243243243243,015,Musical Instruments
1990,239,133,0.5564853556485355,015,Musical Instruments
1991,212,114,0.5377358490566038,015,Musical Instruments
1992,249,132,0.5301204819277109,015,Musical Instruments
1993,317,180,0.5678233438485805,015,Musical Instruments
1994,306,138,0.45098039215686275,015,Musical Instruments
1995,407,241,0.5921375921375921,015,Musical Instruments
1996,375,217,0.5786666666666667,015,Musical Instruments
1997,466,228,0.4892703862660944,015,Musical Instruments
1998,412,189,0.4587378640776699,015,Musical Instruments
1999,511,250,0.4892367906066536,015,Musical Instruments
2000,580,259,0.44655172413793104,015,Musical Instruments
2001,441,199,0.4512471655328798,015,Musical Instruments
2002,523,270,0.5162523900573613,015,Musical Instruments
2003,494,270,0.5465587044534413,015,Musical Instruments
2004,657,360,0.547945205479452,015,Musical Instruments
2005,728,394,0.5412087912087912,015,Musical Instruments
2006,771,415,0.5382619974059663,015,Musical Instruments
2007,723,378,0.5228215767634855,015,Musical Instruments
2008,727,353,0.4855570839064649,015,Musical Instruments
2009,593,315,0.5311973018549747,015,Musical Instruments
2010,715,371,0.5188811188811189,015,Musical Instruments
2011,754,443,0.5875331564986738,015,Musical Instruments
2012,750,385,0.5133333333333333,015,Musical Instruments
2013,748,387,0.517379679144385,015,Musical Instruments
2014,778,394,0.506426735218509,015,Musical Instruments
2015,809,452,0.5587144622991347,015,Musical Instruments
2016,935,536,0.5732620320855615,015,Musical Instruments
2017,1065,658,0.6178403755868545,015,Musical Instruments
2018,1016,599,0.5895669291338582,015,Musical Instruments
2019,1361,878,0.6451138868479059,015,Musical Instruments
2020,1700,1014,0.5964705882352941,015,Musical Instruments
2021,1670,1029,0.6161676646706586,015,Musical Instruments
2022,1123,652,0.5805877114870882,015,Musical Instruments
2023,1218,740,0.6075533661740559,015,Musical Instruments
2024,1261,691,0.5479777954004759,015,Musical Instruments
2025,1101,625,0.5676657584014533,015,Musical Instruments
1985,4731,2501,0.5286408793067005,016,"Paper, Print & Office"
1986,5070,2489,0.49092702169625246,016,"Paper, Print & Office"
1987,5390,2629,0.48775510204081635,016,"Paper, Print & Office"
1988,5823,2813,0.4830843207968401,016,"Paper, Print & Office"
1989,7197,3364,0.46741697929692927,016,"Paper, Print & Office"
1990,10262,5941,0.5789319820697719,016,"Paper, Print & Office"
1991,9862,5016,0.5086189413911986,016,"Paper, Print & Office"
1992,10421,4849,0.4653104308607619,016,"Paper, Print & Office"
1993,12502,5738,0.45896656534954405,016,"Paper, Print & Office"
1994,12531,5690,0.4540738967360945,016,"Paper, Print & Office"
1995,13739,6304,0.4588397991120169,016,"Paper, Print & Office"
1996,15262,6836,0.4479098414362469,016,"Paper, Print & Office"
1997,16149,7312,0.4527834540838442,016,"Paper, Print & Office"
1998,16458,7423,0.4510268562401264,016,"Paper, Print & Office"
1999,20078,9555,0.475894013347943,016,"Paper, Print & Office"
2000,19762,9493,0.4803663596801943,016,"Paper, Print & Office"
2001,17076,7163,0.41947762942141015,016,"Paper, Print & Office"
2002,15598,7242,0.4642902936273881,016,"Paper, Print & Office"
2003,16276,7698,0.47296633079380684,016,"Paper, Print & Office"
2004,17986,8625,0.479539641943734,016,"Paper, Print & Office"
2005,18825,8712,0.46278884462151393,016,"Paper, Print & Office"
2006,18480,8678,0.4695887445887446,016,"Paper, Print & Office"
2007,19757,9420,0.47679303537986534,016,"Paper, Print & Office"
2008,18191,8683,0.4773239514045407,016,"Paper, Print & Office"
2009,15247,7351,0.48212763166524564,016,"Paper, Print & Office"
2010,15230,7377,0.48437294812869336,016,"Paper, Print & Office"
2011,15497,7371,0.4756404465380396,016,"Paper, Print & Office"
2012,15014,7026,0.46796323431463965,016,"Paper, Print & Office"
2013,14529,6923,0.476495285291486,016,"Paper, Print & Office"
2014,14311,6642,0.4641185102368807,016,"Paper, Print & Office"
2015,15331,7435,0.48496510338529775,016,"Paper, Print & Office"
2016,15555,7649,0.4917389906782385,016,"Paper, Print & Office"
2017,16995,8742,0.5143865842894969,016,"Paper, Print & Office"
2018,18260,9534,0.5221248630887185,016,"Paper, Print & Office"
2019,18860,10060,0.5334040296924708,016,"Paper, Print & Office"
2020,24822,14615,0.5887922004673274,016,"Paper, Print & Office"
2021,25846,15350,0.5939023446568135,016,"Paper, Print & Office"
2022,21898,12618,0.5762170061192803,016,"Paper, Print & Office"
2023,22544,13283,0.5892033356990773,016,"Paper, Print & Office"
2024,24412,14556,0.5962641323939046,016,"Paper, Print & Office"
2025,25774,15750,0.6110809342748507,016,"Paper, Print & Office"
1985,822,355,0.4318734793187348,017,Rubber & Insulators
1986,641,276,0.43057722308892354,017,Rubber & Insulators
1987,742,306,0.4123989218328841,017,Rubber & Insulators
1988,774,301,0.3888888888888889,017,Rubber & Insulators
1989,889,351,0.3948256467941507,017,Rubber & Insulators
1990,1022,528,0.5166340508806262,017,Rubber & Insulators
1991,976,414,0.42418032786885246,017,Rubber & Insulators
1992,884,358,0.40497737556561086,017,Rubber & Insulators
1993,1050,420,0.4,017,Rubber & Insulators
1994,1014,416,0.41025641025641024,017,Rubber & Insulators
1995,1115,524,0.46995515695067264,017,Rubber & Insulators
1996,1261,555,0.4401268834258525,017,Rubber & Insulators
1997,1376,574,0.4171511627906977,017,Rubber & Insulators
1998,1479,628,0.42461122379986477,017,Rubber & Insulators
1999,1521,647,0.4253780407626562,017,Rubber & Insulators
2000,1548,656,0.42377260981912146,017,Rubber & Insulators
2001,1534,604,0.39374185136897,017,Rubber & Insulators
2002,1617,610,0.3772418058132344,017,Rubber & Insulators
2003,1565,630,0.402555910543131,017,Rubber & Insulators
2004,1641,672,0.40950639853747717,017,Rubber & Insulators
2005,1891,753,0.39820200951877316,017,Rubber & Insulators
2006,1874,748,0.3991462113127001,017,Rubber & Insulators
2007,2233,842,0.37707120465741156,017,Rubber & Insulators
2008,2209,826,0.3739248528746039,017,Rubber & Insulators
2009,1930,750,0.38860103626943004,017,Rubber & Insulators
2010,2001,775,0.3873063468265867,017,Rubber & Insulators
2011,2035,745,0.36609336609336607,017,Rubber & Insulators
2012,1987,725,0.3648716658278812,017,Rubber & Insulators
2013,2111,768,0.3638086215063951,017,Rubber & Insulators
2014,2090,781,0.3736842105263158,017,Rubber & Insulators
2015,2167,798,0.3682510383017997,017,Rubber & Insulators
2016,2449,978,0.3993466721110657,017,Rubber & Insulators
2017,2765,1097,0.39674502712477394,017,Rubber & Insulators
2018,2564,1068,0.4165366614664587,017,Rubber & Insulators
2019,2986,1353,0.4531145344943068,017,Rubber & Insulators
2020,3187,1381,0.4333228741763414,017,Rubber & Insulators
2021,3343,1581,0.47292850732874664,017,Rubber & Insulators
2022,2945,1277,0.433616298811545,017,Rubber & Insulators
2023,3131,1373,0.4385180453529224,017,Rubber & Insulators
2024,3432,1566,0.4562937062937063,017,Rubber & Insulators
2025,3137,1390,0.4430985017532674,017,Rubber & Insulators
1985,813,449,0.5522755227552275,018,Leather & Luggage
1986,809,402,0.4969097651421508,018,Leather & Luggage
1987,770,372,0.4831168831168831,018,Leather & Luggage
1988,851,407,0.4782608695652174,018,Leather & Luggage
1989,1118,515,0.4606440071556351,018,Leather & Luggage
1990,1686,978,0.5800711743772242,018,Leather & Luggage
1991,1398,697,0.49856938483547925,018,Leather & Luggage
1992,1478,701,0.4742895805142084,018,Leather & Luggage
1993,1679,765,0.45562835020845743,018,Leather & Luggage
1994,1815,838,0.46170798898071624,018,Leather & Luggage
1995,2131,1004,0.47114030971374943,018,Leather & Luggage
1996,2351,1004,0.42705231816248407,018,Leather & Luggage
1997,2649,1154,0.4356360890902227,018,Leather & Luggage
1998,2658,1185,0.445823927765237,018,Leather & Luggage
1999,3123,1433,0.45885366634646174,018,Leather & Luggage
2000,3249,1509,0.4644506001846722,018,Leather & Luggage
2001,2761,1247,0.4516479536399855,018,Leather & Luggage
2002,3110,1379,0.44340836012861734,018,Leather & Luggage
2003,3444,1614,0.4686411149825784,018,Leather & Luggage
2004,4397,2192,0.49852171935410505,018,Leather & Luggage
2005,4787,2350,0.490912889074577,018,Leather & Luggage
2006,5314,2588,0.48701543093714716,018,Leather & Luggage
2007,5969,2996,0.5019266208745183,018,Leather & Luggage
2008,5824,2885,0.495364010989011,018,Leather & Luggage
2009,4855,2355,0.4850669412976313,018,Leather & Luggage
2010,5371,2583,0.48091603053435117,018,Leather & Luggage
2011,5803,2789,0.4806134757883853,018,Leather & Luggage
2012,6030,3018,0.5004975124378109,018,Leather & Luggage
2013,6332,3078,0.4861023373341756,018,Leather & Luggage
2014,6552,3268,0.4987789987789988,018,Leather & Luggage
2015,7710,4006,0.5195849546044099,018,Leather & Luggage
2016,9041,5074,0.5612211038601924,018,Leather & Luggage
2017,11091,6370,0.5743395545938148,018,Leather & Luggage
2018,11657,6703,0.5750193017071288,018,Leather & Luggage
2019,12623,7355,0.5826665610393725,018,Leather & Luggage
2020,14693,8802,0.599060777240863,018,Leather & Luggage
2021,16067,9643,0.6001742702433559,018,Leather & Luggage
2022,13148,7416,0.5640401581989656,018,Leather & Luggage
2023,13950,8304,0.595268817204301,018,Leather & Luggage
2024,14927,8541,0.5721846318751256,018,Leather & Luggage
2025,13355,7452,0.5579932609509547,018,Leather & Luggage
1985,918,450,0.49019607843137253,019,Building Materials
1986,804,406,0.5049751243781094,019,Building Materials
1987,850,435,0.5117647058823529,019,Building Materials
1988,893,468,0.5240761478163494,019,Building Materials
1989,1081,499,0.4616096207215541,019,Building Materials
1990,1305,717,0.5494252873563218,019,Building Materials
1991,1286,684,0.5318818040435459,019,Building Materials
1992,1221,577,0.4725634725634726,019,Building Materials
1993,1342,656,0.488822652757079,019,Building Materials
1994,1370,637,0.464963503649635,019,Building Materials
1995,1602,787,0.4912609238451935,019,Building Materials
1996,1618,841,0.5197775030902348,019,Building Materials
1997,1950,881,0.4517948717948718,019,Building Materials
1998,2017,959,0.47545860188398614,019,Building Materials
1999,2180,1060,0.48623853211009177,019,Building Materials
2000,2381,1130,0.4745905081898362,019,Building Materials
2001,2276,1015,0.44595782073813706,019,Building Materials
2002,2496,1090,0.43669871794871795,019,Building Materials
2003,2644,1184,0.44780635400907715,019,Building Materials
2004,2856,1321,0.46253501400560226,019,Building Materials
2005,3312,1489,0.44957729468599034,019,Building Materials
2006,3467,1621,0.4675511970002884,019,Building Materials
2007,3535,1633,0.4619519094766619,019,Building Materials
2008,3448,1452,0.4211136890951276,019,Building Materials
2009,2904,1282,0.4414600550964187,019,Building Materials
2010,2800,1269,0.45321428571428574,019,Building Materials
2011,3014,1314,0.4359654943596549,019,Building Materials
2012,2682,1161,0.43288590604026844,019,Building Materials
2013,2835,1098,0.3873015873015873,019,Building Materials
2014,2919,1188,0.40698869475847893,019,Building Materials
2015,3327,1374,0.41298467087466184,019,Building Materials
2016,3501,1450,0.4141673807483576,019,Building Materials
2017,3822,1676,0.43851386708529566,019,Building Materials
2018,3688,1562,0.4235357917570499,019,Building Materials
2019,4029,1796,0.4457681806899975,019,Building Materials
2020,3828,1621,0.4234587251828631,019,Building Materials
2021,4236,1862,0.4395656279508971,019,Building Materials
2022,3728,1604,0.4302575107296137,019,Building Materials
2023,4066,1869,0.45966551893753077,019,Building Materials
2024,4418,1940,0.43911272068809415,019,Building Materials
2025,3891,1693,0.435106656386533,019,Building Materials
1985,1508,847,0.5616710875331565,020,Furniture
1986,1513,835,0.5518836748182419,020,Furniture
1987,1547,855,0.552682611506141,020,Furniture
1988,1709,862,0.5043885313048566,020,Furniture
1989,2060,1113,0.5402912621359224,020,Furniture
1990,2965,1810,0.6104553119730185,020,Furniture
1991,2649,1352,0.5103812759531898,020,Furniture
1992,2785,1301,0.4671454219030521,020,Furniture
1993,3079,1434,0.4657356284507957,020,Furniture
1994,3088,1407,0.45563471502590674,020,Furniture
1995,3398,1577,0.4640965273690406,020,Furniture
1996,3535,1575,0.44554455445544555,020,Furniture
1997,4089,1739,0.42528735632183906,020,Furniture
1998,4357,2033,0.4666054624741795,020,Furniture
1999,4997,2474,0.495097058234941,020,Furniture
2000,4763,2320,0.4870879697669536,020,Furniture
2001,4250,1817,0.4275294117647059,020,Furniture
2002,4635,1980,0.42718446601941745,020,Furniture
2003,5119,2137,0.4174643485055675,020,Furniture
2004,5342,2395,0.44833395731935605,020,Furniture
2005,5542,2513,0.45344640923854207,020,Furniture
2006,5813,2613,0.4495097195940134,020,Furniture
2007,6415,2870,0.4473889321901793,020,Furniture
2008,5670,2489,0.43897707231040567,020,Furniture
2009,5197,2270,0.43679045603232636,020,Furniture
2010,5661,2331,0.4117647058823529,020,Furniture
2011,5753,2333,0.40552755084303843,020,Furniture
2012,5861,2441,0.41648182903941305,020,Furniture
2013,6090,2512,0.4124794745484401,020,Furniture
2014,6333,2657,0.41954839728406756,020,Furniture
2015,7105,2991,0.4209711470795215,020,Furniture
2016,8343,3875,0.4644612249790243,020,Furniture
2017,10778,5261,0.48812395620708854,020,Furniture
2018,11285,5564,0.4930438635356668,020,Furniture
2019,12106,6395,0.5282504543201718,020,Furniture
2020,20963,12712,0.6064017554739303,020,Furniture
2021,22839,14344,0.6280485135075966,020,Furniture
2022,17614,10930,0.6205291245600091,020,Furniture
2023,20427,13429,0.6574142066872277,020,Furniture
2024,23344,14821,0.6348954763536669,020,Furniture
2025,21515,13043,0.6062282128747386,020,Furniture
1985,1296,591,0.45601851851851855,021,Household Utensils
1986,1238,507,0.4095315024232633,021,Household Utensils
1987,1205,543,0.45062240663900416,021,Household Utensils
1988,1288,546,0.42391304347826086,021,Household Utensils
1989,1681,684,0.40690065437239736,021,Household Utensils
1990,2388,1233,0.5163316582914573,021,Household Utensils
1991,2143,978,0.4563695753616426,021,Household Utensils
1992,2386,1061,0.4446772841575859,021,Household Utensils
1993,2664,1203,0.45157657657657657,021,Household Utensils
1994,2727,1184,0.43417675100843417,021,Household Utensils
1995,3081,1377,0.4469328140214216,021,Household Utensils
1996,3520,1429,0.40596590909090907,021,Household Utensils
1997,3916,1606,0.4101123595505618,021,Household Utensils
1998,3917,1649,0.42098544804697474,021,Household Utensils
1999,4429,2018,0.45563332580717997,021,Household Utensils
2000,4409,1925,0.43660694034928554,021,Household Utensils
2001,3852,1550,0.40238836967808933,021,Household Utensils
2002,4074,1598,0.39224349533627884,021,Household Utensils
2003,4541,1838,0.40475666152829776,021,Household Utensils
2004,4947,1933,0.3907418637558116,021,Household Utensils
2005,4918,2093,0.4255795038633591,021,Household Utensils
2006,5018,2164,0.43124750896771624,021,Household Utensils
2007,5626,2343,0.4164592961251333,021,Household Utensils
2008,5479,2287,0.41741193648476,021,Household Utensils
2009,5376,2188,0.4069940476190476,021,Household Utensils
2010,5702,2432,0.42651701157488603,021,Household Utensils
2011,5966,2490,0.4173650687227623,021,Household Utensils
2012,6139,2514,0.40951294999185534,021,Household Utensils
2013,6811,2836,0.4163852591396271,021,Household Utensils
2014,7515,3155,0.4198270126413839,021,Household Utensils
2015,8692,3952,0.45467096180395766,021,Household Utensils
2016,11048,5666,0.5128530050687907,021,Household Utensils
2017,14394,8020,0.5571766013616785,021,Household Utensils
2018,16023,9177,0.5727391874180865,021,Household Utensils
2019,18947,11228,0.5926004116746715,021,Household Utensils
2020,34784,23019,0.6617697792088316,021,Household Utensils
2021,38584,25849,0.6699409081484553,021,Household Utensils
2022,27616,18144,0.657010428736964,021,Household Utensils
2023,29576,20249,0.6846429537462808,021,Household Utensils
2024,32621,21703,0.6653076239232396,021,Household Utensils
2025,29334,18411,0.6276334628758438,021,Household Utensils
1985,333,161,0.48348348348348347,022,"Ropes, Tents & Textiles (raw)"
1986,265,145,0.5471698113207547,022,"Ropes, Tents & Textiles (raw)"
1987,198,85,0.4292929292929293,022,"Ropes, Tents & Textiles (raw)"
1988,228,111,0.4868421052631579,022,"Ropes, Tents & Textiles (raw)"
1989,246,112,0.45528455284552843,022,"Ropes, Tents & Textiles (raw)"
1990,433,251,0.5796766743648961,022,"Ropes, Tents & Textiles (raw)"
1991,397,191,0.4811083123425693,022,"Ropes, Tents & Textiles (raw)"
1992,367,198,0.5395095367847411,022,"Ropes, Tents & Textiles (raw)"
1993,397,208,0.5239294710327456,022,"Ropes, Tents & Textiles (raw)"
1994,373,186,0.49865951742627346,022,"Ropes, Tents & Textiles (raw)"
1995,511,273,0.5342465753424658,022,"Ropes, Tents & Textiles (raw)"
1996,446,236,0.5291479820627802,022,"Ropes, Tents & Textiles (raw)"
1997,477,239,0.5010482180293501,022,"Ropes, Tents & Textiles (raw)"
1998,490,225,0.45918367346938777,022,"Ropes, Tents & Textiles (raw)"
1999,550,272,0.49454545454545457,022,"Ropes, Tents & Textiles (raw)"
2000,569,257,0.45166959578207383,022,"Ropes, Tents & Textiles (raw)"
2001,489,217,0.4437627811860941,022,"Ropes, Tents & Textiles (raw)"
2002,574,269,0.4686411149825784,022,"Ropes, Tents & Textiles (raw)"
2003,674,294,0.4362017804154303,022,"Ropes, Tents & Textiles (raw)"
2004,728,342,0.4697802197802198,022,"Ropes, Tents & Textiles (raw)"
2005,778,346,0.44473007712082263,022,"Ropes, Tents & Textiles (raw)"
2006,757,374,0.4940554821664465,022,"Ropes, Tents & Textiles (raw)"
2007,825,395,0.47878787878787876,022,"Ropes, Tents & Textiles (raw)"
2008,856,371,0.433411214953271,022,"Ropes, Tents & Textiles (raw)"
2009,722,354,0.4903047091412742,022,"Ropes, Tents & Textiles (raw)"
2010,812,403,0.4963054187192118,022,"Ropes, Tents & Textiles (raw)"
2011,942,419,0.4447983014861996,022,"Ropes, Tents & Textiles (raw)"
2012,918,361,0.39324618736383443,022,"Ropes, Tents & Textiles (raw)"
2013,959,397,0.41397288842544316,022,"Ropes, Tents & Textiles (raw)"
2014,935,413,0.44171122994652406,022,"Ropes, Tents & Textiles (raw)"
2015,1101,512,0.46503178928247046,022,"Ropes, Tents & Textiles (raw)"
2016,1445,686,0.47474048442906575,022,"Ropes, Tents & Textiles (raw)"
2017,1872,1042,0.5566239316239316,022,"Ropes, Tents & Textiles (raw)"
2018,1817,987,0.5432030820033021,022,"Ropes, Tents & Textiles (raw)"
2019,2292,1343,0.5859511343804538,022,"Ropes, Tents & Textiles (raw)"
2020,3063,1783,0.5821090434214822,022,"Ropes, Tents & Textiles (raw)"
2021,3340,1948,0.5832335329341317,022,"Ropes, Tents & Textiles (raw)"
2022,2393,1314,0.5491015461763477,022,"Ropes, Tents & Textiles (raw)"
2023,2484,1412,0.5684380032206119,022,"Ropes, Tents & Textiles (raw)"
2024,2518,1335,0.5301826846703733,022,"Ropes, Tents & Textiles (raw)"
2025,2348,1226,0.5221465076660988,022,"Ropes, Tents & Textiles (raw)"
1985,202,106,0.5247524752475248,023,Yarns & Threads
1986,162,54,0.3333333333333333,023,Yarns & Threads
1987,86,38,0.4418604651162791,023,Yarns & Threads
1988,118,57,0.4830508474576271,023,Yarns & Threads
1989,101,35,0.3465346534653465,023,Yarns & Threads
1990,122,47,0.38524590163934425,023,Yarns & Threads
1991,144,62,0.4305555555555556,023,Yarns & Threads
1992,138,75,0.5434782608695652,023,Yarns & Threads
1993,135,64,0.4740740740740741,023,Yarns & Threads
1994,124,69,0.5564516129032258,023,Yarns & Threads
1995,215,144,0.6697674418604651,023,Yarns & Threads
1996,161,100,0.6211180124223602,023,Yarns & Threads
1997,206,118,0.5728155339805825,023,Yarns & Threads
1998,178,76,0.42696629213483145,023,Yarns & Threads
1999,187,103,0.5508021390374331,023,Yarns & Threads
2000,195,84,0.4307692307692308,023,Yarns & Threads
2001,166,81,0.4879518072289157,023,Yarns & Threads
2002,209,102,0.4880382775119617,023,Yarns & Threads
2003,213,107,0.5023474178403756,023,Yarns & Threads
2004,301,150,0.4983388704318937,023,Yarns & Threads
2005,360,156,0.43333333333333335,023,Yarns & Threads
2006,334,174,0.5209580838323353,023,Yarns & Threads
2007,319,175,0.54858934169279,023,Yarns & Threads
2008,325,157,0.48307692307692307,023,Yarns & Threads
2009,238,127,0.5336134453781513,023,Yarns & Threads
2010,245,142,0.5795918367346938,023,Yarns & Threads
2011,327,149,0.45565749235474007,023,Yarns & Threads
2012,267,106,0.3970037453183521,023,Yarns & Threads
2013,281,112,0.398576512455516,023,Yarns & Threads
2014,289,126,0.4359861591695502,023,Yarns & Threads
2015,361,172,0.47645429362880887,023,Yarns & Threads
2016,374,202,0.5401069518716578,023,Yarns & Threads
2017,511,270,0.5283757338551859,023,Yarns & Threads
2018,447,211,0.4720357941834452,023,Yarns & Threads
2019,641,425,0.6630265210608425,023,Yarns & Threads
2020,522,310,0.5938697318007663,023,Yarns & Threads
2021,688,439,0.6380813953488372,023,Yarns & Threads
2022,429,239,0.5571095571095571,023,Yarns & Threads
2023,607,308,0.5074135090609555,023,Yarns & Threads
2024,597,291,0.48743718592964824,023,Yarns & Threads
2025,464,258,0.5560344827586207,023,Yarns & Threads
1985,777,342,0.44015444015444016,024,Textiles & Bedding
1986,715,302,0.4223776223776224,024,Textiles & Bedding
1987,709,321,0.4527503526093089,024,Textiles & Bedding
1988,810,363,0.44814814814814813,024,Textiles & Bedding
1989,912,376,0.41228070175438597,024,Textiles & Bedding
1990,1252,687,0.5487220447284346,024,Textiles & Bedding
1991,1206,505,0.4187396351575456,024,Textiles & Bedding
1992,1168,514,0.4400684931506849,024,Textiles & Bedding
1993,1352,624,0.46153846153846156,024,Textiles & Bedding
1994,1341,589,0.43922445935868754,024,Textiles & Bedding
1995,1622,707,0.4358816276202219,024,Textiles & Bedding
1996,1715,671,0.3912536443148688,024,Textiles & Bedding
1997,1913,794,0.41505488761108206,024,Textiles & Bedding
1998,1896,786,0.41455696202531644,024,Textiles & Bedding
1999,2184,911,0.41712454212454214,024,Textiles & Bedding
2000,2379,1077,0.4527112232030265,024,Textiles & Bedding
2001,1994,812,0.40722166499498497,024,Textiles & Bedding
2002,2196,895,0.4075591985428051,024,Textiles & Bedding
2003,2352,1028,0.4370748299319728,024,Textiles & Bedding
2004,2786,1224,0.43933955491744436,024,Textiles & Bedding
2005,2896,1298,0.44820441988950277,024,Textiles & Bedding
2006,3162,1467,0.4639468690702087,024,Textiles & Bedding
2007,3415,1545,0.45241581259150804,024,Textiles & Bedding
2008,2993,1286,0.4296692281991313,024,Textiles & Bedding
2009,2672,1113,0.41654191616766467,024,Textiles & Bedding
2010,2774,1179,0.42501802451333814,024,Textiles & Bedding
2011,3095,1296,0.4187399030694669,024,Textiles & Bedding
2012,3144,1247,0.39662849872773537,024,Textiles & Bedding
2013,3338,1341,0.4017375674056321,024,Textiles & Bedding
2014,3604,1460,0.4051054384017758,024,Textiles & Bedding
2015,4121,1807,0.4384858044164038,024,Textiles & Bedding
2016,4957,2297,0.4633851119628808,024,Textiles & Bedding
2017,6508,3440,0.5285802089735709,024,Textiles & Bedding
2018,6849,3691,0.5389107898963352,024,Textiles & Bedding
2019,8114,4562,0.5622381069755977,024,Textiles & Bedding
2020,12846,7516,0.5850848513155846,024,Textiles & Bedding
2021,14297,8471,0.5925019234804505,024,Textiles & Bedding
2022,9895,5500,0.5558362809499747,024,Textiles & Bedding
2023,9355,5559,0.5942276857295564,024,Textiles & Bedding
2024,10134,5805,0.5728241563055062,024,Textiles & Bedding
2025,8753,4749,0.5425568376556609,024,Textiles & Bedding
1985,4973,2697,0.5423285743012266,025,"Clothing, Footwear & Headwear"
1986,5457,2712,0.49697636063771305,025,"Clothing, Footwear & Headwear"
1987,5654,2842,0.502652989034312,025,"Clothing, Footwear & Headwear"
1988,5862,2862,0.4882292732855681,025,"Clothing, Footwear & Headwear"
1989,6601,3238,0.4905317376155128,025,"Clothing, Footwear & Headwear"
1990,9355,5742,0.6137894174238375,025,"Clothing, Footwear & Headwear"
1991,8983,4744,0.5281086496716019,025,"Clothing, Footwear & Headwear"
1992,9423,4753,0.5044041175846333,025,"Clothing, Footwear & Headwear"
1993,12122,6326,0.521861079029863,025,"Clothing, Footwear & Headwear"
1994,12135,6229,0.5133086114544705,025,"Clothing, Footwear & Headwear"
1995,13134,6827,0.5197959494441906,025,"Clothing, Footwear & Headwear"
1996,14359,7490,0.521624068528449,025,"Clothing, Footwear & Headwear"
1997,14671,7485,0.5101901710858155,025,"Clothing, Footwear & Headwear"
1998,14320,7678,0.5361731843575419,025,"Clothing, Footwear & Headwear"
1999,17672,9964,0.5638297872340425,025,"Clothing, Footwear & Headwear"
2000,16377,9332,0.5698235330036027,025,"Clothing, Footwear & Headwear"
2001,14213,7770,0.5466826145078449,025,"Clothing, Footwear & Headwear"
2002,15852,8891,0.5608755992934645,025,"Clothing, Footwear & Headwear"
2003,18336,10481,0.5716077661431065,025,"Clothing, Footwear & Headwear"
2004,22716,13511,0.594779010389153,025,"Clothing, Footwear & Headwear"
2005,24344,14438,0.5930824843904042,025,"Clothing, Footwear & Headwear"
2006,25447,15020,0.5902463944669313,025,"Clothing, Footwear & Headwear"
2007,27767,16499,0.5941945474844239,025,"Clothing, Footwear & Headwear"
2008,27262,15973,0.5859071234685643,025,"Clothing, Footwear & Headwear"
2009,24924,14703,0.589913336543091,025,"Clothing, Footwear & Headwear"
2010,27448,15999,0.5828839988341591,025,"Clothing, Footwear & Headwear"
2011,29239,17490,0.5981736721502103,025,"Clothing, Footwear & Headwear"
2012,31462,18958,0.6025681774839489,025,"Clothing, Footwear & Headwear"
2013,33534,20387,0.6079501401562594,025,"Clothing, Footwear & Headwear"
2014,35003,21164,0.6046338885238408,025,"Clothing, Footwear & Headwear"
2015,39374,24377,0.6191141362320313,025,"Clothing, Footwear & Headwear"
2016,44534,28686,0.6441370638164099,025,"Clothing, Footwear & Headwear"
2017,52449,34399,0.6558561650365117,025,"Clothing, Footwear & Headwear"
2018,53743,34723,0.6460934447276855,025,"Clothing, Footwear & Headwear"
2019,59316,38278,0.6453233528896082,025,"Clothing, Footwear & Headwear"
2020,84294,57580,0.683085391605571,025,"Clothing, Footwear & Headwear"
2021,83147,54879,0.660023813246419,025,"Clothing, Footwear & Headwear"
2022,60737,38659,0.6364983453249256,025,"Clothing, Footwear & Headwear"
2023,59641,38013,0.6373635586257775,025,"Clothing, Footwear & Headwear"
2024,62213,39136,0.629064664941411,025,"Clothing, Footwear & Headwear"
2025,64581,41089,0.6362397609203946,025,"Clothing, Footwear & Headwear"
1985,405,204,0.5037037037037037,026,"Trim, Lace & Notions"
1986,316,141,0.4462025316455696,026,"Trim, Lace & Notions"
1987,285,147,0.5157894736842106,026,"Trim, Lace & Notions"
1988,357,166,0.4649859943977591,026,"Trim, Lace & Notions"
1989,329,155,0.47112462006079026,026,"Trim, Lace & Notions"
1990,450,280,0.6222222222222222,026,"Trim, Lace & Notions"
1991,484,238,0.49173553719008267,026,"Trim, Lace & Notions"
1992,475,240,0.5052631578947369,026,"Trim, Lace & Notions"
1993,595,303,0.5092436974789916,026,"Trim, Lace & Notions"
1994,507,231,0.4556213017751479,026,"Trim, Lace & Notions"
1995,701,348,0.4964336661911555,026,"Trim, Lace & Notions"
1996,717,331,0.4616457461645746,026,"Trim, Lace & Notions"
1997,727,327,0.4497936726272352,026,"Trim, Lace & Notions"
1998,778,363,0.4665809768637532,026,"Trim, Lace & Notions"
1999,884,454,0.5135746606334841,026,"Trim, Lace & Notions"
2000,813,381,0.46863468634686345,026,"Trim, Lace & Notions"
2001,720,334,0.4638888888888889,026,"Trim, Lace & Notions"
2002,837,413,0.4934289127837515,026,"Trim, Lace & Notions"
2003,840,400,0.47619047619047616,026,"Trim, Lace & Notions"
2004,959,481,0.5015641293013556,026,"Trim, Lace & Notions"
2005,1022,499,0.4882583170254403,026,"Trim, Lace & Notions"
2006,1114,555,0.4982046678635548,026,"Trim, Lace & Notions"
2007,1265,653,0.516205533596838,026,"Trim, Lace & Notions"
2008,1204,618,0.5132890365448505,026,"Trim, Lace & Notions"
2009,1112,534,0.4802158273381295,026,"Trim, Lace & Notions"
2010,1262,656,0.5198098256735341,026,"Trim, Lace & Notions"
2011,1392,704,0.5057471264367817,026,"Trim, Lace & Notions"
2012,1388,675,0.48631123919308356,026,"Trim, Lace & Notions"
2013,1471,780,0.53025152957172,026,"Trim, Lace & Notions"
2014,1462,780,0.533515731874145,026,"Trim, Lace & Notions"
2015,1915,1103,0.5759791122715404,026,"Trim, Lace & Notions"
2016,2416,1564,0.6473509933774835,026,"Trim, Lace & Notions"
2017,3693,2345,0.6349851069591118,026,"Trim, Lace & Notions"
2018,3039,1893,0.6229022704837117,026,"Trim, Lace & Notions"
2019,3983,2619,0.6575445643986945,026,"Trim, Lace & Notions"
2020,6211,4405,0.7092255675414587,026,"Trim, Lace & Notions"
2021,7473,5150,0.689147598019537,026,"Trim, Lace & Notions"
2022,5229,3442,0.6582520558424173,026,"Trim, Lace & Notions"
2023,5252,3387,0.6448971820258949,026,"Trim, Lace & Notions"
2024,6781,4088,0.6028609349653443,026,"Trim, Lace & Notions"
2025,5996,3332,0.5557038025350234,026,"Trim, Lace & Notions"
1985,397,188,0.473551637279597,027,Carpets & Wall Hangings
1986,313,118,0.3769968051118211,027,Carpets & Wall Hangings
1987,296,109,0.36824324324324326,027,Carpets & Wall Hangings
1988,317,126,0.39747634069400634,027,Carpets & Wall Hangings
1989,332,126,0.3795180722891566,027,Carpets & Wall Hangings
1990,502,224,0.44621513944223107,027,Carpets & Wall Hangings
1991,427,144,0.3372365339578454,027,Carpets & Wall Hangings
1992,471,165,0.3503184713375796,027,Carpets & Wall Hangings
1993,591,205,0.34686971235194586,027,Carpets & Wall Hangings
1994,506,184,0.36363636363636365,027,Carpets & Wall Hangings
1995,645,290,0.4496124031007752,027,Carpets & Wall Hangings
1996,554,221,0.3989169675090253,027,Carpets & Wall Hangings
1997,630,235,0.373015873015873,027,Carpets & Wall Hangings
1998,769,256,0.3328998699609883,027,Carpets & Wall Hangings
1999,865,302,0.3491329479768786,027,Carpets & Wall Hangings
2000,808,301,0.3725247524752475,027,Carpets & Wall Hangings
2001,732,231,0.3155737704918033,027,Carpets & Wall Hangings
2002,805,309,0.3838509316770186,027,Carpets & Wall Hangings
2003,841,292,0.34720570749108204,027,Carpets & Wall Hangings
2004,851,330,0.38777908343125733,027,Carpets & Wall Hangings
2005,920,377,0.4097826086956522,027,Carpets & Wall Hangings
2006,958,378,0.3945720250521921,027,Carpets & Wall Hangings
2007,1005,338,0.336318407960199,027,Carpets & Wall Hangings
2008,1054,358,0.3396584440227704,027,Carpets & Wall Hangings
2009,828,313,0.3780193236714976,027,Carpets & Wall Hangings
2010,870,310,0.3563218390804598,027,Carpets & Wall Hangings
2011,952,347,0.3644957983193277,027,Carpets & Wall Hangings
2012,900,323,0.35888888888888887,027,Carpets & Wall Hangings
2013,1047,379,0.36198662846227314,027,Carpets & Wall Hangings
2014,1002,327,0.3263473053892216,027,Carpets & Wall Hangings
2015,1235,508,0.41133603238866395,027,Carpets & Wall Hangings
2016,1455,565,0.38831615120274915,027,Carpets & Wall Hangings
2017,2087,919,0.4403449928126497,027,Carpets & Wall Hangings
2018,2130,948,0.4450704225352113,027,Carpets & Wall Hangings
2019,2503,1334,0.5329604474630444,027,Carpets & Wall Hangings
2020,3707,2048,0.552468303210143,027,Carpets & Wall Hangings
2021,4449,2426,0.5452910766464374,027,Carpets & Wall Hangings
2022,2972,1562,0.5255720053835801,027,Carpets & Wall Hangings
2023,3097,1753,0.5660316435259929,027,Carpets & Wall Hangings
2024,3428,1796,0.5239206534422404,027,Carpets & Wall Hangings
2025,2835,1406,0.49594356261022926,027,Carpets & Wall Hangings
1985,3601,1652,0.45876145515134686,028,"Toys, Games & Sporting Goods"
1986,3417,1561,0.4568334796605209,028,"Toys, Games & Sporting Goods"
1987,3702,1665,0.4497568881685575,028,"Toys, Games & Sporting Goods"
1988,3497,1648,0.4712610809265084,028,"Toys, Games & Sporting Goods"
1989,4377,1941,0.4434544208361892,028,"Toys, Games & Sporting Goods"
1990,6298,3319,0.5269926960939981,028,"Toys, Games & Sporting Goods"
1991,6185,2804,0.453354890864996,028,"Toys, Games & Sporting Goods"
1992,6911,2722,0.39386485313268704,028,"Toys, Games & Sporting Goods"
1993,8170,3293,0.40305997552019585,028,"Toys, Games & Sporting Goods"
1994,8728,3291,0.3770623281393217,028,"Toys, Games & Sporting Goods"
1995,9710,3792,0.3905252317198764,028,"Toys, Games & Sporting Goods"
1996,9886,3557,0.35980173983410885,028,"Toys, Games & Sporting Goods"
1997,9737,3663,0.37619389955838556,028,"Toys, Games & Sporting Goods"
1998,10011,3842,0.38377784437119167,028,"Toys, Games & Sporting Goods"
1999,11537,4649,0.40296437548756175,028,"Toys, Games & Sporting Goods"
2000,10919,4323,0.39591537686601336,028,"Toys, Games & Sporting Goods"
2001,11231,3535,0.31475380642863504,028,"Toys, Games & Sporting Goods"
2002,9771,3572,0.3655715893971958,028,"Toys, Games & Sporting Goods"
2003,10419,3850,0.36951722814089644,028,"Toys, Games & Sporting Goods"
2004,11648,4235,0.3635817307692308,028,"Toys, Games & Sporting Goods"
2005,11309,4365,0.38597577150941725,028,"Toys, Games & Sporting Goods"
2006,10541,4296,0.40755146570534106,028,"Toys, Games & Sporting Goods"
2007,11372,4687,0.41215265564544495,028,"Toys, Games & Sporting Goods"
2008,10456,4257,0.4071346595256312,028,"Toys, Games & Sporting Goods"
2009,9458,3888,0.4110805667160076,028,"Toys, Games & Sporting Goods"
2010,9941,4082,0.4106226737752741,028,"Toys, Games & Sporting Goods"
2011,10472,4248,0.40565317035905274,028,"Toys, Games & Sporting Goods"
2012,11671,4442,0.3806014908748179,028,"Toys, Games & Sporting Goods"
2013,11725,4408,0.3759488272921109,028,"Toys, Games & Sporting Goods"
2014,11968,4508,0.3766711229946524,028,"Toys, Games & Sporting Goods"
2015,13103,5670,0.4327253300770816,028,"Toys, Games & Sporting Goods"
2016,14669,6475,0.4414070488785875,028,"Toys, Games & Sporting Goods"
2017,18300,8739,0.4775409836065574,028,"Toys, Games & Sporting Goods"
2018,18395,9047,0.49181842892090244,028,"Toys, Games & Sporting Goods"
2019,20146,10243,0.5084383996823191,028,"Toys, Games & Sporting Goods"
2020,35431,21400,0.6039908554655528,028,"Toys, Games & Sporting Goods"
2021,36601,21986,0.6006939701101063,028,"Toys, Games & Sporting Goods"
2022,27293,15097,0.5531454951819148,028,"Toys, Games & Sporting Goods"
2023,28046,16178,0.5768380517720887,028,"Toys, Games & Sporting Goods"
2024,30875,17423,0.5643076923076923,028,"Toys, Games & Sporting Goods"
2025,30669,16846,0.5492842935863576,028,"Toys, Games & Sporting Goods"
1985,1992,934,0.46887550200803213,029,"Meat, Dairy & Prepared Foods"
1986,1677,758,0.45199761478831246,029,"Meat, Dairy & Prepared Foods"
1987,1902,860,0.45215562565720296,029,"Meat, Dairy & Prepared Foods"
1988,1869,794,0.42482611021936867,029,"Meat, Dairy & Prepared Foods"
1989,2307,981,0.42522756827048114,029,"Meat, Dairy & Prepared Foods"
1990,3031,1559,0.5143516991092049,029,"Meat, Dairy & Prepared Foods"
1991,2995,1261,0.42103505843071787,029,"Meat, Dairy & Prepared Foods"
1992,2871,1225,0.4266805990943922,029,"Meat, Dairy & Prepared Foods"
1993,3129,1287,0.411313518696069,029,"Meat, Dairy & Prepared Foods"
1994,3031,1195,0.39425932035631805,029,"Meat, Dairy & Prepared Foods"
1995,3416,1394,0.40807962529274006,029,"Meat, Dairy & Prepared Foods"
1996,3730,1533,0.41099195710455766,029,"Meat, Dairy & Prepared Foods"
1997,3796,1500,0.3951527924130664,029,"Meat, Dairy & Prepared Foods"
1998,3713,1524,0.41044977107460273,029,"Meat, Dairy & Prepared Foods"
1999,4436,1917,0.43214607754733997,029,"Meat, Dairy & Prepared Foods"
2000,4163,1798,0.4319000720634158,029,"Meat, Dairy & Prepared Foods"
2001,4094,1691,0.41304347826086957,029,"Meat, Dairy & Prepared Foods"
2002,4454,1782,0.40008980691513246,029,"Meat, Dairy & Prepared Foods"
2003,5158,2090,0.4051958123303606,029,"Meat, Dairy & Prepared Foods"
2004,5583,2336,0.4184130395844528,029,"Meat, Dairy & Prepared Foods"
2005,5446,2149,0.39460154241645246,029,"Meat, Dairy & Prepared Foods"
2006,5934,2339,0.3941691944725312,029,"Meat, Dairy & Prepared Foods"
2007,6225,2483,0.3988755020080321,029,"Meat, Dairy & Prepared Foods"
2008,5681,2234,0.3932406266502376,029,"Meat, Dairy & Prepared Foods"
2009,5542,2228,0.40202093107181525,029,"Meat, Dairy & Prepared Foods"
2010,5847,2490,0.4258594150846588,029,"Meat, Dairy & Prepared Foods"
2011,6331,2675,0.4225240878218291,029,"Meat, Dairy & Prepared Foods"
2012,6493,2737,0.42153087940859385,029,"Meat, Dairy & Prepared Foods"
2013,6947,2937,0.42277241974953217,029,"Meat, Dairy & Prepared Foods"
2014,7237,3028,0.41840541660909214,029,"Meat, Dairy & Prepared Foods"
2015,8018,3502,0.4367672736343228,029,"Meat, Dairy & Prepared Foods"
2016,8503,3611,0.4246736445960249,029,"Meat, Dairy & Prepared Foods"
2017,8943,3807,0.42569607514256963,029,"Meat, Dairy & Prepared Foods"
2018,9075,3880,0.4275482093663912,029,"Meat, Dairy & Prepared Foods"
2019,9644,4232,0.43882206553297387,029,"Meat, Dairy & Prepared Foods"
2020,9649,4342,0.44999481811586695,029,"Meat, Dairy & Prepared Foods"
2021,9568,4491,0.46937709030100333,029,"Meat, Dairy & Prepared Foods"
2022,7901,3484,0.4409568409062144,029,"Meat, Dairy & Prepared Foods"
2023,8063,3657,0.4535532680143867,029,"Meat, Dairy & Prepared Foods"
2024,8554,3860,0.4512508767827917,029,"Meat, Dairy & Prepared Foods"
2025,9225,4344,0.4708943089430894,029,"Meat, Dairy & Prepared Foods"
1985,2508,1168,0.46570972886762363,030,"Coffee, Tea, Bakery & Spices"
1986,2592,1135,0.4378858024691358,030,"Coffee, Tea, Bakery & Spices"
1987,2773,1164,0.41976199062387304,030,"Coffee, Tea, Bakery & Spices"
1988,2815,1165,0.413854351687389,030,"Coffee, Tea, Bakery & Spices"
1989,3423,1435,0.41922290388548056,030,"Coffee, Tea, Bakery & Spices"
1990,4733,2371,0.5009507711810691,030,"Coffee, Tea, Bakery & Spices"
1991,4290,1826,0.4256410256410256,030,"Coffee, Tea, Bakery & Spices"
1992,4667,1911,0.40947075208913647,030,"Coffee, Tea, Bakery & Spices"
1993,5497,2212,0.4024013098053484,030,"Coffee, Tea, Bakery & Spices"
1994,5667,2216,0.3910358214222693,030,"Coffee, Tea, Bakery & Spices"
1995,6139,2430,0.3958299397295977,030,"Coffee, Tea, Bakery & Spices"
1996,6222,2346,0.3770491803278688,030,"Coffee, Tea, Bakery & Spices"
1997,6425,2536,0.3947081712062257,030,"Coffee, Tea, Bakery & Spices"
1998,6501,2731,0.42008921704353175,030,"Coffee, Tea, Bakery & Spices"
1999,7011,2965,0.42290686064755384,030,"Coffee, Tea, Bakery & Spices"
2000,6805,2991,0.439529757531227,030,"Coffee, Tea, Bakery & Spices"
2001,6824,2683,0.39317116060961316,030,"Coffee, Tea, Bakery & Spices"
2002,7244,3055,0.4217283268912203,030,"Coffee, Tea, Bakery & Spices"
2003,7956,3339,0.41968325791855204,030,"Coffee, Tea, Bakery & Spices"
2004,8968,3875,0.4320918822479929,030,"Coffee, Tea, Bakery & Spices"
2005,9030,3855,0.4269102990033223,030,"Coffee, Tea, Bakery & Spices"
2006,9493,4145,0.4366375223849152,030,"Coffee, Tea, Bakery & Spices"
2007,9751,4331,0.44415957337708956,030,"Coffee, Tea, Bakery & Spices"
2008,9300,4092,0.44,030,"Coffee, Tea, Bakery & Spices"
2009,9210,4003,0.43463626492942453,030,"Coffee, Tea, Bakery & Spices"
2010,10108,4784,0.47328848436881676,030,"Coffee, Tea, Bakery & Spices"
2011,10797,5064,0.46901917199222004,030,"Coffee, Tea, Bakery & Spices"
2012,11066,5092,0.46014820169889753,030,"Coffee, Tea, Bakery & Spices"
2013,12334,5817,0.4716231555051078,030,"Coffee, Tea, Bakery & Spices"
2014,13006,6202,0.47685683530678147,030,"Coffee, Tea, Bakery & Spices"
2015,13267,6600,0.4974749378156328,030,"Coffee, Tea, Bakery & Spices"
2016,14045,6826,0.48600925596297617,030,"Coffee, Tea, Bakery & Spices"
2017,14852,7372,0.4963641260436305,030,"Coffee, Tea, Bakery & Spices"
2018,15854,7797,0.49180017661158065,030,"Coffee, Tea, Bakery & Spices"
2019,16519,8277,0.5010593861613899,030,"Coffee, Tea, Bakery & Spices"
2020,17608,9366,0.5319173103134939,030,"Coffee, Tea, Bakery & Spices"
2021,18110,9844,0.5435670900055218,030,"Coffee, Tea, Bakery & Spices"
2022,15498,8093,0.5221964124403149,030,"Coffee, Tea, Bakery & Spices"
2023,16502,8771,0.5315113319597624,030,"Coffee, Tea, Bakery & Spices"
2024,18236,9604,0.5266505812678219,030,"Coffee, Tea, Bakery & Spices"
2025,19048,10624,0.5577488450230995,030,"Coffee, Tea, Bakery & Spices"
1985,844,437,0.5177725118483413,031,Agriculture & Live Animals
1986,817,418,0.5116279069767442,031,Agriculture & Live Animals
1987,840,419,0.4988095238095238,031,Agriculture & Live Animals
1988,928,434,0.4676724137931034,031,Agriculture & Live Animals
1989,1095,528,0.4821917808219178,031,Agriculture & Live Animals
1990,1471,797,0.5418082936777702,031,Agriculture & Live Animals
1991,1464,738,0.5040983606557377,031,Agriculture & Live Animals
1992,1355,591,0.4361623616236162,031,Agriculture & Live Animals
1993,1633,704,0.43110838946723823,031,Agriculture & Live Animals
1994,1562,735,0.470550576184379,031,Agriculture & Live Animals
1995,1876,877,0.46748400852878463,031,Agriculture & Live Animals
1996,1813,825,0.4550468836183122,031,Agriculture & Live Animals
1997,1998,898,0.4494494494494494,031,Agriculture & Live Animals
1998,2013,897,0.4456035767511177,031,Agriculture & Live Animals
1999,2328,1169,0.502147766323024,031,Agriculture & Live Animals
2000,2350,1134,0.4825531914893617,031,Agriculture & Live Animals
2001,2130,969,0.45492957746478874,031,Agriculture & Live Animals
2002,2386,994,0.4165968147527242,031,Agriculture & Live Animals
2003,2518,1119,0.44440031771247024,031,Agriculture & Live Animals
2004,2740,1092,0.39854014598540144,031,Agriculture & Live Animals
2005,2797,1154,0.4125849124061495,031,Agriculture & Live Animals
2006,3090,1248,0.40388349514563104,031,Agriculture & Live Animals
2007,3081,1305,0.42356377799415773,031,Agriculture & Live Animals
2008,3024,1210,0.4001322751322751,031,Agriculture & Live Animals
2009,2822,1167,0.4135364989369242,031,Agriculture & Live Animals
2010,3153,1302,0.41294005708848713,031,Agriculture & Live Animals
2011,3266,1282,0.3925290875688916,031,Agriculture & Live Animals
2012,3112,1272,0.4087403598971722,031,Agriculture & Live Animals
2013,3493,1434,0.41053535642714,031,Agriculture & Live Animals
2014,3557,1427,0.40118077031206073,031,Agriculture & Live Animals
2015,3877,1615,0.41655919525406243,031,Agriculture & Live Animals
2016,4405,1850,0.4199772985244041,031,Agriculture & Live Animals
2017,4703,2116,0.44992557941739314,031,Agriculture & Live Animals
2018,5084,2287,0.4498426435877262,031,Agriculture & Live Animals
2019,5509,2516,0.4567072063895444,031,Agriculture & Live Animals
2020,5548,2559,0.46124729632299927,031,Agriculture & Live Animals
2021,5974,2889,0.48359558085035154,031,Agriculture & Live Animals
2022,4989,2290,0.45900982160753656,031,Agriculture & Live Animals
2023,4988,2357,0.4725340817963111,031,Agriculture & Live Animals
2024,5508,2653,0.4816630355846042,031,Agriculture & Live Animals
2025,5332,2597,0.48705926481620404,031,Agriculture & Live Animals
1985,830,428,0.5156626506024097,032,Beer & Soft Drinks
1986,742,320,0.431266846361186,032,Beer & Soft Drinks
1987,796,391,0.49120603015075376,032,Beer & Soft Drinks
1988,771,359,0.4656290531776913,032,Beer & Soft Drinks
1989,909,382,0.42024202420242024,032,Beer & Soft Drinks
1990,1342,751,0.559612518628912,032,Beer & Soft Drinks
1991,1454,655,0.4504814305364512,032,Beer & Soft Drinks
1992,1585,712,0.449211356466877,032,Beer & Soft Drinks
1993,2019,863,0.4274393263992075,032,Beer & Soft Drinks
1994,2286,931,0.40726159230096237,032,Beer & Soft Drinks
1995,2977,1250,0.41988579106483037,032,Beer & Soft Drinks
1996,2962,1255,0.4237002025658339,032,Beer & Soft Drinks
1997,2749,1094,0.3979628955983994,032,Beer & Soft Drinks
1998,2612,1047,0.40084226646248083,032,Beer & Soft Drinks
1999,2675,1078,0.4029906542056075,032,Beer & Soft Drinks
2000,2526,1075,0.4255740300870942,032,Beer & Soft Drinks
2001,2738,1050,0.38349159970781593,032,Beer & Soft Drinks
2002,2869,1173,0.4088532589752527,032,Beer & Soft Drinks
2003,3143,1269,0.4037543748011454,032,Beer & Soft Drinks
2004,3741,1595,0.4263565891472868,032,Beer & Soft Drinks
2005,4141,1634,0.39459067858005314,032,Beer & Soft Drinks
2006,4415,1743,0.39479048697621744,032,Beer & Soft Drinks
2007,5172,2178,0.4211136890951276,032,Beer & Soft Drinks
2008,5060,1897,0.374901185770751,032,Beer & Soft Drinks
2009,4468,1840,0.41181736794986573,032,Beer & Soft Drinks
2010,5019,2066,0.41163578402072126,032,Beer & Soft Drinks
2011,5581,2356,0.422146568715284,032,Beer & Soft Drinks
2012,6160,2684,0.4357142857142857,032,Beer & Soft Drinks
2013,7600,3219,0.42355263157894735,032,Beer & Soft Drinks
2014,8079,3363,0.4162643891570739,032,Beer & Soft Drinks
2015,9375,3875,0.41333333333333333,032,Beer & Soft Drinks
2016,9721,4003,0.4117889106059047,032,Beer & Soft Drinks
2017,9531,3989,0.41852901059699926,032,Beer & Soft Drinks
2018,9461,3778,0.39932353873797694,032,Beer & Soft Drinks
2019,9632,3916,0.4065614617940199,032,Beer & Soft Drinks
2020,8750,3578,0.40891428571428573,032,Beer & Soft Drinks
2021,8756,3736,0.42667884878940154,032,Beer & Soft Drinks
2022,7405,2997,0.40472653612424037,032,Beer & Soft Drinks
2023,7631,3226,0.4227493120167737,032,Beer & Soft Drinks
2024,8057,3379,0.4193868685614993,032,Beer & Soft Drinks
2025,8913,4048,0.45416806911253227,032,Beer & Soft Drinks
1985,905,501,0.5535911602209945,033,Wine & Spirits
1986,727,382,0.5254470426409904,033,Wine & Spirits
1987,743,337,0.4535666218034993,033,Wine & Spirits
1988,720,337,0.46805555555555556,033,Wine & Spirits
1989,760,382,0.5026315789473684,033,Wine & Spirits
1990,1000,547,0.547,033,Wine & Spirits
1991,851,390,0.4582843713278496,033,Wine & Spirits
1992,947,483,0.5100316789862724,033,Wine & Spirits
1993,1058,503,0.47542533081285443,033,Wine & Spirits
1994,1258,544,0.43243243243243246,033,Wine & Spirits
1995,1488,765,0.5141129032258065,033,Wine & Spirits
1996,1519,733,0.4825543120473996,033,Wine & Spirits
1997,1743,807,0.4629948364888124,033,Wine & Spirits
1998,1866,894,0.4790996784565916,033,Wine & Spirits
1999,2185,1144,0.5235697940503432,033,Wine & Spirits
2000,2262,1113,0.4920424403183024,033,Wine & Spirits
2001,2436,1230,0.5049261083743842,033,Wine & Spirits
2002,2905,1413,0.4864027538726334,033,Wine & Spirits
2003,3514,1755,0.49943084803642573,033,Wine & Spirits
2004,4451,2165,0.4864075488654235,033,Wine & Spirits
2005,4917,2375,0.4830181004677649,033,Wine & Spirits
2006,5425,2503,0.46138248847926266,033,Wine & Spirits
2007,6185,2862,0.46273241713823765,033,Wine & Spirits
2008,5909,2683,0.4540531392790658,033,Wine & Spirits
2009,5429,2416,0.4450174986185301,033,Wine & Spirits
2010,6146,2662,0.43312723722746505,033,Wine & Spirits
2011,7093,3045,0.42929648949668686,033,Wine & Spirits
2012,7779,3073,0.3950379226121609,033,Wine & Spirits
2013,8440,3539,0.4193127962085308,033,Wine & Spirits
2014,8771,3483,0.39710409303386157,033,Wine & Spirits
2015,8863,3643,0.41103463838429427,033,Wine & Spirits
2016,9570,3834,0.4006269592476489,033,Wine & Spirits
2017,9854,3931,0.39892429470265883,033,Wine & Spirits
2018,10496,4098,0.3904344512195122,033,Wine & Spirits
2019,10987,4281,0.38964230454173115,033,Wine & Spirits
2020,11136,4273,0.3837104885057471,033,Wine & Spirits
2021,12020,4843,0.4029118136439268,033,Wine & Spirits
2022,10209,3964,0.38828484670388874,033,Wine & Spirits
2023,9358,3667,0.3918572344518059,033,Wine & Spirits
2024,8899,3432,0.3856613102595797,033,Wine & Spirits
2025,7972,3240,0.4064224786753638,033,Wine & Spirits
1985,380,159,0.41842105263157897,034,Tobacco & Smokers' Articles
1986,294,103,0.35034013605442177,034,Tobacco & Smokers' Articles
1987,265,85,0.32075471698113206,034,Tobacco & Smokers' Articles
1988,327,83,0.25382262996941896,034,Tobacco & Smokers' Articles
1989,331,99,0.2990936555891239,034,Tobacco & Smokers' Articles
1990,414,161,0.3888888888888889,034,Tobacco & Smokers' Articles
1991,386,132,0.34196891191709844,034,Tobacco & Smokers' Articles
1992,485,145,0.29896907216494845,034,Tobacco & Smokers' Articles
1993,530,171,0.32264150943396225,034,Tobacco & Smokers' Articles
1994,449,171,0.38084632516703787,034,Tobacco & Smokers' Articles
1995,669,325,0.4857997010463378,034,Tobacco & Smokers' Articles
1996,990,516,0.5212121212121212,034,Tobacco & Smokers' Articles
1997,1419,809,0.5701198026779423,034,Tobacco & Smokers' Articles
1998,856,416,0.48598130841121495,034,Tobacco & Smokers' Articles
1999,736,324,0.44021739130434784,034,Tobacco & Smokers' Articles
2000,804,361,0.4490049751243781,034,Tobacco & Smokers' Articles
2001,824,342,0.41504854368932037,034,Tobacco & Smokers' Articles
2002,1123,448,0.39893143365983974,034,Tobacco & Smokers' Articles
2003,1074,475,0.44227188081936686,034,Tobacco & Smokers' Articles
2004,1009,454,0.4499504459861249,034,Tobacco & Smokers' Articles
2005,1122,434,0.3868092691622103,034,Tobacco & Smokers' Articles
2006,1124,431,0.3834519572953737,034,Tobacco & Smokers' Articles
2007,1274,432,0.3390894819466248,034,Tobacco & Smokers' Articles
2008,1392,438,0.3146551724137931,034,Tobacco & Smokers' Articles
2009,1358,475,0.34977908689248893,034,Tobacco & Smokers' Articles
2010,1381,553,0.4004344677769732,034,Tobacco & Smokers' Articles
2011,1758,707,0.4021615472127418,034,Tobacco & Smokers' Articles
2012,1883,817,0.43388210302708446,034,Tobacco & Smokers' Articles
2013,2854,1292,0.452697967764541,034,Tobacco & Smokers' Articles
2014,2982,1428,0.4788732394366197,034,Tobacco & Smokers' Articles
2015,3804,1861,0.4892218717139853,034,Tobacco & Smokers' Articles
2016,3174,1503,0.4735349716446125,034,Tobacco & Smokers' Articles
2017,3501,1541,0.4401599542987718,034,Tobacco & Smokers' Articles
2018,3799,1732,0.4559094498552251,034,Tobacco & Smokers' Articles
2019,4906,2561,0.522013860578883,034,Tobacco & Smokers' Articles
2020,4075,2126,0.5217177914110429,034,Tobacco & Smokers' Articles
2021,4841,2526,0.5217930179714935,034,Tobacco & Smokers' Articles
2022,4170,2058,0.4935251798561151,034,Tobacco & Smokers' Articles
2023,4630,2184,0.4717062634989201,034,Tobacco & Smokers' Articles
2024,3777,1594,0.42202806460153564,034,Tobacco & Smokers' Articles
2025,3383,1553,0.4590600059119125,034,Tobacco & Smokers' Articles
1985,2330,1575,0.6759656652360515,035,Advertising & Retail
1986,2467,1579,0.6400486420753952,035,Advertising & Retail
1987,2671,1676,0.6274803444402846,035,Advertising & Retail
1988,2802,1739,0.6206281227694503,035,Advertising & Retail
1989,3636,2337,0.6427392739273927,035,Advertising & Retail
1990,4494,3087,0.6869158878504673,035,Advertising & Retail
1991,4441,2885,0.649628462058095,035,Advertising & Retail
1992,4621,2773,0.6000865613503571,035,Advertising & Retail
1993,5676,3323,0.5854474982381959,035,Advertising & Retail
1994,6219,3652,0.5872326740633542,035,Advertising & Retail
1995,8085,4583,0.566852195423624,035,Advertising & Retail
1996,12897,7257,0.5626889974412654,035,Advertising & Retail
1997,17568,9504,0.5409836065573771,035,Advertising & Retail
1998,20036,11216,0.5597923737272908,035,Advertising & Retail
1999,37264,22020,0.5909188492915415,035,Advertising & Retail
2000,44695,26266,0.5876719991050453,035,Advertising & Retail
2001,24898,13326,0.5352237127480118,035,Advertising & Retail
2002,23937,13056,0.54543175836571,035,Advertising & Retail
2003,24903,13886,0.5576035015861542,035,Advertising & Retail
2004,28897,16266,0.5628958023324221,035,Advertising & Retail
2005,32135,18241,0.567636533374825,035,Advertising & Retail
2006,36290,20539,0.5659685863874345,035,Advertising & Retail
2007,42168,24022,0.5696736862075508,035,Advertising & Retail
2008,41054,23063,0.5617722998976957,035,Advertising & Retail
2009,37132,20962,0.56452655391576,035,Advertising & Retail
2010,39269,21607,0.550230461687336,035,Advertising & Retail
2011,44047,24481,0.5557926760051762,035,Advertising & Retail
2012,44206,24145,0.5461928245034611,035,Advertising & Retail
2013,44942,24472,0.5445240532241555,035,Advertising & Retail
2014,47688,26397,0.5535354806240563,035,Advertising & Retail
2015,51283,28872,0.5629935846186845,035,Advertising & Retail
2016,50596,28200,0.5573563127519962,035,Advertising & Retail
2017,54838,30436,0.5550165943323973,035,Advertising & Retail
2018,57079,31780,0.5567721929255943,035,Advertising & Retail
2019,59533,33086,0.5557589908118187,035,Advertising & Retail
2020,67073,39655,0.5912215049274671,035,Advertising & Retail
2021,74047,43295,0.5846962064634624,035,Advertising & Retail
2022,69503,38788,0.5580766297857647,035,Advertising & Retail
2023,66426,38324,0.5769427633757865,035,Advertising & Retail
2024,65744,38135,0.5800529325870042,035,Advertising & Retail
2025,69824,41673,0.5968291704857929,035,Advertising & Retail
1985,2398,1286,0.53628023352794,036,Insurance & Financial
1986,2386,1297,0.5435875943000839,036,Insurance & Financial
1987,2776,1465,0.5277377521613833,036,Insurance & Financial
1988,2714,1448,0.5335298452468681,036,Insurance & Financial
1989,3437,1709,0.49723596159441374,036,Insurance & Financial
1990,4045,2376,0.5873918417799753,036,Insurance & Financial
1991,3738,1989,0.5321027287319422,036,Insurance & Financial
1992,3814,1978,0.5186156266386995,036,Insurance & Financial
1993,5088,2473,0.4860455974842767,036,Insurance & Financial
1994,5704,2720,0.47685834502103785,036,Insurance & Financial
1995,6815,3211,0.47116654438738076,036,Insurance & Financial
1996,8408,3941,0.46872026641294007,036,Insurance & Financial
1997,9946,4652,0.46772571888196257,036,Insurance & Financial
1998,10693,5140,0.4806883007575049,036,Insurance & Financial
1999,17342,9046,0.521623803482874,036,Insurance & Financial
2000,20563,10689,0.519817147303409,036,Insurance & Financial
2001,13019,6114,0.46962132268223367,036,Insurance & Financial
2002,12146,5856,0.4821340358965915,036,Insurance & Financial
2003,12811,6290,0.4909843103582858,036,Insurance & Financial
2004,14300,7137,0.4990909090909091,036,Insurance & Financial
2005,16135,8114,0.5028819336845367,036,Insurance & Financial
2006,17566,8950,0.5095070021632699,036,Insurance & Financial
2007,19070,9686,0.5079181961195596,036,Insurance & Financial
2008,16710,8260,0.4943147815679234,036,Insurance & Financial
2009,14115,7032,0.49819341126461214,036,Insurance & Financial
2010,14535,7150,0.49191606467148263,036,Insurance & Financial
2011,15836,7726,0.4878757261934832,036,Insurance & Financial
2012,15639,7427,0.4749024873713153,036,Insurance & Financial
2013,16610,7991,0.4810957254665864,036,Insurance & Financial
2014,17486,8757,0.5008006405124099,036,Insurance & Financial
2015,19360,9893,0.5110020661157024,036,Insurance & Financial
2016,18716,9767,0.5218529600341953,036,Insurance & Financial
2017,21195,11180,0.5274828969096484,036,Insurance & Financial
2018,23240,12295,0.5290447504302926,036,Insurance & Financial
2019,22873,11871,0.5189961963887553,036,Insurance & Financial
2020,23573,12730,0.5400246044203114,036,Insurance & Financial
2021,26923,14602,0.5423615496044274,036,Insurance & Financial
2022,26039,13456,0.5167633165636161,036,Insurance & Financial
2023,22496,11724,0.5211593172119487,036,Insurance & Financial
2024,23399,12752,0.5449805547245609,036,Insurance & Financial
2025,25154,13939,0.5541464578198299,036,Insurance & Financial
1985,1376,910,0.6613372093023255,037,Construction & Repair
1986,1276,855,0.6700626959247649,037,Construction & Repair
1987,1432,925,0.645949720670391,037,Construction & Repair
1988,1666,1149,0.6896758703481393,037,Construction & Repair
1989,1875,1226,0.6538666666666667,037,Construction & Repair
1990,2104,1526,0.7252851711026616,037,Construction & Repair
1991,1878,1206,0.6421725239616614,037,Construction & Repair
1992,1769,1136,0.6421707179197287,037,Construction & Repair
1993,1961,1251,0.6379398266190719,037,Construction & Repair
1994,2202,1322,0.6003633060853769,037,Construction & Repair
1995,2708,1618,0.5974889217134417,037,Construction & Repair
1996,3435,2013,0.5860262008733624,037,Construction & Repair
1997,3631,2140,0.5893693197466263,037,Construction & Repair
1998,4155,2516,0.6055354993983153,037,Construction & Repair
1999,5220,3130,0.5996168582375478,037,Construction & Repair
2000,6320,3608,0.5708860759493671,037,Construction & Repair
2001,5016,2811,0.5604066985645934,037,Construction & Repair
2002,4588,2597,0.5660418482999128,037,Construction & Repair
2003,4805,2826,0.5881373569198751,037,Construction & Repair
2004,5564,3306,0.594176851186197,037,Construction & Repair
2005,6498,3838,0.5906432748538012,037,Construction & Repair
2006,7399,4493,0.6072442221921881,037,Construction & Repair
2007,8265,4889,0.5915305505142165,037,Construction & Repair
2008,8012,4735,0.5909885172241638,037,Construction & Repair
2009,6870,4056,0.5903930131004367,037,Construction & Repair
2010,6792,3930,0.5786219081272085,037,Construction & Repair
2011,7337,4201,0.5725773476897915,037,Construction & Repair
2012,7446,4160,0.558689229116304,037,Construction & Repair
2013,7422,4188,0.5642683912691997,037,Construction & Repair
2014,8056,4548,0.5645481628599801,037,Construction & Repair
2015,9098,5180,0.569355902396131,037,Construction & Repair
2016,9197,5271,0.5731216701098184,037,Construction & Repair
2017,10130,5882,0.5806515301085884,037,Construction & Repair
2018,10355,5950,0.5746016417189763,037,Construction & Repair
2019,10795,6372,0.5902732746641964,037,Construction & Repair
2020,12002,7163,0.596817197133811,037,Construction & Repair
2021,13004,7625,0.586358043678868,037,Construction & Repair
2022,13200,7595,0.5753787878787879,037,Construction & Repair
2023,13643,8074,0.591805321410247,037,Construction & Repair
2024,14971,9437,0.6303520138935275,037,Construction & Repair
2025,15208,9628,0.633087848500789,037,Construction & Repair
1985,1066,629,0.5900562851782364,038,Telecommunications
1986,796,424,0.5326633165829145,038,Telecommunications
1987,752,403,0.535904255319149,038,Telecommunications
1988,812,415,0.5110837438423645,038,Telecommunications
1989,1082,509,0.4704251386321627,038,Telecommunications
1990,1468,860,0.5858310626702997,038,Telecommunications
1991,1332,623,0.4677177177177177,038,Telecommunications
1992,1764,758,0.42970521541950113,038,Telecommunications
1993,2606,1083,0.4155794320798158,038,Telecommunications
1994,3277,1271,0.3878547451937748,038,Telecommunications
1995,4052,1712,0.42250740375123397,038,Telecommunications
1996,4671,1885,0.40355384286020124,038,Telecommunications
1997,4745,1971,0.4153846153846154,038,Telecommunications
1998,5151,2270,0.44069112793632303,038,Telecommunications
1999,10433,5229,0.5011981213457299,038,Telecommunications
2000,14509,7665,0.5282927837893722,038,Telecommunications
2001,6628,3117,0.4702776101388051,038,Telecommunications
2002,4740,2139,0.45126582278481014,038,Telecommunications
2003,4465,2014,0.451063829787234,038,Telecommunications
2004,5139,2444,0.4755789064020237,038,Telecommunications
2005,6310,2855,0.45245641838351824,038,Telecommunications
2006,7375,3366,0.45640677966101695,038,Telecommunications
2007,8033,3784,0.4710568903273995,038,Telecommunications
2008,6970,3268,0.46886657101865137,038,Telecommunications
2009,5935,2703,0.45543386689132265,038,Telecommunications
2010,6050,2694,0.4452892561983471,038,Telecommunications
2011,6911,3220,0.4659238894515989,038,Telecommunications
2012,6707,3133,0.46712390040256446,038,Telecommunications
2013,6585,3041,0.4618071374335611,038,Telecommunications
2014,6963,3408,0.48944420508401554,038,Telecommunications
2015,6963,3384,0.48599741490736753,038,Telecommunications
2016,6946,3432,0.4940973221998272,038,Telecommunications
2017,7398,3371,0.4556636928899703,038,Telecommunications
2018,7129,3273,0.45911067470893535,038,Telecommunications
2019,6987,3169,0.45355660512380136,038,Telecommunications
2020,7504,3661,0.4878731343283582,038,Telecommunications
2021,8565,4067,0.47483946293053125,038,Telecommunications
2022,7641,3502,0.4583169742180343,038,Telecommunications
2023,6526,2901,0.4445295740116457,038,Telecommunications
2024,6064,2848,0.46965699208443273,038,Telecommunications
2025,5997,2763,0.4607303651825913,038,Telecommunications
1985,1014,633,0.6242603550295858,039,Transport & Logistics
1986,914,576,0.6301969365426696,039,Transport & Logistics
1987,1026,637,0.6208576998050682,039,Transport & Logistics
1988,1037,615,0.5930568948891032,039,Transport & Logistics
1989,1176,684,0.5816326530612245,039,Transport & Logistics
1990,1493,959,0.6423308774279973,039,Transport & Logistics
1991,1338,825,0.6165919282511211,039,Transport & Logistics
1992,1367,811,0.5932699341623994,039,Transport & Logistics
1993,1612,938,0.5818858560794045,039,Transport & Logistics
1994,1734,976,0.5628604382929643,039,Transport & Logistics
1995,2149,1206,0.5611912517449976,039,Transport & Logistics
1996,2639,1441,0.5460401667298219,039,Transport & Logistics
1997,2878,1606,0.5580264072272412,039,Transport & Logistics
1998,3380,1735,0.5133136094674556,039,Transport & Logistics
1999,4656,2539,0.5453178694158075,039,Transport & Logistics
2000,5808,3156,0.5433884297520661,039,Transport & Logistics
2001,3835,1941,0.5061277705345502,039,Transport & Logistics
2002,3262,1636,0.5015328019619865,039,Transport & Logistics
2003,3015,1574,0.5220563847429519,039,Transport & Logistics
2004,3601,1864,0.5176339905581783,039,Transport & Logistics
2005,3910,2127,0.5439897698209719,039,Transport & Logistics
2006,4390,2416,0.5503416856492027,039,Transport & Logistics
2007,5494,2978,0.5420458682198762,039,Transport & Logistics
2008,5034,2651,0.5266189908621375,039,Transport & Logistics
2009,4354,2352,0.5401929260450161,039,Transport & Logistics
2010,4505,2383,0.5289678135405106,039,Transport & Logistics
2011,5015,2655,0.5294117647058824,039,Transport & Logistics
2012,4990,2569,0.5148296593186372,039,Transport & Logistics
2013,5191,2755,0.5307262569832403,039,Transport & Logistics
2014,5353,2933,0.5479170558565291,039,Transport & Logistics
2015,6114,3401,0.5562643114164213,039,Transport & Logistics
2016,6350,3512,0.5530708661417323,039,Transport & Logistics
2017,6788,3866,0.5695344725987036,039,Transport & Logistics
2018,7149,3871,0.541474332074416,039,Transport & Logistics
2019,7349,4186,0.5696013063001769,039,Transport & Logistics
2020,7337,4150,0.5656262777702058,039,Transport & Logistics
2021,8744,5003,0.5721637694419031,039,Transport & Logistics
2022,8421,4573,0.5430471440446503,039,Transport & Logistics
2023,7771,4388,0.5646634924720113,039,Transport & Logistics
2024,7614,4325,0.5680325715786708,039,Transport & Logistics
2025,7631,4553,0.5966452627440703,039,Transport & Logistics
1985,327,190,0.581039755351682,040,Materials Treatment
1986,236,161,0.6822033898305084,040,Materials Treatment
1987,282,167,0.5921985815602837,040,Materials Treatment
1988,278,180,0.6474820143884892,040,Materials Treatment
1989,404,240,0.594059405940594,040,Materials Treatment
1990,641,446,0.6957878315132605,040,Materials Treatment
1991,763,485,0.63564875491481,040,Materials Treatment
1992,811,509,0.6276202219482121,040,Materials Treatment
1993,910,527,0.5791208791208792,040,Materials Treatment
1994,960,572,0.5958333333333333,040,Materials Treatment
1995,1294,841,0.6499227202472952,040,Materials Treatment
1996,1632,951,0.5827205882352942,040,Materials Treatment
1997,1646,986,0.5990279465370595,040,Materials Treatment
1998,1985,1102,0.5551637279596977,040,Materials Treatment
1999,2477,1444,0.5829632620104965,040,Materials Treatment
2000,2793,1585,0.5674901539563194,040,Materials Treatment
2001,2424,1324,0.5462046204620462,040,Materials Treatment
2002,2639,1391,0.5270935960591133,040,Materials Treatment
2003,2582,1463,0.5666150271107668,040,Materials Treatment
2004,2730,1543,0.5652014652014652,040,Materials Treatment
2005,3309,1884,0.5693563009972802,040,Materials Treatment
2006,3893,2269,0.582840996660673,040,Materials Treatment
2007,4807,2804,0.5833159975036405,040,Materials Treatment
2008,4805,2852,0.5935483870967742,040,Materials Treatment
2009,3914,2246,0.5738375063873276,040,Materials Treatment
2010,3874,2091,0.5397521941146102,040,Materials Treatment
2011,4165,2215,0.531812725090036,040,Materials Treatment
2012,4229,2221,0.5251832584535351,040,Materials Treatment
2013,4156,2209,0.5315206929740135,040,Materials Treatment
2014,4388,2373,0.5407930720145853,040,Materials Treatment
2015,4774,2514,0.5266024298282362,040,Materials Treatment
2016,5084,2642,0.519669551534225,040,Materials Treatment
2017,5283,2891,0.54722695438198,040,Materials Treatment
2018,5899,3152,0.5343278521783353,040,Materials Treatment
2019,6270,3590,0.5725677830940988,040,Materials Treatment
2020,6877,4026,0.5854296931801658,040,Materials Treatment
2021,7711,4286,0.5558293347166385,040,Materials Treatment
2022,7231,3905,0.540035956299267,040,Materials Treatment
2023,7168,3788,0.5284598214285714,040,Materials Treatment
2024,7485,4178,0.5581830327321309,040,Materials Treatment
2025,7052,4035,0.5721781055019852,040,Materials Treatment
1985,2600,1778,0.6838461538461539,041,Education & Entertainment
1986,2653,1783,0.6720693554466641,041,Education & Entertainment
1987,2906,1925,0.6624225739848589,041,Education & Entertainment
1988,3229,2094,0.6484979869928771,041,Education & Entertainment
1989,4270,2662,0.6234192037470726,041,Education & Entertainment
1990,6029,4271,0.7084093547852048,041,Education & Entertainment
1991,6400,4221,0.65953125,041,Education & Entertainment
1992,6537,4045,0.6187853755545357,041,Education & Entertainment
1993,8112,4951,0.6103303747534516,041,Education & Entertainment
1994,9545,5692,0.5963331587218439,041,Education & Entertainment
1995,11144,6375,0.572056712132089,041,Education & Entertainment
1996,13611,7458,0.5479391668503416,041,Education & Entertainment
1997,14922,8358,0.5601125854443104,041,Education & Entertainment
1998,16210,9282,0.5726095003084516,041,Education & Entertainment
1999,24121,14042,0.582148335475312,041,Education & Entertainment
2000,27080,15860,0.585672082717873,041,Education & Entertainment
2001,20428,11457,0.5608478558840807,041,Education & Entertainment
2002,21268,12205,0.5738668422042505,041,Education & Entertainment
2003,22623,12893,0.5699067320868143,041,Education & Entertainment
2004,26120,14707,0.5630551301684533,041,Education & Entertainment
2005,29418,16369,0.5564280372561017,041,Education & Entertainment
2006,33314,18409,0.552590502491445,041,Education & Entertainment
2007,37291,20893,0.5602692338633987,041,Education & Entertainment
2008,35563,19612,0.5514720355425583,041,Education & Entertainment
2009,32355,18377,0.5679802194405811,041,Education & Entertainment
2010,34296,19078,0.5562747842313972,041,Education & Entertainment
2011,38286,21258,0.5552421250587682,041,Education & Entertainment
2012,39851,22039,0.5530350555820431,041,Education & Entertainment
2013,40911,22507,0.5501454376573538,041,Education & Entertainment
2014,43137,23644,0.5481141479472379,041,Education & Entertainment
2015,47705,26844,0.5627083114977466,041,Education & Entertainment
2016,49101,28105,0.5723916009857233,041,Education & Entertainment
2017,53024,30332,0.5720428485214243,041,Education & Entertainment
2018,56554,32322,0.5715245605969516,041,Education & Entertainment
2019,59679,33992,0.5695805894870892,041,Education & Entertainment
2020,68912,42146,0.6115915950777804,041,Education & Entertainment
2021,72307,42930,0.5937184504958026,041,Education & Entertainment
2022,69094,38504,0.5572698063507685,041,Education & Entertainment
2023,65080,37072,0.5696373693915181,041,Education & Entertainment
2024,65385,37566,0.5745354439091535,041,Education & Entertainment
2025,77180,48025,0.6222466960352423,041,Education & Entertainment
1985,6548,4420,0.6750152718387293,042,Scientific & Tech Services
1986,6695,4455,0.6654219566840927,042,Scientific & Tech Services
1987,7278,4744,0.6518274251167904,042,Scientific & Tech Services
1988,7634,4818,0.6311239193083573,042,Scientific & Tech Services
1989,9157,5812,0.6347056896363438,042,Scientific & Tech Services
1990,11791,8281,0.7023153252480706,042,Scientific & Tech Services
1991,11585,7447,0.642813983599482,042,Scientific & Tech Services
1992,11850,7217,0.6090295358649789,042,Scientific & Tech Services
1993,14171,8541,0.6027097593677229,042,Scientific & Tech Services
1994,16181,9450,0.5840182930597615,042,Scientific & Tech Services
1995,20667,11889,0.5752649150820148,042,Scientific & Tech Services
1996,25181,13949,0.5539494062983996,042,Scientific & Tech Services
1997,23837,13466,0.5649200822251123,042,Scientific & Tech Services
1998,26134,15088,0.5773322109129869,042,Scientific & Tech Services
1999,43569,26536,0.6090568982533453,042,Scientific & Tech Services
2000,57014,34074,0.5976426842529905,042,Scientific & Tech Services
2001,32660,18249,0.5587568891610533,042,Scientific & Tech Services
2002,15835,9088,0.5739185348910641,042,Scientific & Tech Services
2003,13359,7395,0.5535593981585448,042,Scientific & Tech Services
2004,14513,8054,0.5549507338248467,042,Scientific & Tech Services
2005,15696,8498,0.5414118246687054,042,Scientific & Tech Services
2006,17686,9740,0.5507180820988352,042,Scientific & Tech Services
2007,20051,10763,0.5367812079198045,042,Scientific & Tech Services
2008,20619,10979,0.5324700518938843,042,Scientific & Tech Services
2009,18898,10078,0.5332839453910466,042,Scientific & Tech Services
2010,20817,10710,0.514483354950281,042,Scientific & Tech Services
2011,24028,12478,0.5193108040619278,042,Scientific & Tech Services
2012,26214,13390,0.5107957579919127,042,Scientific & Tech Services
2013,26865,13601,0.5062721012469756,042,Scientific & Tech Services
2014,29393,14939,0.5082502636682203,042,Scientific & Tech Services
2015,32187,16630,0.5166682200888557,042,Scientific & Tech Services
2016,33394,17100,0.5120680361741631,042,Scientific & Tech Services
2017,36450,18568,0.5094101508916323,042,Scientific & Tech Services
2018,39224,19976,0.5092800326330817,042,Scientific & Tech Services
2019,40780,20163,0.4944335458558117,042,Scientific & Tech Services
2020,45370,22912,0.505003306149438,042,Scientific & Tech Services
2021,51496,25951,0.5039420537517477,042,Scientific & Tech Services
2022,51073,24942,0.48835979871948,042,Scientific & Tech Services
2023,47140,23374,0.4958421722528638,042,Scientific & Tech Services
2024,48552,24869,0.512213709013017,042,Scientific & Tech Services
2025,58895,32107,0.545156634688853,042,Scientific & Tech Services
1985,106,52,0.49056603773584906,043,Restaurants & Hotels
1986,20,15,0.75,043,Restaurants & Hotels
1987,6,4,0.6666666666666666,043,Restaurants & Hotels
1988,13,9,0.6923076923076923,043,Restaurants & Hotels
1989,10,4,0.4,043,Restaurants & Hotels
1990,8,4,0.5,043,Restaurants & Hotels
1991,13,9,0.6923076923076923,043,Restaurants & Hotels
1992,43,31,0.7209302325581395,043,Restaurants & Hotels
1993,39,27,0.6923076923076923,043,Restaurants & Hotels
1994,25,23,0.92,043,Restaurants & Hotels
1995,121,104,0.859504132231405,043,Restaurants & Hotels
1996,82,64,0.7804878048780488,043,Restaurants & Hotels
1997,80,69,0.8625,043,Restaurants & Hotels
1998,42,20,0.47619047619047616,043,Restaurants & Hotels
1999,63,43,0.6825396825396826,043,Restaurants & Hotels
2000,143,73,0.5104895104895105,043,Restaurants & Hotels
2001,428,257,0.6004672897196262,043,Restaurants & Hotels
2002,4788,2803,0.585421888053467,043,Restaurants & Hotels
2003,5324,3142,0.5901577761081893,043,Restaurants & Hotels
2004,6466,3880,0.6000618620476338,043,Restaurants & Hotels
2005,7219,4300,0.5956503670868541,043,Restaurants & Hotels
2006,8143,4857,0.5964632199435098,043,Restaurants & Hotels
2007,9156,5315,0.5804936653560506,043,Restaurants & Hotels
2008,8327,4791,0.5753572715263601,043,Restaurants & Hotels
2009,7225,4236,0.5862975778546713,043,Restaurants & Hotels
2010,8274,4864,0.5878656030940295,043,Restaurants & Hotels
2011,9555,5639,0.5901622187336473,043,Restaurants & Hotels
2012,9864,5839,0.5919505271695052,043,Restaurants & Hotels
2013,10757,6358,0.5910569861485544,043,Restaurants & Hotels
2014,11878,7018,0.5908402087893585,043,Restaurants & Hotels
2015,13425,8083,0.6020856610800744,043,Restaurants & Hotels
2016,14355,8509,0.5927551375827238,043,Restaurants & Hotels
2017,15178,9047,0.59606008696798,043,Restaurants & Hotels
2018,15704,9288,0.5914416709118696,043,Restaurants & Hotels
2019,16219,9536,0.5879524015044084,043,Restaurants & Hotels
2020,14250,8585,0.6024561403508772,043,Restaurants & Hotels
2021,17055,10303,0.6041043682204632,043,Restaurants & Hotels
2022,16283,9443,0.5799299883313885,043,Restaurants & Hotels
2023,16334,9323,0.570772621525652,043,Restaurants & Hotels
2024,15914,9352,0.587658665326128,043,Restaurants & Hotels
2025,16869,10198,0.6045408737921631,043,Restaurants & Hotels
1985,102,52,0.5098039215686274,044,Medical & Personal Care
1986,17,14,0.8235294117647058,044,Medical & Personal Care
1987,3,3,1.0,044,Medical & Personal Care
1988,9,9,1.0,044,Medical & Personal Care
1989,4,1,0.25,044,Medical & Personal Care
1990,6,3,0.5,044,Medical & Personal Care
1991,7,6,0.8571428571428571,044,Medical & Personal Care
1992,40,29,0.725,044,Medical & Personal Care
1993,33,27,0.8181818181818182,044,Medical & Personal Care
1994,26,23,0.8846153846153846,044,Medical & Personal Care
1995,102,100,0.9803921568627451,044,Medical & Personal Care
1996,65,61,0.9384615384615385,044,Medical & Personal Care
1997,70,66,0.9428571428571428,044,Medical & Personal Care
1998,25,16,0.64,044,Medical & Personal Care
1999,69,51,0.7391304347826086,044,Medical & Personal Care
2000,97,49,0.5051546391752577,044,Medical & Personal Care
2001,369,217,0.5880758807588076,044,Medical & Personal Care
2002,4668,2617,0.5606255355612683,044,Medical & Personal Care
2003,5086,2903,0.5707825403067244,044,Medical & Personal Care
2004,5956,3378,0.5671591672263264,044,Medical & Personal Care
2005,6749,3852,0.570751222403319,044,Medical & Personal Care
2006,7860,4369,0.555852417302799,044,Medical & Personal Care
2007,9077,5129,0.5650545334361573,044,Medical & Personal Care
2008,9016,5084,0.5638864241348713,044,Medical & Personal Care
2009,8643,4783,0.553395811639477,044,Medical & Personal Care
2010,8921,4961,0.5561035758323057,044,Medical & Personal Care
2011,9901,5530,0.5585294414705585,044,Medical & Personal Care
2012,10593,5671,0.5353535353535354,044,Medical & Personal Care
2013,11061,6222,0.5625169514510442,044,Medical & Personal Care
2014,11545,6443,0.5580770896491988,044,Medical & Personal Care
2015,13229,7610,0.5752513417491874,044,Medical & Personal Care
2016,14100,7979,0.5658865248226951,044,Medical & Personal Care
2017,15288,8896,0.5818942961800104,044,Medical & Personal Care
2018,16668,9727,0.5835733141348692,044,Medical & Personal Care
2019,17906,10555,0.5894672176923936,044,Medical & Personal Care
2020,19811,12074,0.6094593912472869,044,Medical & Personal Care
2021,20901,12732,0.6091574565810248,044,Medical & Personal Care
2022,19620,11454,0.5837920489296636,044,Medical & Personal Care
2023,18261,10949,0.5995838124965774,044,Medical & Personal Care
2024,18621,11449,0.6148434563127652,044,Medical & Personal Care
2025,20891,13344,0.6387439567277775,044,Medical & Personal Care
1985,100,50,0.5,045,Legal & Personal Services
1986,17,14,0.8235294117647058,045,Legal & Personal Services
1987,3,3,1.0,045,Legal & Personal Services
1988,8,8,1.0,045,Legal & Personal Services
1989,4,1,0.25,045,Legal & Personal Services
1990,7,4,0.5714285714285714,045,Legal & Personal Services
1991,7,6,0.8571428571428571,045,Legal & Personal Services
1992,38,30,0.7894736842105263,045,Legal & Personal Services
1993,30,24,0.8,045,Legal & Personal Services
1994,22,21,0.9545454545454546,045,Legal & Personal Services
1995,100,99,0.99,045,Legal & Personal Services
1996,60,59,0.9833333333333333,045,Legal & Personal Services
1997,64,61,0.953125,045,Legal & Personal Services
1998,20,15,0.75,045,Legal & Personal Services
1999,52,33,0.6346153846153846,045,Legal & Personal Services
2000,71,38,0.5352112676056338,045,Legal & Personal Services
2001,173,121,0.6994219653179191,045,Legal & Personal Services
2002,1743,1084,0.6219162363740677,045,Legal & Personal Services
2003,2234,1394,0.6239928379588182,045,Legal & Personal Services
2004,2553,1569,0.6145710928319624,045,Legal & Personal Services
2005,2962,1851,0.62491559756921,045,Legal & Personal Services
2006,4063,2419,0.5953728771843465,045,Legal & Personal Services
2007,6859,4198,0.6120425718034699,045,Legal & Personal Services
2008,7037,4333,0.615745346028137,045,Legal & Personal Services
2009,6777,4176,0.6162018592297477,045,Legal & Personal Services
2010,7037,4155,0.5904504760551371,045,Legal & Personal Services
2011,8856,5289,0.5972222222222222,045,Legal & Personal Services
2012,8472,5045,0.595491029272899,045,Legal & Personal Services
2013,8191,4913,0.5998046636552313,045,Legal & Personal Services
2014,8918,5300,0.5943036555281453,045,Legal & Personal Services
2015,9720,5847,0.6015432098765432,045,Legal & Personal Services
2016,9327,5630,0.6036238876380401,045,Legal & Personal Services
2017,9917,6081,0.613189472622769,045,Legal & Personal Services
2018,9931,6064,0.610613231295942,045,Legal & Personal Services
2019,10669,6501,0.6093354578685912,045,Legal & Personal Services
2020,12350,7716,0.6247773279352227,045,Legal & Personal Services
2021,12826,7892,0.6153126461874318,045,Legal & Personal Services
2022,11913,7089,0.5950642155628305,045,Legal & Personal Services
2023,11289,6853,0.6070511117016565,045,Legal & Personal Services
2024,11598,7070,0.609587859975858,045,Legal & Personal Services
2025,12826,8098,0.6313737720255731,045,Legal & Personal Services
