cls,class_name,year,n_total,n_debuts,debut_share,single_share,midtier_share,heavy_share,top10_share
001,Chemicals & Industrial,1985,1716,603,0.3513986013986014,0.527972027972028,0.40501165501165504,0.06701631701631702,0.08682983682983683
001,Chemicals & Industrial,1986,1739,597,0.3433007475560667,0.5451408855664175,0.4479585968947671,0.006900517538815411,0.048303622771707876
001,Chemicals & Industrial,1987,1795,612,0.34094707520891365,0.547075208913649,0.42729805013927574,0.02562674094707521,0.0584958217270195
001,Chemicals & Industrial,1988,1947,656,0.33692860811504877,0.5351823317925013,0.421160760143811,0.04365690806368772,0.05752439650744735
001,Chemicals & Industrial,1989,2279,754,0.330846862659061,0.49319877139096097,0.4716981132075472,0.035103115401491886,0.04695041684949539
001,Chemicals & Industrial,1990,2855,1305,0.45709281961471104,0.5320490367775832,0.42942206654991244,0.03852889667250438,0.04483362521891419
001,Chemicals & Industrial,1991,2653,1083,0.4082171127026008,0.5118733509234829,0.45910290237467016,0.029023746701846966,0.042593290614398795
001,Chemicals & Industrial,1992,2554,960,0.37588097102584184,0.5031323414252153,0.4577133907595928,0.03915426781519186,0.04620203602192639
001,Chemicals & Industrial,1993,2785,1020,0.36624775583482944,0.496229802513465,0.4660682226211849,0.03770197486535009,0.04416517055655296
001,Chemicals & Industrial,1994,2752,997,0.36228197674418605,0.5159883720930233,0.4476744186046512,0.036337209302325583,0.04941860465116279
001,Chemicals & Industrial,1995,3094,1187,0.3836457659987072,0.48383968972204267,0.4447317388493859,0.07142857142857142,0.06819650937297995
001,Chemicals & Industrial,1996,2982,1086,0.3641851106639839,0.5103957075788061,0.44198524480214624,0.047619047619047616,0.04426559356136821
001,Chemicals & Industrial,1997,3431,1247,0.36345088895365785,0.4814922763042845,0.4689594870300204,0.04954823666569513,0.040804430195278345
001,Chemicals & Industrial,1998,3713,1367,0.3681659035820092,0.4882844061405871,0.45812011850255857,0.05359547535685429,0.04497710746027471
001,Chemicals & Industrial,1999,3972,1528,0.38469284994964753,0.5,0.4516616314199396,0.04833836858006042,0.0433031218529708
001,Chemicals & Industrial,2000,4032,1566,0.38839285714285715,0.48561507936507936,0.43253968253968256,0.0818452380952381,0.0496031746031746
001,Chemicals & Industrial,2001,4115,1474,0.35820170109356014,0.4454434993924666,0.4850546780072904,0.06950182260024301,0.04592952612393682
001,Chemicals & Industrial,2002,3855,1333,0.3457846952010376,0.482230869001297,0.4749675745784695,0.042801556420233464,0.0324254215304799
001,Chemicals & Industrial,2003,3934,1378,0.35027961362480936,0.4811896288764616,0.4750889679715303,0.043721403152008134,0.03609557702084393
001,Chemicals & Industrial,2004,4196,1468,0.34985700667302194,0.47068636796949476,0.44494756911344135,0.08436606291706387,0.05004766444232602
001,Chemicals & Industrial,2005,4263,1579,0.3703964344358433,0.4768942059582454,0.44170771756978655,0.0813980764719681,0.0422237860661506
001,Chemicals & Industrial,2006,4502,1627,0.3613949355841848,0.4473567303420702,0.488005330964016,0.06463793869391382,0.03553976010661928
001,Chemicals & Industrial,2007,4810,1764,0.36673596673596676,0.44095634095634095,0.49875259875259875,0.060291060291060294,0.035343035343035345
001,Chemicals & Industrial,2008,4947,1673,0.3381847584394583,0.43925611481706084,0.4574489589650293,0.10329492621790984,0.05558924600768142
001,Chemicals & Industrial,2009,4412,1564,0.35448776065276516,0.4696282864913871,0.46668177697189483,0.06368993653671805,0.03921124206708976
001,Chemicals & Industrial,2010,4821,1733,0.35946898983613357,0.45924082140634725,0.47624974071769344,0.06450943787595935,0.04812279610039411
001,Chemicals & Industrial,2011,5120,1826,0.356640625,0.4392578125,0.478125,0.0826171875,0.03828125
001,Chemicals & Industrial,2012,5170,1842,0.3562862669245648,0.4518375241779497,0.47330754352030946,0.07485493230174081,0.03694390715667312
001,Chemicals & Industrial,2013,5177,1810,0.34962333397720685,0.4548966582963106,0.4923700985126521,0.05273324319103728,0.03418968514583736
001,Chemicals & Industrial,2014,5778,2061,0.35669781931464173,0.4435790931118034,0.4667705088265836,0.08965039806161301,0.03686396677050883
001,Chemicals & Industrial,2015,5798,2068,0.35667471541911006,0.43308037254225595,0.47895826146947224,0.08796136598827181,0.03656433252845809
001,Chemicals & Industrial,2016,5726,2036,0.3555710792874607,0.4290953545232274,0.4659448131330772,0.10495983234369542,0.03929444638491093
001,Chemicals & Industrial,2017,6280,2183,0.3476114649681529,0.41656050955414015,0.47770700636942676,0.10573248407643313,0.03773885350318471
001,Chemicals & Industrial,2018,6018,2074,0.3446327683615819,0.43187105350614824,0.4780658025922233,0.09006314390162845,0.03788634097706879
001,Chemicals & Industrial,2019,6967,2538,0.3642887900100474,0.3960097602985503,0.47653222333859624,0.12745801636285345,0.06602554901679346
001,Chemicals & Industrial,2020,7276,2516,0.34579439252336447,0.4081913139087411,0.48501924134139635,0.10678944474986256,0.035733919736118745
001,Chemicals & Industrial,2021,7455,2661,0.35694164989939636,0.40697518443997316,0.4936284372904091,0.09939637826961771,0.03916834339369551
001,Chemicals & Industrial,2022,6838,2409,0.35229599298040365,0.4107926294238081,0.5155016086575022,0.07370576191868967,0.034220532319391636
001,Chemicals & Industrial,2023,6649,2325,0.3496766431042262,0.44141976237028124,0.48819371334035194,0.07038652428936683,0.03459166791998797
001,Chemicals & Industrial,2024,6809,2493,0.36613305918637096,0.44397121456895283,0.48670876780731387,0.0693200176237333,0.027610515494198854
001,Chemicals & Industrial,2025,6834,2416,0.35352648522095403,0.44776119402985076,0.4820017559262511,0.07023705004389816,0.03424056189640035
002,Paints & Coatings,1985,546,227,0.4157509157509158,0.47802197802197804,0.34615384615384615,0.17582417582417584,0.24358974358974358
002,Paints & Coatings,1986,456,176,0.38596491228070173,0.5679824561403509,0.43201754385964913,0.0,0.1206140350877193
002,Paints & Coatings,1987,440,171,0.3886363636363636,0.5636363636363636,0.43636363636363634,0.0,0.1340909090909091
002,Paints & Coatings,1988,475,154,0.32421052631578945,0.5810526315789474,0.3957894736842105,0.023157894736842106,0.12210526315789473
002,Paints & Coatings,1989,611,182,0.2978723404255319,0.5662847790507365,0.37152209492635024,0.062193126022913256,0.14893617021276595
002,Paints & Coatings,1990,760,311,0.40921052631578947,0.5460526315789473,0.36973684210526314,0.08421052631578947,0.13289473684210526
002,Paints & Coatings,1991,719,257,0.3574408901251738,0.5118219749652295,0.3741307371349096,0.11404728789986092,0.15577190542420027
002,Paints & Coatings,1992,774,297,0.38372093023255816,0.5129198966408268,0.4392764857881137,0.04780361757105943,0.1111111111111111
002,Paints & Coatings,1993,876,314,0.3584474885844749,0.4977168949771689,0.4041095890410959,0.09817351598173515,0.12899543378995434
002,Paints & Coatings,1994,785,270,0.34394904458598724,0.513375796178344,0.40764331210191085,0.07898089171974522,0.1337579617834395
002,Paints & Coatings,1995,1032,391,0.37887596899224807,0.45155038759689925,0.37887596899224807,0.1695736434108527,0.19186046511627908
002,Paints & Coatings,1996,919,353,0.38411316648531013,0.5114254624591947,0.4091403699673558,0.0794341675734494,0.12731229597388466
002,Paints & Coatings,1997,953,353,0.3704092339979014,0.5120671563483735,0.40293809024134314,0.08499475341028331,0.10912906610703044
002,Paints & Coatings,1998,1098,395,0.35974499089253187,0.5154826958105647,0.3843351548269581,0.10018214936247723,0.1284153005464481
002,Paints & Coatings,1999,1206,471,0.39054726368159204,0.49834162520729686,0.42786069651741293,0.07379767827529021,0.1044776119402985
002,Paints & Coatings,2000,1227,468,0.38141809290953543,0.4979625101874491,0.4180929095354523,0.08394458027709861,0.10268948655256724
002,Paints & Coatings,2001,1108,386,0.3483754512635379,0.5451263537906137,0.38086642599277976,0.0740072202166065,0.10740072202166065
002,Paints & Coatings,2002,1129,399,0.3534100974313552,0.5013286093888397,0.4295837023914969,0.06908768821966342,0.1054030115146147
002,Paints & Coatings,2003,1301,501,0.3850883935434281,0.5134511913912375,0.41199077632590314,0.07455803228285934,0.09454265949269793
002,Paints & Coatings,2004,1400,458,0.3271428571428571,0.46285714285714286,0.3628571428571429,0.1742857142857143,0.12785714285714286
002,Paints & Coatings,2005,1441,518,0.35947258848022207,0.4732824427480916,0.4580152671755725,0.06870229007633588,0.0936849410131853
002,Paints & Coatings,2006,1353,525,0.38802660753880264,0.4878048780487805,0.45602365114560234,0.05617147080561715,0.07834441980783444
002,Paints & Coatings,2007,1451,555,0.3824948311509304,0.4583046175051689,0.47829083390764987,0.06340454858718125,0.08821502412129566
002,Paints & Coatings,2008,1469,504,0.3430905377808033,0.504424778761062,0.4091218515997277,0.08645336963921035,0.10415248468345814
002,Paints & Coatings,2009,1220,434,0.3557377049180328,0.4901639344262295,0.419672131147541,0.09016393442622951,0.10491803278688525
002,Paints & Coatings,2010,1316,509,0.38677811550151975,0.48632218844984804,0.4065349544072948,0.10714285714285714,0.12082066869300911
002,Paints & Coatings,2011,1467,550,0.37491479209270623,0.47375596455351054,0.4239945466939332,0.10224948875255624,0.10224948875255624
002,Paints & Coatings,2012,1308,467,0.3570336391437309,0.52217125382263,0.39602446483180426,0.08180428134556575,0.09480122324159021
002,Paints & Coatings,2013,1346,463,0.3439821693907875,0.48439821693907875,0.4635958395245171,0.05200594353640416,0.08172362555720654
002,Paints & Coatings,2014,1595,546,0.34231974921630093,0.4833855799373041,0.38808777429467084,0.12852664576802508,0.12852664576802508
002,Paints & Coatings,2015,1590,625,0.39308176100628933,0.48553459119496856,0.4257861635220126,0.08867924528301886,0.10566037735849057
002,Paints & Coatings,2016,1623,682,0.42020948860135554,0.5003080714725816,0.41158348736906963,0.08810844115834873,0.10412815773259396
002,Paints & Coatings,2017,1746,749,0.4289805269186712,0.5034364261168385,0.3928980526918671,0.1036655211912944,0.10882016036655212
002,Paints & Coatings,2018,1668,702,0.420863309352518,0.5287769784172662,0.38369304556354916,0.08752997601918465,0.10311750599520383
002,Paints & Coatings,2019,2072,1040,0.5019305019305019,0.4826254826254826,0.36341698841698844,0.15395752895752896,0.16264478764478765
002,Paints & Coatings,2020,2190,958,0.4374429223744292,0.5077625570776255,0.3949771689497717,0.09726027397260274,0.09726027397260274
002,Paints & Coatings,2021,2158,1042,0.48285449490268767,0.540778498609824,0.33642261353104724,0.12279888785912882,0.12279888785912882
002,Paints & Coatings,2022,1743,810,0.46471600688468157,0.5496270797475616,0.3602983362019507,0.09007458405048767,0.09523809523809523
002,Paints & Coatings,2023,1888,856,0.4533898305084746,0.6133474576271186,0.3003177966101695,0.08633474576271187,0.0948093220338983
002,Paints & Coatings,2024,2004,934,0.4660678642714571,0.5983033932135728,0.3522954091816367,0.04940119760479042,0.06187624750499002
002,Paints & Coatings,2025,2013,922,0.4580228514654744,0.583705911574764,0.38002980625931443,0.03626428216592151,0.057625434674615006
003,Cosmetics & Cleaning,1985,2742,1071,0.39059080962800874,0.4711889132020423,0.38402625820568925,0.1447848285922684,0.09008023340627279
003,Cosmetics & Cleaning,1986,2721,1059,0.38919514884233736,0.4836457184858508,0.418228592429254,0.09812568908489526,0.07092980521866961
003,Cosmetics & Cleaning,1987,2821,1092,0.3870967741935484,0.46508330379298124,0.4264445232187168,0.10847217298830202,0.08330379298121234
003,Cosmetics & Cleaning,1988,3079,1099,0.3569340695030854,0.464761286131861,0.3796687236115622,0.1555699902565768,0.08476778174732055
003,Cosmetics & Cleaning,1989,3519,1209,0.3435635123614663,0.4381926683716965,0.38562091503267976,0.17618641659562376,0.08610400682011936
003,Cosmetics & Cleaning,1990,4552,2131,0.4681458699472759,0.4771528998242531,0.40114235500878737,0.12170474516695957,0.05250439367311072
003,Cosmetics & Cleaning,1991,4362,1657,0.379871618523613,0.44154057771664373,0.40440165061898214,0.15405777166437415,0.0761118752865658
003,Cosmetics & Cleaning,1992,4514,1685,0.37328311918475854,0.42024811696942843,0.43907842268498004,0.1406734603455915,0.06823216659282233
003,Cosmetics & Cleaning,1993,4782,1826,0.3818485989125889,0.45629443747386034,0.4190715181932246,0.1246340443329151,0.04893350062735257
003,Cosmetics & Cleaning,1994,5401,1979,0.3664136271060915,0.4208479911127569,0.4323273467876319,0.14682466209961118,0.05424921310868358
003,Cosmetics & Cleaning,1995,6079,2093,0.34430004935022207,0.39480177660799476,0.40220430991939465,0.20299391347261062,0.0676098042441191
003,Cosmetics & Cleaning,1996,6245,2202,0.35260208166533225,0.39951961569255406,0.4020816653322658,0.19839871897518013,0.06261008807045637
003,Cosmetics & Cleaning,1997,6994,2427,0.34701172433514443,0.3909064912782385,0.4123534458106949,0.19674006291106663,0.07048899056334
003,Cosmetics & Cleaning,1998,7275,2550,0.35051546391752575,0.41663230240549826,0.4083848797250859,0.1749828178694158,0.06281786941580755
003,Cosmetics & Cleaning,1999,8501,3116,0.36654511233972475,0.41253970121162215,0.40007057993177275,0.1873897188566051,0.06952123279614163
003,Cosmetics & Cleaning,2000,8394,3123,0.37205146533238026,0.41231832261138907,0.4044555634977365,0.18322611389087443,0.06540385989992852
003,Cosmetics & Cleaning,2001,8549,2710,0.31699613989940345,0.3806293133699848,0.39068896947011345,0.22868171715990174,0.07965843958357703
003,Cosmetics & Cleaning,2002,9029,3110,0.3444456750470706,0.3857570052054491,0.39550337800420865,0.21873961679034223,0.07774947391737734
003,Cosmetics & Cleaning,2003,9937,3479,0.3501056656938714,0.39549159706148734,0.3853275636510013,0.2191808392875113,0.08111099929556204
003,Cosmetics & Cleaning,2004,11053,4005,0.3623450646883199,0.404596037274948,0.3824301094725414,0.21297385325251064,0.07907355469103411
003,Cosmetics & Cleaning,2005,12113,4164,0.3437628993643193,0.38322463469000245,0.38933377363163546,0.2274415916783621,0.07108065714521589
003,Cosmetics & Cleaning,2006,11728,4299,0.36655866302864937,0.4115791268758527,0.4056957708049113,0.18272510231923603,0.0642905866302865
003,Cosmetics & Cleaning,2007,12638,4726,0.37395157461623674,0.4180250039563222,0.38186421902199713,0.20011077702168065,0.06717835100490584
003,Cosmetics & Cleaning,2008,12026,4337,0.3606352902045568,0.42740728421752866,0.38932313321137535,0.18326958257109596,0.05920505571262265
003,Cosmetics & Cleaning,2009,10868,4072,0.374677953625322,0.430898049319102,0.39142436510857564,0.1776775855723224,0.06128082443871918
003,Cosmetics & Cleaning,2010,11468,4206,0.36675967910708057,0.43111266131845133,0.3884722706662016,0.18041506801534704,0.06749215207534008
003,Cosmetics & Cleaning,2011,12351,4555,0.36879604890292284,0.42385231965023074,0.3864464415836774,0.18970123876609182,0.06873937333009474
003,Cosmetics & Cleaning,2012,12618,4810,0.3812014582342685,0.4427009034712316,0.38991916310033287,0.16737993342843557,0.063559993659851
003,Cosmetics & Cleaning,2013,13096,4910,0.3749236408063531,0.44456322541233967,0.38828649969456325,0.16715027489309714,0.062232742822235794
003,Cosmetics & Cleaning,2014,13915,5369,0.3858426158821416,0.4442687747035573,0.39913762127200864,0.15659360402443406,0.0508803449514912
003,Cosmetics & Cleaning,2015,15359,6377,0.4151963018425679,0.4585584999023374,0.38238166547301256,0.15905983462465004,0.04381795689823556
003,Cosmetics & Cleaning,2016,16385,7148,0.43625267012511443,0.4774488861763808,0.3823619163869393,0.1401891974366799,0.040402807445834604
003,Cosmetics & Cleaning,2017,19431,9104,0.46852966908548194,0.5019299058205959,0.3651896454119706,0.1328804487674335,0.03473830477072719
003,Cosmetics & Cleaning,2018,22309,10614,0.4757721099107983,0.5098390783988525,0.37747097583934736,0.11268994576180016,0.026715675288000357
003,Cosmetics & Cleaning,2019,25522,12819,0.5022725491732623,0.5111668364548233,0.3745396128830029,0.11429355066217381,0.0321683253663506
003,Cosmetics & Cleaning,2020,33800,19283,0.5705029585798816,0.5956804733727811,0.32428994082840235,0.08002958579881657,0.02195266272189349
003,Cosmetics & Cleaning,2021,29229,15990,0.5470594272811249,0.5913989530945294,0.32939888466933526,0.07920216223613534,0.02162236135345034
003,Cosmetics & Cleaning,2022,22580,11571,0.512444641275465,0.579007971656333,0.33489813994685563,0.08609388839681134,0.02546501328609389
003,Cosmetics & Cleaning,2023,23879,12685,0.5312199003308347,0.5952091796138866,0.32706562251350557,0.07772519787260773,0.02684367017044265
003,Cosmetics & Cleaning,2024,29337,15759,0.5371714899273954,0.5998568360773086,0.31724443535467156,0.0828987285680199,0.02611037256706548
003,Cosmetics & Cleaning,2025,33224,17869,0.5378340958343366,0.5778352997832892,0.34204189742354923,0.08012280279316157,0.022694437755839153
004,Lubricants & Fuels,1985,416,178,0.42788461538461536,0.5264423076923077,0.29086538461538464,0.18269230769230768,0.28125
004,Lubricants & Fuels,1986,372,152,0.40860215053763443,0.5913978494623656,0.40860215053763443,0.0,0.13440860215053763
004,Lubricants & Fuels,1987,362,157,0.43370165745856354,0.6187845303867403,0.3812154696132597,0.0,0.10220994475138122
004,Lubricants & Fuels,1988,371,153,0.4123989218328841,0.660377358490566,0.33962264150943394,0.0,0.12668463611859837
004,Lubricants & Fuels,1989,464,180,0.3879310344827586,0.5926724137931034,0.4073275862068966,0.0,0.10991379310344827
004,Lubricants & Fuels,1990,578,255,0.4411764705882353,0.5795847750865052,0.3944636678200692,0.025951557093425604,0.12629757785467127
004,Lubricants & Fuels,1991,573,221,0.3856893542757417,0.568935427574171,0.3699825479930192,0.06108202443280977,0.14834205933682373
004,Lubricants & Fuels,1992,564,232,0.41134751773049644,0.5390070921985816,0.43439716312056736,0.026595744680851064,0.13297872340425532
004,Lubricants & Fuels,1993,627,244,0.38915470494417864,0.543859649122807,0.4370015948963317,0.019138755980861243,0.12440191387559808
004,Lubricants & Fuels,1994,664,267,0.40210843373493976,0.5737951807228916,0.3810240963855422,0.045180722891566265,0.11596385542168675
004,Lubricants & Fuels,1995,813,395,0.4858548585485855,0.5092250922509225,0.35301353013530135,0.13776137761377613,0.1820418204182042
004,Lubricants & Fuels,1996,923,382,0.41386782231852653,0.4712892741061755,0.4745395449620802,0.05417118093174431,0.10725893824485373
004,Lubricants & Fuels,1997,1004,399,0.39741035856573703,0.50199203187251,0.4392430278884462,0.05876494023904383,0.09661354581673307
004,Lubricants & Fuels,1998,1204,461,0.38289036544850497,0.5049833887043189,0.42358803986710963,0.07142857142857142,0.09800664451827243
004,Lubricants & Fuels,1999,1347,577,0.42835931700074237,0.5167037861915368,0.4491462509279881,0.03414996288047513,0.07275426874536006
004,Lubricants & Fuels,2000,1314,524,0.3987823439878234,0.5015220700152208,0.4170471841704718,0.08143074581430745,0.10730593607305935
004,Lubricants & Fuels,2001,1238,468,0.3780290791599354,0.48303715670436187,0.3966074313408724,0.12035541195476575,0.15347334410339256
004,Lubricants & Fuels,2002,1259,481,0.38204924543288327,0.5035742652899127,0.4368546465448769,0.059571088165210485,0.09928514694201747
004,Lubricants & Fuels,2003,1140,472,0.41403508771929826,0.5543859649122806,0.40614035087719297,0.039473684210526314,0.0824561403508772
004,Lubricants & Fuels,2004,1403,589,0.41981468282252316,0.4946543121881682,0.3948681397006415,0.1104775481111903,0.12900926585887385
004,Lubricants & Fuels,2005,1514,626,0.4134742404227213,0.5112285336856011,0.36393659180977544,0.12483487450462351,0.1096433289299868
004,Lubricants & Fuels,2006,1683,788,0.4682115270350565,0.49257278669043375,0.40225787284610814,0.1051693404634581,0.0992275698158051
004,Lubricants & Fuels,2007,1691,768,0.4541691306918983,0.5150798344175045,0.42105263157894735,0.0638675340035482,0.08219988172678888
004,Lubricants & Fuels,2008,1780,752,0.42247191011235957,0.505056179775281,0.399438202247191,0.09550561797752809,0.11235955056179775
004,Lubricants & Fuels,2009,1566,659,0.42081736909323114,0.4789272030651341,0.4386973180076628,0.08237547892720307,0.08812260536398467
004,Lubricants & Fuels,2010,1667,724,0.43431313737252547,0.4997000599880024,0.40491901619676063,0.09538092381523695,0.11517696460707859
004,Lubricants & Fuels,2011,1830,723,0.3950819672131147,0.4448087431693989,0.4262295081967213,0.12896174863387977,0.11748633879781421
004,Lubricants & Fuels,2012,1630,675,0.41411042944785276,0.5404907975460123,0.35644171779141104,0.10306748466257669,0.09079754601226994
004,Lubricants & Fuels,2013,1696,735,0.43337264150943394,0.5412735849056604,0.40625,0.052476415094339625,0.08490566037735849
004,Lubricants & Fuels,2014,1894,770,0.4065469904963041,0.4904963041182682,0.4171066525871172,0.09239704329461457,0.09239704329461457
004,Lubricants & Fuels,2015,1958,844,0.4310520939734423,0.5234933605720122,0.37538304392236976,0.10112359550561797,0.10112359550561797
004,Lubricants & Fuels,2016,2145,941,0.4386946386946387,0.496037296037296,0.38741258741258744,0.11655011655011654,0.09090909090909091
004,Lubricants & Fuels,2017,2378,1094,0.4600504625735913,0.5218671152228763,0.35534062237174097,0.12279226240538267,0.08662741799831791
004,Lubricants & Fuels,2018,2420,1149,0.47479338842975205,0.515702479338843,0.3995867768595041,0.08471074380165289,0.08057851239669421
004,Lubricants & Fuels,2019,2879,1423,0.49426884334838483,0.497742271622091,0.3310177144841959,0.1712400138937131,0.15178881556095866
004,Lubricants & Fuels,2020,3847,2163,0.5622563036132051,0.6155445801923577,0.3244086301013777,0.06004678970626462,0.06004678970626462
004,Lubricants & Fuels,2021,4721,2724,0.576996399067994,0.6038974793475959,0.31878839228976913,0.07731412836263503,0.05697945350561322
004,Lubricants & Fuels,2022,3721,2014,0.541252351518409,0.6135447460360118,0.3292125772641763,0.05724267669981188,0.05455522708949207
004,Lubricants & Fuels,2023,3762,2064,0.5486443381180224,0.621477937267411,0.33413078149920256,0.044391281233386495,0.04678362573099415
004,Lubricants & Fuels,2024,3688,1895,0.5138286334056399,0.6239154013015185,0.34191973969631234,0.034164859002169194,0.036605206073752714
004,Lubricants & Fuels,2025,3493,1837,0.5259089607787003,0.6281133695963356,0.3358144861150873,0.036072144288577156,0.03864872602347552
005,Pharmaceuticals,1985,2317,747,0.32239965472593873,0.4039706517047907,0.43677168752697454,0.15925766076823478,0.09149762624082866
005,Pharmaceuticals,1986,2594,765,0.29491133384734003,0.39707016191210487,0.3962991518889746,0.20663068619892058,0.09329221279876639
005,Pharmaceuticals,1987,2618,747,0.28533231474407944,0.3689839572192513,0.43353705118411,0.19747899159663865,0.09434682964094729
005,Pharmaceuticals,1988,2691,785,0.2917131178000743,0.4013377926421405,0.4388703084355258,0.1597918989223337,0.09698996655518395
005,Pharmaceuticals,1989,3220,889,0.27608695652173915,0.3717391304347826,0.446583850931677,0.18167701863354038,0.1031055900621118
005,Pharmaceuticals,1990,3818,1654,0.43321110529072815,0.4313776846516501,0.4570455735987428,0.11157674174960712,0.05893137768465165
005,Pharmaceuticals,1991,3962,1336,0.337203432609793,0.4043412417970722,0.4596163553760727,0.13604240282685512,0.06335184250378596
005,Pharmaceuticals,1992,4593,1491,0.3246244284781189,0.3581537121706945,0.4537339429566732,0.18811234487263226,0.08229915088177661
005,Pharmaceuticals,1993,5024,1698,0.3379777070063694,0.37201433121019106,0.442078025477707,0.1859076433121019,0.06269904458598727
005,Pharmaceuticals,1994,5142,1615,0.3140801244651886,0.3881758070789576,0.47413457798521974,0.13768961493582263,0.05970439517697394
005,Pharmaceuticals,1995,6257,2136,0.341377657024133,0.3616749240850248,0.47754514943263543,0.16077992648233977,0.05769538117308615
005,Pharmaceuticals,1996,7604,2428,0.3193056286165176,0.3381115202524987,0.460678590215676,0.20120988953182536,0.05207785376117833
005,Pharmaceuticals,1997,9123,2760,0.30253206182176917,0.32171434835032336,0.434725419269977,0.24356023237969965,0.05360078921407432
005,Pharmaceuticals,1998,9847,3166,0.32151924443993096,0.33837717071189194,0.4265258454351579,0.23509698385295014,0.06052604854270336
005,Pharmaceuticals,1999,10937,4014,0.3670110633628966,0.3590564140074975,0.4493005394532322,0.19164304653927036,0.05284813020023772
005,Pharmaceuticals,2000,11077,3990,0.3602058319039451,0.3545183714001986,0.47242033041437215,0.17306129818542926,0.04965243296921549
005,Pharmaceuticals,2001,10683,3470,0.3248151268370308,0.3346438266404568,0.45408593091828137,0.21127024244126183,0.0644949920434335
005,Pharmaceuticals,2002,11130,3517,0.3159928122192273,0.3398921832884097,0.4493261455525607,0.21078167115902965,0.07053009883198562
005,Pharmaceuticals,2003,11368,3684,0.3240675580577058,0.3494897959183674,0.47167487684729065,0.178835327234342,0.0480295566502463
005,Pharmaceuticals,2004,12821,3954,0.30840028078933,0.3367132048982139,0.43662740815849,0.22665938694329615,0.08197488495437173
005,Pharmaceuticals,2005,13196,4128,0.3128220672931191,0.34055774477114276,0.4554410427402243,0.20400121248863293,0.06289784783267657
005,Pharmaceuticals,2006,14107,4401,0.3119727794711845,0.33990217622456936,0.4502729141560927,0.20982490961933792,0.06294747288580138
005,Pharmaceuticals,2007,14540,4790,0.3294360385144429,0.35130674002751033,0.4434662998624484,0.20522696011004127,0.06251719394773039
005,Pharmaceuticals,2008,14590,4586,0.31432488005483206,0.3492803289924606,0.436737491432488,0.21398217957505142,0.0792323509252913
005,Pharmaceuticals,2009,13999,4428,0.3163083077362669,0.35445388956354024,0.42260161440102867,0.2229444960354311,0.0795056789770698
005,Pharmaceuticals,2010,14627,4692,0.32077664592876187,0.35366103780679564,0.42428385861762496,0.22205510357557942,0.07527175770834757
005,Pharmaceuticals,2011,15566,5081,0.3264165488886034,0.3533341899010664,0.41956828986252087,0.2270975202364127,0.07201593215983554
005,Pharmaceuticals,2012,14937,4864,0.325634330856263,0.3651335609560153,0.43837450625962376,0.19649193278436097,0.06500636004552454
005,Pharmaceuticals,2013,15863,5202,0.3279329256761016,0.35888545672319233,0.43188551976297046,0.20922902351383724,0.07419781882367774
005,Pharmaceuticals,2014,16592,5516,0.3324493731918997,0.35860655737704916,0.45003616200578594,0.1913572806171649,0.07383076181292189
005,Pharmaceuticals,2015,17594,6353,0.3610890076162328,0.3748436967147891,0.4550414914175287,0.17011481186768215,0.05678072070023872
005,Pharmaceuticals,2016,18310,6567,0.3586564718732933,0.37635172037138176,0.4469142545057346,0.17673402512288366,0.05843801201529219
005,Pharmaceuticals,2017,20354,7830,0.3846909698339393,0.38960400903999215,0.45288395401395304,0.15751203694605484,0.0391077920801808
005,Pharmaceuticals,2018,22591,8987,0.39781328847771236,0.41627196671240757,0.4452215484042318,0.13850648488336062,0.03058740206276836
005,Pharmaceuticals,2019,25559,10378,0.40604092491881527,0.4089753120231621,0.4461442153448883,0.14488047263194961,0.043741930435463046
005,Pharmaceuticals,2020,31433,13528,0.4303757197849394,0.4499411446568893,0.43635669519295006,0.11370216015016066,0.028123309897241752
005,Pharmaceuticals,2021,26474,10871,0.4106292966684294,0.43540832514920297,0.4403943491727733,0.12419732567802372,0.03180478960489537
005,Pharmaceuticals,2022,22404,8475,0.37828066416711303,0.4162649526870202,0.43577039814318874,0.1479646491697911,0.04320657025531155
005,Pharmaceuticals,2023,22667,9370,0.4133762738783253,0.44743459655005074,0.43843472890104557,0.11413067454890369,0.034102439670004855
005,Pharmaceuticals,2024,28309,12861,0.4543078173019181,0.48719488501889857,0.4078208343636299,0.10498428061747148,0.02486841640467696
005,Pharmaceuticals,2025,33286,15150,0.455146307757015,0.47596587153758335,0.4098419756053596,0.11419215285705703,0.032476116084840474
006,Common Metals,1985,1145,593,0.5179039301310043,0.6061135371179039,0.32751091703056767,0.06637554585152838,0.10393013100436681
006,Common Metals,1986,1074,517,0.4813780260707635,0.6461824953445066,0.3398510242085661,0.013966480446927373,0.06424581005586592
006,Common Metals,1987,970,500,0.5154639175257731,0.7010309278350515,0.29896907216494845,0.0,0.05360824742268041
006,Common Metals,1988,1171,518,0.44235695986336465,0.6404782237403929,0.322801024765158,0.036720751494449186,0.07002561912894961
006,Common Metals,1989,1323,618,0.4671201814058957,0.63567649281935,0.3431594860166289,0.021164021164021163,0.05517762660619804
006,Common Metals,1990,1703,1003,0.5889606576629477,0.6547269524368761,0.3452730475631239,0.0,0.037580739870816206
006,Common Metals,1991,1619,822,0.5077208153180975,0.6460778258184064,0.33662754786905497,0.017294626312538603,0.04570722668313774
006,Common Metals,1992,1730,801,0.4630057803468208,0.6219653179190752,0.3601156069364162,0.017919075144508672,0.050289017341040465
006,Common Metals,1993,1954,958,0.49027635619242577,0.5987717502558854,0.3587512794268168,0.04247697031729785,0.06448311156601842
006,Common Metals,1994,1918,959,0.5,0.6246089676746611,0.36392075078206465,0.011470281543274244,0.04483837330552659
006,Common Metals,1995,2162,1067,0.4935245143385754,0.6091581868640148,0.3330249768732655,0.057816836262719704,0.0753931544865865
006,Common Metals,1996,2335,1114,0.4770877944325482,0.6,0.36445396145610276,0.035546038543897214,0.04967880085653105
006,Common Metals,1997,2838,1290,0.45454545454545453,0.5637773079633545,0.37420718816067655,0.06201550387596899,0.05496828752642706
006,Common Metals,1998,2971,1461,0.4917536183103332,0.6098956580276002,0.3695725345001683,0.020531807472231572,0.03433187478963312
006,Common Metals,1999,2970,1438,0.4841750841750842,0.6090909090909091,0.3835016835016835,0.007407407407407408,0.027946127946127945
006,Common Metals,2000,3080,1474,0.4785714285714286,0.5928571428571429,0.3853896103896104,0.021753246753246754,0.03538961038961039
006,Common Metals,2001,2800,1240,0.44285714285714284,0.5914285714285714,0.39107142857142857,0.0175,0.03357142857142857
006,Common Metals,2002,2898,1283,0.4427191166321601,0.5921325051759835,0.39648033126293997,0.011387163561076604,0.03450655624568668
006,Common Metals,2003,2942,1276,0.433718558803535,0.5686607749830047,0.40380693405846363,0.027532290958531613,0.03636981645139361
006,Common Metals,2004,3178,1441,0.4534298300818125,0.6006922592825676,0.3646947765890497,0.034612964128382634,0.043108873505349275
006,Common Metals,2005,3702,1744,0.47109670448406266,0.5475418692598595,0.4286871961102107,0.02377093462992977,0.031064289573203674
006,Common Metals,2006,3688,1711,0.46393709327548804,0.5588394793926247,0.4170281995661605,0.024132321041214752,0.031453362255965296
006,Common Metals,2007,4024,1844,0.45825049701789267,0.5487077534791253,0.4087972166998012,0.04249502982107356,0.04000994035785288
006,Common Metals,2008,3893,1799,0.46211148214744413,0.5550988954533779,0.42024145902902643,0.024659645517595686,0.03159517081941947
006,Common Metals,2009,3523,1608,0.45642917967641217,0.5719557195571956,0.39398240136247514,0.03406187908032927,0.03917116094237866
006,Common Metals,2010,3695,1648,0.4460081190798376,0.56319350473613,0.40622462787550745,0.030581867388362653,0.03301759133964818
006,Common Metals,2011,3809,1675,0.43974796534523497,0.5523759516933578,0.41716986085586766,0.03045418745077448,0.03281701233919664
006,Common Metals,2012,3621,1576,0.4352388842861088,0.5611709472521403,0.4131455399061033,0.02568351284175642,0.03424468378900856
006,Common Metals,2013,3928,1737,0.44220977596741345,0.5542260692464358,0.4320264765784114,0.01374745417515275,0.02469450101832994
006,Common Metals,2014,4117,1737,0.42190915715326693,0.547486033519553,0.42385231965023074,0.028661646830216176,0.03521982025746903
006,Common Metals,2015,4087,1781,0.4357719598727673,0.5627599706386103,0.42304869097137265,0.014191338390017127,0.02666992904330805
006,Common Metals,2016,4555,2081,0.45686059275521407,0.5534577387486279,0.4061470911086718,0.04039517014270033,0.036004390779363335
006,Common Metals,2017,4939,2353,0.4764122291961936,0.5604373354930148,0.3927920631706823,0.0467706013363029,0.036647094553553354
006,Common Metals,2018,5017,2349,0.4682080924855491,0.5820211281642416,0.3719354195734503,0.04604345226230815,0.03787123779150887
006,Common Metals,2019,5744,2911,0.5067896935933147,0.5685933147632312,0.3588091922005571,0.0725974930362117,0.06093314763231198
006,Common Metals,2020,6961,3811,0.5474788105157306,0.638414020973998,0.34635828185605516,0.015227697169946847,0.02025571038643873
006,Common Metals,2021,7827,4225,0.5397981346620672,0.6521016992461991,0.30841957327200714,0.03947872748179379,0.02976874920148205
006,Common Metals,2022,6873,3562,0.5182598574130656,0.6298559580969009,0.34322712061690674,0.026916921286192348,0.02386148697802997
006,Common Metals,2023,7252,3935,0.5426089354660784,0.6620242691671263,0.3131549917264203,0.024820739106453393,0.024820739106453393
006,Common Metals,2024,8440,4601,0.5451421800947868,0.6758293838862559,0.3067535545023697,0.017417061611374407,0.01848341232227488
006,Common Metals,2025,7542,3994,0.5295677539114293,0.6682577565632458,0.31026252983293556,0.021479713603818614,0.01882789710952002
007,Machines & Power Tools,1985,1948,1013,0.5200205338809035,0.6750513347022588,0.28593429158110883,0.039014373716632446,0.061088295687885014
007,Machines & Power Tools,1986,1958,996,0.508682328907048,0.6542390194075587,0.33963227783452504,0.006128702757916241,0.03626149131767109
007,Machines & Power Tools,1987,1996,1047,0.5245490981963928,0.6467935871743486,0.32915831663326656,0.02404809619238477,0.045591182364729456
007,Machines & Power Tools,1988,2091,991,0.47393591582974653,0.6594930655188905,0.3357245337159254,0.004782400765184123,0.03538976566236251
007,Machines & Power Tools,1989,2318,1054,0.454702329594478,0.6302847282139775,0.362381363244176,0.007333908541846419,0.03278688524590164
007,Machines & Power Tools,1990,2910,1613,0.5542955326460481,0.6326460481099656,0.34982817869415805,0.01752577319587629,0.03333333333333333
007,Machines & Power Tools,1991,2621,1310,0.4998092331171309,0.6421213277375047,0.34032811903853494,0.01755055322396032,0.03662724151087371
007,Machines & Power Tools,1992,2749,1250,0.45471080392870133,0.6042197162604583,0.3684976355038196,0.02728264823572208,0.038559476173153875
007,Machines & Power Tools,1993,2797,1379,0.4930282445477297,0.6374687164819449,0.3485877726135145,0.013943510904540579,0.03217733285663211
007,Machines & Power Tools,1994,3041,1480,0.4866820124958895,0.6192042091417297,0.3656691877671818,0.015126603091088459,0.031239723775073988
007,Machines & Power Tools,1995,3452,1613,0.4672653534183082,0.578505214368482,0.36558516801853996,0.05590961761297798,0.05590961761297798
007,Machines & Power Tools,1996,3858,1740,0.4510108864696734,0.5593571798859512,0.40254017625712807,0.038102643856920686,0.038102643856920686
007,Machines & Power Tools,1997,4173,1839,0.44069015097052483,0.5444524323028996,0.4188832973879703,0.03666427030913012,0.03666427030913012
007,Machines & Power Tools,1998,4503,2000,0.44414834554741284,0.5647346213635355,0.39595825005551855,0.03930712858094604,0.03930712858094604
007,Machines & Power Tools,1999,4856,2207,0.45448929159802304,0.5712520593080724,0.3906507413509061,0.03809719934102142,0.02697693574958814
007,Machines & Power Tools,2000,5049,2294,0.4543473955238661,0.5434739552386612,0.4068132303426421,0.04971281441869677,0.03664091899386017
007,Machines & Power Tools,2001,4830,2152,0.4455486542443064,0.5424430641821946,0.4134575569358178,0.044099378881987575,0.03706004140786749
007,Machines & Power Tools,2002,4689,1907,0.40669652377905735,0.5472382171038601,0.4113883557261676,0.04137342716997228,0.032842823629771804
007,Machines & Power Tools,2003,4720,1952,0.4135593220338983,0.5483050847457627,0.4055084745762712,0.0461864406779661,0.034957627118644065
007,Machines & Power Tools,2004,5145,2246,0.43654033041788143,0.538581146744412,0.4165208940719145,0.044897959183673466,0.03906705539358601
007,Machines & Power Tools,2005,5427,2370,0.4367053620784964,0.5362078496406855,0.3952459922609176,0.0685461580983969,0.03722130090289294
007,Machines & Power Tools,2006,5840,2587,0.4429794520547945,0.5106164383561644,0.44537671232876713,0.04400684931506849,0.029965753424657533
007,Machines & Power Tools,2007,6341,2733,0.4310045734111339,0.4906166219839142,0.43557798454502444,0.07380539347106135,0.03800662356095253
007,Machines & Power Tools,2008,6334,2730,0.4310072623934323,0.49684243763814334,0.452005052099779,0.05115251026207768,0.02573413324913167
007,Machines & Power Tools,2009,5463,2226,0.4074684239428885,0.5185795350539997,0.42266154127768624,0.05875892366831411,0.0452132527915065
007,Machines & Power Tools,2010,5775,2473,0.42822510822510823,0.5196536796536797,0.43567099567099565,0.044675324675324674,0.02961038961038961
007,Machines & Power Tools,2011,5947,2490,0.4186985034471162,0.5219438372288548,0.4417353287371784,0.03632083403396671,0.03127627375147133
007,Machines & Power Tools,2012,6102,2538,0.415929203539823,0.5065552277941658,0.44936086529006886,0.044083906915765324,0.024582104228121928
007,Machines & Power Tools,2013,6443,2571,0.3990377153499922,0.5028713332298619,0.4600341455843551,0.03709452118578302,0.02793729629054788
007,Machines & Power Tools,2014,6416,2576,0.4014962593516209,0.5208852867830424,0.4350062344139651,0.04410847880299252,0.02524937655860349
007,Machines & Power Tools,2015,7148,3034,0.42445439283715725,0.526440962506995,0.4363458310016788,0.03721320649132624,0.024062674874090653
007,Machines & Power Tools,2016,7637,3250,0.42555977478067303,0.5136833835275632,0.4218934136441011,0.06442320282833573,0.04268691894723059
007,Machines & Power Tools,2017,8733,3922,0.44910111072941716,0.521928317874728,0.4272300469483568,0.05084163517691515,0.030344669643879538
007,Machines & Power Tools,2018,9186,4047,0.4405617243631613,0.5338558676246462,0.42292619203135207,0.04321794034400174,0.028195079468756802
007,Machines & Power Tools,2019,9534,4550,0.47723935389133626,0.5513950073421439,0.3958464443045941,0.05275854835326201,0.040276903713027064
007,Machines & Power Tools,2020,11536,5874,0.5091886269070736,0.5968273231622746,0.3576629680998613,0.04550970873786408,0.025225381414701802
007,Machines & Power Tools,2021,12722,6599,0.518707750353718,0.6092595503851596,0.3547398207828958,0.036000628831944666,0.02161609809778337
007,Machines & Power Tools,2022,10848,5191,0.4785213864306785,0.5857300884955752,0.3689159292035398,0.04535398230088496,0.02000368731563422
007,Machines & Power Tools,2023,11476,5794,0.5048797490414779,0.6147612408504706,0.3519518996165911,0.03328685953293831,0.02039037992331823
007,Machines & Power Tools,2024,13449,6926,0.514982526581902,0.6403450070637222,0.33511785262844823,0.024537140307829577,0.014945349096587107
007,Machines & Power Tools,2025,13525,6786,0.5017375231053605,0.6236598890942698,0.35356746765249536,0.02277264325323475,0.013530499075785582
008,Hand Tools,1985,688,319,0.4636627906976744,0.5886627906976745,0.2863372093023256,0.125,0.18313953488372092
008,Hand Tools,1986,604,287,0.47516556291390727,0.6771523178807947,0.3228476821192053,0.0,0.08112582781456953
008,Hand Tools,1987,622,263,0.4228295819935691,0.612540192926045,0.3617363344051447,0.02572347266881029,0.09807073954983923
008,Hand Tools,1988,597,271,0.4539363484087102,0.6532663316582915,0.34673366834170855,0.0,0.06197654941373534
008,Hand Tools,1989,717,311,0.43375174337517436,0.6820083682008368,0.301255230125523,0.016736401673640166,0.08228730822873083
008,Hand Tools,1990,942,481,0.5106157112526539,0.6337579617834395,0.31210191082802546,0.054140127388535034,0.09554140127388536
008,Hand Tools,1991,916,410,0.44759825327510916,0.6222707423580786,0.33624454148471616,0.04148471615720524,0.08842794759825327
008,Hand Tools,1992,996,414,0.41566265060240964,0.5421686746987951,0.43373493975903615,0.024096385542168676,0.07931726907630522
008,Hand Tools,1993,1040,393,0.3778846153846154,0.5480769230769231,0.4115384615384615,0.04038461538461539,0.0875
008,Hand Tools,1994,1099,450,0.4094631483166515,0.5959963603275705,0.3848953594176524,0.01910828025477707,0.07006369426751592
008,Hand Tools,1995,1357,592,0.43625644804716285,0.5372144436256449,0.3610906411201179,0.1016949152542373,0.1260132645541636
008,Hand Tools,1996,1421,552,0.3884588318085855,0.5024630541871922,0.44475721323011963,0.05277973258268825,0.08866995073891626
008,Hand Tools,1997,1461,568,0.3887748117727584,0.5441478439425051,0.4346338124572211,0.021218343600273786,0.059548254620123205
008,Hand Tools,1998,1581,600,0.3795066413662239,0.5521821631878557,0.42567994939911447,0.022137887413029727,0.056925996204933584
008,Hand Tools,1999,1702,738,0.4336075205640423,0.5963572267920094,0.3836662749706228,0.0199764982373678,0.04935370152761457
008,Hand Tools,2000,1680,669,0.3982142857142857,0.5845238095238096,0.38392857142857145,0.03154761904761905,0.05892857142857143
008,Hand Tools,2001,1505,627,0.41661129568106314,0.5508305647840531,0.42790697674418604,0.0212624584717608,0.06578073089700996
008,Hand Tools,2002,1659,632,0.38095238095238093,0.5738396624472574,0.4026522001205545,0.023508137432188065,0.05304400241109102
008,Hand Tools,2003,1854,705,0.3802588996763754,0.5436893203883495,0.42179072276159657,0.034519956850053934,0.05555555555555555
008,Hand Tools,2004,2076,855,0.41184971098265893,0.5423892100192679,0.40414258188824664,0.05346820809248555,0.06599229287090559
008,Hand Tools,2005,2021,748,0.3701138050470064,0.5269668480950025,0.4265215239980208,0.046511627906976744,0.05987135081642751
008,Hand Tools,2006,2199,963,0.4379263301500682,0.55025011368804,0.4083674397453388,0.04138244656662119,0.056844020009095046
008,Hand Tools,2007,2213,863,0.38996836873023044,0.5652959783099865,0.35743334839584273,0.07727067329417081,0.05919566199728875
008,Hand Tools,2008,2019,777,0.3848439821693908,0.5403665180782565,0.3992075284794453,0.06042595344229817,0.06934125804853888
008,Hand Tools,2009,1801,753,0.4181010549694614,0.5685730149916713,0.39977790116601886,0.03164908384230983,0.05441421432537479
008,Hand Tools,2010,2041,832,0.40764331210191085,0.5531602155805977,0.37481626653601174,0.0720235178833905,0.0720235178833905
008,Hand Tools,2011,2157,844,0.3912841910060269,0.5210941121928605,0.43022716736207695,0.048678720445062586,0.0602688919796013
008,Hand Tools,2012,2168,840,0.3874538745387454,0.5511992619926199,0.4040590405904059,0.04474169741697417,0.05719557195571956
008,Hand Tools,2013,2414,920,0.38111019055509526,0.5314830157415079,0.4225352112676056,0.045981772990886495,0.05716652858326429
008,Hand Tools,2014,2587,1008,0.3896405102435253,0.5604947816003092,0.4023965983764979,0.03710862002319289,0.04367993815229996
008,Hand Tools,2015,3044,1368,0.44940867279894875,0.5614323258869908,0.38633377135348224,0.05223390275952694,0.04566360052562418
008,Hand Tools,2016,3798,1878,0.49447077409162715,0.5884676145339652,0.3512374934175882,0.06029489204844655,0.04607688256977357
008,Hand Tools,2017,4572,2382,0.520997375328084,0.6305774278215223,0.3178040244969379,0.051618547681539804,0.04461942257217848
008,Hand Tools,2018,5014,2638,0.5261268448344635,0.6517750299162346,0.293777423214998,0.05444754686876745,0.04168328679696849
008,Hand Tools,2019,5581,3096,0.5547392940333273,0.6430747177925104,0.28328256584841427,0.07364271635907543,0.06790897688586275
008,Hand Tools,2020,10053,6196,0.6163334328061275,0.7261513975927584,0.24311150900228787,0.030737093404953744,0.02118770516263802
008,Hand Tools,2021,9340,5582,0.597644539614561,0.7187366167023554,0.24646680942184154,0.034796573875803,0.02676659528907923
008,Hand Tools,2022,6221,3466,0.5571451535122971,0.7191769811927343,0.254782189358624,0.026040829448641698,0.027326796334994373
008,Hand Tools,2023,6722,3842,0.5715560844986611,0.7249330556382029,0.24680154715858377,0.02826539720321333,0.02677774471883368
008,Hand Tools,2024,7942,4457,0.561193653991438,0.7336942835557794,0.23230924200453287,0.033996474439687736,0.025434399395618233
008,Hand Tools,2025,7275,4004,0.5503780068728522,0.7268728522336769,0.2490721649484536,0.024054982817869417,0.02268041237113402
009,Software & Electronics,1985,8148,4328,0.531173294059892,0.5434462444771723,0.4161757486499755,0.040378006872852236,0.02270495827196858
009,Software & Electronics,1986,8392,4298,0.5121544327931363,0.5470686367969495,0.4167063870352717,0.03622497616777884,0.02121067683508103
009,Software & Electronics,1987,8759,4338,0.49526201621189636,0.5500627925562279,0.4118050005708414,0.0381322068729307,0.016668569471400847
009,Software & Electronics,1988,9678,4693,0.4849142384790246,0.5456705930977475,0.41475511469311843,0.03957429220913412,0.020252118206240958
009,Software & Electronics,1989,11885,5621,0.47294909549852754,0.5139251156920488,0.420445940260833,0.06562894404711822,0.030206142196045435
009,Software & Electronics,1990,17192,9904,0.5760818985574686,0.5138436482084691,0.42322010237319685,0.0629362494183341,0.018496975337366217
009,Software & Electronics,1991,16522,8299,0.5022999636847839,0.5030262680062947,0.43463261106403583,0.06234112092966953,0.02178912964532139
009,Software & Electronics,1992,17334,7996,0.4612899503865236,0.47623168339679245,0.4495211722626053,0.07424714434060228,0.022902965270566518
009,Software & Electronics,1993,20840,9384,0.45028790786948175,0.4665067178502879,0.4338291746641075,0.0996641074856046,0.027015355086372362
009,Software & Electronics,1994,23017,10067,0.4373723769387844,0.46261458921666593,0.4448451144806013,0.09254029630273276,0.022418212625450754
009,Software & Electronics,1995,27519,12002,0.4361350339765253,0.438533376939569,0.46422471746793126,0.09724190559249973,0.01965914459100985
009,Software & Electronics,1996,32408,13943,0.4302332757343866,0.4222105652925204,0.47620957788200446,0.1015798568254752,0.016878548506541594
009,Software & Electronics,1997,34580,14827,0.4287738577212261,0.42093695777906304,0.479786003470214,0.09927703875072297,0.01807403123192597
009,Software & Electronics,1998,35464,15992,0.45093616061358,0.44735506429054817,0.47766749379652607,0.07497744191292578,0.016016241822693435
009,Software & Electronics,1999,46041,22311,0.48458982211507134,0.4442996459677244,0.4622836167763515,0.09341673725592407,0.01261918724615017
009,Software & Electronics,2000,54422,26589,0.48857079857410607,0.41255374664657674,0.4926316563154607,0.09481459703796259,0.010675829627724082
009,Software & Electronics,2001,40520,17648,0.435538005923001,0.4265054294175716,0.4664856860809477,0.10700888450148074,0.03716683119447187
009,Software & Electronics,2002,34365,15134,0.4403899316164702,0.470624181580096,0.4471700858431544,0.0822057325767496,0.015306270915175323
009,Software & Electronics,2003,32959,14662,0.4448557298461725,0.487545131830456,0.42395096938620713,0.08850389878333688,0.021299189902606267
009,Software & Electronics,2004,35740,15834,0.4430330162283156,0.47425853385562394,0.4307778399552322,0.09496362618914382,0.026440962506994965
009,Software & Electronics,2005,38347,16646,0.43408871619683415,0.46684225623908,0.4374266565833051,0.09573108717761494,0.01760242000678019
009,Software & Electronics,2006,39401,17500,0.44415116367604884,0.46912514910789066,0.4468414507246009,0.08403340016750845,0.016826984086698308
009,Software & Electronics,2007,41820,18348,0.4387374461979914,0.4697274031563845,0.43888091822094694,0.09139167862266857,0.020038259206121473
009,Software & Electronics,2008,39008,16658,0.4270406070549631,0.472697908121411,0.43498769483182936,0.09231439704675964,0.02286710418375718
009,Software & Electronics,2009,35956,15393,0.4281065747024141,0.4861219267994215,0.4147569251307153,0.09912114806986316,0.027060852152630994
009,Software & Electronics,2010,38676,16412,0.4243458475540387,0.48042713827696765,0.42054504085220806,0.09902782087082429,0.02213258868548971
009,Software & Electronics,2011,43418,18597,0.42832465797595465,0.4720622783177484,0.4229351881708047,0.10500253351144687,0.027315859781657376
009,Software & Electronics,2012,45592,19767,0.4335629057729426,0.47273644499034917,0.43123793648008424,0.09602561852956659,0.020135111423056677
009,Software & Electronics,2013,47287,20984,0.4437583268128661,0.48140080783301964,0.4255080677564658,0.09309112441051452,0.02157041047222281
009,Software & Electronics,2014,51743,24290,0.46943547919525347,0.49191194944243666,0.4276133969812342,0.08047465357632917,0.018765823396401447
009,Software & Electronics,2015,57363,28765,0.5014556421386608,0.5176333176437774,0.40480797726757667,0.07755870508864599,0.020256960061363596
009,Software & Electronics,2016,59239,30716,0.5185097655260892,0.5356268674353044,0.4004625331285133,0.06391059943618224,0.015699117135670758
009,Software & Electronics,2017,66283,34761,0.5244331125627989,0.5454188856871295,0.3826622210823288,0.07191889323054176,0.015237692922770545
009,Software & Electronics,2018,66716,34419,0.5159032316086096,0.5314017626956052,0.3951076203609329,0.07349061694346185,0.013984651357995084
009,Software & Electronics,2019,64773,32546,0.5024624457721582,0.5356552884689608,0.3939295694193568,0.07041514211168233,0.01401818659009155
009,Software & Electronics,2020,78320,42190,0.5386874361593462,0.5561925434116445,0.3869637385086823,0.05684371807967314,0.010240040858018386
009,Software & Electronics,2021,83308,44135,0.5297810534402458,0.5484107168579249,0.3926393623661593,0.058949920775915876,0.008870696691794305
009,Software & Electronics,2022,75325,37123,0.4928377032857617,0.5170660471291072,0.41030202456023895,0.07263192831065383,0.010766677729837372
009,Software & Electronics,2023,67960,34096,0.5017068864037669,0.5494849911712772,0.3888022366097705,0.06171277221895233,0.011668628605061801
009,Software & Electronics,2024,72718,37540,0.5162408207046398,0.5715228691658186,0.37457025770785773,0.053906873126323605,0.010093786957837124
009,Software & Electronics,2025,80745,42842,0.5305839370858877,0.5639977707597994,0.38243854108613534,0.053563688154065266,0.010031580902842282
010,Medical Devices,1985,1194,566,0.474036850921273,0.5469011725293133,0.3525963149078727,0.10050251256281408,0.12646566164154105
010,Medical Devices,1986,1224,525,0.42892156862745096,0.545751633986928,0.4117647058823529,0.042483660130718956,0.07761437908496732
010,Medical Devices,1987,1400,614,0.43857142857142856,0.5442857142857143,0.4228571428571429,0.032857142857142856,0.07071428571428572
010,Medical Devices,1988,1625,678,0.41723076923076924,0.5433846153846154,0.4135384615384615,0.043076923076923075,0.06276923076923077
010,Medical Devices,1989,1947,803,0.4124293785310734,0.519774011299435,0.42013353877760656,0.060092449922958396,0.06882383153569595
010,Medical Devices,1990,2619,1320,0.5040091638029782,0.5131729667812142,0.44978999618174875,0.037037037037037035,0.047346315387552504
010,Medical Devices,1991,2755,1151,0.4177858439201452,0.4751361161524501,0.42903811252268603,0.09582577132486389,0.05662431941923775
010,Medical Devices,1992,3115,1267,0.4067415730337079,0.4593900481540931,0.4420545746388443,0.0985553772070626,0.06773675762439807
010,Medical Devices,1993,3288,1319,0.4011557177615572,0.4559002433090024,0.4692822384428224,0.07481751824817519,0.05018248175182482
010,Medical Devices,1994,3200,1263,0.3946875,0.471875,0.4528125,0.0753125,0.0521875
010,Medical Devices,1995,3453,1366,0.3955980306979438,0.439907326962062,0.46481320590790615,0.09527946713003185,0.07124239791485665
010,Medical Devices,1996,3759,1443,0.383878691141261,0.4426709231178505,0.48071295557329075,0.07661612130885874,0.04948124501197127
010,Medical Devices,1997,4213,1635,0.3880845003560408,0.42155233800142417,0.48279136007595536,0.09565630192262047,0.049370994540707334
010,Medical Devices,1998,4156,1613,0.3881135707410972,0.45476419634263715,0.4456207892204042,0.09961501443695861,0.053176130895091434
010,Medical Devices,1999,4810,2066,0.42952182952182955,0.47484407484407487,0.4627858627858628,0.062370062370062374,0.03596673596673597
010,Medical Devices,2000,5152,2096,0.40683229813664595,0.4481754658385093,0.4889363354037267,0.06288819875776397,0.03299689440993789
010,Medical Devices,2001,4922,1843,0.3744412840308818,0.4276716781796018,0.4744006501422186,0.0979276716781796,0.04063388866314506
010,Medical Devices,2002,4794,1767,0.3685857321652065,0.44910304547350854,0.476011681268252,0.07488527325823946,0.041718815185648725
010,Medical Devices,2003,5175,1865,0.36038647342995167,0.4123671497584541,0.49526570048309176,0.0923671497584541,0.049468599033816424
010,Medical Devices,2004,5739,2117,0.36887959574838824,0.42080501829587036,0.461927165011326,0.11726781669280363,0.058895277922983096
010,Medical Devices,2005,6108,2355,0.3855599214145383,0.433366077275704,0.4718402095612312,0.09479371316306483,0.04895219384413883
010,Medical Devices,2006,6188,2310,0.3733031674208145,0.42501616031027795,0.47737556561085975,0.09760827407886231,0.033451842275371686
010,Medical Devices,2007,6650,2531,0.3806015037593985,0.418796992481203,0.48857142857142855,0.09263157894736843,0.04030075187969925
010,Medical Devices,2008,6595,2457,0.3725549658832449,0.4301743745261562,0.4915845337376801,0.07824109173616375,0.0354814253222138
010,Medical Devices,2009,6285,2299,0.3657915672235481,0.4276849642004773,0.483054892601432,0.0892601431980907,0.04009546539379475
010,Medical Devices,2010,6807,2509,0.3685911561627736,0.42426913471426475,0.4842074335243132,0.09152343176142207,0.03276039371235493
010,Medical Devices,2011,6913,2684,0.38825401417618977,0.4290467235642991,0.4942861275857081,0.07666714884999276,0.02849703457254448
010,Medical Devices,2012,7272,2680,0.36853685368536854,0.4389438943894389,0.4746974697469747,0.08635863586358636,0.03355335533553355
010,Medical Devices,2013,7349,2753,0.37460879031160704,0.44196489318274595,0.4796570962035651,0.07837801061368893,0.028983535174853723
010,Medical Devices,2014,7633,2953,0.38687278920476875,0.43272631992663435,0.4914188392506223,0.07585484082274335,0.030394340364208045
010,Medical Devices,2015,8537,3501,0.41009722384912733,0.4423099449455312,0.4737027058685721,0.08398734918589669,0.02694154855335598
010,Medical Devices,2016,9392,4001,0.4260008517887564,0.46443781942078366,0.46337308347529815,0.07218909710391823,0.02619250425894378
010,Medical Devices,2017,10617,4664,0.43929546952999904,0.49599698596590375,0.43063012150324953,0.07337289253084675,0.025148346990675332
010,Medical Devices,2018,11531,5284,0.4582429971381493,0.5026450437949874,0.43873037897840605,0.058624577226606536,0.022461191570548954
010,Medical Devices,2019,12231,5732,0.4686452456871883,0.5077262693156733,0.4250674515575178,0.06720627912680893,0.03499305044558908
010,Medical Devices,2020,22960,12272,0.5344947735191637,0.5780923344947735,0.38249128919860625,0.03941637630662021,0.010844947735191637
010,Medical Devices,2021,17000,8207,0.48276470588235293,0.5448823529411765,0.39335294117647057,0.061764705882352944,0.015352941176470588
010,Medical Devices,2022,13370,6140,0.45923709798055345,0.5408376963350785,0.4099476439790576,0.049214659685863874,0.017576664173522813
010,Medical Devices,2023,13588,6712,0.4939652634677657,0.5618192522814248,0.39247865763909334,0.045702090079481894,0.022225493082131294
010,Medical Devices,2024,14195,6888,0.4852412821415992,0.5840084536808735,0.3692145121521663,0.0467770341669602,0.014441704825642832
010,Medical Devices,2025,14385,6780,0.47132429614181437,0.5620437956204379,0.38748696558915535,0.05046923879040667,0.019117135905457074
011,"Lighting, HVAC & Appliances",1985,1480,721,0.4871621621621622,0.606081081081081,0.31554054054054054,0.07837837837837838,0.09864864864864865
011,"Lighting, HVAC & Appliances",1986,1438,694,0.48261474269819193,0.6585535465924895,0.32684283727399166,0.014603616133518776,0.050764951321279554
011,"Lighting, HVAC & Appliances",1987,1487,717,0.4821788836583726,0.6294552790854069,0.3456624075319435,0.02488231338264963,0.05648957632817754
011,"Lighting, HVAC & Appliances",1988,1488,625,0.4200268817204301,0.6263440860215054,0.35551075268817206,0.018145161290322582,0.05510752688172043
011,"Lighting, HVAC & Appliances",1989,1973,831,0.42118601115053217,0.5575266092245311,0.36898124683223515,0.07349214394323365,0.07754688291941206
011,"Lighting, HVAC & Appliances",1990,2457,1296,0.5274725274725275,0.6011396011396012,0.3707773707773708,0.028083028083028084,0.04884004884004884
011,"Lighting, HVAC & Appliances",1991,2320,1106,0.47672413793103446,0.6008620689655172,0.3612068965517241,0.03793103448275862,0.052155172413793104
011,"Lighting, HVAC & Appliances",1992,2470,1046,0.4234817813765182,0.5647773279352226,0.4040485829959514,0.031174089068825912,0.044534412955465584
011,"Lighting, HVAC & Appliances",1993,2533,1106,0.43663639952625344,0.5752072641136992,0.3841294907224635,0.04066324516383735,0.04776944334780892
011,"Lighting, HVAC & Appliances",1994,2722,1206,0.44305657604702425,0.5613519470977223,0.39603232916972814,0.0426157237325496,0.04922850844966936
011,"Lighting, HVAC & Appliances",1995,3028,1271,0.41974900924702774,0.5320343461030383,0.3890356671070013,0.07892998678996037,0.07232496697490093
011,"Lighting, HVAC & Appliances",1996,3077,1289,0.4189145271368216,0.5281117972050698,0.43971400714982123,0.03217419564510887,0.03802404939876503
011,"Lighting, HVAC & Appliances",1997,3466,1419,0.40940565493364106,0.5210617426428159,0.42440854010386614,0.05452971725331795,0.042989036353144834
011,"Lighting, HVAC & Appliances",1998,3777,1573,0.41646809637278265,0.5295207836907598,0.414614773629865,0.05586444267937517,0.04447974583002383
011,"Lighting, HVAC & Appliances",1999,4173,1829,0.43829379343398034,0.5509225976515696,0.409058231488138,0.04001917086029236,0.03522645578720345
011,"Lighting, HVAC & Appliances",2000,4254,1736,0.4080865068171133,0.5317348377997179,0.42548189938881054,0.04278326281147156,0.031029619181946404
011,"Lighting, HVAC & Appliances",2001,4188,1577,0.3765520534861509,0.4983285577841452,0.4197707736389685,0.08190066857688634,0.047516714422158546
011,"Lighting, HVAC & Appliances",2002,4446,1667,0.37494376968061177,0.4979757085020243,0.4257759784075574,0.07624831309041835,0.04588394062078273
011,"Lighting, HVAC & Appliances",2003,4806,1789,0.3722430295464003,0.4706616729088639,0.4302954640033292,0.09904286308780691,0.05867665418227216
011,"Lighting, HVAC & Appliances",2004,5127,1978,0.3858006631558416,0.4905402769650868,0.40433001755412523,0.10512970548078798,0.05656329237370782
011,"Lighting, HVAC & Appliances",2005,5460,2210,0.40476190476190477,0.5111721611721611,0.4075091575091575,0.08131868131868132,0.057692307692307696
011,"Lighting, HVAC & Appliances",2006,6000,2407,0.40116666666666667,0.49416666666666664,0.4181666666666667,0.08766666666666667,0.047
011,"Lighting, HVAC & Appliances",2007,6442,2644,0.4104315429990686,0.48044085687674637,0.4267308289351133,0.09282831418814033,0.051847252406085065
011,"Lighting, HVAC & Appliances",2008,6186,2525,0.40817976075008083,0.49757516973811833,0.4342062722276107,0.06821855803427093,0.0345942450695118
011,"Lighting, HVAC & Appliances",2009,5927,2429,0.40981947022102244,0.5071705753332209,0.40408300995444574,0.0887464147123334,0.05162814239919015
011,"Lighting, HVAC & Appliances",2010,6220,2636,0.4237942122186495,0.5102893890675241,0.42942122186495174,0.06028938906752412,0.036816720257234724
011,"Lighting, HVAC & Appliances",2011,6485,2577,0.39737856592135695,0.49838087895142635,0.4274479568234387,0.07417116422513492,0.051195065535851965
011,"Lighting, HVAC & Appliances",2012,6379,2519,0.39488948110989186,0.5088571876469666,0.43000470293149395,0.061138109421539424,0.040288446464963164
011,"Lighting, HVAC & Appliances",2013,6859,2636,0.3843125820090392,0.5015308353987462,0.4099722991689751,0.08849686543227876,0.04009330806239977
011,"Lighting, HVAC & Appliances",2014,7475,3089,0.41324414715719066,0.49391304347826087,0.42555183946488295,0.08053511705685619,0.039866220735785954
011,"Lighting, HVAC & Appliances",2015,8506,3742,0.4399247589936515,0.5316247354808371,0.3921937455913473,0.07618151892781566,0.04220550199858923
011,"Lighting, HVAC & Appliances",2016,10450,5148,0.4926315789473684,0.5626794258373206,0.3589473684210526,0.07837320574162679,0.04019138755980861
011,"Lighting, HVAC & Appliances",2017,12920,6927,0.5361455108359133,0.6089783281733746,0.3319659442724458,0.059055727554179566,0.023529411764705882
011,"Lighting, HVAC & Appliances",2018,12710,6657,0.5237608182533439,0.5972462627852085,0.34429583005507475,0.05845790715971676,0.022659323367427223
011,"Lighting, HVAC & Appliances",2019,13849,7501,0.5416275543360531,0.6050978409993502,0.3361975593905697,0.05870459961008015,0.032276698678604956
011,"Lighting, HVAC & Appliances",2020,27194,16787,0.6173052879311612,0.6618371699639627,0.29010075752004116,0.048062072515996174,0.014929763918511436
011,"Lighting, HVAC & Appliances",2021,24575,14791,0.6018718209562564,0.6898067141403865,0.2687283825025432,0.04146490335707019,0.014689725330620549
011,"Lighting, HVAC & Appliances",2022,16518,9384,0.5681075190701054,0.6826492311417848,0.2847196997215159,0.03263106913669936,0.01761714493280058
011,"Lighting, HVAC & Appliances",2023,16810,9761,0.580666270077335,0.7123735871505057,0.2557406305770375,0.03188578227245687,0.017430101130279596
011,"Lighting, HVAC & Appliances",2024,19458,11014,0.566039675197862,0.6998149861239593,0.2685270839757426,0.03165792990029808,0.015006681056634804
011,"Lighting, HVAC & Appliances",2025,18162,9651,0.5313842087875784,0.6677128069595859,0.3062988657636824,0.025988327276731636,0.013654883823367471
012,Vehicles,1985,1540,834,0.5415584415584416,0.577922077922078,0.3344155844155844,0.08766233766233766,0.10454545454545454
012,Vehicles,1986,1492,709,0.47520107238605896,0.5489276139410187,0.4296246648793566,0.021447721179624665,0.06166219839142091
012,Vehicles,1987,1465,676,0.4614334470989761,0.5645051194539249,0.39044368600682594,0.04505119453924915,0.0757679180887372
012,Vehicles,1988,1663,789,0.4744437763078773,0.5706554419723392,0.36019242333132895,0.06915213469633193,0.079374624173181
012,Vehicles,1989,1786,837,0.4686450167973124,0.5683090705487122,0.396976483762598,0.03471444568868981,0.059910414333706606
012,Vehicles,1990,2231,1204,0.5396683101748095,0.5575974899148364,0.38323621694307486,0.05916629314208875,0.0632003585835948
012,Vehicles,1991,2072,1036,0.5,0.5598455598455598,0.38175675675675674,0.0583976833976834,0.06274131274131274
012,Vehicles,1992,2048,973,0.47509765625,0.5595703125,0.3955078125,0.044921875,0.06005859375
012,Vehicles,1993,2364,1165,0.4928087986463621,0.5473773265651438,0.39720812182741116,0.05541455160744501,0.06641285956006768
012,Vehicles,1994,2451,1143,0.4663402692778458,0.5259077927376581,0.41411668706650345,0.05997552019583843,0.06364749082007344
012,Vehicles,1995,2684,1239,0.46162444113263784,0.4981371087928465,0.400521609538003,0.10134128166915052,0.08643815201192251
012,Vehicles,1996,2774,1292,0.4657534246575342,0.5068493150684932,0.3904109589041096,0.10273972602739725,0.059841384282624366
012,Vehicles,1997,3222,1400,0.4345127250155183,0.4829298572315332,0.40068280571073867,0.11638733705772812,0.08131595282433271
012,Vehicles,1998,3260,1493,0.4579754601226994,0.5101226993865031,0.41226993865030676,0.07760736196319018,0.06503067484662577
012,Vehicles,1999,3759,1763,0.4690077148177707,0.529928172386273,0.3846767757382282,0.0853950518754988,0.05879223197658952
012,Vehicles,2000,4280,1883,0.4399532710280374,0.46425233644859815,0.3855140186915888,0.15023364485981308,0.08948598130841122
012,Vehicles,2001,3791,1623,0.42811922975468214,0.4816671063044052,0.3798470060670008,0.13848588762859404,0.07939857557372725
012,Vehicles,2002,4037,1786,0.44240772851127075,0.48427049789447607,0.40104037651721575,0.11468912558830816,0.0644042605895467
012,Vehicles,2003,4388,1917,0.436873290793072,0.48883318140382864,0.4029170464904284,0.10824977210574294,0.052643573381950776
012,Vehicles,2004,4686,2175,0.4641485275288092,0.507895860008536,0.39223218096457535,0.0998719590268886,0.04566794707639778
012,Vehicles,2005,4948,2324,0.4696847210994341,0.49919159256265155,0.4175424413904608,0.08326596604688763,0.04042037186742118
012,Vehicles,2006,4982,2301,0.4618627057406664,0.5036130068245684,0.42151746286631875,0.07486953030911281,0.040947410678442396
012,Vehicles,2007,5178,2344,0.4526844341444573,0.48261877172653533,0.4152182309772113,0.10216299729625337,0.05079181151023561
012,Vehicles,2008,5076,2223,0.4379432624113475,0.4785263987391647,0.42789598108747046,0.09357762017336485,0.04767533490937746
012,Vehicles,2009,4321,1940,0.44897014579958344,0.49965285813469107,0.43670446655866696,0.06364267530664199,0.04883128905345985
012,Vehicles,2010,4621,1986,0.4297771045228306,0.4899372430209911,0.4079203635576715,0.10214239342133738,0.06102575200173123
012,Vehicles,2011,4859,2057,0.42333813541881044,0.48343280510393083,0.4325993002675448,0.08396789462852439,0.04918707552994443
012,Vehicles,2012,4919,2084,0.423663346208579,0.4830250050823338,0.4086196381378329,0.1083553567798333,0.061597885749136
012,Vehicles,2013,5056,2117,0.41871044303797467,0.4825949367088608,0.43789556962025317,0.07950949367088607,0.04054588607594937
012,Vehicles,2014,5569,2423,0.43508708924402945,0.49721673550008977,0.43203447656670857,0.07074878793320165,0.03752917938588615
012,Vehicles,2015,6509,3014,0.4630511599324013,0.5049930864956215,0.41066216008603473,0.08434475341834383,0.049930864956214474
012,Vehicles,2016,7290,3388,0.46474622770919066,0.489437585733882,0.4251028806584362,0.08545953360768176,0.034705075445816184
012,Vehicles,2017,7964,3795,0.47651933701657456,0.5292566549472627,0.3851079859367152,0.0856353591160221,0.028754394776494226
012,Vehicles,2018,8251,3895,0.4720639922433644,0.5273300206035632,0.38419585504787296,0.0884741243485638,0.04811537995394498
012,Vehicles,2019,8621,4415,0.5121215636237095,0.5483122607586127,0.3689827166222016,0.0827050226191857,0.0492982252638905
012,Vehicles,2020,11351,6394,0.5632983878072416,0.620033477226676,0.33952955686723635,0.04043696590608757,0.021584001409567437
012,Vehicles,2021,13205,7315,0.5539568345323741,0.6221885649375236,0.3203332071185157,0.05747822794396062,0.022642938280954185
012,Vehicles,2022,11332,5935,0.5237380868337451,0.6031591951994353,0.3357747970349453,0.06106600776561948,0.02850335333568655
012,Vehicles,2023,11762,6400,0.5441251487842204,0.6327155245706513,0.31091651079748345,0.05636796463186533,0.0283965312021765
012,Vehicles,2024,13660,7729,0.5658125915080527,0.6627379209370424,0.3008784773060029,0.03638360175695461,0.015226939970717423
012,Vehicles,2025,13532,7191,0.5314070351758794,0.6202335205438959,0.3245639964528525,0.05520248300325155,0.025938516109961573
013,Firearms & Pyrotechnics,1985,228,127,0.5570175438596491,0.40789473684210525,0.25877192982456143,0.3333333333333333,0.49122807017543857
013,Firearms & Pyrotechnics,1986,134,81,0.6044776119402985,0.5671641791044776,0.43283582089552236,0.0,0.2537313432835821
013,Firearms & Pyrotechnics,1987,142,78,0.5492957746478874,0.4859154929577465,0.5140845070422535,0.0,0.29577464788732394
013,Firearms & Pyrotechnics,1988,147,76,0.5170068027210885,0.5102040816326531,0.4897959183673469,0.0,0.24489795918367346
013,Firearms & Pyrotechnics,1989,234,84,0.358974358974359,0.4017094017094017,0.3888888888888889,0.2094017094017094,0.3803418803418803
013,Firearms & Pyrotechnics,1990,300,144,0.48,0.45,0.39666666666666667,0.15333333333333332,0.26
013,Firearms & Pyrotechnics,1991,288,146,0.5069444444444444,0.5451388888888888,0.25,0.2048611111111111,0.3194444444444444
013,Firearms & Pyrotechnics,1992,311,148,0.4758842443729904,0.4437299035369775,0.4180064308681672,0.1382636655948553,0.2604501607717042
013,Firearms & Pyrotechnics,1993,343,181,0.5276967930029155,0.478134110787172,0.49271137026239065,0.029154518950437316,0.1924198250728863
013,Firearms & Pyrotechnics,1994,384,153,0.3984375,0.4088541666666667,0.4583333333333333,0.1328125,0.2786458333333333
013,Firearms & Pyrotechnics,1995,462,214,0.46320346320346323,0.30735930735930733,0.33116883116883117,0.36147186147186144,0.4588744588744589
013,Firearms & Pyrotechnics,1996,402,207,0.5149253731343284,0.3582089552238806,0.4925373134328358,0.14925373134328357,0.2512437810945274
013,Firearms & Pyrotechnics,1997,437,202,0.4622425629290618,0.4096109839816934,0.39359267734553777,0.19679633867276888,0.2654462242562929
013,Firearms & Pyrotechnics,1998,377,185,0.4907161803713528,0.46684350132625996,0.4482758620689655,0.08488063660477453,0.1830238726790451
013,Firearms & Pyrotechnics,1999,518,223,0.4305019305019305,0.4092664092664093,0.4111969111969112,0.17953667953667954,0.2548262548262548
013,Firearms & Pyrotechnics,2000,471,210,0.445859872611465,0.3821656050955414,0.4861995753715499,0.1316348195329087,0.2208067940552017
013,Firearms & Pyrotechnics,2001,548,219,0.39963503649635035,0.36678832116788324,0.40693430656934304,0.22627737226277372,0.26824817518248173
013,Firearms & Pyrotechnics,2002,499,230,0.46092184368737477,0.43687374749499,0.4348697394789579,0.1282565130260521,0.19238476953907815
013,Firearms & Pyrotechnics,2003,552,255,0.46195652173913043,0.411231884057971,0.4329710144927536,0.15579710144927536,0.2318840579710145
013,Firearms & Pyrotechnics,2004,582,248,0.4261168384879725,0.3900343642611684,0.39347079037800686,0.21649484536082475,0.24398625429553264
013,Firearms & Pyrotechnics,2005,616,259,0.42045454545454547,0.3961038961038961,0.5064935064935064,0.09740259740259741,0.18181818181818182
013,Firearms & Pyrotechnics,2006,765,320,0.41830065359477125,0.3411764705882353,0.46405228758169936,0.19477124183006536,0.19477124183006536
013,Firearms & Pyrotechnics,2007,736,293,0.39809782608695654,0.38179347826086957,0.4116847826086957,0.20652173913043478,0.20652173913043478
013,Firearms & Pyrotechnics,2008,843,351,0.41637010676156583,0.3333333333333333,0.49228944246737844,0.17437722419928825,0.2040332147093713
013,Firearms & Pyrotechnics,2009,827,344,0.4159613059250302,0.37122128174123337,0.4365175332527207,0.19226118500604594,0.22128174123337363
013,Firearms & Pyrotechnics,2010,798,356,0.44611528822055135,0.41228070175438597,0.474937343358396,0.11278195488721804,0.16165413533834586
013,Firearms & Pyrotechnics,2011,883,436,0.49377123442808607,0.4292185730464326,0.4824462061155153,0.08833522083805209,0.1392978482446206
013,Firearms & Pyrotechnics,2012,929,392,0.4219590958019376,0.43379978471474706,0.4510226049515608,0.11517761033369214,0.155005382131324
013,Firearms & Pyrotechnics,2013,1025,497,0.4848780487804878,0.4741463414634146,0.4624390243902439,0.06341463414634146,0.10829268292682927
013,Firearms & Pyrotechnics,2014,1250,523,0.4184,0.4056,0.452,0.1424,0.1176
013,Firearms & Pyrotechnics,2015,1402,635,0.4529243937232525,0.37945791726105566,0.4900142653352354,0.13052781740370897,0.11626248216833096
013,Firearms & Pyrotechnics,2016,1544,692,0.4481865284974093,0.34650259067357514,0.47797927461139894,0.17551813471502592,0.12370466321243523
013,Firearms & Pyrotechnics,2017,1716,755,0.43997668997669,0.3554778554778555,0.46503496503496505,0.1794871794871795,0.16666666666666666
013,Firearms & Pyrotechnics,2018,1614,687,0.4256505576208178,0.36988847583643125,0.46654275092936803,0.16356877323420074,0.13878562577447337
013,Firearms & Pyrotechnics,2019,1576,794,0.5038071065989848,0.3489847715736041,0.38515228426395937,0.26586294416243655,0.24619289340101522
013,Firearms & Pyrotechnics,2020,1618,713,0.44066749072929545,0.4511742892459827,0.39184177997527814,0.15698393077873918,0.12546353522867737
013,Firearms & Pyrotechnics,2021,1863,892,0.4787976382179281,0.4374664519592056,0.36553945249597425,0.19699409554482017,0.14814814814814814
013,Firearms & Pyrotechnics,2022,1718,699,0.40686845168800934,0.39930151338766007,0.40046565774155995,0.20023282887077998,0.14027939464493597
013,Firearms & Pyrotechnics,2023,1740,684,0.3931034482758621,0.414367816091954,0.3913793103448276,0.19425287356321838,0.18275862068965518
013,Firearms & Pyrotechnics,2024,1678,635,0.37842669845053634,0.4225268176400477,0.4201430274135876,0.1573301549463647,0.14481525625744934
013,Firearms & Pyrotechnics,2025,1748,733,0.4193363844393593,0.4279176201372998,0.4376430205949657,0.13443935926773457,0.11670480549199085
014,Jewelry & Watches,1985,899,505,0.5617352614015573,0.5862068965517241,0.31590656284760843,0.09788654060066741,0.13681868743047831
014,Jewelry & Watches,1986,905,490,0.5414364640883977,0.6375690607734806,0.33591160220994476,0.026519337016574586,0.07955801104972375
014,Jewelry & Watches,1987,927,514,0.5544768069039914,0.6709816612729234,0.30312837108953616,0.025889967637540454,0.07982740021574973
014,Jewelry & Watches,1988,1074,556,0.5176908752327747,0.6163873370577281,0.3584729981378026,0.025139664804469275,0.07169459962756052
014,Jewelry & Watches,1989,1521,832,0.5470085470085471,0.6265614727153189,0.3214990138067061,0.05193951347797501,0.07495069033530571
014,Jewelry & Watches,1990,2583,1806,0.6991869918699187,0.6825396825396826,0.3035230352303523,0.013937282229965157,0.034068912117692605
014,Jewelry & Watches,1991,2228,1392,0.6247755834829444,0.6826750448833034,0.30565529622980253,0.011669658886894075,0.036355475763016155
014,Jewelry & Watches,1992,1837,982,0.5345672291780076,0.6004354926510616,0.3445835601524224,0.054980947196516056,0.06804572672836146
014,Jewelry & Watches,1993,2029,1032,0.5086249383932971,0.5840315426318383,0.35879743716116314,0.05717102020699852,0.06850665352390341
014,Jewelry & Watches,1994,2121,1047,0.49363507779349364,0.5605846298915605,0.40641206977840644,0.033003300330033,0.04997642621404998
014,Jewelry & Watches,1995,2348,1063,0.4527257240204429,0.5587734241908007,0.3419931856899489,0.09923339011925042,0.09923339011925042
014,Jewelry & Watches,1996,2616,1276,0.4877675840978593,0.5462538226299695,0.41437308868501527,0.03937308868501529,0.04969418960244648
014,Jewelry & Watches,1997,3108,1603,0.5157657657657657,0.5495495495495496,0.3857786357786358,0.06467181467181467,0.058236808236808234
014,Jewelry & Watches,1998,3184,1566,0.49183417085427134,0.5521356783919598,0.3913316582914573,0.056532663316582916,0.05025125628140704
014,Jewelry & Watches,1999,3657,1905,0.5209187858900738,0.5540060158599945,0.3800929723817337,0.0659010117582718,0.04894722450095707
014,Jewelry & Watches,2000,3525,1758,0.49872340425531914,0.5778723404255319,0.38354609929078015,0.03858156028368794,0.03858156028368794
014,Jewelry & Watches,2001,3190,1523,0.4774294670846395,0.5357366771159875,0.4103448275862069,0.053918495297805645,0.05642633228840126
014,Jewelry & Watches,2002,3405,1678,0.49280469897209983,0.5715124816446402,0.3932452276064611,0.03524229074889868,0.042878120411160056
014,Jewelry & Watches,2003,3849,1928,0.5009093270979476,0.5575474149129644,0.37879968823070925,0.06365289685632632,0.04156923876331515
014,Jewelry & Watches,2004,4722,2473,0.523718763235917,0.567979669631512,0.34709868699703517,0.08492164337145278,0.062049978822532825
014,Jewelry & Watches,2005,5047,2676,0.5302159698830988,0.5678620962948286,0.3905290271448385,0.04160887656033287,0.04160887656033287
014,Jewelry & Watches,2006,5029,2566,0.5102406044939352,0.5645257506462518,0.3891429707695367,0.04633127858421157,0.03579240405647246
014,Jewelry & Watches,2007,5482,2834,0.5169646114556731,0.5643925574607808,0.3909157241882525,0.0446917183509668,0.032834731849689894
014,Jewelry & Watches,2008,5096,2614,0.5129513343799058,0.5853610675039247,0.3940345368916798,0.020604395604395604,0.025510204081632654
014,Jewelry & Watches,2009,4580,2300,0.5021834061135371,0.5921397379912664,0.3425764192139738,0.06528384279475982,0.04344978165938865
014,Jewelry & Watches,2010,5417,2825,0.5215063688388407,0.5768875761491601,0.3662543843455787,0.056858039505261214,0.04412036182388776
014,Jewelry & Watches,2011,5849,2944,0.5033339032313215,0.5546247221747307,0.3971619080184647,0.04821336980680458,0.031116430159001538
014,Jewelry & Watches,2012,5870,2929,0.4989778534923339,0.5735945485519591,0.36899488926746166,0.05741056218057922,0.03492333901192504
014,Jewelry & Watches,2013,6208,3159,0.5088595360824743,0.5655605670103093,0.38820876288659795,0.046230670103092786,0.028994845360824743
014,Jewelry & Watches,2014,6328,3182,0.5028445006321113,0.566055625790139,0.38732616940581543,0.046618204804045514,0.031289506953223765
014,Jewelry & Watches,2015,7363,3843,0.5219339942958033,0.5746299062881978,0.35175879396984927,0.073611299741953,0.0453619448594323
014,Jewelry & Watches,2016,8186,4893,0.5977278279990227,0.6458587832885414,0.3071096994869289,0.04703151722452968,0.03835817248961642
014,Jewelry & Watches,2017,8955,5385,0.6013400335008375,0.6578447794528196,0.29871580122836405,0.04343941931881631,0.0338358458961474
014,Jewelry & Watches,2018,8824,5262,0.5963281958295558,0.6485720761559384,0.32241613780598366,0.02901178603807797,0.022892112420670897
014,Jewelry & Watches,2019,10104,6202,0.6138163103721298,0.6431116389548693,0.30482977038796516,0.05205859065716548,0.042359461599366585
014,Jewelry & Watches,2020,12373,7791,0.6296775236401843,0.6870605350359654,0.2739836741291522,0.0389557908348824,0.018912147417764487
014,Jewelry & Watches,2021,13451,8560,0.6363839119768047,0.7000223031744852,0.2594602631774589,0.040517433648055906,0.02014720095160211
014,Jewelry & Watches,2022,11120,6801,0.6116007194244605,0.7055755395683453,0.26816546762589927,0.026258992805755395,0.020863309352517987
014,Jewelry & Watches,2023,11027,6965,0.6316314500770835,0.7225900063480548,0.2431304978688673,0.0342794957830779,0.0197696562981772
014,Jewelry & Watches,2024,12220,7502,0.613911620294599,0.7103109656301145,0.25949263502454994,0.030196399345335516,0.016939443535188215
014,Jewelry & Watches,2025,11588,6985,0.6027787366240939,0.6954608215395236,0.2820158784949948,0.02252329996548153,0.01579219882637211
015,Musical Instruments,1985,250,128,0.512,0.392,0.304,0.304,0.448
015,Musical Instruments,1986,172,85,0.4941860465116279,0.5406976744186046,0.45930232558139533,0.0,0.26744186046511625
015,Musical Instruments,1987,138,69,0.5,0.572463768115942,0.427536231884058,0.0,0.2608695652173913
015,Musical Instruments,1988,200,103,0.515,0.49,0.46,0.05,0.275
015,Musical Instruments,1989,185,97,0.5243243243243243,0.6702702702702703,0.32972972972972975,0.0,0.16756756756756758
015,Musical Instruments,1990,239,133,0.5564853556485355,0.5983263598326359,0.3598326359832636,0.04184100418410042,0.200836820083682
015,Musical Instruments,1991,212,114,0.5377358490566038,0.6415094339622641,0.3584905660377358,0.0,0.18867924528301888
015,Musical Instruments,1992,249,132,0.5301204819277109,0.5140562248995983,0.4859437751004016,0.0,0.19678714859437751
015,Musical Instruments,1993,317,180,0.5678233438485805,0.5110410094637224,0.4889589905362776,0.0,0.1829652996845426
015,Musical Instruments,1994,306,138,0.45098039215686275,0.4738562091503268,0.49019607843137253,0.03594771241830065,0.20261437908496732
015,Musical Instruments,1995,407,241,0.5921375921375921,0.43243243243243246,0.3538083538083538,0.21375921375921375,0.31695331695331697
015,Musical Instruments,1996,375,217,0.5786666666666667,0.52,0.408,0.072,0.18933333333333333
015,Musical Instruments,1997,466,228,0.4892703862660944,0.44635193133047213,0.4184549356223176,0.1351931330472103,0.18669527896995708
015,Musical Instruments,1998,412,189,0.4587378640776699,0.5315533980582524,0.4077669902912621,0.06067961165048544,0.16747572815533981
015,Musical Instruments,1999,511,250,0.4892367906066536,0.5264187866927593,0.4187866927592955,0.0547945205479452,0.14090019569471623
015,Musical Instruments,2000,580,259,0.44655172413793104,0.4810344827586207,0.36551724137931035,0.15344827586206897,0.20862068965517241
015,Musical Instruments,2001,441,199,0.4512471655328798,0.5170068027210885,0.4308390022675737,0.05215419501133787,0.16326530612244897
015,Musical Instruments,2002,523,270,0.5162523900573613,0.4780114722753346,0.4646271510516252,0.05736137667304015,0.16061185468451242
015,Musical Instruments,2003,494,270,0.5465587044534413,0.5445344129554656,0.45546558704453444,0.0,0.11538461538461539
015,Musical Instruments,2004,657,360,0.547945205479452,0.528158295281583,0.3911719939117199,0.0806697108066971,0.1506849315068493
015,Musical Instruments,2005,728,394,0.5412087912087912,0.4958791208791209,0.4326923076923077,0.07142857142857142,0.1510989010989011
015,Musical Instruments,2006,771,415,0.5382619974059663,0.47470817120622566,0.45006485084306097,0.07522697795071336,0.13878080415045396
015,Musical Instruments,2007,723,378,0.5228215767634855,0.5449515905947441,0.38035961272475793,0.07468879668049792,0.13692946058091288
015,Musical Instruments,2008,727,353,0.4855570839064649,0.5488308115543329,0.39614855570839064,0.055020632737276476,0.11829436038514443
015,Musical Instruments,2009,593,315,0.5311973018549747,0.5851602023608768,0.38785834738617203,0.026981450252951095,0.1281618887015177
015,Musical Instruments,2010,715,371,0.5188811188811189,0.5132867132867133,0.3594405594405594,0.12727272727272726,0.17902097902097902
015,Musical Instruments,2011,754,443,0.5875331564986738,0.553050397877984,0.40583554376657827,0.04111405835543767,0.1206896551724138
015,Musical Instruments,2012,750,385,0.5133333333333333,0.508,0.452,0.04,0.10933333333333334
015,Musical Instruments,2013,748,387,0.517379679144385,0.5521390374331551,0.42112299465240643,0.026737967914438502,0.0962566844919786
015,Musical Instruments,2014,778,394,0.506426735218509,0.5501285347043702,0.3856041131105398,0.06426735218508997,0.12467866323907455
015,Musical Instruments,2015,809,452,0.5587144622991347,0.5562422744128553,0.3992583436341162,0.04449938195302843,0.11742892459826947
015,Musical Instruments,2016,935,536,0.5732620320855615,0.5347593582887701,0.36149732620320857,0.10374331550802139,0.14224598930481283
015,Musical Instruments,2017,1065,658,0.6178403755868545,0.5596244131455399,0.3276995305164319,0.11267605633802817,0.14272300469483568
015,Musical Instruments,2018,1016,599,0.5895669291338582,0.5767716535433071,0.32086614173228345,0.10236220472440945,0.14173228346456693
015,Musical Instruments,2019,1361,878,0.6451138868479059,0.4937545922116091,0.28802351212343863,0.21822189566495223,0.23585598824393827
015,Musical Instruments,2020,1700,1014,0.5964705882352941,0.6629411764705883,0.2688235294117647,0.06823529411764706,0.09294117647058824
015,Musical Instruments,2021,1670,1029,0.6161676646706586,0.629940119760479,0.2467065868263473,0.12335329341317365,0.12335329341317365
015,Musical Instruments,2022,1123,652,0.5805877114870882,0.6892252894033838,0.26268922528940336,0.04808548530721282,0.08637577916295637
015,Musical Instruments,2023,1218,740,0.6075533661740559,0.7192118226600985,0.2044334975369458,0.07635467980295567,0.10426929392446634
015,Musical Instruments,2024,1261,691,0.5479777954004759,0.71847739888977,0.253766851704996,0.02775574940523394,0.06661379857256146
015,Musical Instruments,2025,1101,625,0.5676657584014533,0.7175295186194369,0.27338782924613986,0.009082652134423252,0.06085376930063579
016,"Paper, Print & Office",1985,4731,2501,0.5286408793067005,0.5992390615091947,0.3648277319805538,0.03593320651025153,0.033819488480236734
016,"Paper, Print & Office",1986,5070,2489,0.49092702169625246,0.5611439842209073,0.39684418145956607,0.042011834319526625,0.03806706114398422
016,"Paper, Print & Office",1987,5390,2629,0.48775510204081635,0.587012987012987,0.3614100185528757,0.05157699443413729,0.030241187384044528
016,"Paper, Print & Office",1988,5823,2813,0.4830843207968401,0.5845783960157994,0.3661342950369226,0.049287308947278036,0.03159883221707024
016,"Paper, Print & Office",1989,7197,3364,0.46741697929692927,0.5402250937890788,0.3829373350006947,0.07683757121022648,0.051271363067944976
016,"Paper, Print & Office",1990,10262,5941,0.5789319820697719,0.5659715455076983,0.3646462677840577,0.069382186708244,0.023387253946599105
016,"Paper, Print & Office",1991,9862,5016,0.5086189413911986,0.5455282904076252,0.3734536605151085,0.08101804907726627,0.02970999797201379
016,"Paper, Print & Office",1992,10421,4849,0.4653104308607619,0.5232703195470684,0.386335284521639,0.09039439593129259,0.030803185874676134
016,"Paper, Print & Office",1993,12502,5738,0.45896656534954405,0.5093585026395777,0.37601983682610784,0.11462166053431451,0.04991201407774756
016,"Paper, Print & Office",1994,12531,5690,0.4540738967360945,0.5187933923868805,0.39462133907908387,0.08658526853403559,0.02441943978932248
016,"Paper, Print & Office",1995,13739,6304,0.4588397991120169,0.5134289249581483,0.4014848242230148,0.08508625081883689,0.03188004949414077
016,"Paper, Print & Office",1996,15262,6836,0.4479098414362469,0.49652732276241646,0.41023456951906695,0.09323810771851658,0.026077840387891495
016,"Paper, Print & Office",1997,16149,7312,0.4527834540838442,0.50356059198712,0.4086940367824633,0.08774537123041674,0.02260201870084835
016,"Paper, Print & Office",1998,16458,7423,0.4510268562401264,0.5085065013974966,0.41056021387774944,0.08093328472475392,0.01889658524729615
016,"Paper, Print & Office",1999,20078,9555,0.475894013347943,0.5057774678752864,0.39361490188265763,0.10060763024205598,0.020769000896503634
016,"Paper, Print & Office",2000,19762,9493,0.4803663596801943,0.5121951219512195,0.39995951826738185,0.08784535978139864,0.021404716121850017
016,"Paper, Print & Office",2001,17076,7163,0.41947762942141015,0.477512297962052,0.373682361208714,0.14880534082923402,0.09486999297259312
016,"Paper, Print & Office",2002,15598,7242,0.4642902936273881,0.5287216309783306,0.39222977304782664,0.0790485959738428,0.022438774201820746
016,"Paper, Print & Office",2003,16276,7698,0.47296633079380684,0.5415949864831654,0.38099041533546324,0.07741459818137135,0.026296387318751537
016,"Paper, Print & Office",2004,17986,8625,0.479539641943734,0.5373067941732459,0.3724563549427332,0.0902368508840209,0.030190147892805514
016,"Paper, Print & Office",2005,18825,8712,0.46278884462151393,0.5281274900398406,0.3821513944223108,0.0897211155378486,0.02411686586985392
016,"Paper, Print & Office",2006,18480,8678,0.4695887445887446,0.5371212121212121,0.39940476190476193,0.06347402597402597,0.0183982683982684
016,"Paper, Print & Office",2007,19757,9420,0.47679303537986534,0.53034367565926,0.39732752948322114,0.07232879485751885,0.020903983398289215
016,"Paper, Print & Office",2008,18191,8683,0.4773239514045407,0.55538453081194,0.38881864658347537,0.055796822604584684,0.016381727227749988
016,"Paper, Print & Office",2009,15247,7351,0.48212763166524564,0.572571653440021,0.3734505148553814,0.05397783170459763,0.019938348527579197
016,"Paper, Print & Office",2010,15230,7377,0.48437294812869336,0.5684832567301379,0.3757058437294813,0.05581089954038083,0.018122127380170716
016,"Paper, Print & Office",2011,15497,7371,0.4756404465380396,0.5635929534748662,0.39317287216880686,0.04323417435632703,0.019874814480221978
016,"Paper, Print & Office",2012,15014,7026,0.46796323431463965,0.5684028240309045,0.3825096576528573,0.04908751831623818,0.018649260690022644
016,"Paper, Print & Office",2013,14529,6923,0.476495285291486,0.5709959391561704,0.38440360657994355,0.04460045426388602,0.01700048179503063
016,"Paper, Print & Office",2014,14311,6642,0.4641185102368807,0.5648801621130599,0.39088812801341627,0.044231709873523865,0.016001677031653973
016,"Paper, Print & Office",2015,15331,7435,0.48496510338529775,0.580588350401148,0.37981866805818276,0.03959298154066923,0.016502511251712218
016,"Paper, Print & Office",2016,15555,7649,0.4917389906782385,0.5752491160398586,0.3879781420765027,0.0367727418836387,0.016650594664095145
016,"Paper, Print & Office",2017,16995,8742,0.5143865842894969,0.5955869373345102,0.3603412768461312,0.04407178581935863,0.019240953221535746
016,"Paper, Print & Office",2018,18260,9534,0.5221248630887185,0.5898138006571741,0.36626506024096384,0.043921139101861996,0.015169769989047097
016,"Paper, Print & Office",2019,18860,10060,0.5334040296924708,0.6083244962884411,0.34262990455991515,0.04904559915164369,0.024178154825026513
016,"Paper, Print & Office",2020,24822,14615,0.5887922004673274,0.6588510192571106,0.3102892595278382,0.030859721215051164,0.010555152687132382
016,"Paper, Print & Office",2021,25846,15350,0.5939023446568135,0.6637777605819082,0.30403157161649774,0.032190667801594054,0.011645902654182465
016,"Paper, Print & Office",2022,21898,12618,0.5762170061192803,0.6642159101287789,0.3048680244771212,0.03091606539409992,0.013928212622157274
016,"Paper, Print & Office",2023,22544,13283,0.5892033356990773,0.6796486870120653,0.2885024840312278,0.03184882895670688,0.01144428672817601
016,"Paper, Print & Office",2024,24412,14556,0.5962641323939046,0.6952318531869572,0.2767901032279207,0.02797804358512207,0.012207111256758971
016,"Paper, Print & Office",2025,25774,15750,0.6110809342748507,0.6864281834406767,0.2907193295569178,0.022852487002405525,0.009622099790486538
017,Rubber & Insulators,1985,822,355,0.4318734793187348,0.5997566909975669,0.3077858880778589,0.09245742092457421,0.13990267639902676
017,Rubber & Insulators,1986,641,276,0.43057722308892354,0.6770670826833073,0.32293291731669266,0.0,0.08892355694227769
017,Rubber & Insulators,1987,742,306,0.4123989218328841,0.6482479784366577,0.33827493261455527,0.013477088948787063,0.07412398921832884
017,Rubber & Insulators,1988,774,301,0.3888888888888889,0.6757105943152455,0.3242894056847545,0.0,0.07364341085271318
017,Rubber & Insulators,1989,889,351,0.3948256467941507,0.6209223847019123,0.37907761529808776,0.0,0.06074240719910011
017,Rubber & Insulators,1990,1022,528,0.5166340508806262,0.675146771037182,0.324853228962818,0.0,0.05185909980430528
017,Rubber & Insulators,1991,976,414,0.42418032786885246,0.639344262295082,0.35040983606557374,0.010245901639344262,0.06454918032786885
017,Rubber & Insulators,1992,884,358,0.40497737556561086,0.6504524886877828,0.3495475113122172,0.0,0.05995475113122172
017,Rubber & Insulators,1993,1050,420,0.4,0.5866666666666667,0.4038095238095238,0.009523809523809525,0.07428571428571429
017,Rubber & Insulators,1994,1014,416,0.41025641025641024,0.6143984220907298,0.363905325443787,0.021696252465483234,0.08481262327416174
017,Rubber & Insulators,1995,1115,524,0.46995515695067264,0.5730941704035875,0.357847533632287,0.06905829596412556,0.11569506726457399
017,Rubber & Insulators,1996,1261,555,0.4401268834258525,0.5789056304520223,0.3996827914353688,0.02141157811260904,0.06740681998413957
017,Rubber & Insulators,1997,1376,574,0.4171511627906977,0.5959302325581395,0.35828488372093026,0.04578488372093023,0.07340116279069768
017,Rubber & Insulators,1998,1479,628,0.42461122379986477,0.5841784989858012,0.38742393509127787,0.028397565922920892,0.05747126436781609
017,Rubber & Insulators,1999,1521,647,0.4253780407626562,0.608809993425378,0.3629191321499014,0.02827087442472058,0.062458908612754764
017,Rubber & Insulators,2000,1548,656,0.42377260981912146,0.6156330749354005,0.3624031007751938,0.021963824289405683,0.05232558139534884
017,Rubber & Insulators,2001,1534,604,0.39374185136897,0.5749674054758801,0.40091264667535853,0.024119947848761408,0.05541069100391134
017,Rubber & Insulators,2002,1617,610,0.3772418058132344,0.5349412492269635,0.4458874458874459,0.0191713048855906,0.051329622758194186
017,Rubber & Insulators,2003,1565,630,0.402555910543131,0.5840255591054313,0.3782747603833866,0.03769968051118211,0.0645367412140575
017,Rubber & Insulators,2004,1641,672,0.40950639853747717,0.5478366849482024,0.42900670322973794,0.02315661182205972,0.06337599024984765
017,Rubber & Insulators,2005,1891,753,0.39820200951877316,0.5346377578001058,0.44103648863035433,0.024325753569539928,0.05288207297726071
017,Rubber & Insulators,2006,1874,748,0.3991462113127001,0.5336179295624333,0.4445037353255069,0.021878335112059766,0.05016008537886873
017,Rubber & Insulators,2007,2233,842,0.37707120465741156,0.5082848186296463,0.4612628750559785,0.03045230631437528,0.048813255709807435
017,Rubber & Insulators,2008,2209,826,0.3739248528746039,0.5038478949751019,0.4590312358533273,0.03712086917157085,0.05432322317790855
017,Rubber & Insulators,2009,1930,750,0.38860103626943004,0.5455958549222798,0.42383419689119173,0.030569948186528497,0.05129533678756477
017,Rubber & Insulators,2010,2001,775,0.3873063468265867,0.5187406296851574,0.4362818590704648,0.044977511244377814,0.059470264867566215
017,Rubber & Insulators,2011,2035,745,0.36609336609336607,0.5213759213759214,0.4353808353808354,0.043243243243243246,0.055036855036855035
017,Rubber & Insulators,2012,1987,725,0.3648716658278812,0.5405133366884751,0.4207347760442879,0.038751887267237044,0.05586311021640664
017,Rubber & Insulators,2013,2111,768,0.3638086215063951,0.4864992894362861,0.4680246328754145,0.045476077688299386,0.06489815253434392
017,Rubber & Insulators,2014,2090,781,0.3736842105263158,0.5287081339712919,0.454066985645933,0.01722488038277512,0.04736842105263158
017,Rubber & Insulators,2015,2167,798,0.3682510383017997,0.5214582371942778,0.4494693124134749,0.029072450392247345,0.050299953853253344
017,Rubber & Insulators,2016,2449,978,0.3993466721110657,0.4985708452429563,0.4467129440587995,0.05471621069824418,0.0620661494487546
017,Rubber & Insulators,2017,2765,1097,0.39674502712477394,0.5215189873417722,0.4177215189873418,0.060759493670886074,0.060759493670886074
017,Rubber & Insulators,2018,2564,1068,0.4165366614664587,0.5659126365054602,0.4044461778471139,0.029641185647425898,0.04914196567862714
017,Rubber & Insulators,2019,2986,1353,0.4531145344943068,0.5066979236436705,0.391158740790355,0.10214333556597455,0.10951105157401206
017,Rubber & Insulators,2020,3187,1381,0.4333228741763414,0.5644807028553499,0.39661123313460933,0.038908064010040794,0.04926262943206777
017,Rubber & Insulators,2021,3343,1581,0.47292850732874664,0.5860005982650314,0.358659886329644,0.05533951540532456,0.06042476817230033
017,Rubber & Insulators,2022,2945,1277,0.433616298811545,0.5813242784380306,0.37758913412563666,0.04108658743633277,0.046519524617996605
017,Rubber & Insulators,2023,3131,1373,0.4385180453529224,0.6042797828169914,0.3554774832321942,0.04024273395081444,0.04567230916640051
017,Rubber & Insulators,2024,3432,1566,0.4562937062937063,0.6121794871794872,0.358974358974359,0.028846153846153848,0.03613053613053613
017,Rubber & Insulators,2025,3137,1390,0.4430985017532674,0.6133248326426523,0.37934332164488366,0.007331845712464138,0.025502072043353523
018,Leather & Luggage,1985,813,449,0.5522755227552275,0.5904059040590406,0.2964329643296433,0.11316113161131611,0.15990159901599016
018,Leather & Luggage,1986,809,402,0.4969097651421508,0.5970333745364648,0.40296662546353523,0.0,0.0754017305315204
018,Leather & Luggage,1987,770,372,0.4831168831168831,0.6961038961038961,0.3038961038961039,0.0,0.07922077922077922
018,Leather & Luggage,1988,851,407,0.4782608695652174,0.63689776733255,0.36310223266745006,0.0,0.06580493537015276
018,Leather & Luggage,1989,1118,515,0.4606440071556351,0.6037567084078712,0.3810375670840787,0.01520572450805009,0.06976744186046512
018,Leather & Luggage,1990,1686,978,0.5800711743772242,0.6370106761565836,0.3487544483985765,0.014234875444839857,0.04863582443653618
018,Leather & Luggage,1991,1398,697,0.49856938483547925,0.6373390557939914,0.34120171673819744,0.02145922746781116,0.05722460658082976
018,Leather & Luggage,1992,1478,701,0.4742895805142084,0.577807848443843,0.38633288227334234,0.03585926928281461,0.06562922868741543
018,Leather & Luggage,1993,1679,765,0.45562835020845743,0.5598570577724836,0.40262060750446693,0.03752233472304944,0.06015485407980941
018,Leather & Luggage,1994,1815,838,0.46170798898071624,0.571900826446281,0.40110192837465564,0.02699724517906336,0.05289256198347107
018,Leather & Luggage,1995,2131,1004,0.47114030971374943,0.5574847489441577,0.37447207883622713,0.0680431722196152,0.08822149225715627
018,Leather & Luggage,1996,2351,1004,0.42705231816248407,0.5499787324542748,0.3879200340280732,0.062101233517652066,0.062101233517652066
018,Leather & Luggage,1997,2649,1154,0.4356360890902227,0.551528878822197,0.3775009437523594,0.07097017742544356,0.06342015855039637
018,Leather & Luggage,1998,2658,1185,0.445823927765237,0.59255079006772,0.37434161023325807,0.03310759969902182,0.04251316779533484
018,Leather & Luggage,1999,3123,1433,0.45885366634646174,0.5734870317002881,0.3685558757604867,0.057957092539225104,0.05475504322766571
018,Leather & Luggage,2000,3249,1509,0.4644506001846722,0.5752539242843951,0.391812865497076,0.032933210218528776,0.04093567251461988
018,Leather & Luggage,2001,2761,1247,0.4516479536399855,0.5711698659905832,0.3792104310032597,0.04961970300615719,0.05903658094893155
018,Leather & Luggage,2002,3110,1379,0.44340836012861734,0.5794212218649518,0.40160771704180065,0.018971061093247588,0.03247588424437299
018,Leather & Luggage,2003,3444,1614,0.4686411149825784,0.5862369337979094,0.3719512195121951,0.041811846689895474,0.04442508710801394
018,Leather & Luggage,2004,4397,2192,0.49852171935410505,0.6042756424835115,0.35819877188992494,0.037525585626563565,0.03957243575164885
018,Leather & Luggage,2005,4787,2350,0.490912889074577,0.5849174848548151,0.39085021934405684,0.024232295801128054,0.031752663463547104
018,Leather & Luggage,2006,5314,2588,0.48701543093714716,0.5718855852465187,0.383703424915318,0.04441098983816334,0.03838916070756492
018,Leather & Luggage,2007,5969,2996,0.5019266208745183,0.5717875691070531,0.3848215781537946,0.04339085273915229,0.03116099849220975
018,Leather & Luggage,2008,5824,2885,0.495364010989011,0.584478021978022,0.3715659340659341,0.04395604395604396,0.03176510989010989
018,Leather & Luggage,2009,4855,2355,0.4850669412976313,0.6098867147270854,0.3664263645726056,0.02368692070030896,0.028836251287332648
018,Leather & Luggage,2010,5371,2583,0.48091603053435117,0.5822007075032583,0.38596164587600074,0.03183764662074102,0.028113945261590022
018,Leather & Luggage,2011,5803,2789,0.4806134757883853,0.5703946234706186,0.4013441323453386,0.028261244184042737,0.02481475099086679
018,Leather & Luggage,2012,6030,3018,0.5004975124378109,0.6041459369817579,0.3679933665008292,0.027860696517412936,0.022885572139303482
018,Leather & Luggage,2013,6332,3078,0.4861023373341756,0.5923878711307644,0.38439671509791534,0.02321541377132028,0.02321541377132028
018,Leather & Luggage,2014,6552,3268,0.4987789987789988,0.610958485958486,0.37545787545787546,0.013583638583638584,0.017704517704517704
018,Leather & Luggage,2015,7710,4006,0.5195849546044099,0.6102464332036317,0.36472114137483785,0.02503242542153048,0.019844357976653695
018,Leather & Luggage,2016,9041,5074,0.5612211038601924,0.6626479371750913,0.31323968587545625,0.024112376949452494,0.020683552704346863
018,Leather & Luggage,2017,11091,6370,0.5743395545938148,0.6645027499774592,0.31124335046434043,0.024253899558200342,0.01965557659363448
018,Leather & Luggage,2018,11657,6703,0.5750193017071288,0.6701552715106803,0.3108861628206228,0.01895856566869692,0.017242858368362358
018,Leather & Luggage,2019,12623,7355,0.5826665610393725,0.6668779212548522,0.29367028440148935,0.0394517943436584,0.03438168422720431
018,Leather & Luggage,2020,14693,8802,0.599060777240863,0.6848158987272851,0.29435785748315524,0.020826243789559655,0.012659089362281358
018,Leather & Luggage,2021,16067,9643,0.6001742702433559,0.7125163378353147,0.26420613680214106,0.023277525362544346,0.015622082529408103
018,Leather & Luggage,2022,13148,7416,0.5640401581989656,0.6903711591116519,0.29114694250076056,0.018481898387587466,0.013766352296927289
018,Leather & Luggage,2023,13950,8304,0.595268817204301,0.7127598566308244,0.2623655913978495,0.024874551971326164,0.014480286738351255
018,Leather & Luggage,2024,14927,8541,0.5721846318751256,0.6964560862865947,0.27922556441347895,0.02431834929992631,0.0171501306357607
018,Leather & Luggage,2025,13355,7452,0.5579932609509547,0.6817671284163235,0.30348184200673906,0.014751029576937476,0.011007113440658928
019,Building Materials,1985,918,450,0.49019607843137253,0.5174291938997821,0.3224400871459695,0.16013071895424835,0.17973856209150327
019,Building Materials,1986,804,406,0.5049751243781094,0.6082089552238806,0.3445273631840796,0.0472636815920398,0.09701492537313433
019,Building Materials,1987,850,435,0.5117647058823529,0.64,0.3423529411764706,0.01764705882352941,0.07411764705882352
019,Building Materials,1988,893,468,0.5240761478163494,0.6282194848824189,0.3717805151175812,0.0,0.0593505039193729
019,Building Materials,1989,1081,499,0.4616096207215541,0.5180388529139686,0.4431082331174838,0.03885291396854764,0.08603145235892692
019,Building Materials,1990,1305,717,0.5494252873563218,0.5869731800766284,0.3839080459770115,0.029118773946360154,0.06513409961685823
019,Building Materials,1991,1286,684,0.5318818040435459,0.604199066874028,0.36858475894245724,0.027216174183514776,0.0660964230171073
019,Building Materials,1992,1221,577,0.4725634725634726,0.5724815724815725,0.39803439803439805,0.029484029484029485,0.0687960687960688
019,Building Materials,1993,1342,656,0.488822652757079,0.5588673621460507,0.4336810730253353,0.007451564828614009,0.05737704918032787
019,Building Materials,1994,1370,637,0.464963503649635,0.5722627737226277,0.4197080291970803,0.008029197080291971,0.05547445255474453
019,Building Materials,1995,1602,787,0.4912609238451935,0.5518102372034956,0.39325842696629215,0.05493133583021224,0.09113607990012484
019,Building Materials,1996,1618,841,0.5197775030902348,0.5482076637824475,0.42088998763906055,0.030902348578491966,0.06242274412855377
019,Building Materials,1997,1950,881,0.4517948717948718,0.5348717948717949,0.3902564102564103,0.07487179487179488,0.07487179487179488
019,Building Materials,1998,2017,959,0.47545860188398614,0.5294992563212693,0.42340109072880516,0.04709965294992563,0.05850272682201289
019,Building Materials,1999,2180,1060,0.48623853211009177,0.5532110091743119,0.4215596330275229,0.02522935779816514,0.0481651376146789
019,Building Materials,2000,2381,1130,0.4745905081898362,0.5434691306173877,0.40613187736245276,0.0503989920201596,0.05795884082318354
019,Building Materials,2001,2276,1015,0.44595782073813706,0.515817223198594,0.45123022847100175,0.032952548330404216,0.04745166959578207
019,Building Materials,2002,2496,1090,0.43669871794871795,0.4967948717948718,0.4599358974358974,0.04326923076923077,0.05368589743589743
019,Building Materials,2003,2644,1184,0.44780635400907715,0.5018910741301059,0.4546142208774584,0.043494704992435705,0.05030257186081694
019,Building Materials,2004,2856,1321,0.46253501400560226,0.5143557422969187,0.44677871148459386,0.038865546218487396,0.045168067226890755
019,Building Materials,2005,3312,1489,0.44957729468599034,0.4867149758454106,0.46708937198067635,0.04619565217391304,0.043176328502415456
019,Building Materials,2006,3467,1621,0.4675511970002884,0.49408710700894143,0.46726276319584653,0.038650129795212,0.038650129795212
019,Building Materials,2007,3535,1633,0.4619519094766619,0.5032531824611033,0.46364922206506365,0.0330975954738331,0.03818953323903819
019,Building Materials,2008,3448,1452,0.4211136890951276,0.4759280742459397,0.4617169373549884,0.06235498839907193,0.05249419953596288
019,Building Materials,2009,2904,1282,0.4414600550964187,0.5316804407713499,0.45075757575757575,0.01756198347107438,0.03753443526170799
019,Building Materials,2010,2800,1269,0.45321428571428574,0.5196428571428572,0.44035714285714284,0.04,0.04607142857142857
019,Building Materials,2011,3014,1314,0.4359654943596549,0.4930325149303251,0.493364299933643,0.013603185136031851,0.033178500331785
019,Building Materials,2012,2682,1161,0.43288590604026844,0.5246085011185683,0.4280387770320656,0.04735272184936615,0.05070842654735272
019,Building Materials,2013,2835,1098,0.3873015873015873,0.48818342151675487,0.44056437389770725,0.07125220458553792,0.0638447971781305
019,Building Materials,2014,2919,1188,0.40698869475847893,0.48749571771154504,0.473449811579308,0.03905447070914697,0.045220966084275435
019,Building Materials,2015,3327,1374,0.41298467087466184,0.46378118425007514,0.47099489029155395,0.0652239254583709,0.05229936880072137
019,Building Materials,2016,3501,1450,0.4141673807483576,0.4721508140531277,0.4384461582405027,0.08940302770636961,0.0588403313339046
019,Building Materials,2017,3822,1676,0.43851386708529566,0.47906855049712194,0.44479330193615907,0.076138147566719,0.05023547880690738
019,Building Materials,2018,3688,1562,0.4235357917570499,0.47586767895878523,0.4408893709327549,0.08324295010845988,0.058297180043383946
019,Building Materials,2019,4029,1796,0.4457681806899975,0.45147679324894513,0.4085380987838173,0.13998510796723754,0.117150657731447
019,Building Materials,2020,3828,1621,0.4234587251828631,0.49555903866248696,0.41901776384535006,0.08542319749216301,0.062434691745036575
019,Building Materials,2021,4236,1862,0.4395656279508971,0.472851746931067,0.4060434372049103,0.12110481586402266,0.0906515580736544
019,Building Materials,2022,3728,1604,0.4302575107296137,0.48256437768240346,0.40450643776824036,0.11292918454935623,0.0828862660944206
019,Building Materials,2023,4066,1869,0.45966551893753077,0.5191834727004427,0.4085095917363502,0.07230693556320708,0.05902606984751599
019,Building Materials,2024,4418,1940,0.43911272068809415,0.5106382978723404,0.40810321412403805,0.08125848800362155,0.0615663196016297
019,Building Materials,2025,3891,1693,0.435106656386533,0.5080956052428681,0.42688254947314314,0.06502184528398869,0.05140066820868671
020,Furniture,1985,1508,847,0.5616710875331565,0.6478779840848806,0.3017241379310345,0.050397877984084884,0.08421750663129973
020,Furniture,1986,1513,835,0.5518836748182419,0.6609385327164574,0.3304692663582287,0.008592200925313946,0.05221414408460013
020,Furniture,1987,1547,855,0.552682611506141,0.6903684550743374,0.2902391725921138,0.019392372333548805,0.04848093083387201
020,Furniture,1988,1709,862,0.5043885313048566,0.6676418958455237,0.3253364540667057,0.007021650087770626,0.04388531304856641
020,Furniture,1989,2060,1113,0.5402912621359224,0.670388349514563,0.3296116504854369,0.0,0.036893203883495145
020,Furniture,1990,2965,1810,0.6104553119730185,0.6569983136593592,0.3160202360876897,0.026981450252951095,0.045531197301854974
020,Furniture,1991,2649,1352,0.5103812759531898,0.6138165345413363,0.34805587013967537,0.038127595318988294,0.04945262363155908
020,Furniture,1992,2785,1301,0.4671454219030521,0.5895870736086176,0.36696588868940755,0.04344703770197487,0.05780969479353681
020,Furniture,1993,3079,1434,0.4657356284507957,0.5722637219876583,0.36472880805456315,0.0630074699577785,0.0597596622279961
020,Furniture,1994,3088,1407,0.45563471502590674,0.591321243523316,0.35751295336787564,0.05116580310880829,0.05408031088082901
020,Furniture,1995,3398,1577,0.4640965273690406,0.5741612713360801,0.34255444379046496,0.08328428487345498,0.07151265450264861
020,Furniture,1996,3535,1575,0.44554455445544555,0.5485148514851486,0.39377652050919376,0.05770862800565771,0.04893917963224894
020,Furniture,1997,4089,1739,0.42528735632183906,0.5304475421863536,0.3775984348251406,0.09195402298850575,0.043775984348251404
020,Furniture,1998,4357,2033,0.4666054624741795,0.5535919210465917,0.39820977736974983,0.04819830158365848,0.03878815698875373
020,Furniture,1999,4997,2474,0.495097058234941,0.592555533319992,0.3590154092455473,0.04842905743446067,0.035621372823694215
020,Furniture,2000,4763,2320,0.4870879697669536,0.5855553222758766,0.3546084400587865,0.05983623766533697,0.037161452865840855
020,Furniture,2001,4250,1817,0.4275294117647059,0.5496470588235294,0.38423529411764706,0.06611764705882353,0.04823529411764706
020,Furniture,2002,4635,1980,0.42718446601941745,0.5382955771305286,0.3900755124056095,0.07162891046386193,0.05005393743257821
020,Furniture,2003,5119,2137,0.4174643485055675,0.5319398319984372,0.3887478023051377,0.07931236569642508,0.04532135182652862
020,Furniture,2004,5342,2395,0.44833395731935605,0.5672032946461999,0.35642081617371774,0.07637588918008237,0.04062149007862224
020,Furniture,2005,5542,2513,0.45344640923854207,0.5669433417538795,0.38090941898231684,0.05214723926380368,0.031757488271382174
020,Furniture,2006,5813,2613,0.4495097195940134,0.5425769826251505,0.3992774815069671,0.058145535867882334,0.03646998107689661
020,Furniture,2007,6415,2870,0.4473889321901793,0.5406079501169135,0.4028059236165238,0.056586126266562745,0.031021044427123928
020,Furniture,2008,5670,2489,0.43897707231040567,0.5654320987654321,0.3888888888888889,0.04567901234567901,0.03051146384479718
020,Furniture,2009,5197,2270,0.43679045603232636,0.5614777756397922,0.39907639022512986,0.03944583413507793,0.02905522416778911
020,Furniture,2010,5661,2331,0.4117647058823529,0.5463698993110758,0.3815580286168522,0.07207207207207207,0.04292527821939587
020,Furniture,2011,5753,2333,0.40552755084303843,0.532070224230836,0.4117851555710064,0.05614462019815748,0.037197983660698763
020,Furniture,2012,5861,2441,0.41648182903941305,0.5384746630267873,0.3943013137689814,0.06722402320423136,0.04043678553147927
020,Furniture,2013,6090,2512,0.4124794745484401,0.5275862068965518,0.41083743842364534,0.06157635467980296,0.035796387520525455
020,Furniture,2014,6333,2657,0.41954839728406756,0.5379756829306805,0.40028422548555187,0.061740091583767566,0.04073898626243486
020,Furniture,2015,7105,2991,0.4209711470795215,0.5297677691766361,0.3877551020408163,0.0824771287825475,0.03940886699507389
020,Furniture,2016,8343,3875,0.4644612249790243,0.5585520795876783,0.37732230612489515,0.06412561428742658,0.02708857725038955
020,Furniture,2017,10778,5261,0.48812395620708854,0.5715346075338653,0.3525700501020598,0.07589534236407497,0.02885507515308963
020,Furniture,2018,11285,5564,0.4930438635356668,0.5801506424457245,0.3442622950819672,0.07558706247230837,0.03030571555161719
020,Furniture,2019,12106,6395,0.5282504543201718,0.6127540062778788,0.32116305963984804,0.06608293408227325,0.03584999173963324
020,Furniture,2020,20963,12712,0.6064017554739303,0.683203739922721,0.2750083480417879,0.04178791203549111,0.011878070886800554
020,Furniture,2021,22839,14344,0.6280485135075966,0.7296291431323613,0.23236569026664916,0.038005166600989536,0.013923551819256535
020,Furniture,2022,17614,10930,0.6205291245600091,0.7381628250255479,0.23833314408992848,0.023504030884523675,0.013398433064607699
020,Furniture,2023,20427,13429,0.6574142066872277,0.7683458168110834,0.20884123953590836,0.022812943653008275,0.011798110344152348
020,Furniture,2024,23344,14821,0.6348954763536669,0.7539838930774503,0.21483036326250857,0.031185743660041124,0.01426490747087046
020,Furniture,2025,21515,13043,0.6062282128747386,0.7297699279572392,0.2499651405995817,0.020264931443179177,0.008738089704857076
021,Household Utensils,1985,1296,591,0.45601851851851855,0.5864197530864198,0.3194444444444444,0.0941358024691358,0.125
021,Household Utensils,1986,1238,507,0.4095315024232633,0.5694668820678513,0.3602584814216478,0.07027463651050081,0.10420032310177706
021,Household Utensils,1987,1205,543,0.45062240663900416,0.6224066390041494,0.3269709543568465,0.05062240663900415,0.08298755186721991
021,Household Utensils,1988,1288,546,0.42391304347826086,0.6156832298136646,0.35403726708074534,0.030279503105590064,0.06987577639751552
021,Household Utensils,1989,1681,684,0.40690065437239736,0.5812016656751934,0.3682331945270672,0.05056513979773944,0.06900654372397383
021,Household Utensils,1990,2388,1233,0.5163316582914573,0.5703517587939698,0.3898659966499162,0.039782244556113906,0.05695142378559464
021,Household Utensils,1991,2143,978,0.4563695753616426,0.6005599626691553,0.3621091927204853,0.03733084461035931,0.05226318245450303
021,Household Utensils,1992,2386,1061,0.4446772841575859,0.5683151718357083,0.40863369656328585,0.02305113160100587,0.04400670578373848
021,Household Utensils,1993,2664,1203,0.45157657657657657,0.5844594594594594,0.38926426426426425,0.026276276276276277,0.041666666666666664
021,Household Utensils,1994,2727,1184,0.43417675100843417,0.5815914924825816,0.3777044371103777,0.0407040704070407,0.047304730473047306
021,Household Utensils,1995,3081,1377,0.4469328140214216,0.5559883154819864,0.3927296332359623,0.05128205128205128,0.059720869847452125
021,Household Utensils,1996,3520,1429,0.40596590909090907,0.5434659090909091,0.42045454545454547,0.036079545454545454,0.038636363636363635
021,Household Utensils,1997,3916,1606,0.4101123595505618,0.5181307456588355,0.3960674157303371,0.08580183861082738,0.05132788559754852
021,Household Utensils,1998,3917,1649,0.42098544804697474,0.5606331376053102,0.4079652795506765,0.03140158284401327,0.03140158284401327
021,Household Utensils,1999,4429,2018,0.45563332580717997,0.5784601490178369,0.37706028448859785,0.04447956649356514,0.039963874463761574
021,Household Utensils,2000,4409,1925,0.43660694034928554,0.5361760036289408,0.3858017691086414,0.07802222726241778,0.057836244046269
021,Household Utensils,2001,3852,1550,0.40238836967808933,0.5350467289719626,0.4075804776739356,0.05737279335410177,0.044132917964693666
021,Household Utensils,2002,4074,1598,0.39224349533627884,0.5395189003436426,0.43004418262150224,0.03043691703485518,0.027982326951399118
021,Household Utensils,2003,4541,1838,0.40475666152829776,0.5366659326139617,0.4100418410041841,0.05329222638185422,0.03545474565073772
021,Household Utensils,2004,4947,1933,0.3907418637558116,0.5116232059834243,0.41297756215888415,0.07539923185769153,0.03699211643420255
021,Household Utensils,2005,4918,2093,0.4255795038633591,0.5514436762911753,0.3975193167954453,0.051037006913379424,0.034363562423749494
021,Household Utensils,2006,5018,2164,0.43124750896771624,0.5464328417696294,0.42108409724990037,0.03248306098047031,0.03248306098047031
021,Household Utensils,2007,5626,2343,0.4164592961251333,0.5437255599004621,0.3953075008887309,0.06096693921080697,0.03288304301457519
021,Household Utensils,2008,5479,2287,0.41741193648476,0.5417046906369776,0.4050009125752875,0.05329439678773499,0.03376528563606498
021,Household Utensils,2009,5376,2188,0.4069940476190476,0.5353422619047619,0.38485863095238093,0.07979910714285714,0.041294642857142856
021,Household Utensils,2010,5702,2432,0.42651701157488603,0.547351806383725,0.3963521571378464,0.056296036478428624,0.03156787092248334
021,Household Utensils,2011,5966,2490,0.4173650687227623,0.5403955749245726,0.3974187060006705,0.06218571907475696,0.03318806570566544
021,Household Utensils,2012,6139,2514,0.40951294999185534,0.545691480697182,0.3914318292881577,0.06287669001466037,0.03567356246945757
021,Household Utensils,2013,6811,2836,0.4163852591396271,0.5447070914696814,0.41080604903832035,0.04448685949199824,0.026574658640434592
021,Household Utensils,2014,7515,3155,0.4198270126413839,0.5226879574184964,0.4137059214903526,0.06360612109115103,0.0332667997338656
021,Household Utensils,2015,8692,3952,0.45467096180395766,0.5568338702254947,0.4068108605614358,0.03635526921306949,0.023815002300966406
021,Household Utensils,2016,11048,5666,0.5128530050687907,0.6073497465604635,0.35391020999275885,0.0387400434467777,0.02045619116582187
021,Household Utensils,2017,14394,8020,0.5571766013616785,0.6537446158121439,0.3114492149506739,0.03480616923718216,0.016882034180908712
021,Household Utensils,2018,16023,9177,0.5727391874180865,0.6568682518879111,0.3075578855395369,0.035573862572551955,0.01803657242713599
021,Household Utensils,2019,18947,11228,0.5926004116746715,0.6728241938037685,0.2853749934026495,0.041800812793582096,0.023064337362115373
021,Household Utensils,2020,34784,23019,0.6617697792088316,0.7276333946642134,0.2408291168353266,0.03153748850045998,0.010263339466421342
021,Household Utensils,2021,38584,25849,0.6699409081484553,0.7659392494298155,0.21397470454074227,0.020086046029442257,0.0074642338793282186
021,Household Utensils,2022,27616,18144,0.657010428736964,0.7758183661645423,0.21273899188876014,0.011442641946697567,0.007242178447276941
021,Household Utensils,2023,29576,20249,0.6846429537462808,0.7989924262915877,0.1860292128753043,0.014978360833107926,0.007911820394914795
021,Household Utensils,2024,32621,21703,0.6653076239232396,0.785322338370988,0.20161858925232212,0.013059072376689863,0.006866742282578707
021,Household Utensils,2025,29334,18411,0.6276334628758438,0.7518579123201745,0.23239244562623576,0.01574964205358969,0.005795322833571964
022,"Ropes, Tents & Textiles (raw)",1985,333,161,0.48348348348348347,0.5495495495495496,0.2222222222222222,0.22822822822822822,0.3213213213213213
022,"Ropes, Tents & Textiles (raw)",1986,265,145,0.5471698113207547,0.6943396226415094,0.30566037735849055,0.0,0.13962264150943396
022,"Ropes, Tents & Textiles (raw)",1987,198,85,0.4292929292929293,0.797979797979798,0.20202020202020202,0.0,0.12121212121212122
022,"Ropes, Tents & Textiles (raw)",1988,228,111,0.4868421052631579,0.7105263157894737,0.2894736842105263,0.0,0.13157894736842105
022,"Ropes, Tents & Textiles (raw)",1989,246,112,0.45528455284552843,0.7154471544715447,0.2845528455284553,0.0,0.13008130081300814
022,"Ropes, Tents & Textiles (raw)",1990,433,251,0.5796766743648961,0.6859122401847575,0.28868360277136257,0.025404157043879907,0.10161662817551963
022,"Ropes, Tents & Textiles (raw)",1991,397,191,0.4811083123425693,0.6624685138539043,0.33753148614609574,0.0,0.11335012594458438
022,"Ropes, Tents & Textiles (raw)",1992,367,198,0.5395095367847411,0.6376021798365122,0.36239782016348776,0.0,0.11989100817438691
022,"Ropes, Tents & Textiles (raw)",1993,397,208,0.5239294710327456,0.6196473551637279,0.380352644836272,0.0,0.12090680100755667
022,"Ropes, Tents & Textiles (raw)",1994,373,186,0.49865951742627346,0.6943699731903485,0.30563002680965146,0.0,0.10455764075067024
022,"Ropes, Tents & Textiles (raw)",1995,511,273,0.5342465753424658,0.5499021526418787,0.299412915851272,0.1506849315068493,0.2191780821917808
022,"Ropes, Tents & Textiles (raw)",1996,446,236,0.5291479820627802,0.6390134529147982,0.27802690582959644,0.08295964125560538,0.1726457399103139
022,"Ropes, Tents & Textiles (raw)",1997,477,239,0.5010482180293501,0.610062893081761,0.3480083857442348,0.041928721174004195,0.1278825995807128
022,"Ropes, Tents & Textiles (raw)",1998,490,225,0.45918367346938777,0.6857142857142857,0.3142857142857143,0.0,0.08979591836734693
022,"Ropes, Tents & Textiles (raw)",1999,550,272,0.49454545454545457,0.6545454545454545,0.34545454545454546,0.0,0.09272727272727273
022,"Ropes, Tents & Textiles (raw)",2000,569,257,0.45166959578207383,0.6221441124780316,0.3585237258347979,0.019332161687170474,0.11423550087873462
022,"Ropes, Tents & Textiles (raw)",2001,489,217,0.4437627811860941,0.6687116564417178,0.3312883435582822,0.0,0.08588957055214724
022,"Ropes, Tents & Textiles (raw)",2002,574,269,0.4686411149825784,0.5557491289198606,0.4250871080139373,0.01916376306620209,0.11149825783972125
022,"Ropes, Tents & Textiles (raw)",2003,674,294,0.4362017804154303,0.5578635014836796,0.4020771513353116,0.040059347181008904,0.11572700296735905
022,"Ropes, Tents & Textiles (raw)",2004,728,342,0.4697802197802198,0.5865384615384616,0.37637362637362637,0.03708791208791209,0.11126373626373626
022,"Ropes, Tents & Textiles (raw)",2005,778,346,0.44473007712082263,0.5989717223650386,0.34061696658097684,0.060411311053984576,0.11439588688946016
022,"Ropes, Tents & Textiles (raw)",2006,757,374,0.4940554821664465,0.6050198150594451,0.35402906208718626,0.04095112285336856,0.1202113606340819
022,"Ropes, Tents & Textiles (raw)",2007,825,395,0.47878787878787876,0.5927272727272728,0.37696969696969695,0.030303030303030304,0.09454545454545454
022,"Ropes, Tents & Textiles (raw)",2008,856,371,0.433411214953271,0.5759345794392523,0.3855140186915888,0.038551401869158876,0.09345794392523364
022,"Ropes, Tents & Textiles (raw)",2009,722,354,0.4903047091412742,0.5831024930747922,0.3670360110803324,0.04986149584487535,0.1149584487534626
022,"Ropes, Tents & Textiles (raw)",2010,812,403,0.4963054187192118,0.6366995073891626,0.31773399014778325,0.04556650246305419,0.09729064039408868
022,"Ropes, Tents & Textiles (raw)",2011,942,419,0.4447983014861996,0.5159235668789809,0.45116772823779194,0.032908704883227176,0.0870488322717622
022,"Ropes, Tents & Textiles (raw)",2012,918,361,0.39324618736383443,0.5838779956427015,0.3812636165577342,0.034858387799564274,0.10348583877995643
022,"Ropes, Tents & Textiles (raw)",2013,959,397,0.41397288842544316,0.6141814389989573,0.3858185610010427,0.0,0.0667361835245047
022,"Ropes, Tents & Textiles (raw)",2014,935,413,0.44171122994652406,0.6342245989304813,0.34866310160427805,0.017112299465240642,0.06631016042780749
022,"Ropes, Tents & Textiles (raw)",2015,1101,512,0.46503178928247046,0.5930971843778383,0.3851044504995459,0.021798365122615803,0.07447774750227067
022,"Ropes, Tents & Textiles (raw)",2016,1445,686,0.47474048442906575,0.6034602076124568,0.328719723183391,0.06782006920415225,0.09204152249134948
022,"Ropes, Tents & Textiles (raw)",2017,1872,1042,0.5566239316239316,0.625534188034188,0.31143162393162394,0.06303418803418803,0.0811965811965812
022,"Ropes, Tents & Textiles (raw)",2018,1817,987,0.5432030820033021,0.6466703357182169,0.31150247660979635,0.041827187671986794,0.0682443588332416
022,"Ropes, Tents & Textiles (raw)",2019,2292,1343,0.5859511343804538,0.5894415357766143,0.26570680628272253,0.14485165794066318,0.15270506108202445
022,"Ropes, Tents & Textiles (raw)",2020,3063,1783,0.5821090434214822,0.7205354227881162,0.2523669604962455,0.027097616715638262,0.04048318641854391
022,"Ropes, Tents & Textiles (raw)",2021,3340,1948,0.5832335329341317,0.7050898203592815,0.2341317365269461,0.06077844311377246,0.06077844311377246
022,"Ropes, Tents & Textiles (raw)",2022,2393,1314,0.5491015461763477,0.734642707898036,0.23735896364396156,0.027998328458002507,0.04346009193480986
022,"Ropes, Tents & Textiles (raw)",2023,2484,1412,0.5684380032206119,0.7262479871175523,0.2387278582930757,0.035024154589371984,0.05434782608695652
022,"Ropes, Tents & Textiles (raw)",2024,2518,1335,0.5301826846703733,0.7311358220810167,0.24702144559173947,0.021842732327243843,0.03891977760127085
022,"Ropes, Tents & Textiles (raw)",2025,2348,1226,0.5221465076660988,0.7402044293015332,0.2551107325383305,0.004684838160136286,0.03364565587734242
023,Yarns & Threads,1985,202,106,0.5247524752475248,0.38613861386138615,0.2376237623762376,0.37623762376237624,0.5148514851485149
023,Yarns & Threads,1986,162,54,0.3333333333333333,0.4691358024691358,0.3395061728395062,0.19135802469135801,0.43209876543209874
023,Yarns & Threads,1987,86,38,0.4418604651162791,0.7209302325581395,0.27906976744186046,0.0,0.27906976744186046
023,Yarns & Threads,1988,118,57,0.4830508474576271,0.6610169491525424,0.2457627118644068,0.09322033898305085,0.3050847457627119
023,Yarns & Threads,1989,101,35,0.3465346534653465,0.5643564356435643,0.43564356435643564,0.0,0.297029702970297
023,Yarns & Threads,1990,122,47,0.38524590163934425,0.5573770491803278,0.4426229508196721,0.0,0.32786885245901637
023,Yarns & Threads,1991,144,62,0.4305555555555556,0.6319444444444444,0.3680555555555556,0.0,0.2569444444444444
023,Yarns & Threads,1992,138,75,0.5434782608695652,0.4492753623188406,0.5507246376811594,0.0,0.2536231884057971
023,Yarns & Threads,1993,135,64,0.4740740740740741,0.45925925925925926,0.45185185185185184,0.08888888888888889,0.3333333333333333
023,Yarns & Threads,1994,124,69,0.5564516129032258,0.6048387096774194,0.3951612903225806,0.0,0.28225806451612906
023,Yarns & Threads,1995,215,144,0.6697674418604651,0.37209302325581395,0.26976744186046514,0.3581395348837209,0.5255813953488372
023,Yarns & Threads,1996,161,100,0.6211180124223602,0.45962732919254656,0.37267080745341613,0.16770186335403728,0.391304347826087
023,Yarns & Threads,1997,206,118,0.5728155339805825,0.45145631067961167,0.45145631067961167,0.0970873786407767,0.2912621359223301
023,Yarns & Threads,1998,178,76,0.42696629213483145,0.5561797752808989,0.4438202247191011,0.0,0.20786516853932585
023,Yarns & Threads,1999,187,103,0.5508021390374331,0.5508021390374331,0.44919786096256686,0.0,0.23529411764705882
023,Yarns & Threads,2000,195,84,0.4307692307692308,0.441025641025641,0.5025641025641026,0.05641025641025641,0.2717948717948718
023,Yarns & Threads,2001,166,81,0.4879518072289157,0.5060240963855421,0.4939759036144578,0.0,0.26506024096385544
023,Yarns & Threads,2002,209,102,0.4880382775119617,0.5215311004784688,0.4784688995215311,0.0,0.24880382775119617
023,Yarns & Threads,2003,213,107,0.5023474178403756,0.5446009389671361,0.45539906103286387,0.0,0.24882629107981222
023,Yarns & Threads,2004,301,150,0.4983388704318937,0.43853820598006643,0.3289036544850498,0.23255813953488372,0.37209302325581395
023,Yarns & Threads,2005,360,156,0.43333333333333335,0.39166666666666666,0.41388888888888886,0.19444444444444445,0.31666666666666665
023,Yarns & Threads,2006,334,174,0.5209580838323353,0.41317365269461076,0.36227544910179643,0.2245508982035928,0.36227544910179643
023,Yarns & Threads,2007,319,175,0.54858934169279,0.3981191222570533,0.3949843260188088,0.20689655172413793,0.322884012539185
023,Yarns & Threads,2008,325,157,0.48307692307692307,0.42153846153846153,0.48615384615384616,0.09230769230769231,0.23076923076923078
023,Yarns & Threads,2009,238,127,0.5336134453781513,0.4411764705882353,0.49159663865546216,0.06722689075630252,0.29831932773109243
023,Yarns & Threads,2010,245,142,0.5795918367346938,0.4489795918367347,0.4,0.1510204081632653,0.3020408163265306
023,Yarns & Threads,2011,327,149,0.45565749235474007,0.2966360856269113,0.40061162079510704,0.30275229357798167,0.39143730886850153
023,Yarns & Threads,2012,267,106,0.3970037453183521,0.4044943820224719,0.41947565543071164,0.1760299625468165,0.32209737827715357
023,Yarns & Threads,2013,281,112,0.398576512455516,0.4199288256227758,0.47686832740213525,0.10320284697508897,0.29537366548042704
023,Yarns & Threads,2014,289,126,0.4359861591695502,0.47750865051903113,0.39100346020761245,0.1314878892733564,0.2768166089965398
023,Yarns & Threads,2015,361,172,0.47645429362880887,0.3601108033240997,0.5318559556786704,0.10803324099722991,0.25761772853185594
023,Yarns & Threads,2016,374,202,0.5401069518716578,0.4144385026737968,0.29411764705882354,0.2914438502673797,0.3689839572192513
023,Yarns & Threads,2017,511,270,0.5283757338551859,0.3679060665362035,0.32093933463796476,0.3111545988258317,0.36007827788649704
023,Yarns & Threads,2018,447,211,0.4720357941834452,0.4116331096196868,0.28635346756152125,0.30201342281879195,0.3333333333333333
023,Yarns & Threads,2019,641,425,0.6630265210608425,0.34321372854914195,0.24180967238689546,0.41497659906396256,0.47425897035881437
023,Yarns & Threads,2020,522,310,0.5938697318007663,0.5708812260536399,0.2950191570881226,0.13409961685823754,0.2164750957854406
023,Yarns & Threads,2021,688,439,0.6380813953488372,0.5276162790697675,0.25290697674418605,0.2194767441860465,0.2601744186046512
023,Yarns & Threads,2022,429,239,0.5571095571095571,0.668997668997669,0.23543123543123542,0.09557109557109557,0.16783216783216784
023,Yarns & Threads,2023,607,308,0.5074135090609555,0.6062602965403624,0.27347611202635913,0.12026359143327842,0.17627677100494235
023,Yarns & Threads,2024,597,291,0.48743718592964824,0.6934673366834171,0.22613065326633167,0.08040201005025126,0.1457286432160804
023,Yarns & Threads,2025,464,258,0.5560344827586207,0.7543103448275862,0.21120689655172414,0.034482758620689655,0.09913793103448276
024,Textiles & Bedding,1985,777,342,0.44015444015444016,0.5315315315315315,0.2676962676962677,0.20077220077220076,0.23423423423423423
024,Textiles & Bedding,1986,715,302,0.4223776223776224,0.6055944055944056,0.3300699300699301,0.06433566433566433,0.13146853146853146
024,Textiles & Bedding,1987,709,321,0.4527503526093089,0.6600846262341326,0.28772919605077574,0.05218617771509168,0.1071932299012694
024,Textiles & Bedding,1988,810,363,0.44814814814814813,0.6074074074074074,0.36790123456790125,0.024691358024691357,0.08024691358024691
024,Textiles & Bedding,1989,912,376,0.41228070175438597,0.5778508771929824,0.3826754385964912,0.039473684210526314,0.09539473684210527
024,Textiles & Bedding,1990,1252,687,0.5487220447284346,0.6174121405750799,0.3730031948881789,0.009584664536741214,0.05830670926517572
024,Textiles & Bedding,1991,1206,505,0.4187396351575456,0.5588723051409619,0.3648424543946932,0.07628524046434494,0.10945273631840796
024,Textiles & Bedding,1992,1168,514,0.4400684931506849,0.5539383561643836,0.3809931506849315,0.06506849315068493,0.0976027397260274
024,Textiles & Bedding,1993,1352,624,0.46153846153846156,0.5695266272189349,0.37056213017751477,0.059911242603550297,0.09171597633136094
024,Textiles & Bedding,1994,1341,589,0.43922445935868754,0.5622669649515287,0.38180462341536164,0.05592841163310962,0.08128262490678598
024,Textiles & Bedding,1995,1622,707,0.4358816276202219,0.5228113440197287,0.3588162762022195,0.11837237977805179,0.12885326757090013
024,Textiles & Bedding,1996,1715,671,0.3912536443148688,0.4956268221574344,0.4128279883381924,0.09154518950437318,0.0967930029154519
024,Textiles & Bedding,1997,1913,794,0.41505488761108206,0.5248301097752222,0.3836905384213278,0.09147935180345008,0.08625196027182436
024,Textiles & Bedding,1998,1896,786,0.41455696202531644,0.5458860759493671,0.4229957805907173,0.031118143459915613,0.054324894514767935
024,Textiles & Bedding,1999,2184,911,0.41712454212454214,0.549908424908425,0.36538461538461536,0.08470695970695971,0.07051282051282051
024,Textiles & Bedding,2000,2379,1077,0.4527112232030265,0.525010508617066,0.4333753678015973,0.0416141235813367,0.05296343001261034
024,Textiles & Bedding,2001,1994,812,0.40722166499498497,0.5446339017051154,0.3856569709127382,0.06970912738214644,0.08224674022066199
024,Textiles & Bedding,2002,2196,895,0.4075591985428051,0.5519125683060109,0.4048269581056466,0.04326047358834244,0.05555555555555555
024,Textiles & Bedding,2003,2352,1028,0.4370748299319728,0.5544217687074829,0.40433673469387754,0.04124149659863945,0.04889455782312925
024,Textiles & Bedding,2004,2786,1224,0.43933955491744436,0.5534816941852118,0.4009332376166547,0.04558506819813352,0.05527638190954774
024,Textiles & Bedding,2005,2896,1298,0.44820441988950277,0.5555939226519337,0.4150552486187845,0.02935082872928177,0.04143646408839779
024,Textiles & Bedding,2006,3162,1467,0.4639468690702087,0.5547122074636306,0.41113219481340924,0.03415559772296015,0.03984819734345351
024,Textiles & Bedding,2007,3415,1545,0.45241581259150804,0.5349926793557833,0.41610541727672035,0.04890190336749634,0.04890190336749634
024,Textiles & Bedding,2008,2993,1286,0.4296692281991313,0.5750083528232542,0.39792849983294354,0.027063147343802205,0.040761777480788505
024,Textiles & Bedding,2009,2672,1113,0.41654191616766467,0.5610029940119761,0.3940868263473054,0.04491017964071856,0.051646706586826345
024,Textiles & Bedding,2010,2774,1179,0.42501802451333814,0.5746214852198991,0.36878154289834175,0.05659697188175919,0.052992069214131216
024,Textiles & Bedding,2011,3095,1296,0.4187399030694669,0.51437802907916,0.42520193861066236,0.06042003231017771,0.050080775444264945
024,Textiles & Bedding,2012,3144,1247,0.39662849872773537,0.5314885496183206,0.4064885496183206,0.06202290076335878,0.05566157760814249
024,Textiles & Bedding,2013,3338,1341,0.4017375674056321,0.5386458957459557,0.4056321150389455,0.05572198921509886,0.04074295985620132
024,Textiles & Bedding,2014,3604,1460,0.4051054384017758,0.5344062153163152,0.3909544950055494,0.0746392896781354,0.04827968923418424
024,Textiles & Bedding,2015,4121,1807,0.4384858044164038,0.5476826013103616,0.38413006551807816,0.0681873331715603,0.04707595243872846
024,Textiles & Bedding,2016,4957,2297,0.4633851119628808,0.571111559410934,0.36614888037119225,0.06273956021787372,0.042162598345773655
024,Textiles & Bedding,2017,6508,3440,0.5285802089735709,0.6144744929317763,0.32821143208358944,0.0573140749846343,0.035187461585740626
024,Textiles & Bedding,2018,6849,3691,0.5389107898963352,0.6339611622134618,0.31683457439042195,0.04920426339611622,0.0348956051978391
024,Textiles & Bedding,2019,8114,4562,0.5622381069755977,0.6337194971653931,0.2918412620162682,0.07443924081833868,0.054227261523293074
024,Textiles & Bedding,2020,12846,7516,0.5850848513155846,0.6611396543671182,0.291608282733925,0.04725206289895687,0.018449322746380198
024,Textiles & Bedding,2021,14297,8471,0.5925019234804505,0.6790935161222634,0.2571868224102959,0.06371966146744072,0.02182276001958453
024,Textiles & Bedding,2022,9895,5500,0.5558362809499747,0.683577564426478,0.28489135927235976,0.031531076301162204,0.019403739262253663
024,Textiles & Bedding,2023,9355,5559,0.5942276857295564,0.7264564404061999,0.24425440940673437,0.02928915018706574,0.02169962586851951
024,Textiles & Bedding,2024,10134,5805,0.5728241563055062,0.7145253601736727,0.25261495954213536,0.03285968028419183,0.019538188277087035
024,Textiles & Bedding,2025,8753,4749,0.5425568376556609,0.6917628241745687,0.2881297840740318,0.02010739175139952,0.016679995430138237
025,"Clothing, Footwear & Headwear",1985,4973,2697,0.5423285743012266,0.547556806756485,0.3519002614116228,0.10054293183189222,0.06253770359943696
025,"Clothing, Footwear & Headwear",1986,5457,2712,0.49697636063771305,0.5286787612241158,0.3919736118746564,0.07934762690122778,0.038116181051859994
025,"Clothing, Footwear & Headwear",1987,5654,2842,0.502652989034312,0.5601344181110718,0.38132295719844356,0.058542624690484615,0.034665723381676686
025,"Clothing, Footwear & Headwear",1988,5862,2862,0.4882292732855681,0.5597065847833504,0.3701808256567724,0.07011258955987718,0.043841692255203
025,"Clothing, Footwear & Headwear",1989,6601,3238,0.4905317376155128,0.5530980154522042,0.3887289804575064,0.05817300409028935,0.03741857294349341
025,"Clothing, Footwear & Headwear",1990,9355,5742,0.6137894174238375,0.5642971672902192,0.3873864243719936,0.04831640833778728,0.024799572421165154
025,"Clothing, Footwear & Headwear",1991,8983,4744,0.5281086496716019,0.5273293999777358,0.3964154514082155,0.07625514861404876,0.031949237448513856
025,"Clothing, Footwear & Headwear",1992,9423,4753,0.5044041175846333,0.5179879019420567,0.3989175421840178,0.0830945558739255,0.033853337578265946
025,"Clothing, Footwear & Headwear",1993,12122,6326,0.521861079029863,0.5103943243689161,0.39267447615904966,0.09693119947203432,0.03852499587526811
025,"Clothing, Footwear & Headwear",1994,12135,6229,0.5133086114544705,0.5151215492377421,0.4060980634528224,0.07878038730943551,0.02612278533168521
025,"Clothing, Footwear & Headwear",1995,13134,6827,0.5197959494441906,0.522384650525354,0.39995431703974416,0.07766103243490179,0.028856403228262526
025,"Clothing, Footwear & Headwear",1996,14359,7490,0.521624068528449,0.521624068528449,0.39703321958353643,0.08134271188801448,0.03029458875966293
025,"Clothing, Footwear & Headwear",1997,14671,7485,0.5101901710858155,0.5272987526412651,0.40760684343262216,0.06509440392611274,0.0188126235430441
025,"Clothing, Footwear & Headwear",1998,14320,7678,0.5361731843575419,0.5472765363128491,0.38777932960893857,0.06494413407821228,0.01857541899441341
025,"Clothing, Footwear & Headwear",1999,17672,9964,0.5638297872340425,0.5664893617021277,0.36187188773200546,0.07163875056586691,0.023766410140334992
025,"Clothing, Footwear & Headwear",2000,16377,9332,0.5698235330036027,0.5772730048238384,0.3644745679916957,0.05825242718446602,0.021371435549856505
025,"Clothing, Footwear & Headwear",2001,14213,7770,0.5466826145078449,0.577358756068388,0.3655808063040878,0.0570604376275241,0.019418841905297968
025,"Clothing, Footwear & Headwear",2002,15852,8891,0.5608755992934645,0.5891370174110523,0.34998738329548323,0.06087559929346455,0.01968205904617714
025,"Clothing, Footwear & Headwear",2003,18336,10481,0.5716077661431065,0.5798974694589878,0.35836605584642234,0.06173647469458988,0.021215095986038393
025,"Clothing, Footwear & Headwear",2004,22716,13511,0.594779010389153,0.5931061806656102,0.34323824617010035,0.06365557316428949,0.019985913012854375
025,"Clothing, Footwear & Headwear",2005,24344,14438,0.5930824843904042,0.5944380545514295,0.3602941176470588,0.045267827801511666,0.012816299704239238
025,"Clothing, Footwear & Headwear",2006,25447,15020,0.5902463944669313,0.5919754784453963,0.37018116084410735,0.03784336071049633,0.012378669391283844
025,"Clothing, Footwear & Headwear",2007,27767,16499,0.5941945474844239,0.5911693737170022,0.3570785464760327,0.051752079806965105,0.014837757049735298
025,"Clothing, Footwear & Headwear",2008,27262,15973,0.5859071234685643,0.6071087961264764,0.3365490426234319,0.056342161250091706,0.01621304379722691
025,"Clothing, Footwear & Headwear",2009,24924,14703,0.589913336543091,0.6157518857326272,0.3346573583694431,0.0495907558979297,0.014443909484833895
025,"Clothing, Footwear & Headwear",2010,27448,15999,0.5828839988341591,0.6035776741474789,0.34290294374817837,0.053519382104342754,0.02211454386476246
025,"Clothing, Footwear & Headwear",2011,29239,17490,0.5981736721502103,0.6130510619378228,0.3520640240774308,0.0348849139847464,0.011730907349772564
025,"Clothing, Footwear & Headwear",2012,31462,18958,0.6025681774839489,0.6176339711397877,0.3484838853219757,0.033882143538236605,0.009217468692390821
025,"Clothing, Footwear & Headwear",2013,33534,20387,0.6079501401562594,0.620892228782728,0.3423391185065903,0.03676865271068169,0.009989861036559909
025,"Clothing, Footwear & Headwear",2014,35003,21164,0.6046338885238408,0.6213753106876554,0.3481415878638974,0.030483101448447274,0.007685055566665714
025,"Clothing, Footwear & Headwear",2015,39374,24377,0.6191141362320313,0.6302128308020521,0.3355767765530553,0.03421039264489257,0.011403464214964189
025,"Clothing, Footwear & Headwear",2016,44534,28686,0.6441370638164099,0.6546458885346028,0.31508510351641444,0.0302690079489828,0.007589706740917052
025,"Clothing, Footwear & Headwear",2017,52449,34399,0.6558561650365117,0.6657514919254895,0.30317069915537,0.031077808919140498,0.007664588457358577
025,"Clothing, Footwear & Headwear",2018,53743,34723,0.6460934447276855,0.6583741138380812,0.3106078931209646,0.03101799304095417,0.0068660104571758186
025,"Clothing, Footwear & Headwear",2019,59316,38278,0.6453233528896082,0.657428012677861,0.30534762964461526,0.03722435767752377,0.010064738013352215
025,"Clothing, Footwear & Headwear",2020,84294,57580,0.683085391605571,0.6693952119961089,0.29563195482477994,0.03497283317911121,0.004958834555247111
025,"Clothing, Footwear & Headwear",2021,83147,54879,0.660023813246419,0.6683343957088049,0.2942258890880008,0.03743971520319434,0.005977365389009826
025,"Clothing, Footwear & Headwear",2022,60737,38659,0.6364983453249256,0.6667599650954114,0.30144722327411627,0.031792811630472366,0.007162026441872335
025,"Clothing, Footwear & Headwear",2023,59641,38013,0.6373635586257775,0.6655991683573381,0.3013195620462434,0.03308126959641857,0.006153485018695193
025,"Clothing, Footwear & Headwear",2024,62213,39136,0.629064664941411,0.6700207352161124,0.2981531191230129,0.03182614566087474,0.006783148216610677
025,"Clothing, Footwear & Headwear",2025,64581,41089,0.6362397609203946,0.6452826682770474,0.32602468218206593,0.028692649540886638,0.005527941654666233
026,"Trim, Lace & Notions",1985,405,204,0.5037037037037037,0.49135802469135803,0.28641975308641976,0.2222222222222222,0.2938271604938272
026,"Trim, Lace & Notions",1986,316,141,0.4462025316455696,0.6075949367088608,0.31645569620253167,0.0759493670886076,0.2120253164556962
026,"Trim, Lace & Notions",1987,285,147,0.5157894736842106,0.6982456140350877,0.22807017543859648,0.07368421052631578,0.17543859649122806
026,"Trim, Lace & Notions",1988,357,166,0.4649859943977591,0.6610644257703081,0.3081232492997199,0.03081232492997199,0.13165266106442577
026,"Trim, Lace & Notions",1989,329,155,0.47112462006079026,0.6595744680851063,0.3404255319148936,0.0,0.13677811550151975
026,"Trim, Lace & Notions",1990,450,280,0.6222222222222222,0.66,0.34,0.0,0.09333333333333334
026,"Trim, Lace & Notions",1991,484,238,0.49173553719008267,0.6900826446280992,0.2871900826446281,0.022727272727272728,0.09710743801652892
026,"Trim, Lace & Notions",1992,475,240,0.5052631578947369,0.5789473684210527,0.42105263157894735,0.0,0.1031578947368421
026,"Trim, Lace & Notions",1993,595,303,0.5092436974789916,0.5680672268907563,0.373109243697479,0.058823529411764705,0.1361344537815126
026,"Trim, Lace & Notions",1994,507,231,0.4556213017751479,0.5956607495069034,0.40433925049309666,0.0,0.10848126232741617
026,"Trim, Lace & Notions",1995,701,348,0.4964336661911555,0.5691868758915835,0.2796005706134094,0.15121255349500715,0.19971469329529243
026,"Trim, Lace & Notions",1996,717,331,0.4616457461645746,0.5132496513249651,0.4309623430962343,0.05578800557880056,0.12831241283124128
026,"Trim, Lace & Notions",1997,727,327,0.4497936726272352,0.517193947730399,0.3920220082530949,0.0907840440165062,0.14167812929848694
026,"Trim, Lace & Notions",1998,778,363,0.4665809768637532,0.6131105398457584,0.3676092544987147,0.019280205655526992,0.07712082262210797
026,"Trim, Lace & Notions",1999,884,454,0.5135746606334841,0.5882352941176471,0.3608597285067873,0.05090497737556561,0.10067873303167421
026,"Trim, Lace & Notions",2000,813,381,0.46863468634686345,0.5731857318573186,0.3948339483394834,0.03198031980319803,0.0959409594095941
026,"Trim, Lace & Notions",2001,720,334,0.4638888888888889,0.5763888888888888,0.3458333333333333,0.07777777777777778,0.12916666666666668
026,"Trim, Lace & Notions",2002,837,413,0.4934289127837515,0.5818399044205496,0.37873357228195936,0.03942652329749104,0.1027479091995221
026,"Trim, Lace & Notions",2003,840,400,0.47619047619047616,0.6178571428571429,0.36904761904761907,0.013095238095238096,0.08333333333333333
026,"Trim, Lace & Notions",2004,959,481,0.5015641293013556,0.62148070907195,0.32533889468196037,0.053180396246089674,0.09906152241918666
026,"Trim, Lace & Notions",2005,1022,499,0.4882583170254403,0.6037181996086106,0.3542074363992172,0.04207436399217221,0.09393346379647749
026,"Trim, Lace & Notions",2006,1114,555,0.4982046678635548,0.5771992818671454,0.38330341113105926,0.03949730700179533,0.08348294434470377
026,"Trim, Lace & Notions",2007,1265,653,0.516205533596838,0.6134387351778656,0.35889328063241105,0.02766798418972332,0.06798418972332015
026,"Trim, Lace & Notions",2008,1204,618,0.5132890365448505,0.6029900332225914,0.3745847176079734,0.022425249169435217,0.06561461794019934
026,"Trim, Lace & Notions",2009,1112,534,0.4802158273381295,0.6106115107913669,0.36510791366906475,0.024280575539568347,0.0764388489208633
026,"Trim, Lace & Notions",2010,1262,656,0.5198098256735341,0.5649762282091918,0.37797147385103014,0.05705229793977813,0.089540412044374
026,"Trim, Lace & Notions",2011,1392,704,0.5057471264367817,0.5244252873563219,0.40876436781609193,0.0668103448275862,0.08548850574712644
026,"Trim, Lace & Notions",2012,1388,675,0.48631123919308356,0.5979827089337176,0.35662824207492794,0.045389048991354465,0.07708933717579251
026,"Trim, Lace & Notions",2013,1471,780,0.53025152957172,0.5961930659415363,0.38001359619306596,0.02379333786539769,0.061862678450033994
026,"Trim, Lace & Notions",2014,1462,780,0.533515731874145,0.6491108071135431,0.3399452804377565,0.01094391244870041,0.046511627906976744
026,"Trim, Lace & Notions",2015,1915,1103,0.5759791122715404,0.6161879895561357,0.35091383812010446,0.03289817232375979,0.05587467362924282
026,"Trim, Lace & Notions",2016,2416,1564,0.6473509933774835,0.6705298013245033,0.2719370860927152,0.05753311258278146,0.06084437086092715
026,"Trim, Lace & Notions",2017,3693,2345,0.6349851069591118,0.6720823178987273,0.22420796100731114,0.10370972109396155,0.0950446791226645
026,"Trim, Lace & Notions",2018,3039,1893,0.6229022704837117,0.6755511681474169,0.2675222112537019,0.05692662059888121,0.05692662059888121
026,"Trim, Lace & Notions",2019,3983,2619,0.6575445643986945,0.6728596535274919,0.23123273914135073,0.09590760733115741,0.09063519959829275
026,"Trim, Lace & Notions",2020,6211,4405,0.7092255675414587,0.7613910803413299,0.22250845274512962,0.016100466913540494,0.021735630333279667
026,"Trim, Lace & Notions",2021,7473,5150,0.689147598019537,0.7619429947812124,0.19884919041884117,0.03920781479994647,0.030108390204737052
026,"Trim, Lace & Notions",2022,5229,3442,0.6582520558424173,0.7739529546758462,0.20615796519410978,0.019889080130043986,0.026391279403327597
026,"Trim, Lace & Notions",2023,5252,3387,0.6448971820258949,0.7604722010662605,0.20696877380045697,0.03255902513328256,0.030464584920030464
026,"Trim, Lace & Notions",2024,6781,4088,0.6028609349653443,0.7081551393599764,0.2511428992773927,0.04070196136263088,0.03096888364548002
026,"Trim, Lace & Notions",2025,5996,3332,0.5557038025350234,0.6676117411607738,0.30470313542361577,0.027685123415610406,0.024349566377585057
027,Carpets & Wall Hangings,1985,397,188,0.473551637279597,0.44080604534005036,0.3148614609571788,0.24433249370277077,0.30730478589420657
027,Carpets & Wall Hangings,1986,313,118,0.3769968051118211,0.476038338658147,0.48242811501597443,0.04153354632587859,0.24920127795527156
027,Carpets & Wall Hangings,1987,296,109,0.36824324324324326,0.49324324324324326,0.4189189189189189,0.08783783783783784,0.25675675675675674
027,Carpets & Wall Hangings,1988,317,126,0.39747634069400634,0.4889589905362776,0.3627760252365931,0.14826498422712933,0.26813880126182965
027,Carpets & Wall Hangings,1989,332,126,0.3795180722891566,0.5271084337349398,0.39457831325301207,0.0783132530120482,0.2289156626506024
027,Carpets & Wall Hangings,1990,502,224,0.44621513944223107,0.5059760956175299,0.36254980079681276,0.13147410358565736,0.21912350597609562
027,Carpets & Wall Hangings,1991,427,144,0.3372365339578454,0.5152224824355972,0.38173302107728335,0.10304449648711944,0.20140515222482436
027,Carpets & Wall Hangings,1992,471,165,0.3503184713375796,0.42462845010615713,0.4437367303609342,0.1316348195329087,0.22929936305732485
027,Carpets & Wall Hangings,1993,591,205,0.34686971235194586,0.38071065989847713,0.4686971235194585,0.1505922165820643,0.19627749576988154
027,Carpets & Wall Hangings,1994,506,184,0.36363636363636365,0.4683794466403162,0.43873517786561267,0.09288537549407115,0.1976284584980237
027,Carpets & Wall Hangings,1995,645,290,0.4496124031007752,0.41550387596899224,0.42790697674418604,0.15658914728682172,0.24186046511627907
027,Carpets & Wall Hangings,1996,554,221,0.3989169675090253,0.4548736462093863,0.41696750902527074,0.12815884476534295,0.2003610108303249
027,Carpets & Wall Hangings,1997,630,235,0.373015873015873,0.4492063492063492,0.4380952380952381,0.1126984126984127,0.16825396825396827
027,Carpets & Wall Hangings,1998,769,256,0.3328998699609883,0.4616384915474642,0.40052015604681407,0.1378413524057217,0.1976592977893368
027,Carpets & Wall Hangings,1999,865,302,0.3491329479768786,0.42890173410404625,0.4092485549132948,0.16184971098265896,0.1699421965317919
027,Carpets & Wall Hangings,2000,808,301,0.3725247524752475,0.48267326732673266,0.4430693069306931,0.07425742574257425,0.12623762376237624
027,Carpets & Wall Hangings,2001,732,231,0.3155737704918033,0.44672131147540983,0.4385245901639344,0.11475409836065574,0.17349726775956284
027,Carpets & Wall Hangings,2002,805,309,0.3838509316770186,0.48198757763975153,0.4236024844720497,0.09440993788819876,0.1391304347826087
027,Carpets & Wall Hangings,2003,841,292,0.34720570749108204,0.4684898929845422,0.42568370986920334,0.10582639714625446,0.13079667063020214
027,Carpets & Wall Hangings,2004,851,330,0.38777908343125733,0.5264394829612221,0.4007050528789659,0.07285546415981199,0.1245593419506463
027,Carpets & Wall Hangings,2005,920,377,0.4097826086956522,0.5391304347826087,0.4358695652173913,0.025,0.08695652173913043
027,Carpets & Wall Hangings,2006,958,378,0.3945720250521921,0.47286012526096033,0.47390396659707723,0.05323590814196242,0.10855949895615867
027,Carpets & Wall Hangings,2007,1005,338,0.336318407960199,0.44676616915422884,0.42786069651741293,0.1253731343283582,0.14925373134328357
027,Carpets & Wall Hangings,2008,1054,358,0.3396584440227704,0.47438330170777987,0.4250474383301708,0.10056925996204934,0.11669829222011385
027,Carpets & Wall Hangings,2009,828,313,0.3780193236714976,0.4975845410628019,0.46980676328502413,0.03260869565217391,0.10024154589371981
027,Carpets & Wall Hangings,2010,870,310,0.3563218390804598,0.49195402298850577,0.4114942528735632,0.09655172413793103,0.135632183908046
027,Carpets & Wall Hangings,2011,952,347,0.3644957983193277,0.46218487394957986,0.45168067226890757,0.0861344537815126,0.11764705882352941
027,Carpets & Wall Hangings,2012,900,323,0.35888888888888887,0.51,0.45,0.04,0.11222222222222222
027,Carpets & Wall Hangings,2013,1047,379,0.36198662846227314,0.45367717287488063,0.4393505253104107,0.1069723018147087,0.12225405921680993
027,Carpets & Wall Hangings,2014,1002,327,0.3263473053892216,0.45708582834331335,0.43812375249500995,0.10479041916167664,0.12874251497005987
027,Carpets & Wall Hangings,2015,1235,508,0.41133603238866395,0.497165991902834,0.4097165991902834,0.0931174089068826,0.11417004048582996
027,Carpets & Wall Hangings,2016,1455,565,0.38831615120274915,0.47147766323024054,0.41030927835051545,0.11821305841924398,0.11134020618556702
027,Carpets & Wall Hangings,2017,2087,919,0.4403449928126497,0.5141351221849545,0.3770963104935314,0.10876856732151413,0.10876856732151413
027,Carpets & Wall Hangings,2018,2130,948,0.4450704225352113,0.5333333333333333,0.3460093896713615,0.12065727699530517,0.09906103286384976
027,Carpets & Wall Hangings,2019,2503,1334,0.5329604474630444,0.556931681981622,0.29604474630443467,0.14702357171394326,0.14302836596084698
027,Carpets & Wall Hangings,2020,3707,2048,0.552468303210143,0.6679255462638252,0.2899919072025897,0.04208254653358511,0.04208254653358511
027,Carpets & Wall Hangings,2021,4449,2426,0.5452910766464374,0.6543043380534952,0.2470218026522814,0.09867385929422343,0.061586873454708924
027,Carpets & Wall Hangings,2022,2972,1562,0.5255720053835801,0.6847240915208613,0.28432032301480487,0.03095558546433378,0.043405114401076715
027,Carpets & Wall Hangings,2023,3097,1753,0.5660316435259929,0.732321601549887,0.22731675815305133,0.04036164029706167,0.048111075234097515
027,Carpets & Wall Hangings,2024,3428,1796,0.5239206534422404,0.705950991831972,0.25,0.044049008168028,0.044049008168028
027,Carpets & Wall Hangings,2025,2835,1406,0.49594356261022926,0.6991181657848324,0.26843033509700176,0.032451499118165784,0.04409171075837742
028,"Toys, Games & Sporting Goods",1985,3601,1652,0.45876145515134686,0.4171063593446265,0.3229658428214385,0.259927797833935,0.179394612607609
028,"Toys, Games & Sporting Goods",1986,3417,1561,0.4568334796605209,0.44395668715247294,0.3479660520924788,0.2080772607550483,0.15744805384840505
028,"Toys, Games & Sporting Goods",1987,3702,1665,0.4497568881685575,0.45650999459751485,0.3268503511615343,0.21663965424095083,0.1655861696380335
028,"Toys, Games & Sporting Goods",1988,3497,1648,0.4712610809265084,0.5072919645410352,0.3560194452387761,0.13668859022018873,0.11323991993136974
028,"Toys, Games & Sporting Goods",1989,4377,1941,0.4434544208361892,0.45761937400045694,0.34384281471327394,0.19853781128626913,0.12451450765364405
028,"Toys, Games & Sporting Goods",1990,6298,3319,0.5269926960939981,0.471260717688155,0.3723404255319149,0.15639885677993012,0.09971419498253414
028,"Toys, Games & Sporting Goods",1991,6185,2804,0.453354890864996,0.453354890864996,0.34616006467259497,0.20048504446240906,0.11010509296685529
028,"Toys, Games & Sporting Goods",1992,6911,2722,0.39386485313268704,0.400231514976125,0.39126030965128056,0.20850817537259442,0.1303718709304008
028,"Toys, Games & Sporting Goods",1993,8170,3293,0.40305997552019585,0.4143206854345165,0.3854345165238678,0.20024479804161566,0.09400244798041615
028,"Toys, Games & Sporting Goods",1994,8728,3291,0.3770623281393217,0.38359303391384053,0.3780934922089826,0.2383134738771769,0.11205316223648029
028,"Toys, Games & Sporting Goods",1995,9710,3792,0.3905252317198764,0.40319258496395466,0.3722966014418126,0.22451081359423275,0.12543769309989702
028,"Toys, Games & Sporting Goods",1996,9886,3557,0.35980173983410885,0.3833704228201497,0.3704228201497067,0.24620675703014364,0.13938903499898847
028,"Toys, Games & Sporting Goods",1997,9737,3663,0.37619389955838556,0.40330697340043137,0.36746431138954505,0.2292287152100236,0.10311184142959844
028,"Toys, Games & Sporting Goods",1998,10011,3842,0.38377784437119167,0.4040555389072021,0.40265707721506344,0.1932873838777345,0.09189891119768255
028,"Toys, Games & Sporting Goods",1999,11537,4649,0.40296437548756175,0.4171795094045246,0.36153246077836526,0.22128802981711015,0.10002600329375054
028,"Toys, Games & Sporting Goods",2000,10919,4323,0.39591537686601336,0.42513050645663525,0.36880666727722317,0.20606282626614159,0.10101657660957963
028,"Toys, Games & Sporting Goods",2001,11231,3535,0.31475380642863504,0.33941768319829047,0.320541358739204,0.34004095806250556,0.2371115662006945
028,"Toys, Games & Sporting Goods",2002,9771,3572,0.3655715893971958,0.41285436495752736,0.3763176747518166,0.21082796029065604,0.11134991300788047
028,"Toys, Games & Sporting Goods",2003,10419,3850,0.36951722814089644,0.41357136001535655,0.36404645359439486,0.2223821863902486,0.12054899702466647
028,"Toys, Games & Sporting Goods",2004,11648,4235,0.3635817307692308,0.39749313186813184,0.35302197802197804,0.2494848901098901,0.16689560439560439
028,"Toys, Games & Sporting Goods",2005,11309,4365,0.38597577150941725,0.42877354319568484,0.36042090370501373,0.21080555309930143,0.13210717127951188
028,"Toys, Games & Sporting Goods",2006,10541,4296,0.40755146570534106,0.4440755146570534,0.3923726401669671,0.1635518451759795,0.09951617493596433
028,"Toys, Games & Sporting Goods",2007,11372,4687,0.41215265564544495,0.4379176925782624,0.3775061554695744,0.1845761519521632,0.10930355258529723
028,"Toys, Games & Sporting Goods",2008,10456,4257,0.4071346595256312,0.45944912012241773,0.35185539403213467,0.1886954858454476,0.1062547819433818
028,"Toys, Games & Sporting Goods",2009,9458,3888,0.4110805667160076,0.455910340452527,0.39088602241488685,0.15320363713258617,0.09357157961514062
028,"Toys, Games & Sporting Goods",2010,9941,4082,0.4106226737752741,0.45870636756865507,0.38668142038024345,0.1546122120511015,0.08540388290916406
028,"Toys, Games & Sporting Goods",2011,10472,4248,0.40565317035905274,0.46581359816653933,0.3881779984721161,0.14600840336134455,0.09052711993888464
028,"Toys, Games & Sporting Goods",2012,11671,4442,0.3806014908748179,0.43021163567817666,0.3581526861451461,0.21163567817667722,0.11601405192357124
028,"Toys, Games & Sporting Goods",2013,11725,4408,0.3759488272921109,0.42635394456289977,0.34831556503198297,0.22533049040511727,0.12247334754797441
028,"Toys, Games & Sporting Goods",2014,11968,4508,0.3766711229946524,0.4279745989304813,0.35862299465240643,0.2134024064171123,0.11004344919786097
028,"Toys, Games & Sporting Goods",2015,13103,5670,0.4327253300770816,0.46951079905365184,0.3715942913836526,0.15889490956269556,0.06219949629855758
028,"Toys, Games & Sporting Goods",2016,14669,6475,0.4414070488785875,0.4947167496080169,0.32769786624855135,0.17758538414343172,0.0755334378621583
028,"Toys, Games & Sporting Goods",2017,18300,8739,0.4775409836065574,0.5268852459016393,0.31010928961748635,0.16300546448087433,0.06300546448087432
028,"Toys, Games & Sporting Goods",2018,18395,9047,0.49181842892090244,0.5359064963305246,0.32139168252242456,0.14270182114705082,0.051753193802663765
028,"Toys, Games & Sporting Goods",2019,20146,10243,0.5084383996823191,0.5576789437109103,0.2974287699791522,0.14489228630993745,0.05415467090241239
028,"Toys, Games & Sporting Goods",2020,35431,21400,0.6039908554655528,0.6460444243741357,0.26558663317433884,0.0883689424515255,0.029860856312268917
028,"Toys, Games & Sporting Goods",2021,36601,21986,0.6006939701101063,0.6637250348351138,0.2625338105516243,0.07374115461326193,0.02229447282861124
028,"Toys, Games & Sporting Goods",2022,27293,15097,0.5531454951819148,0.6321401091855054,0.27157146521085995,0.09628842560363463,0.031583189828893854
028,"Toys, Games & Sporting Goods",2023,28046,16178,0.5768380517720887,0.647971190187549,0.26099978606574914,0.09102902374670185,0.03626185552306924
028,"Toys, Games & Sporting Goods",2024,30875,17423,0.5643076923076923,0.6484858299595142,0.25962753036437247,0.09188663967611337,0.028534412955465587
028,"Toys, Games & Sporting Goods",2025,30669,16846,0.5492842935863576,0.6203332355146891,0.2918908343930353,0.08777593009227559,0.02875868140467573
029,"Meat, Dairy & Prepared Foods",1985,1992,934,0.46887550200803213,0.5105421686746988,0.3970883534136546,0.09236947791164658,0.09688755020080321
029,"Meat, Dairy & Prepared Foods",1986,1677,758,0.45199761478831246,0.5569469290399522,0.407871198568873,0.035181872391174714,0.059033989266547404
029,"Meat, Dairy & Prepared Foods",1987,1902,860,0.45215562565720296,0.5546792849631966,0.3980021030494217,0.0473186119873817,0.060988433228180865
029,"Meat, Dairy & Prepared Foods",1988,1869,794,0.42482611021936867,0.536115569823435,0.41252006420545745,0.051364365971107544,0.06527554842161584
029,"Meat, Dairy & Prepared Foods",1989,2307,981,0.42522756827048114,0.49111400086692675,0.4542696142175986,0.054616384915474644,0.05851755526657997
029,"Meat, Dairy & Prepared Foods",1990,3031,1559,0.5143516991092049,0.5308479049818542,0.4044869679973606,0.06466512702078522,0.0676344440778621
029,"Meat, Dairy & Prepared Foods",1991,2995,1261,0.42103505843071787,0.4751252086811352,0.4357262103505843,0.08914858096828046,0.07245409015025042
029,"Meat, Dairy & Prepared Foods",1992,2871,1225,0.4266805990943922,0.49669104841518635,0.4280738418669453,0.07523510971786834,0.06095437129919889
029,"Meat, Dairy & Prepared Foods",1993,3129,1287,0.411313518696069,0.4781080217321828,0.4346436561201662,0.087248322147651,0.05880472994566954
029,"Meat, Dairy & Prepared Foods",1994,3031,1195,0.39425932035631805,0.4701418673705048,0.46354338502144504,0.06631474760805015,0.05971626525899043
029,"Meat, Dairy & Prepared Foods",1995,3416,1394,0.40807962529274006,0.474824355971897,0.4344262295081967,0.09074941451990633,0.06293911007025761
029,"Meat, Dairy & Prepared Foods",1996,3730,1533,0.41099195710455766,0.457372654155496,0.45951742627345843,0.08310991957104558,0.04825737265415549
029,"Meat, Dairy & Prepared Foods",1997,3796,1500,0.3951527924130664,0.4691780821917808,0.46812434141201265,0.06269757639620653,0.04952581664910432
029,"Meat, Dairy & Prepared Foods",1998,3713,1524,0.41044977107460273,0.4901696741179639,0.46485321842176136,0.04497710746027471,0.03959062752491247
029,"Meat, Dairy & Prepared Foods",1999,4436,1917,0.43214607754733997,0.4848963029756537,0.4211000901713255,0.09400360685302074,0.05139765554553652
029,"Meat, Dairy & Prepared Foods",2000,4163,1798,0.4319000720634158,0.4871486908479462,0.44703338938265674,0.06581791976939708,0.04564016334374249
029,"Meat, Dairy & Prepared Foods",2001,4094,1691,0.41304347826086957,0.4745969711773327,0.4428431851489985,0.08255984367366878,0.0625305324865657
029,"Meat, Dairy & Prepared Foods",2002,4454,1782,0.40008980691513246,0.4770992366412214,0.4339919173776381,0.08890884598114054,0.04041311180960934
029,"Meat, Dairy & Prepared Foods",2003,5158,2090,0.4051958123303606,0.4517254749903063,0.4451337727801473,0.10314075222954634,0.0478867778208608
029,"Meat, Dairy & Prepared Foods",2004,5583,2336,0.4184130395844528,0.4671323661114096,0.45799749238760523,0.07487014150098513,0.04137560451370231
029,"Meat, Dairy & Prepared Foods",2005,5446,2149,0.39460154241645246,0.4561145795078957,0.4394050679397723,0.10448035255233198,0.038560411311053984
029,"Meat, Dairy & Prepared Foods",2006,5934,2339,0.3941691944725312,0.4432086282440175,0.4501179642736771,0.10667340748230536,0.045837546343107514
029,"Meat, Dairy & Prepared Foods",2007,6225,2483,0.3988755020080321,0.4436947791164659,0.44353413654618473,0.11277108433734939,0.03983935742971888
029,"Meat, Dairy & Prepared Foods",2008,5681,2234,0.3932406266502376,0.45608167576130965,0.44604823094525614,0.09787009329343425,0.04576659038901602
029,"Meat, Dairy & Prepared Foods",2009,5542,2228,0.40202093107181525,0.48971490436665466,0.4388307470227355,0.07145434861060988,0.03374233128834356
029,"Meat, Dairy & Prepared Foods",2010,5847,2490,0.4258594150846588,0.48195655891910383,0.44809303916538396,0.06995040191551223,0.035573798529160254
029,"Meat, Dairy & Prepared Foods",2011,6331,2675,0.4225240878218291,0.4697520138998578,0.4676986258095088,0.06254936029063339,0.03269625651555837
029,"Meat, Dairy & Prepared Foods",2012,6493,2737,0.42153087940859385,0.4903742491914369,0.4353919605729247,0.07423379023563838,0.034806714923764054
029,"Meat, Dairy & Prepared Foods",2013,6947,2937,0.42277241974953217,0.4941701453864978,0.43025766517921404,0.07557218943428819,0.03670649201093997
029,"Meat, Dairy & Prepared Foods",2014,7237,3028,0.41840541660909214,0.4728478651374879,0.46787342821611166,0.05927870664640044,0.03385380682603289
029,"Meat, Dairy & Prepared Foods",2015,8018,3502,0.4367672736343228,0.47567972062858566,0.4627089049638314,0.061611374407582936,0.028934896482913443
029,"Meat, Dairy & Prepared Foods",2016,8503,3611,0.4246736445960249,0.46595319299070914,0.45666235446313064,0.07738445254616018,0.03163589321415971
029,"Meat, Dairy & Prepared Foods",2017,8943,3807,0.42569607514256963,0.46315554064631553,0.4548809124454881,0.08196354690819635,0.02549480040254948
029,"Meat, Dairy & Prepared Foods",2018,9075,3880,0.4275482093663912,0.4793388429752066,0.4761432506887052,0.04451790633608815,0.02391184573002755
029,"Meat, Dairy & Prepared Foods",2019,9644,4232,0.43882206553297387,0.4561385317295728,0.4514724180837827,0.09238905018664455,0.05101617586063874
029,"Meat, Dairy & Prepared Foods",2020,9649,4342,0.44999481811586695,0.49227899264172453,0.43558918022593013,0.07213182713234532,0.028189449683905066
029,"Meat, Dairy & Prepared Foods",2021,9568,4491,0.46937709030100333,0.5002090301003345,0.4353051839464883,0.06448578595317726,0.02665133779264214
029,"Meat, Dairy & Prepared Foods",2022,7901,3484,0.4409568409062144,0.5143652702189596,0.4343753955195545,0.051259334261485885,0.023667890140488545
029,"Meat, Dairy & Prepared Foods",2023,8063,3657,0.4535532680143867,0.5177973459010294,0.43259332754557855,0.049609326553392036,0.027285129604365622
029,"Meat, Dairy & Prepared Foods",2024,8554,3860,0.4512508767827917,0.5350713116670563,0.43640402151040447,0.028524666822539162,0.019756838905775075
029,"Meat, Dairy & Prepared Foods",2025,9225,4344,0.4708943089430894,0.5186991869918699,0.43382113821138213,0.047479674796747966,0.0208130081300813
030,"Coffee, Tea, Bakery & Spices",1985,2508,1168,0.46570972886762363,0.5139553429027113,0.3787878787878788,0.10725677830940988,0.08293460925039872
030,"Coffee, Tea, Bakery & Spices",1986,2592,1135,0.4378858024691358,0.5104166666666666,0.4058641975308642,0.08371913580246913,0.060570987654320986
030,"Coffee, Tea, Bakery & Spices",1987,2773,1164,0.41976199062387304,0.49621348719798053,0.4183195095564371,0.0854670032455824,0.06635412910205554
030,"Coffee, Tea, Bakery & Spices",1988,2815,1165,0.413854351687389,0.4966252220248668,0.4074600355239787,0.09591474245115453,0.06394316163410302
030,"Coffee, Tea, Bakery & Spices",1989,3423,1435,0.41922290388548056,0.46333625474729767,0.42769500438212094,0.10896874087058137,0.06251825883727724
030,"Coffee, Tea, Bakery & Spices",1990,4733,2371,0.5009507711810691,0.4802450876822311,0.404183393196704,0.11557151912106486,0.06803296006761039
030,"Coffee, Tea, Bakery & Spices",1991,4290,1826,0.4256410256410256,0.46853146853146854,0.424009324009324,0.10745920745920746,0.07016317016317017
030,"Coffee, Tea, Bakery & Spices",1992,4667,1911,0.40947075208913647,0.4703235483179773,0.41011356331690596,0.11956288836511678,0.06020998500107135
030,"Coffee, Tea, Bakery & Spices",1993,5497,2212,0.4024013098053484,0.4500636710933236,0.4295070038202656,0.12042932508641077,0.0469346916499909
030,"Coffee, Tea, Bakery & Spices",1994,5667,2216,0.3910358214222693,0.43162166931356977,0.4505029115934357,0.11787541909299452,0.05187930121757544
030,"Coffee, Tea, Bakery & Spices",1995,6139,2430,0.3958299397295977,0.44437204756474996,0.43427268284736925,0.12135526958788076,0.06906662322853885
030,"Coffee, Tea, Bakery & Spices",1996,6222,2346,0.3770491803278688,0.4345869495339119,0.42494374799099965,0.1404693024750884,0.056734169077467055
030,"Coffee, Tea, Bakery & Spices",1997,6425,2536,0.3947081712062257,0.44108949416342413,0.4448249027237354,0.11408560311284047,0.04715953307392996
030,"Coffee, Tea, Bakery & Spices",1998,6501,2731,0.42008921704353175,0.4690047684971543,0.44531610521458237,0.08567912628826334,0.042455006922012
030,"Coffee, Tea, Bakery & Spices",1999,7011,2965,0.42290686064755384,0.4664099272571673,0.4286121808586507,0.104977891884182,0.0410783055198973
030,"Coffee, Tea, Bakery & Spices",2000,6805,2991,0.439529757531227,0.4925789860396767,0.4136664217487142,0.09375459221160912,0.05216752387950037
030,"Coffee, Tea, Bakery & Spices",2001,6824,2683,0.39317116060961316,0.4428487690504103,0.41251465416178196,0.14463657678780772,0.06228018757327081
030,"Coffee, Tea, Bakery & Spices",2002,7244,3055,0.4217283268912203,0.47667034787410273,0.4073716178906681,0.11595803423522916,0.049420209828823856
030,"Coffee, Tea, Bakery & Spices",2003,7956,3339,0.41968325791855204,0.46907993966817496,0.42823026646556056,0.10268979386626445,0.048391151332327804
030,"Coffee, Tea, Bakery & Spices",2004,8968,3875,0.4320918822479929,0.46309099018733274,0.41369313113291706,0.12321587867975023,0.0463871543264942
030,"Coffee, Tea, Bakery & Spices",2005,9030,3855,0.4269102990033223,0.47231450719822815,0.4080841638981174,0.11960132890365449,0.04629014396456257
030,"Coffee, Tea, Bakery & Spices",2006,9493,4145,0.4366375223849152,0.47708838091225114,0.40766880859580745,0.11524281049194143,0.04340040029495418
030,"Coffee, Tea, Bakery & Spices",2007,9751,4331,0.44415957337708956,0.4910265613783202,0.3978053532970977,0.1111680853245821,0.036714183160701463
030,"Coffee, Tea, Bakery & Spices",2008,9300,4092,0.44,0.49806451612903224,0.4052688172043011,0.09666666666666666,0.03655913978494624
030,"Coffee, Tea, Bakery & Spices",2009,9210,4003,0.43463626492942453,0.4921824104234528,0.4046688382193268,0.10314875135722042,0.03420195439739414
030,"Coffee, Tea, Bakery & Spices",2010,10108,4784,0.47328848436881676,0.5053423031262366,0.3927582113177681,0.10189948555599525,0.03393351800554017
030,"Coffee, Tea, Bakery & Spices",2011,10797,5064,0.46901917199222004,0.5086598129109938,0.41187366861165137,0.07946651847735482,0.03371306844493841
030,"Coffee, Tea, Bakery & Spices",2012,11066,5092,0.46014820169889753,0.5064160491595879,0.3998734863545997,0.0937104644858124,0.031357310681366345
030,"Coffee, Tea, Bakery & Spices",2013,12334,5817,0.4716231555051078,0.5140262688503324,0.3976001297227177,0.08837360142694989,0.03413329009242744
030,"Coffee, Tea, Bakery & Spices",2014,13006,6202,0.47685683530678147,0.5079194218053206,0.41949869291096414,0.0725818852837152,0.028294633246194065
030,"Coffee, Tea, Bakery & Spices",2015,13267,6600,0.4974749378156328,0.5141328107333987,0.4170498228687721,0.0688173663978292,0.02464762191904726
030,"Coffee, Tea, Bakery & Spices",2016,14045,6826,0.48600925596297617,0.5075115699537202,0.42812388750444996,0.06436454254182983,0.024421502313990744
030,"Coffee, Tea, Bakery & Spices",2017,14852,7372,0.4963641260436305,0.5148801508214382,0.41260436304874765,0.07251548612981416,0.02134392674387288
030,"Coffee, Tea, Bakery & Spices",2018,15854,7797,0.49180017661158065,0.5230856566166268,0.41333417434086034,0.06358016904251293,0.019679576132206382
030,"Coffee, Tea, Bakery & Spices",2019,16519,8277,0.5010593861613899,0.5108662751982566,0.41467401174405233,0.07445971305769114,0.0324474847145711
030,"Coffee, Tea, Bakery & Spices",2020,17608,9366,0.5319173103134939,0.5432189913675602,0.40566787823716494,0.051113130395274875,0.016072239890958656
030,"Coffee, Tea, Bakery & Spices",2021,18110,9844,0.5435670900055218,0.5631695196024296,0.38823854224185533,0.048591938155715074,0.014632799558255107
030,"Coffee, Tea, Bakery & Spices",2022,15498,8093,0.5221964124403149,0.5528455284552846,0.4038585623951478,0.043295909149567685,0.01664730933023616
030,"Coffee, Tea, Bakery & Spices",2023,16502,8771,0.5315113319597624,0.5682947521512544,0.38722579081323477,0.044479457035510844,0.01745243000848382
030,"Coffee, Tea, Bakery & Spices",2024,18236,9604,0.5266505812678219,0.5667909629304672,0.3892300943189296,0.043978942750603205,0.012557578416319368
030,"Coffee, Tea, Bakery & Spices",2025,19048,10624,0.5577488450230995,0.5956005879882402,0.36796514069718605,0.03643427131457371,0.012179756404871903
031,Agriculture & Live Animals,1985,844,437,0.5177725118483413,0.48578199052132703,0.3578199052132701,0.15639810426540285,0.1848341232227488
031,Agriculture & Live Animals,1986,817,418,0.5116279069767442,0.5801713586291309,0.3818849449204406,0.037943696450428395,0.0966952264381885
031,Agriculture & Live Animals,1987,840,419,0.4988095238095238,0.5488095238095239,0.4154761904761905,0.03571428571428571,0.08928571428571429
031,Agriculture & Live Animals,1988,928,434,0.4676724137931034,0.5495689655172413,0.41163793103448276,0.03879310344827586,0.08512931034482758
031,Agriculture & Live Animals,1989,1095,528,0.4821917808219178,0.5525114155251142,0.39452054794520547,0.052968036529680365,0.091324200913242
031,Agriculture & Live Animals,1990,1471,797,0.5418082936777702,0.5370496261046906,0.3868116927260367,0.07613868116927261,0.09449354180829368
031,Agriculture & Live Animals,1991,1464,738,0.5040983606557377,0.5293715846994536,0.44330601092896177,0.0273224043715847,0.0662568306010929
031,Agriculture & Live Animals,1992,1355,591,0.4361623616236162,0.49372693726937267,0.43468634686346863,0.07158671586715867,0.1011070110701107
031,Agriculture & Live Animals,1993,1633,704,0.43110838946723823,0.46785058175137784,0.41457440293937536,0.11757501530924679,0.10471524800979792
031,Agriculture & Live Animals,1994,1562,735,0.470550576184379,0.5102432778489117,0.44430217669654287,0.045454545454545456,0.06722151088348272
031,Agriculture & Live Animals,1995,1876,877,0.46748400852878463,0.4493603411513859,0.40671641791044777,0.1439232409381663,0.12153518123667377
031,Agriculture & Live Animals,1996,1813,825,0.4550468836183122,0.5002757859900717,0.4059569773855488,0.09376723662437948,0.0882515168229454
031,Agriculture & Live Animals,1997,1998,898,0.4494494494494494,0.46796796796796797,0.4269269269269269,0.10510510510510511,0.08008008008008008
031,Agriculture & Live Animals,1998,2013,897,0.4456035767511177,0.4992548435171386,0.4416294088425236,0.05911574764033781,0.06358668653750621
031,Agriculture & Live Animals,1999,2328,1169,0.502147766323024,0.5133161512027491,0.4110824742268041,0.07560137457044673,0.06701030927835051
031,Agriculture & Live Animals,2000,2350,1134,0.4825531914893617,0.5131914893617021,0.40170212765957447,0.0851063829787234,0.06297872340425532
031,Agriculture & Live Animals,2001,2130,969,0.45492957746478874,0.49577464788732395,0.447887323943662,0.056338028169014086,0.056338028169014086
031,Agriculture & Live Animals,2002,2386,994,0.4165968147527242,0.47359597652975693,0.4308466051969824,0.09555741827326068,0.08298407376362113
031,Agriculture & Live Animals,2003,2518,1119,0.44440031771247024,0.47577442414614773,0.46227164416203337,0.061953931691818905,0.061953931691818905
031,Agriculture & Live Animals,2004,2740,1092,0.39854014598540144,0.4624087591240876,0.4215328467153285,0.11605839416058394,0.08248175182481751
031,Agriculture & Live Animals,2005,2797,1154,0.4125849124061495,0.45477297104040043,0.4680014301036825,0.07722559885591705,0.058991776903825524
031,Agriculture & Live Animals,2006,3090,1248,0.40388349514563104,0.4197411003236246,0.44919093851132685,0.13106796116504854,0.07281553398058252
031,Agriculture & Live Animals,2007,3081,1305,0.42356377799415773,0.44498539435248297,0.4524505030834145,0.10256410256410256,0.07010710808179163
031,Agriculture & Live Animals,2008,3024,1210,0.4001322751322751,0.4444444444444444,0.44047619047619047,0.11507936507936507,0.06944444444444445
031,Agriculture & Live Animals,2009,2822,1167,0.4135364989369242,0.44861800141743446,0.47448618001417436,0.07689581856839121,0.05527994330262225
031,Agriculture & Live Animals,2010,3153,1302,0.41294005708848713,0.4516333650491595,0.42150333016175073,0.12686330478908975,0.07009197589597209
031,Agriculture & Live Animals,2011,3266,1282,0.3925290875688916,0.43906919779546844,0.45162278015921614,0.10930802204531537,0.06521739130434782
031,Agriculture & Live Animals,2012,3112,1272,0.4087403598971722,0.44280205655526994,0.46240359897172234,0.09479434447300772,0.06587403598971722
031,Agriculture & Live Animals,2013,3493,1434,0.41053535642714,0.43716003435442313,0.4612081305468079,0.10163183509876897,0.06355568279415975
031,Agriculture & Live Animals,2014,3557,1427,0.40118077031206073,0.43997750913691314,0.4605004217036829,0.099522069159404,0.06719145347202699
031,Agriculture & Live Animals,2015,3877,1615,0.41655919525406243,0.4485426876450864,0.4658240907918494,0.08563322156306423,0.04797523858653598
031,Agriculture & Live Animals,2016,4405,1850,0.4199772985244041,0.4333711691259932,0.4351872871736663,0.13144154370034053,0.07241770715096481
031,Agriculture & Live Animals,2017,4703,2116,0.44992557941739314,0.4354667233680629,0.459706570274293,0.10482670635764406,0.05166914735275356
031,Agriculture & Live Animals,2018,5084,2287,0.4498426435877262,0.4600708103855232,0.43273013375295044,0.10719905586152635,0.05114083398898505
031,Agriculture & Live Animals,2019,5509,2516,0.4567072063895444,0.44218551461245237,0.40261390451987655,0.15520058086767108,0.10183336358685786
031,Agriculture & Live Animals,2020,5548,2559,0.46124729632299927,0.48395818312905553,0.45097332372025956,0.06506849315068493,0.03568853640951694
031,Agriculture & Live Animals,2021,5974,2889,0.48359558085035154,0.4954804151322397,0.39671911617007033,0.10780046869768999,0.06963508536993639
031,Agriculture & Live Animals,2022,4989,2290,0.45900982160753656,0.527159751453197,0.40609340549208256,0.06674684305472038,0.049709360593305274
031,Agriculture & Live Animals,2023,4988,2357,0.4725340817963111,0.5298716920609463,0.4033680834001604,0.06676022453889334,0.04310344827586207
031,Agriculture & Live Animals,2024,5508,2653,0.4816630355846042,0.5359477124183006,0.40177923021060274,0.062273057371096584,0.040123456790123455
031,Agriculture & Live Animals,2025,5332,2597,0.48705926481620404,0.5393848462115529,0.39497374343585895,0.06564141035258815,0.038634658664666165
032,Beer & Soft Drinks,1985,830,428,0.5156626506024097,0.4879518072289157,0.42048192771084336,0.09156626506024096,0.15060240963855423
032,Beer & Soft Drinks,1986,742,320,0.431266846361186,0.5283018867924528,0.4420485175202156,0.029649595687331536,0.10646900269541779
032,Beer & Soft Drinks,1987,796,391,0.49120603015075376,0.5942211055276382,0.4057788944723618,0.0,0.0829145728643216
032,Beer & Soft Drinks,1988,771,359,0.4656290531776913,0.5836575875486382,0.3787289234760052,0.03761348897535668,0.10246433203631647
032,Beer & Soft Drinks,1989,909,382,0.42024202420242024,0.5148514851485149,0.41474147414741475,0.0704070407040704,0.10451045104510451
032,Beer & Soft Drinks,1990,1342,751,0.559612518628912,0.5491803278688525,0.3897168405365127,0.06110283159463487,0.08792846497764531
032,Beer & Soft Drinks,1991,1454,655,0.4504814305364512,0.469050894085282,0.37620357634112794,0.15474552957359008,0.1609353507565337
032,Beer & Soft Drinks,1992,1585,712,0.449211356466877,0.44227129337539434,0.4025236593059937,0.15520504731861198,0.1608832807570978
032,Beer & Soft Drinks,1993,2019,863,0.4274393263992075,0.4234769687964339,0.4145616641901932,0.16196136701337296,0.12085190688459634
032,Beer & Soft Drinks,1994,2286,931,0.40726159230096237,0.41819772528433946,0.4068241469816273,0.17497812773403323,0.15441819772528434
032,Beer & Soft Drinks,1995,2977,1250,0.41988579106483037,0.37117903930131,0.4346657709103124,0.19415518978837756,0.12932482364796774
032,Beer & Soft Drinks,1996,2962,1255,0.4237002025658339,0.41964888588791355,0.4179608372721134,0.16239027683997298,0.09756920999324781
032,Beer & Soft Drinks,1997,2749,1094,0.3979628955983994,0.4379774463441251,0.43397599126955255,0.1280465623863223,0.10221898872317206
032,Beer & Soft Drinks,1998,2612,1047,0.40084226646248083,0.4433384379785605,0.40926493108728945,0.14739663093415006,0.10872894333843798
032,Beer & Soft Drinks,1999,2675,1078,0.4029906542056075,0.4654205607476635,0.41906542056074764,0.11551401869158878,0.09869158878504673
032,Beer & Soft Drinks,2000,2526,1075,0.4255740300870942,0.48535233570863023,0.4089469517022961,0.10570071258907364,0.08867775138558986
032,Beer & Soft Drinks,2001,2738,1050,0.38349159970781593,0.4393718042366691,0.3995617238860482,0.16106647187728268,0.11906501095690285
032,Beer & Soft Drinks,2002,2869,1173,0.4088532589752527,0.4649703729522482,0.44196584175670967,0.09306378529104217,0.08156151969327292
032,Beer & Soft Drinks,2003,3143,1269,0.4037543748011454,0.4782055361119949,0.4171174037543748,0.10467706013363029,0.07286032453070315
032,Beer & Soft Drinks,2004,3741,1595,0.4263565891472868,0.4640470462443197,0.40898155573376105,0.12697139802191929,0.07030205827318899
032,Beer & Soft Drinks,2005,4141,1634,0.39459067858005314,0.4568944699347984,0.39990340497464383,0.14320212509055782,0.10383965225790871
032,Beer & Soft Drinks,2006,4415,1743,0.39479048697621744,0.437599093997735,0.43284258210645526,0.12955832389580973,0.08335220838052095
032,Beer & Soft Drinks,2007,5172,2178,0.4211136890951276,0.43677494199535966,0.4193735498839907,0.14385150812064965,0.07018561484918794
032,Beer & Soft Drinks,2008,5060,1897,0.374901185770751,0.4207509881422925,0.4096837944664032,0.16956521739130434,0.08498023715415019
032,Beer & Soft Drinks,2009,4468,1840,0.41181736794986573,0.464189794091316,0.4183079677708147,0.1175022381378693,0.06222023276633841
032,Beer & Soft Drinks,2010,5019,2066,0.41163578402072126,0.4550707312213588,0.42657899980075714,0.11835026897788405,0.06654712094042638
032,Beer & Soft Drinks,2011,5581,2356,0.422146568715284,0.44508152660813477,0.42985128113241355,0.1250671922594517,0.05285791076867945
032,Beer & Soft Drinks,2012,6160,2684,0.4357142857142857,0.45551948051948055,0.4420454545454545,0.10243506493506493,0.057467532467532466
032,Beer & Soft Drinks,2013,7600,3219,0.42355263157894735,0.41973684210526313,0.46828947368421053,0.11197368421052632,0.04302631578947368
032,Beer & Soft Drinks,2014,8079,3363,0.4162643891570739,0.407228617403144,0.4803812353013987,0.11239014729545736,0.04084663943557371
032,Beer & Soft Drinks,2015,9375,3875,0.41333333333333333,0.39936,0.46325333333333335,0.13738666666666666,0.03370666666666667
032,Beer & Soft Drinks,2016,9721,4003,0.4117889106059047,0.4081884579775743,0.4833864828721325,0.10842505915029318,0.03075815245345129
032,Beer & Soft Drinks,2017,9531,3989,0.41852901059699926,0.4253488616094848,0.4752911551778407,0.09935998321267443,0.032630364075123285
032,Beer & Soft Drinks,2018,9461,3778,0.39932353873797694,0.42712186872423635,0.46718105908466334,0.1056970721911003,0.039319310855089315
032,Beer & Soft Drinks,2019,9632,3916,0.4065614617940199,0.42016196013289037,0.4424833887043189,0.1373546511627907,0.05948920265780731
032,Beer & Soft Drinks,2020,8750,3578,0.40891428571428573,0.4596571428571429,0.4549714285714286,0.08537142857142857,0.033485714285714285
032,Beer & Soft Drinks,2021,8756,3736,0.42667884878940154,0.47396071265418,0.45397441754225676,0.07206486980356328,0.03197807217907721
032,Beer & Soft Drinks,2022,7405,2997,0.40472653612424037,0.47819041188386224,0.45550303848750845,0.06630654962862931,0.029304523970290344
032,Beer & Soft Drinks,2023,7631,3226,0.4227493120167737,0.49325121216092255,0.4551172847595335,0.051631503079543964,0.028960817717206135
032,Beer & Soft Drinks,2024,8057,3379,0.4193868685614993,0.48405113565843366,0.4456993918331885,0.0702494725083778,0.026684870299118778
032,Beer & Soft Drinks,2025,8913,4048,0.45416806911253227,0.5047683159430046,0.4384606754179289,0.056771008639066534,0.023785481880399417
033,Wine & Spirits,1985,905,501,0.5535911602209945,0.5314917127071823,0.3679558011049724,0.1005524861878453,0.14475138121546963
033,Wine & Spirits,1986,727,382,0.5254470426409904,0.5433287482806052,0.4236588720770289,0.033012379642365884,0.1031636863823934
033,Wine & Spirits,1987,743,337,0.4535666218034993,0.531628532974428,0.40915208613728127,0.059219380888290714,0.11978465679676985
033,Wine & Spirits,1988,720,337,0.46805555555555556,0.575,0.38055555555555554,0.044444444444444446,0.12083333333333333
033,Wine & Spirits,1989,760,382,0.5026315789473684,0.5171052631578947,0.41710526315789476,0.06578947368421052,0.11842105263157894
033,Wine & Spirits,1990,1000,547,0.547,0.531,0.363,0.106,0.13
033,Wine & Spirits,1991,851,390,0.4582843713278496,0.5276145710928319,0.3936545240893067,0.07873090481786134,0.12338425381903642
033,Wine & Spirits,1992,947,483,0.5100316789862724,0.4941921858500528,0.46462513199577615,0.04118268215417107,0.09503695881731784
033,Wine & Spirits,1993,1058,503,0.47542533081285443,0.45274102079395084,0.505671077504726,0.04158790170132325,0.10680529300567108
033,Wine & Spirits,1994,1258,544,0.43243243243243246,0.4507154213036566,0.42527821939586646,0.12400635930047695,0.11605723370429252
033,Wine & Spirits,1995,1488,765,0.5141129032258065,0.448252688172043,0.43010752688172044,0.12163978494623656,0.13844086021505375
033,Wine & Spirits,1996,1519,733,0.4825543120473996,0.4687294272547729,0.4621461487820935,0.06912442396313365,0.086899275839368
033,Wine & Spirits,1997,1743,807,0.4629948364888124,0.47160068846815834,0.44176706827309237,0.08663224325874928,0.08089500860585198
033,Wine & Spirits,1998,1866,894,0.4790996784565916,0.4796355841371919,0.454983922829582,0.06538049303322616,0.07502679528403002
033,Wine & Spirits,1999,2185,1144,0.5235697940503432,0.5135011441647597,0.411441647597254,0.07505720823798627,0.07505720823798627
033,Wine & Spirits,2000,2262,1113,0.4920424403183024,0.5167992926613616,0.4248452696728559,0.058355437665782495,0.06631299734748011
033,Wine & Spirits,2001,2436,1230,0.5049261083743842,0.4872742200328407,0.4552545155993432,0.05747126436781609,0.06486042692939245
033,Wine & Spirits,2002,2905,1413,0.4864027538726334,0.48743545611015493,0.45266781411359724,0.059896729776247846,0.06299483648881239
033,Wine & Spirits,2003,3514,1755,0.49943084803642573,0.4410927717700626,0.46129766647694936,0.09760956175298804,0.0742743312464428
033,Wine & Spirits,2004,4451,2165,0.4864075488654235,0.44866322174792184,0.45338126263760953,0.09795551561446866,0.06987193889013704
033,Wine & Spirits,2005,4917,2375,0.4830181004677649,0.4514948139109213,0.4388854992881839,0.10961968680089486,0.05857230018303844
033,Wine & Spirits,2006,5425,2503,0.46138248847926266,0.44092165898617514,0.4383410138248848,0.12073732718894009,0.04976958525345622
033,Wine & Spirits,2007,6185,2862,0.46273241713823765,0.4392886014551334,0.43411479385610346,0.12659660468876313,0.04898949070331447
033,Wine & Spirits,2008,5909,2683,0.4540531392790658,0.4547300727703503,0.45033000507700116,0.0949399221526485,0.048400744626840415
033,Wine & Spirits,2009,5429,2416,0.4450174986185301,0.454227297844907,0.4345183275004605,0.11125437465463253,0.048259347946214774
033,Wine & Spirits,2010,6146,2662,0.43312723722746505,0.4318255776114546,0.42873413602342986,0.13944028636511552,0.07386918320859095
033,Wine & Spirits,2011,7093,3045,0.42929648949668686,0.43831946989990134,0.42689976032708304,0.13478076977301565,0.05075426476808121
033,Wine & Spirits,2012,7779,3073,0.3950379226121609,0.41522046535544416,0.4427304280755881,0.14204910656896774,0.06311865278313408
033,Wine & Spirits,2013,8440,3539,0.4193127962085308,0.4207345971563981,0.45177725118483414,0.12748815165876778,0.06599526066350711
033,Wine & Spirits,2014,8771,3483,0.39710409303386157,0.39642002052217534,0.43689431079694446,0.16668566868088017,0.08060654429369513
033,Wine & Spirits,2015,8863,3643,0.41103463838429427,0.4288615592914363,0.45041182443867767,0.12072661626988604,0.05054721877468126
033,Wine & Spirits,2016,9570,3834,0.4006269592476489,0.4044932079414838,0.44482758620689655,0.15067920585161965,0.056844305120167186
033,Wine & Spirits,2017,9854,3931,0.39892429470265883,0.4022731885528719,0.4650903186523239,0.13263649279480413,0.05206007712604019
033,Wine & Spirits,2018,10496,4098,0.3904344512195122,0.3985327743902439,0.46246189024390244,0.13900533536585366,0.05592606707317073
033,Wine & Spirits,2019,10987,4281,0.38964230454173115,0.3905524711022117,0.4409756985528352,0.16847183034495314,0.07554382451988714
033,Wine & Spirits,2020,11136,4273,0.3837104885057471,0.41118893678160917,0.4436961206896552,0.14511494252873564,0.05414870689655173
033,Wine & Spirits,2021,12020,4843,0.4029118136439268,0.4137271214642263,0.4433444259567388,0.14292845257903494,0.05366056572379368
033,Wine & Spirits,2022,10209,3964,0.38828484670388874,0.4235478499363307,0.4701733764325595,0.10627877363110981,0.0473111960035263
033,Wine & Spirits,2023,9358,3667,0.3918572344518059,0.4457148963453729,0.44913443043385337,0.10515067322077366,0.05449882453515709
033,Wine & Spirits,2024,8899,3432,0.3856613102595797,0.44218451511405776,0.4492639622429486,0.1085515226429936,0.05135408472862119
033,Wine & Spirits,2025,7972,3240,0.4064224786753638,0.46349724034119416,0.40767686904164574,0.12882589061716007,0.06949322629202208
034,Tobacco & Smokers' Articles,1985,380,159,0.41842105263157897,0.47368421052631576,0.29473684210526313,0.23157894736842105,0.33157894736842103
034,Tobacco & Smokers' Articles,1986,294,103,0.35034013605442177,0.46598639455782315,0.4489795918367347,0.08503401360544217,0.25510204081632654
034,Tobacco & Smokers' Articles,1987,265,85,0.32075471698113206,0.5245283018867924,0.32075471698113206,0.15471698113207547,0.27547169811320754
034,Tobacco & Smokers' Articles,1988,327,83,0.25382262996941896,0.41284403669724773,0.4648318042813456,0.12232415902140673,0.2782874617737003
034,Tobacco & Smokers' Articles,1989,331,99,0.2990936555891239,0.38972809667673713,0.36555891238670696,0.24471299093655588,0.338368580060423
034,Tobacco & Smokers' Articles,1990,414,161,0.3888888888888889,0.4323671497584541,0.357487922705314,0.21014492753623187,0.2995169082125604
034,Tobacco & Smokers' Articles,1991,386,132,0.34196891191709844,0.4689119170984456,0.4585492227979275,0.07253886010362694,0.20207253886010362
034,Tobacco & Smokers' Articles,1992,485,145,0.29896907216494845,0.32989690721649484,0.4,0.27010309278350514,0.3237113402061856
034,Tobacco & Smokers' Articles,1993,530,171,0.32264150943396225,0.35094339622641507,0.4,0.2490566037735849,0.3169811320754717
034,Tobacco & Smokers' Articles,1994,449,171,0.38084632516703787,0.4209354120267261,0.48329621380846327,0.0957683741648107,0.21603563474387527
034,Tobacco & Smokers' Articles,1995,669,325,0.4857997010463378,0.40358744394618834,0.42750373692077726,0.16890881913303438,0.242152466367713
034,Tobacco & Smokers' Articles,1996,990,516,0.5212121212121212,0.45555555555555555,0.4898989898989899,0.05454545454545454,0.10505050505050505
034,Tobacco & Smokers' Articles,1997,1419,809,0.5701198026779423,0.47780126849894294,0.4474982381959126,0.07470049330514447,0.07470049330514447
034,Tobacco & Smokers' Articles,1998,856,416,0.48598130841121495,0.48598130841121495,0.4766355140186916,0.037383177570093455,0.10514018691588785
034,Tobacco & Smokers' Articles,1999,736,324,0.44021739130434784,0.5163043478260869,0.46603260869565216,0.017663043478260868,0.10869565217391304
034,Tobacco & Smokers' Articles,2000,804,361,0.4490049751243781,0.4601990049751244,0.5099502487562189,0.029850746268656716,0.11194029850746269
034,Tobacco & Smokers' Articles,2001,824,342,0.41504854368932037,0.4053398058252427,0.4975728155339806,0.0970873786407767,0.12742718446601942
034,Tobacco & Smokers' Articles,2002,1123,448,0.39893143365983974,0.3570792520035619,0.4772929652715939,0.16562778272484416,0.13891362422083706
034,Tobacco & Smokers' Articles,2003,1074,475,0.44227188081936686,0.3752327746741155,0.4925512104283054,0.13221601489757914,0.12290502793296089
034,Tobacco & Smokers' Articles,2004,1009,454,0.4499504459861249,0.4380574826560951,0.4568880079286422,0.10505450941526263,0.13181367690782952
034,Tobacco & Smokers' Articles,2005,1122,434,0.3868092691622103,0.36363636363636365,0.4625668449197861,0.17379679144385027,0.13458110516934046
034,Tobacco & Smokers' Articles,2006,1124,431,0.3834519572953737,0.3790035587188612,0.47419928825622776,0.14679715302491103,0.13790035587188612
034,Tobacco & Smokers' Articles,2007,1274,432,0.3390894819466248,0.3453689167974882,0.4324960753532182,0.22213500784929358,0.1813186813186813
034,Tobacco & Smokers' Articles,2008,1392,438,0.3146551724137931,0.3139367816091954,0.40876436781609193,0.27729885057471265,0.20043103448275862
034,Tobacco & Smokers' Articles,2009,1358,475,0.34977908689248893,0.3475699558173785,0.3939617083946981,0.25846833578792344,0.16053019145802652
034,Tobacco & Smokers' Articles,2010,1381,553,0.4004344677769732,0.3917451122375091,0.38450398262128893,0.22375090514120202,0.17451122375090514
034,Tobacco & Smokers' Articles,2011,1758,707,0.4021615472127418,0.3594994311717861,0.43742889647326505,0.2030716723549488,0.1348122866894198
034,Tobacco & Smokers' Articles,2012,1883,817,0.43388210302708446,0.40042485395645244,0.42538502389803506,0.1741901221455125,0.11258629845990441
034,Tobacco & Smokers' Articles,2013,2854,1292,0.452697967764541,0.39558514365802383,0.4316748423265592,0.17274001401541697,0.09250175192711983
034,Tobacco & Smokers' Articles,2014,2982,1428,0.4788732394366197,0.4118041582830315,0.46680080482897385,0.12139503688799463,0.06405097250167673
034,Tobacco & Smokers' Articles,2015,3804,1861,0.4892218717139853,0.4235015772870662,0.42665615141955837,0.1498422712933754,0.061514195583596214
034,Tobacco & Smokers' Articles,2016,3174,1503,0.4735349716446125,0.44234404536862004,0.41398865784499056,0.14366729678638943,0.07687460617517328
034,Tobacco & Smokers' Articles,2017,3501,1541,0.4401599542987718,0.3864610111396744,0.3733219080262782,0.24021708083404741,0.155955441302485
034,Tobacco & Smokers' Articles,2018,3799,1732,0.4559094498552251,0.4245854172150566,0.4237957357199263,0.1516188470650171,0.095551460910766
034,Tobacco & Smokers' Articles,2019,4906,2561,0.522013860578883,0.3978801467590705,0.43253159396657154,0.16958825927435792,0.09600489196901753
034,Tobacco & Smokers' Articles,2020,4075,2126,0.5217177914110429,0.48368098159509204,0.3820858895705522,0.13423312883435584,0.07386503067484662
034,Tobacco & Smokers' Articles,2021,4841,2526,0.5217930179714935,0.4934930799421607,0.37471596777525307,0.13179095228258625,0.06858087172071886
034,Tobacco & Smokers' Articles,2022,4170,2058,0.4935251798561151,0.486810551558753,0.4347721822541966,0.07841726618705036,0.0460431654676259
034,Tobacco & Smokers' Articles,2023,4630,2184,0.4717062634989201,0.4470842332613391,0.42116630669546434,0.13174946004319654,0.05701943844492441
034,Tobacco & Smokers' Articles,2024,3777,1594,0.42202806460153564,0.45750595710881653,0.4191157002912364,0.12337834259994705,0.07413290971670639
034,Tobacco & Smokers' Articles,2025,3383,1553,0.4590600059119125,0.46260715341412945,0.45196571090747856,0.08542713567839195,0.062370676913981675
035,Advertising & Retail,1985,2330,1575,0.6759656652360515,0.68068669527897,0.28197424892703865,0.03733905579399142,0.054506437768240344
035,Advertising & Retail,1986,2467,1579,0.6400486420753952,0.6635589785164167,0.3364410214835833,0.0,0.031211998378597488
035,Advertising & Retail,1987,2671,1676,0.6274803444402846,0.667540247098465,0.3193560464245601,0.013103706476974916,0.02995132909022838
035,Advertising & Retail,1988,2802,1739,0.6206281227694503,0.6770164168451106,0.31548893647394716,0.007494646680942184,0.029621698786581014
035,Advertising & Retail,1989,3636,2337,0.6427392739273927,0.6567656765676567,0.32755775577557755,0.015676567656765675,0.027777777777777776
035,Advertising & Retail,1990,4494,3087,0.6869158878504673,0.6651090342679128,0.32487761459724074,0.010013351134846462,0.022251891410769914
035,Advertising & Retail,1991,4441,2885,0.649628462058095,0.668543120918712,0.3183967574870525,0.013060121594235533,0.02206710200405314
035,Advertising & Retail,1992,4621,2773,0.6000865613503571,0.631681454230686,0.3553343432157542,0.012984202553559835,0.021856740965159056
035,Advertising & Retail,1993,5676,3323,0.5854474982381959,0.5977801268498943,0.3675123326286117,0.03470754052149401,0.023960535588442564
035,Advertising & Retail,1994,6219,3652,0.5872326740633542,0.6132818781154526,0.36983437851744655,0.01688374336710082,0.021225277375783887
035,Advertising & Retail,1995,8085,4583,0.566852195423624,0.5699443413729128,0.3772418058132344,0.05281385281385281,0.03784786641929499
035,Advertising & Retail,1996,12897,7257,0.5626889974412654,0.573699309917035,0.38303481429789876,0.04326587578506629,0.022020624951539117
035,Advertising & Retail,1997,17568,9504,0.5409836065573771,0.5514002732240437,0.409608378870674,0.03899134790528233,0.01673497267759563
035,Advertising & Retail,1998,20036,11216,0.5597923737272908,0.56168895987223,0.4024256338590537,0.03588540626871631,0.012976642044320223
035,Advertising & Retail,1999,37264,22020,0.5909188492915415,0.5125322026620868,0.4209424645770717,0.06652533276084156,0.011995491627307857
035,Advertising & Retail,2000,44695,26266,0.5876719991050453,0.49041279785210873,0.45363015997315137,0.0559570421747399,0.008703434388634076
035,Advertising & Retail,2001,24898,13326,0.5352237127480118,0.5478351674833319,0.4197927544381075,0.032372078078560525,0.01188850510081131
035,Advertising & Retail,2002,23937,13056,0.54543175836571,0.5715001879934829,0.3934076951998997,0.03509211680661737,0.015958557881104566
035,Advertising & Retail,2003,24903,13886,0.5576035015861542,0.5759145484479782,0.3915592498895715,0.03252620166245031,0.011605027506726097
035,Advertising & Retail,2004,28897,16266,0.5628958023324221,0.5824480049832162,0.3828079039346645,0.034744091082119254,0.009758798491192858
035,Advertising & Retail,2005,32135,18241,0.567636533374825,0.5728333592655983,0.38870390539909755,0.038462735335304185,0.009989108448731913
035,Advertising & Retail,2006,36290,20539,0.5659685863874345,0.5628547809313861,0.40818407274731333,0.028961146321300636,0.008597409754753376
035,Advertising & Retail,2007,42168,24022,0.5696736862075508,0.553429140580535,0.403694744830203,0.042876114589262,0.013327641813697591
035,Advertising & Retail,2008,41054,23063,0.5617722998976957,0.5649632191747455,0.4019827544210065,0.033054026404248066,0.00891508744580309
035,Advertising & Retail,2009,37132,20962,0.56452655391576,0.5856134870192825,0.38298502639233006,0.03140148658838737,0.00972207260583863
035,Advertising & Retail,2010,39269,21607,0.550230461687336,0.5683108813567954,0.3959357253813441,0.0357533932618605,0.010160686546639843
035,Advertising & Retail,2011,44047,24481,0.5557926760051762,0.5602424682725271,0.40842736168183985,0.03133017004563307,0.007106045814697936
035,Advertising & Retail,2012,44206,24145,0.5461928245034611,0.5613265167624304,0.41347328416956974,0.02520019906799982,0.005768447722028684
035,Advertising & Retail,2013,44942,24472,0.5445240532241555,0.5576298340082774,0.4120866895109252,0.03028347648079747,0.0072537937786480355
035,Advertising & Retail,2014,47688,26397,0.5535354806240563,0.5558631102164067,0.41303891964435496,0.031097970139238384,0.008912095286025835
035,Advertising & Retail,2015,51283,28872,0.5629935846186845,0.5541407483961547,0.4190667472651756,0.026792504338669736,0.005284402238558587
035,Advertising & Retail,2016,50596,28200,0.5573563127519962,0.559846628191952,0.4115938018815717,0.028559569926476402,0.006798956439244209
035,Advertising & Retail,2017,54838,30436,0.5550165943323973,0.5529195083701083,0.4158065574966264,0.031273934133265256,0.01066778511251322
035,Advertising & Retail,2018,57079,31780,0.5567721929255943,0.5533558751905254,0.4173163510222674,0.029327773787207204,0.005711382469910125
035,Advertising & Retail,2019,59533,33086,0.5557589908118187,0.5577914769959518,0.40930240370886734,0.03290611929518082,0.008549879898543665
035,Advertising & Retail,2020,67073,39655,0.5912215049274671,0.5874196770682689,0.38678753000462185,0.02579279292710927,0.00670910798682033
035,Advertising & Retail,2021,74047,43295,0.5846962064634624,0.5721366159331236,0.39723418909611463,0.030629194970761813,0.005807122503274947
035,Advertising & Retail,2022,69503,38788,0.5580766297857647,0.5430269197013079,0.4234061839057307,0.033566896392961454,0.004762384357509748
035,Advertising & Retail,2023,66426,38324,0.5769427633757865,0.568828470779514,0.4069490862011863,0.024222443019299673,0.0053593472435492125
035,Advertising & Retail,2024,65744,38135,0.5800529325870042,0.5753528839133609,0.4019986614748114,0.022648454611827695,0.004274154295449015
035,Advertising & Retail,2025,69824,41673,0.5968291704857929,0.5816338221814848,0.39568056828597614,0.022685609532538956,0.005112855178735105
036,Insurance & Financial,1985,2398,1286,0.53628023352794,0.4924937447873228,0.4424520433694746,0.06505421184320268,0.06880733944954129
036,Insurance & Financial,1986,2386,1297,0.5435875943000839,0.5146689019279128,0.44006705783738476,0.04526404023470243,0.0490360435875943
036,Insurance & Financial,1987,2776,1465,0.5277377521613833,0.502521613832853,0.4538904899135447,0.04358789625360231,0.050072046109510084
036,Insurance & Financial,1988,2714,1448,0.5335298452468681,0.5276344878408253,0.443994104642594,0.028371407516580693,0.0449521002210759
036,Insurance & Financial,1989,3437,1709,0.49723596159441374,0.49607215594995635,0.4233343031713704,0.08059354087867326,0.059935990689554845
036,Insurance & Financial,1990,4045,2376,0.5873918417799753,0.5201483312731767,0.43164400494437577,0.048207663782447466,0.03337453646477132
036,Insurance & Financial,1991,3738,1989,0.5321027287319422,0.5085607276618512,0.4344569288389513,0.05698234349919743,0.0371856607811664
036,Insurance & Financial,1992,3814,1978,0.5186156266386995,0.5010487676979549,0.44546407970634505,0.053487152595700055,0.04299947561615102
036,Insurance & Financial,1993,5088,2473,0.4860455974842767,0.46363993710691825,0.4449685534591195,0.09139150943396226,0.05522798742138365
036,Insurance & Financial,1994,5704,2720,0.47685834502103785,0.4628330995792426,0.46072931276297335,0.07643758765778401,0.04751051893408135
036,Insurance & Financial,1995,6815,3211,0.47116654438738076,0.4356566397652238,0.44724871606749816,0.11709464416727806,0.04548789435069699
036,Insurance & Financial,1996,8408,3941,0.46872026641294007,0.4267364414843007,0.47323977164605135,0.10002378686964795,0.035442435775451954
036,Insurance & Financial,1997,9946,4652,0.46772571888196257,0.4296199477176754,0.45194047858435554,0.11843957369796904,0.0361954554594812
036,Insurance & Financial,1998,10693,5140,0.4806883007575049,0.4465538202562424,0.4639483774431871,0.08949780230057047,0.02852333302160292
036,Insurance & Financial,1999,17342,9046,0.521623803482874,0.4288432706723561,0.45219697843386,0.11895975089378388,0.03234921001037942
036,Insurance & Financial,2000,20563,10689,0.519817147303409,0.4102027914214852,0.4785780284977873,0.11121918008072752,0.01950104556728104
036,Insurance & Financial,2001,13019,6114,0.46962132268223367,0.4457331592288194,0.44450418618941545,0.10976265458176511,0.027344650126737844
036,Insurance & Financial,2002,12146,5856,0.4821340358965915,0.44376749547176025,0.4607278116252264,0.09550469290301333,0.030380372138975795
036,Insurance & Financial,2003,12811,6290,0.4909843103582858,0.4530481617360081,0.4407150105378191,0.10623682772617282,0.03481383186324252
036,Insurance & Financial,2004,14300,7137,0.4990909090909091,0.4574825174825175,0.4420979020979021,0.10041958041958042,0.03468531468531469
036,Insurance & Financial,2005,16135,8114,0.5028819336845367,0.4550356368143787,0.44028509451502945,0.10467926867059188,0.03266191509141617
036,Insurance & Financial,2006,17566,8950,0.5095070021632699,0.4534327678469771,0.4510987134236593,0.09546851872936354,0.02652852100648981
036,Insurance & Financial,2007,19070,9686,0.5079181961195596,0.4448348190875721,0.4531725222863136,0.10199265862611431,0.030886208704771892
036,Insurance & Financial,2008,16710,8260,0.4943147815679234,0.46199880311190905,0.4639736684619988,0.07402752842609216,0.026511071214841413
036,Insurance & Financial,2009,14115,7032,0.49819341126461214,0.4889833510449876,0.4443499822883457,0.06666666666666667,0.023379383634431455
036,Insurance & Financial,2010,14535,7150,0.49191606467148263,0.47492260061919506,0.456484348125215,0.06859305125558995,0.022566219470244238
036,Insurance & Financial,2011,15836,7726,0.4878757261934832,0.4601540793129578,0.4727203839353372,0.06712553675170498,0.018186410709775197
036,Insurance & Financial,2012,15639,7427,0.4749024873713153,0.4559115032930494,0.47240872178528037,0.07167977492167019,0.020333780932284672
036,Insurance & Financial,2013,16610,7991,0.4810957254665864,0.45701384708007226,0.4897652016857315,0.05322095123419627,0.015894039735099338
036,Insurance & Financial,2014,17486,8757,0.5008006405124099,0.474322314994853,0.47632391627587783,0.04935376872926913,0.014583095047466545
036,Insurance & Financial,2015,19360,9893,0.5110020661157024,0.4612603305785124,0.4946797520661157,0.0440599173553719,0.012293388429752066
036,Insurance & Financial,2016,18716,9767,0.5218529600341953,0.4796965163496474,0.4780401795255396,0.042263304124812995,0.014212438555246848
036,Insurance & Financial,2017,21195,11180,0.5274828969096484,0.4718093890068412,0.47185656994574193,0.05633404104741684,0.01476763387591413
036,Insurance & Financial,2018,23240,12295,0.5290447504302926,0.46497418244406197,0.4835197934595525,0.05150602409638554,0.012134251290877796
036,Insurance & Financial,2019,22873,11871,0.5189961963887553,0.46941809119923056,0.4697241288855856,0.06085777991518384,0.020723123333187602
036,Insurance & Financial,2020,23573,12730,0.5400246044203114,0.4820345310312646,0.4677809358164001,0.0501845331523353,0.014126330971874603
036,Insurance & Financial,2021,26923,14602,0.5423615496044274,0.4721613490324258,0.475281357946737,0.052557293020837205,0.011291460832745237
036,Insurance & Financial,2022,26039,13456,0.5167633165636161,0.4439110564921848,0.500441645224471,0.055647298283344214,0.012097238757248743
036,Insurance & Financial,2023,22496,11724,0.5211593172119487,0.47568456614509247,0.47857396870554764,0.04574146514935989,0.012357752489331436
036,Insurance & Financial,2024,23399,12752,0.5449805547245609,0.4876276763964272,0.47160135048506346,0.040770973118509336,0.011154322834309158
036,Insurance & Financial,2025,25154,13939,0.5541464578198299,0.4817921602925976,0.4790093026953964,0.03919853701200604,0.01049534865230182
037,Construction & Repair,1985,1376,910,0.6613372093023255,0.657703488372093,0.27252906976744184,0.06976744186046512,0.09956395348837209
037,Construction & Repair,1986,1276,855,0.6700626959247649,0.7249216300940439,0.27507836990595613,0.0,0.041536050156739814
037,Construction & Repair,1987,1432,925,0.645949720670391,0.7178770949720671,0.28212290502793297,0.0,0.0335195530726257
037,Construction & Repair,1988,1666,1149,0.6896758703481393,0.7034813925570228,0.28271308523409366,0.013805522208883553,0.042617046818727494
037,Construction & Repair,1989,1875,1226,0.6538666666666667,0.7018666666666666,0.2981333333333333,0.0,0.032
037,Construction & Repair,1990,2104,1526,0.7252851711026616,0.7224334600760456,0.26806083650190116,0.009505703422053232,0.030418250950570342
037,Construction & Repair,1991,1878,1206,0.6421725239616614,0.6805111821086262,0.308839190628328,0.010649627263045794,0.036741214057507986
037,Construction & Repair,1992,1769,1136,0.6421707179197287,0.6704352741661956,0.32278123233465233,0.006783493499152063,0.03617863199547767
037,Construction & Repair,1993,1961,1251,0.6379398266190719,0.6874043855175931,0.30086690464048954,0.011728709841917389,0.0407955124936257
037,Construction & Repair,1994,2202,1322,0.6003633060853769,0.6348773841961853,0.3510445049954587,0.01407811080835604,0.041326067211625794
037,Construction & Repair,1995,2708,1618,0.5974889217134417,0.6030280649926145,0.35081240768094535,0.04615952732644018,0.0638847858197932
037,Construction & Repair,1996,3435,2013,0.5860262008733624,0.5883551673944687,0.38253275109170304,0.02911208151382824,0.03435225618631732
037,Construction & Repair,1997,3631,2140,0.5893693197466263,0.597906912696227,0.3720738088680804,0.030019278435692645,0.032497934453318646
037,Construction & Repair,1998,4155,2516,0.6055354993983153,0.6024067388688328,0.3725631768953069,0.02503008423586041,0.029362214199759325
037,Construction & Repair,1999,5220,3130,0.5996168582375478,0.582183908045977,0.3946360153256705,0.02318007662835249,0.02490421455938697
037,Construction & Repair,2000,6320,3608,0.5708860759493671,0.5289556962025317,0.4238924050632911,0.04715189873417722,0.0375
037,Construction & Repair,2001,5016,2811,0.5604066985645934,0.5641945773524721,0.4100877192982456,0.025717703349282296,0.02751196172248804
037,Construction & Repair,2002,4588,2597,0.5660418482999128,0.5852223190932868,0.3931996512641674,0.021578029642545772,0.02724498692240628
037,Construction & Repair,2003,4805,2826,0.5881373569198751,0.6116545265348595,0.37356919875130074,0.01477627471383975,0.02206035379812695
037,Construction & Repair,2004,5564,3306,0.594176851186197,0.5979511143062545,0.3711358734723221,0.030913012221423435,0.03253055355859094
037,Construction & Repair,2005,6498,3838,0.5906432748538012,0.566943674976916,0.38904278239458295,0.04401354262850108,0.033548784241305016
037,Construction & Repair,2006,7399,4493,0.6072442221921881,0.5681848898499797,0.40086498175429114,0.03095012839572915,0.028247060413569402
037,Construction & Repair,2007,8265,4889,0.5915305505142165,0.5586206896551724,0.3998790078644888,0.04150030248033878,0.03121597096188748
037,Construction & Repair,2008,8012,4735,0.5909885172241638,0.5620319520718922,0.413754368447329,0.024213679480778832,0.020469296055916127
037,Construction & Repair,2009,6870,4056,0.5903930131004367,0.5915574963609899,0.3834061135371179,0.025036390101892285,0.026346433770014555
037,Construction & Repair,2010,6792,3930,0.5786219081272085,0.573321554770318,0.4082744405182568,0.018404004711425205,0.019729093050647822
037,Construction & Repair,2011,7337,4201,0.5725773476897915,0.5732588251328881,0.41174867111898594,0.014992503748125937,0.01867248194084776
037,Construction & Repair,2012,7446,4160,0.558689229116304,0.5603008326618318,0.4218372280419017,0.017861939296266453,0.017861939296266453
037,Construction & Repair,2013,7422,4188,0.5642683912691997,0.5564537860414982,0.4257612503368364,0.01778496362166532,0.018997574777687955
037,Construction & Repair,2014,8056,4548,0.5645481628599801,0.5527557100297915,0.4281281032770606,0.019116186693147963,0.020233366434955314
037,Construction & Repair,2015,9098,5180,0.569355902396131,0.5459441635524291,0.4410859529566938,0.012969883490877116,0.013959111892723676
037,Construction & Repair,2016,9197,5271,0.5731216701098184,0.5535500706752202,0.422094161139502,0.024355768185277807,0.018484288354898338
037,Construction & Repair,2017,10130,5882,0.5806515301085884,0.5378084896347483,0.42704837117472855,0.0351431391905232,0.02102665350444225
037,Construction & Repair,2018,10355,5950,0.5746016417189763,0.5434089811685177,0.4369869628198938,0.019604056011588603,0.018638338966682762
037,Construction & Repair,2019,10795,6372,0.5902732746641964,0.539138490041686,0.42797591477535896,0.03288559518295507,0.03195924038906901
037,Construction & Repair,2020,12002,7163,0.596817197133811,0.5345775704049325,0.4436760539910015,0.02174637560406599,0.018330278286952176
037,Construction & Repair,2021,13004,7625,0.586358043678868,0.5230698246693325,0.44901568748077514,0.027914487849892342,0.01853275915103045
037,Construction & Repair,2022,13200,7595,0.5753787878787879,0.48765151515151517,0.48265151515151516,0.029696969696969697,0.013636363636363636
037,Construction & Repair,2023,13643,8074,0.591805321410247,0.507219819687752,0.4722568350069633,0.02052334530528476,0.015026020669940628
037,Construction & Repair,2024,14971,9437,0.6303520138935275,0.5391757397635428,0.45033731881637834,0.010486941420078819,0.0098189833678445
037,Construction & Repair,2025,15208,9628,0.633087848500789,0.546422935297212,0.43207522356654393,0.021501841136244083,0.010783798001052078
038,Telecommunications,1985,1066,629,0.5900562851782364,0.3902439024390244,0.5159474671669794,0.09380863039399624,0.1350844277673546
038,Telecommunications,1986,796,424,0.5326633165829145,0.46984924623115576,0.4585427135678392,0.07160804020100503,0.12185929648241206
038,Telecommunications,1987,752,403,0.535904255319149,0.5545212765957447,0.3949468085106383,0.05053191489361702,0.11569148936170212
038,Telecommunications,1988,812,415,0.5110837438423645,0.5467980295566502,0.41379310344827586,0.03940886699507389,0.1022167487684729
038,Telecommunications,1989,1082,509,0.4704251386321627,0.46487985212569316,0.42606284658040666,0.10905730129390019,0.14048059149722736
038,Telecommunications,1990,1468,860,0.5858310626702997,0.5020435967302452,0.3773841961852861,0.12057220708446867,0.10694822888283378
038,Telecommunications,1991,1332,623,0.4677177177177177,0.4587087087087087,0.4039039039039039,0.1373873873873874,0.15015015015015015
038,Telecommunications,1992,1764,758,0.42970521541950113,0.41099773242630383,0.4200680272108844,0.1689342403628118,0.1689342403628118
038,Telecommunications,1993,2606,1083,0.4155794320798158,0.3587874136607828,0.418649270913277,0.22256331542594013,0.17229470452801227
038,Telecommunications,1994,3277,1271,0.3878547451937748,0.35886481537992065,0.39548367409215746,0.2456515105279219,0.1513579493439121
038,Telecommunications,1995,4052,1712,0.42250740375123397,0.359822309970385,0.420533070088845,0.21964461994077,0.1498025666337611
038,Telecommunications,1996,4671,1885,0.40355384286020124,0.36801541425818884,0.4326696638835367,0.19931492185827446,0.13594519374866196
038,Telecommunications,1997,4745,1971,0.4153846153846154,0.3850368809272919,0.4322444678609062,0.1827186512118019,0.09631190727081138
038,Telecommunications,1998,5151,2270,0.44069112793632303,0.41254125412541254,0.45738691516210445,0.13007183071248302,0.06173558532323821
038,Telecommunications,1999,10433,5229,0.5011981213457299,0.41292054059235117,0.47416850378606346,0.11291095562158536,0.041694622831400366
038,Telecommunications,2000,14509,7665,0.5282927837893722,0.40857398855882554,0.4943827968846923,0.09704321455648218,0.023226962574953477
038,Telecommunications,2001,6628,3117,0.4702776101388051,0.46786360893180445,0.4568497284248642,0.07528666264333132,0.04435727217863609
038,Telecommunications,2002,4740,2139,0.45126582278481014,0.47658227848101264,0.42573839662447255,0.09767932489451477,0.06582278481012659
038,Telecommunications,2003,4465,2014,0.451063829787234,0.496976483762598,0.3885778275475924,0.11444568868980963,0.07502799552071669
038,Telecommunications,2004,5139,2444,0.4755789064020237,0.4825841603424791,0.4296555750145943,0.08776026464292663,0.050593500681066356
038,Telecommunications,2005,6310,2855,0.45245641838351824,0.4594294770206022,0.4458003169572108,0.094770206022187,0.04659270998415214
038,Telecommunications,2006,7375,3366,0.45640677966101695,0.464,0.4497627118644068,0.08623728813559323,0.037694915254237286
038,Telecommunications,2007,8033,3784,0.4710568903273995,0.4694385659155982,0.4583592680194199,0.07220216606498195,0.034607245113905144
038,Telecommunications,2008,6970,3268,0.46886657101865137,0.4889526542324247,0.4447632711621234,0.06628407460545194,0.03572453371592539
038,Telecommunications,2009,5935,2703,0.45543386689132265,0.5041280539174389,0.4508845829823083,0.04498736310025274,0.031171019376579612
038,Telecommunications,2010,6050,2694,0.4452892561983471,0.5074380165289256,0.4381818181818182,0.054380165289256197,0.032231404958677684
038,Telecommunications,2011,6911,3220,0.4659238894515989,0.49356098972652296,0.4540587469251917,0.05238026334828534,0.027637100274924033
038,Telecommunications,2012,6707,3133,0.46712390040256446,0.5006709408081109,0.44416281496943494,0.055166244222454155,0.026837632324437154
038,Telecommunications,2013,6585,3041,0.4618071374335611,0.5012908124525437,0.4447987851176917,0.053910402429764616,0.03052391799544419
038,Telecommunications,2014,6963,3408,0.48944420508401554,0.5033749820479678,0.44521039781703287,0.051414620134999284,0.0354732155680023
038,Telecommunications,2015,6963,3384,0.48599741490736753,0.5056728421657332,0.4503805830820049,0.043946574752261956,0.028292402699985637
038,Telecommunications,2016,6946,3432,0.4940973221998272,0.5233227756982436,0.42168154333429314,0.05499568096746329,0.030233227756982436
038,Telecommunications,2017,7398,3371,0.4556636928899703,0.47702081643687483,0.42511489591781565,0.09786428764530955,0.048121113814544474
038,Telecommunications,2018,7129,3273,0.45911067470893535,0.4895497264693505,0.4398933931827746,0.07055688034787488,0.03675129751718333
038,Telecommunications,2019,6987,3169,0.45355660512380136,0.47559753828538714,0.44425361385430084,0.08014884786031201,0.056533562330041504
038,Telecommunications,2020,7504,3661,0.4878731343283582,0.5265191897654584,0.425772921108742,0.047707889125799575,0.026119402985074626
038,Telecommunications,2021,8565,4067,0.47483946293053125,0.4868651488616462,0.4573263280793929,0.05580852305896089,0.028604786923525978
038,Telecommunications,2022,7641,3502,0.4583169742180343,0.4774244208873184,0.467739824630284,0.054835754482397595,0.02853029708153383
038,Telecommunications,2023,6526,2901,0.4445295740116457,0.49770150168556543,0.45985289610787616,0.04244560220655838,0.030953110634385536
038,Telecommunications,2024,6064,2848,0.46965699208443273,0.5161609498680739,0.45300131926121373,0.030837730870712402,0.024241424802110816
038,Telecommunications,2025,5997,2763,0.4607303651825913,0.5042521260630315,0.4555611138902785,0.040186760046690015,0.029348007337001835
039,Transport & Logistics,1985,1014,633,0.6242603550295858,0.5404339250493096,0.3708086785009862,0.08875739644970414,0.1341222879684418
039,Transport & Logistics,1986,914,576,0.6301969365426696,0.5437636761487965,0.44529540481400437,0.010940919037199124,0.06673960612691467
039,Transport & Logistics,1987,1026,637,0.6208576998050682,0.6471734892787524,0.34307992202729043,0.009746588693957114,0.06042884990253411
039,Transport & Logistics,1988,1037,615,0.5930568948891032,0.6036644165863067,0.3866923818707811,0.009643201542912247,0.07232401157184185
039,Transport & Logistics,1989,1176,684,0.5816326530612245,0.5782312925170068,0.4039115646258503,0.017857142857142856,0.06292517006802721
039,Transport & Logistics,1990,1493,959,0.6423308774279973,0.5961152042866711,0.39383791024782316,0.010046885465505693,0.05492297387809779
039,Transport & Logistics,1991,1338,825,0.6165919282511211,0.5881913303437967,0.3692077727952167,0.042600896860986545,0.06576980568011959
039,Transport & Logistics,1992,1367,811,0.5932699341623994,0.5610826627651793,0.4301389904901244,0.008778346744696415,0.053401609363569864
039,Transport & Logistics,1993,1612,938,0.5818858560794045,0.5825062034739454,0.4112903225806452,0.00620347394540943,0.043424317617866005
039,Transport & Logistics,1994,1734,976,0.5628604382929643,0.5651672433679354,0.37081891580161475,0.06401384083044982,0.0790080738177624
039,Transport & Logistics,1995,2149,1206,0.5611912517449976,0.5355979525360632,0.38157282456956726,0.08282922289436948,0.0949278734295021
039,Transport & Logistics,1996,2639,1441,0.5460401667298219,0.4793482379689276,0.4539598332701781,0.06669192876089428,0.06669192876089428
039,Transport & Logistics,1997,2878,1606,0.5580264072272412,0.514593467685893,0.4419735927727589,0.04343293954134816,0.046560111188325225
039,Transport & Logistics,1998,3380,1735,0.5133136094674556,0.4863905325443787,0.4346153846153846,0.07899408284023669,0.06301775147928994
039,Transport & Logistics,1999,4656,2539,0.5453178694158075,0.5118127147766323,0.43964776632302405,0.048539518900343644,0.03715635738831615
039,Transport & Logistics,2000,5808,3156,0.5433884297520661,0.47692837465564736,0.45075757575757575,0.07231404958677685,0.04338842975206612
039,Transport & Logistics,2001,3835,1941,0.5061277705345502,0.5217731421121251,0.41460234680573665,0.06362451108213821,0.04719687092568448
039,Transport & Logistics,2002,3262,1636,0.5015328019619865,0.5085836909871244,0.4328632740649908,0.05855303494788473,0.06407112201103618
039,Transport & Logistics,2003,3015,1574,0.5220563847429519,0.5436152570480929,0.4185737976782753,0.03781094527363184,0.046766169154228855
039,Transport & Logistics,2004,3601,1864,0.5176339905581783,0.5331852263260205,0.4132185504026659,0.053596223271313526,0.04804221049708415
039,Transport & Logistics,2005,3910,2127,0.5439897698209719,0.5383631713554987,0.41099744245524295,0.05063938618925831,0.04552429667519182
039,Transport & Logistics,2006,4390,2416,0.5503416856492027,0.5339407744874716,0.44419134396355353,0.021867881548974944,0.027790432801822324
039,Transport & Logistics,2007,5494,2978,0.5420458682198762,0.5205678922460867,0.4344739716053877,0.04495813614852567,0.035493265380415
039,Transport & Logistics,2008,5034,2651,0.5266189908621375,0.5401271354787446,0.42630115216527614,0.03357171235597934,0.027612236789829162
039,Transport & Logistics,2009,4354,2352,0.5401929260450161,0.5640790078089113,0.40767110702802023,0.028249885163068443,0.03031694993109784
039,Transport & Logistics,2010,4505,2383,0.5289678135405106,0.548723640399556,0.4210876803551609,0.03018867924528302,0.03018867924528302
039,Transport & Logistics,2011,5015,2655,0.5294117647058824,0.5389830508474577,0.4187437686939183,0.042273180458624125,0.038285144566301096
039,Transport & Logistics,2012,4990,2569,0.5148296593186372,0.5260521042084169,0.4452905811623247,0.028657314629258517,0.032264529058116234
039,Transport & Logistics,2013,5191,2755,0.5307262569832403,0.521672124831439,0.45155076093238294,0.026777114236178002,0.031978424195723366
039,Transport & Logistics,2014,5353,2933,0.5479170558565291,0.5236316084438633,0.4481599103306557,0.028208481225481037,0.028208481225481037
039,Transport & Logistics,2015,6114,3401,0.5562643114164213,0.5255152109911678,0.45060516846581616,0.02387962054301603,0.02387962054301603
039,Transport & Logistics,2016,6350,3512,0.5530708661417323,0.529763779527559,0.4325984251968504,0.03763779527559055,0.030708661417322834
039,Transport & Logistics,2017,6788,3866,0.5695344725987036,0.5247495580436063,0.430612846199175,0.04463759575721862,0.030789628756629345
039,Transport & Logistics,2018,7149,3871,0.541474332074416,0.5058050076933837,0.443838299062806,0.05035669324381032,0.03035389564974122
039,Transport & Logistics,2019,7349,4186,0.5696013063001769,0.5067356102871139,0.4318954959858484,0.061368893727037695,0.051435569465233366
039,Transport & Logistics,2020,7337,4150,0.5656262777702058,0.532779065012948,0.4257871064467766,0.041433828540275316,0.031075371405206487
039,Transport & Logistics,2021,8744,5003,0.5721637694419031,0.5097209515096066,0.4417886550777676,0.0484903934126258,0.0305352241537054
039,Transport & Logistics,2022,8421,4573,0.5430471440446503,0.49875311720698257,0.45909036931480823,0.042156513478209236,0.026006412540078374
039,Transport & Logistics,2023,7771,4388,0.5646634924720113,0.5405996654227255,0.4271007592330459,0.032299575344228545,0.023163042079526446
039,Transport & Logistics,2024,7614,4325,0.5680325715786708,0.5568689256632519,0.43367480956133436,0.009456264775413711,0.014841082216968742
039,Transport & Logistics,2025,7631,4553,0.5966452627440703,0.5641462455772507,0.4151487354213078,0.020705019001441487,0.019394574760843927
040,Materials Treatment,1985,327,190,0.581039755351682,0.5076452599388379,0.2599388379204893,0.2324159021406728,0.3486238532110092
040,Materials Treatment,1986,236,161,0.6822033898305084,0.6991525423728814,0.3008474576271186,0.0,0.13983050847457626
040,Materials Treatment,1987,282,167,0.5921985815602837,0.7021276595744681,0.2978723404255319,0.0,0.10638297872340426
040,Materials Treatment,1988,278,180,0.6474820143884892,0.7877697841726619,0.21223021582733814,0.0,0.08992805755395683
040,Materials Treatment,1989,404,240,0.594059405940594,0.6782178217821783,0.3217821782178218,0.0,0.08168316831683169
040,Materials Treatment,1990,641,446,0.6957878315132605,0.7410296411856474,0.2589703588143526,0.0,0.054602184087363496
040,Materials Treatment,1991,763,485,0.63564875491481,0.6893840104849279,0.290956749672346,0.019659239842726082,0.06815203145478375
040,Materials Treatment,1992,811,509,0.6276202219482121,0.6794081381011098,0.3205918618988903,0.0,0.059186189889025895
040,Materials Treatment,1993,910,527,0.5791208791208792,0.6637362637362637,0.3362637362637363,0.0,0.05384615384615385
040,Materials Treatment,1994,960,572,0.5958333333333333,0.6802083333333333,0.31979166666666664,0.0,0.05
040,Materials Treatment,1995,1294,841,0.6499227202472952,0.6545595054095827,0.28593508500772796,0.059505409582689336,0.0919629057187017
040,Materials Treatment,1996,1632,951,0.5827205882352942,0.6102941176470589,0.36151960784313725,0.028186274509803922,0.056372549019607844
040,Materials Treatment,1997,1646,986,0.5990279465370595,0.6196840826245443,0.3602673147023086,0.020048602673147023,0.04495747266099635
040,Materials Treatment,1998,1985,1102,0.5551637279596977,0.6267002518891688,0.3732997481108312,0.0,0.03224181360201511
040,Materials Treatment,1999,2477,1444,0.5829632620104965,0.6116269681065806,0.3734356075898264,0.014937424303593056,0.035930561162696814
040,Materials Treatment,2000,2793,1585,0.5674901539563194,0.6118868600071607,0.37343358395989973,0.014679556032939491,0.033655567490153956
040,Materials Treatment,2001,2424,1324,0.5462046204620462,0.5952970297029703,0.3948019801980198,0.009900990099009901,0.03341584158415842
040,Materials Treatment,2002,2639,1391,0.5270935960591133,0.6081849185297461,0.38272072754831377,0.00909435392194013,0.029556650246305417
040,Materials Treatment,2003,2582,1463,0.5666150271107668,0.6607281177381874,0.3303640588690937,0.008907823392718823,0.028272656855151047
040,Materials Treatment,2004,2730,1543,0.5652014652014652,0.6208791208791209,0.3608058608058608,0.018315018315018316,0.03736263736263736
040,Materials Treatment,2005,3309,1884,0.5693563009972802,0.6071320640676942,0.3777576307041402,0.015110305228165609,0.02931399214264128
040,Materials Treatment,2006,3893,2269,0.582840996660673,0.5926021063447213,0.39070125866940664,0.016696634985872077,0.029283329052144876
040,Materials Treatment,2007,4807,2804,0.5833159975036405,0.6147285209070106,0.37757437070938216,0.007697108383607239,0.019762845849802372
040,Materials Treatment,2008,4805,2852,0.5935483870967742,0.604162330905307,0.39021852237252863,0.005619146722164412,0.018730489073881373
040,Materials Treatment,2009,3914,2246,0.5738375063873276,0.6159938681655596,0.36509964230965763,0.01890648952478283,0.030148185998978026
040,Materials Treatment,2010,3874,2091,0.5397521941146102,0.5867320598864223,0.4037170882808467,0.009550851832731027,0.02632937532266391
040,Materials Treatment,2011,4165,2215,0.531812725090036,0.5687875150060024,0.41584633853541414,0.015366146458583434,0.024489795918367346
040,Materials Treatment,2012,4229,2221,0.5251832584535351,0.5788602506502719,0.4133364861669425,0.007803263182785528,0.023646252069047056
040,Materials Treatment,2013,4156,2209,0.5315206929740135,0.5692974013474494,0.4189124157844081,0.011790182868142445,0.02358036573628489
040,Materials Treatment,2014,4388,2373,0.5407930720145853,0.5706472196900638,0.4200091157702826,0.009343664539653601,0.01982680036463081
040,Materials Treatment,2015,4774,2514,0.5266024298282362,0.5699622957687474,0.4178885630498534,0.012149141181399247,0.022413070800167575
040,Materials Treatment,2016,5084,2642,0.519669551534225,0.5485837922895358,0.4154209284028324,0.035995279307631786,0.035995279307631786
040,Materials Treatment,2017,5283,2891,0.54722695438198,0.5619912928260458,0.4101836077985993,0.027825099375354913,0.03104296801060004
040,Materials Treatment,2018,5899,3152,0.5343278521783353,0.5504322766570605,0.4273605695880658,0.02220715375487371,0.025258518392947956
040,Materials Treatment,2019,6270,3590,0.5725677830940988,0.5357256778309409,0.4178628389154705,0.046411483253588515,0.051515151515151514
040,Materials Treatment,2020,6877,4026,0.5854296931801658,0.5737967136832921,0.4042460375163589,0.02195724880034899,0.02195724880034899
040,Materials Treatment,2021,7711,4286,0.5558293347166385,0.5271689793801063,0.43444430035014914,0.03838672026974452,0.030216573725846192
040,Materials Treatment,2022,7231,3905,0.540035956299267,0.5228875674180611,0.44226248098464943,0.03484995159728945,0.027382104826441708
040,Materials Treatment,2023,7168,3788,0.5284598214285714,0.5304129464285714,0.447265625,0.022321428571428572,0.022321428571428572
040,Materials Treatment,2024,7485,4178,0.5581830327321309,0.5676686706746827,0.4220440881763527,0.010287241148964597,0.01509686038744155
040,Materials Treatment,2025,7052,4035,0.5721781055019852,0.5650879183210437,0.421724333522405,0.013187748156551334,0.017016449234259785
041,Education & Entertainment,1985,2600,1778,0.6838461538461539,0.6373076923076924,0.3176923076923077,0.045,0.05423076923076923
041,Education & Entertainment,1986,2653,1783,0.6720693554466641,0.6671692423671316,0.32491519035054656,0.0079155672823219,0.0316622691292876
041,Education & Entertainment,1987,2906,1925,0.6624225739848589,0.6806607019958706,0.31589814177563663,0.0034411562284927736,0.023743977976600137
041,Education & Entertainment,1988,3229,2094,0.6484979869928771,0.6769897801176835,0.3230102198823165,0.0,0.021678538247135337
041,Education & Entertainment,1989,4270,2662,0.6234192037470726,0.644496487119438,0.33185011709601875,0.023653395784543327,0.02763466042154567
041,Education & Entertainment,1990,6029,4271,0.7084093547852048,0.6438878752695306,0.3330568916901642,0.02305523304030519,0.02305523304030519
041,Education & Entertainment,1991,6400,4221,0.65953125,0.63578125,0.33265625,0.0315625,0.0284375
041,Education & Entertainment,1992,6537,4045,0.6187853755545357,0.6120544592320636,0.35658558972005505,0.03135995104788129,0.023252256386721737
041,Education & Entertainment,1993,8112,4951,0.6103303747534516,0.6152613412228797,0.355276134122288,0.02946252465483235,0.01849112426035503
041,Education & Entertainment,1994,9545,5692,0.5963331587218439,0.5854374017810372,0.372027239392352,0.04253535882661079,0.026296490309062337
041,Education & Entertainment,1995,11144,6375,0.572056712132089,0.5660445082555635,0.3698851399856425,0.06407035175879397,0.026651112706389087
041,Education & Entertainment,1996,13611,7458,0.5479391668503416,0.53956358827419,0.39350525310410694,0.06693115862170304,0.021306296377929617
041,Education & Entertainment,1997,14922,8358,0.5601125854443104,0.5558906312826699,0.3870794799624715,0.0570298887548586,0.018496180136710897
041,Education & Entertainment,1998,16210,9282,0.5726095003084516,0.5640345465761876,0.38951264651449724,0.04645280690931524,0.019494139420111044
041,Education & Entertainment,1999,24121,14042,0.582148335475312,0.5407735997678371,0.38572198499233035,0.0735044152398325,0.017743874632063346
041,Education & Entertainment,2000,27080,15860,0.585672082717873,0.5255908419497785,0.4109675036927622,0.06344165435745938,0.01587887740029542
041,Education & Entertainment,2001,20428,11457,0.5608478558840807,0.5636870961425494,0.3891717250832191,0.04714117877423145,0.020364205991775994
041,Education & Entertainment,2002,21268,12205,0.5738668422042505,0.5764058679706602,0.3816061688922325,0.04198796313710739,0.016550686477336846
041,Education & Entertainment,2003,22623,12893,0.5699067320868143,0.5829907616142863,0.36767891084294746,0.049330327542766214,0.017460106970781947
041,Education & Entertainment,2004,26120,14707,0.5630551301684533,0.5665390505359877,0.36393568147013783,0.06952526799387443,0.021324655436447168
041,Education & Entertainment,2005,29418,16369,0.5564280372561017,0.5569719219525461,0.37827180637704805,0.06475627167040587,0.01754028146033041
041,Education & Entertainment,2006,33314,18409,0.552590502491445,0.5473374557243201,0.388725460767245,0.0639370835084349,0.019781473254487602
041,Education & Entertainment,2007,37291,20893,0.5602692338633987,0.5475315759834812,0.38532085489796464,0.06714756911855407,0.018100882250408946
041,Education & Entertainment,2008,35563,19612,0.5514720355425583,0.5601889604364086,0.3794393048955375,0.06037173466805388,0.013581531366870061
041,Education & Entertainment,2009,32355,18377,0.5679802194405811,0.5936640395611188,0.3598516458043579,0.04648431463452326,0.012795549374130737
041,Education & Entertainment,2010,34296,19078,0.5562747842313972,0.5737986937252157,0.37412526242127364,0.05207604385351061,0.012829484487986938
041,Education & Entertainment,2011,38286,21258,0.5552421250587682,0.5688241132528862,0.38008671577077785,0.051089170976335994,0.011753643629525154
041,Education & Entertainment,2012,39851,22039,0.5530350555820431,0.5657825399613561,0.37416877870065995,0.06004868133798399,0.014102531931444631
041,Education & Entertainment,2013,40911,22507,0.5501454376573538,0.5506831903400063,0.38388208550267655,0.0654347241573171,0.014959301899244703
041,Education & Entertainment,2014,43137,23644,0.5481141479472379,0.5489718802883835,0.3882282031666551,0.0627999165449614,0.014303266337482903
041,Education & Entertainment,2015,47705,26844,0.5627083114977466,0.5528351325856828,0.3917828319882612,0.05538203542605597,0.012116130384655697
041,Education & Entertainment,2016,49101,28105,0.5723916009857233,0.5660373515814342,0.3809291053135374,0.05303354310502841,0.009897965418219589
041,Education & Entertainment,2017,53024,30332,0.5720428485214243,0.5587658418829209,0.3864099275799638,0.05482423053711527,0.011523083886541944
041,Education & Entertainment,2018,56554,32322,0.5715245605969516,0.5559465289811507,0.3841991724723273,0.05985429854652191,0.012819606040244722
041,Education & Entertainment,2019,59679,33992,0.5695805894870892,0.5619061981601569,0.3747884515491211,0.06330535029072203,0.01486284957857873
041,Education & Entertainment,2020,68912,42146,0.6115915950777804,0.5895925237984676,0.361751218945902,0.04865625725563037,0.012058857673554678
041,Education & Entertainment,2021,72307,42930,0.5937184504958026,0.5732916591754602,0.3721216479732253,0.05458669285131453,0.0104277594147178
041,Education & Entertainment,2022,69094,38504,0.5572698063507685,0.5360378614640924,0.3973427504559007,0.06661938808000695,0.014950646944741946
041,Education & Entertainment,2023,65080,37072,0.5696373693915181,0.5522433927473879,0.39193300553165333,0.05582360172095882,0.01468961278426552
041,Education & Entertainment,2024,65385,37566,0.5745354439091535,0.5600825877494838,0.38326833371568403,0.05664907853483215,0.015615202263516098
041,Education & Entertainment,2025,77180,48025,0.6222466960352423,0.5862788287121016,0.36333246955169735,0.05038870173620109,0.010715211194610002
042,Scientific & Tech Services,1985,6548,4420,0.6750152718387293,0.6716554673182651,0.305742211362248,0.022602321319486866,0.02657299938912645
042,Scientific & Tech Services,1986,6695,4455,0.6654219566840927,0.6743838685586259,0.3196415235250187,0.00597460791635549,0.012845407020164302
042,Scientific & Tech Services,1987,7278,4744,0.6518274251167904,0.6830173124484749,0.3106622698543556,0.006320417697169552,0.012228634240175873
042,Scientific & Tech Services,1988,7634,4818,0.6311239193083573,0.6831281110820016,0.31412103746397696,0.0027508514540214826,0.011658370447995808
042,Scientific & Tech Services,1989,9157,5812,0.6347056896363438,0.657311346510866,0.33045757344108334,0.012231080048050671,0.014087583269629791
042,Scientific & Tech Services,1990,11791,8281,0.7023153252480706,0.6675430413026885,0.31871766601645324,0.013739292680858281,0.012891188194385549
042,Scientific & Tech Services,1991,11585,7447,0.642813983599482,0.6523953388001726,0.3263703064307294,0.021234354769097973,0.0137246439361243
042,Scientific & Tech Services,1992,11850,7217,0.6090295358649789,0.6278481012658228,0.35054852320675106,0.02160337552742616,0.017046413502109704
042,Scientific & Tech Services,1993,14171,8541,0.6027097593677229,0.6142121233505046,0.35798461647025615,0.02780326017923929,0.017288829299273164
042,Scientific & Tech Services,1994,16181,9450,0.5840182930597615,0.5997775168407391,0.3701254557814721,0.030097027377788764,0.016439033434274768
042,Scientific & Tech Services,1995,20667,11889,0.5752649150820148,0.5690230802728988,0.38336478443896066,0.04761213528814051,0.017467460202254804
042,Scientific & Tech Services,1996,25181,13949,0.5539494062983996,0.5399309002819587,0.40284341368492116,0.05722568603312021,0.017036654620547237
042,Scientific & Tech Services,1997,23837,13466,0.5649200822251123,0.5536770566765952,0.40072156731132275,0.04560137601208206,0.01388597558417586
042,Scientific & Tech Services,1998,26134,15088,0.5773322109129869,0.5606106987066657,0.39706895232264483,0.04232034897068952,0.015037881686691667
042,Scientific & Tech Services,1999,43569,26536,0.6090568982533453,0.5368266427964837,0.40912116413045974,0.05405219307305653,0.009433312676444261
042,Scientific & Tech Services,2000,57014,34074,0.5976426842529905,0.4942294874942996,0.4398919563615954,0.06587855614410495,0.013733468972533061
042,Scientific & Tech Services,2001,32660,18249,0.5587568891610533,0.5459583588487447,0.414727495407226,0.039314145744029395,0.009859154929577466
042,Scientific & Tech Services,2002,15835,9088,0.5739185348910641,0.6083991158825387,0.3706978212819703,0.020903062835491,0.014651089359014841
042,Scientific & Tech Services,2003,13359,7395,0.5535593981585448,0.6019911670035182,0.366120218579235,0.0318886144172468,0.017441425256381465
042,Scientific & Tech Services,2004,14513,8054,0.5549507338248467,0.5927099841521395,0.37518087232136704,0.03210914352649349,0.016743609177978364
042,Scientific & Tech Services,2005,15696,8498,0.5414118246687054,0.5703363914373089,0.3922018348623853,0.03746177370030581,0.01994138634046891
042,Scientific & Tech Services,2006,17686,9740,0.5507180820988352,0.552640506615402,0.4169399525048061,0.030419540879791925,0.012778468845414451
042,Scientific & Tech Services,2007,20051,10763,0.5367812079198045,0.5451099695775772,0.42376938806044584,0.03112064236197696,0.01541070270809436
042,Scientific & Tech Services,2008,20619,10979,0.5324700518938843,0.5446432901692614,0.4175275231582521,0.03782918667248654,0.012561229933556428
042,Scientific & Tech Services,2009,18898,10078,0.5332839453910466,0.5668324690443434,0.41554661868980847,0.017620912265848238,0.011747274843898826
042,Scientific & Tech Services,2010,20817,10710,0.514483354950281,0.5410001441129846,0.4236441370034107,0.035355718883604746,0.011144737474179756
042,Scientific & Tech Services,2011,24028,12478,0.5193108040619278,0.5344597969036124,0.4302064258365241,0.035333777259863496,0.010196437489595473
042,Scientific & Tech Services,2012,26214,13390,0.5107957579919127,0.5198748760204471,0.4452201113908598,0.034905012588693066,0.010185397116044862
042,Scientific & Tech Services,2013,26865,13601,0.5062721012469756,0.5212730318257957,0.4438116508468267,0.034915317327377626,0.00859854829704076
042,Scientific & Tech Services,2014,29393,14939,0.5082502636682203,0.5073316776103154,0.4629333514782431,0.029734970911441498,0.008199231109447827
042,Scientific & Tech Services,2015,32187,16630,0.5166682200888557,0.5044583216826669,0.4584770248858235,0.037064653431509616,0.00826420604591916
042,Scientific & Tech Services,2016,33394,17100,0.5120680361741631,0.5079655027849315,0.4515182368090076,0.04051626040606097,0.010181469725100317
042,Scientific & Tech Services,2017,36450,18568,0.5094101508916323,0.49506172839506174,0.4624965706447188,0.04244170096021948,0.011412894375857338
042,Scientific & Tech Services,2018,39224,19976,0.5092800326330817,0.48373444829696105,0.4707322047725882,0.04553334693045075,0.01029981643891495
042,Scientific & Tech Services,2019,40780,20163,0.4944335458558117,0.4799901912702305,0.4737616478666013,0.04624816086316822,0.012923001471309465
042,Scientific & Tech Services,2020,45370,22912,0.505003306149438,0.47903901256336784,0.4791932995371391,0.041767687899493054,0.007185364778487987
042,Scientific & Tech Services,2021,51496,25951,0.5039420537517477,0.458734659002641,0.4968735435762001,0.044391797421158924,0.006699549479571229
042,Scientific & Tech Services,2022,51073,24942,0.48835979871948,0.44553873866818083,0.5096039002995713,0.04485736103224796,0.006755036907955279
042,Scientific & Tech Services,2023,47140,23374,0.4958421722528638,0.46972846839202376,0.4875477301654646,0.042723801442511665,0.009906661009758167
042,Scientific & Tech Services,2024,48552,24869,0.512213709013017,0.4872507826660076,0.47600510792552314,0.03674410940846927,0.007249958807052232
042,Scientific & Tech Services,2025,58895,32107,0.545156634688853,0.5005688088971899,0.45756006452160625,0.04187112658120384,0.00828593259190084
043,Restaurants & Hotels,1985,106,52,0.49056603773584906,0.1320754716981132,0.1509433962264151,0.7169811320754716,0.8962264150943396
043,Restaurants & Hotels,1986,20,15,0.75,0.1,0.9,0.0,1.0
043,Restaurants & Hotels,1987,6,4,0.6666666666666666,0.5,0.5,0.0,1.0
043,Restaurants & Hotels,1988,13,9,0.6923076923076923,0.6153846153846154,0.38461538461538464,0.0,1.0
043,Restaurants & Hotels,1989,10,4,0.4,0.7,0.3,0.0,1.0
043,Restaurants & Hotels,1990,8,4,0.5,0.625,0.375,0.0,1.0
043,Restaurants & Hotels,1991,13,9,0.6923076923076923,0.6923076923076923,0.3076923076923077,0.0,1.0
043,Restaurants & Hotels,1992,43,31,0.7209302325581395,0.3953488372093023,0.6046511627906976,0.0,0.627906976744186
043,Restaurants & Hotels,1993,39,27,0.6923076923076923,0.20512820512820512,0.7948717948717948,0.0,0.8205128205128205
043,Restaurants & Hotels,1994,25,23,0.92,0.32,0.68,0.0,0.92
043,Restaurants & Hotels,1995,121,104,0.859504132231405,0.14049586776859505,0.2231404958677686,0.6363636363636364,0.8429752066115702
043,Restaurants & Hotels,1996,82,64,0.7804878048780488,0.23170731707317074,0.43902439024390244,0.32926829268292684,0.7439024390243902
043,Restaurants & Hotels,1997,80,69,0.8625,0.275,0.475,0.25,0.6375
043,Restaurants & Hotels,1998,42,20,0.47619047619047616,0.47619047619047616,0.5238095238095238,0.0,0.5476190476190477
043,Restaurants & Hotels,1999,63,43,0.6825396825396826,0.5238095238095238,0.47619047619047616,0.0,0.5079365079365079
043,Restaurants & Hotels,2000,143,73,0.5104895104895105,0.6293706293706294,0.2937062937062937,0.07692307692307693,0.32867132867132864
043,Restaurants & Hotels,2001,428,257,0.6004672897196262,0.705607476635514,0.29439252336448596,0.0,0.09813084112149532
043,Restaurants & Hotels,2002,4788,2803,0.585421888053467,0.589390142021721,0.3717627401837928,0.03884711779448621,0.03467000835421888
043,Restaurants & Hotels,2003,5324,3142,0.5901577761081893,0.5796393688955672,0.3925619834710744,0.02779864763335838,0.02779864763335838
043,Restaurants & Hotels,2004,6466,3880,0.6000618620476338,0.5777915248994742,0.38339004021033096,0.03881843489019487,0.029539127745128364
043,Restaurants & Hotels,2005,7219,4300,0.5956503670868541,0.58526111649813,0.38689569192408924,0.027843191577780858,0.022025211248095304
043,Restaurants & Hotels,2006,8143,4857,0.5964632199435098,0.5646567604077122,0.3930983666953211,0.04224487289696672,0.026525850423676778
043,Restaurants & Hotels,2007,9156,5315,0.5804936653560506,0.5573394495412844,0.39165574486675403,0.051004805591961556,0.025666229794670162
043,Restaurants & Hotels,2008,8327,4791,0.5753572715263601,0.5716344421760537,0.38897562147231896,0.039389936351627235,0.023297706256755132
043,Restaurants & Hotels,2009,7225,4236,0.5862975778546713,0.5878200692041522,0.3770242214532872,0.03515570934256056,0.023529411764705882
043,Restaurants & Hotels,2010,8274,4864,0.5878656030940295,0.5813391346386271,0.3828861493836113,0.03577471597776166,0.0291273869954073
043,Restaurants & Hotels,2011,9555,5639,0.5901622187336473,0.57425431711146,0.40460491889063316,0.021140763997906854,0.01904761904761905
043,Restaurants & Hotels,2012,9864,5839,0.5919505271695052,0.5780616382806164,0.39912814274128144,0.02281021897810219,0.01662611516626115
043,Restaurants & Hotels,2013,10757,6358,0.5910569861485544,0.5712559263735242,0.4042948777540206,0.024449195872455146,0.016175513619038767
043,Restaurants & Hotels,2014,11878,7018,0.5908402087893585,0.559100858730426,0.41042263007240276,0.030476511197171242,0.016248526687994612
043,Restaurants & Hotels,2015,13425,8083,0.6020856610800744,0.5595530726256983,0.4162383612662942,0.024208566108007448,0.012216014897579144
043,Restaurants & Hotels,2016,14355,8509,0.5927551375827238,0.5518634622082897,0.4188087774294671,0.029327760362243122,0.01532567049808429
043,Restaurants & Hotels,2017,15178,9047,0.59606008696798,0.5556726841481091,0.41698511002767163,0.027342205824219264,0.015219396494926868
043,Restaurants & Hotels,2018,15704,9288,0.5914416709118696,0.5452114111054508,0.4175369332654101,0.037251655629139076,0.015410086602139583
043,Restaurants & Hotels,2019,16219,9536,0.5879524015044084,0.546889450644306,0.40279918613971266,0.05031136321598126,0.026573771502558727
043,Restaurants & Hotels,2020,14250,8585,0.6024561403508772,0.5660350877192982,0.4125614035087719,0.021403508771929824,0.014175438596491228
043,Restaurants & Hotels,2021,17055,10303,0.6041043682204632,0.5485194957490472,0.41659337437701555,0.03488712987393726,0.014541190266783934
043,Restaurants & Hotels,2022,16283,9443,0.5799299883313885,0.529202235460296,0.4438371307498618,0.026960633789842165,0.011730025179635202
043,Restaurants & Hotels,2023,16334,9323,0.570772621525652,0.5314068813517816,0.4313701481572181,0.037222970491000366,0.02075425492837027
043,Restaurants & Hotels,2024,15914,9352,0.587658665326128,0.5485107452557496,0.4264169913283901,0.02507226341586025,0.012944577101922835
043,Restaurants & Hotels,2025,16869,10198,0.6045408737921631,0.5727666133143636,0.39830458237002786,0.028928804315608514,0.01316023475013338
044,Medical & Personal Care,1985,102,52,0.5098039215686274,0.11764705882352941,0.13725490196078433,0.7450980392156863,0.9215686274509803
044,Medical & Personal Care,1986,17,14,0.8235294117647058,0.058823529411764705,0.9411764705882353,0.0,1.0
044,Medical & Personal Care,1987,3,3,1.0,0.0,1.0,0.0,1.0
044,Medical & Personal Care,1988,9,9,1.0,0.4444444444444444,0.5555555555555556,0.0,1.0
044,Medical & Personal Care,1989,4,1,0.25,0.25,0.75,0.0,1.0
044,Medical & Personal Care,1990,6,3,0.5,0.5,0.5,0.0,1.0
044,Medical & Personal Care,1991,7,6,0.8571428571428571,0.42857142857142855,0.5714285714285714,0.0,1.0
044,Medical & Personal Care,1992,40,29,0.725,0.35,0.65,0.0,0.675
044,Medical & Personal Care,1993,33,27,0.8181818181818182,0.18181818181818182,0.8181818181818182,0.0,0.9090909090909091
044,Medical & Personal Care,1994,26,23,0.8846153846153846,0.19230769230769232,0.8076923076923077,0.0,1.0
044,Medical & Personal Care,1995,102,100,0.9803921568627451,0.10784313725490197,0.13725490196078433,0.7549019607843137,0.9313725490196079
044,Medical & Personal Care,1996,65,61,0.9384615384615385,0.2153846153846154,0.36923076923076925,0.4153846153846154,0.8153846153846154
044,Medical & Personal Care,1997,70,66,0.9428571428571428,0.21428571428571427,0.5,0.2857142857142857,0.7285714285714285
044,Medical & Personal Care,1998,25,16,0.64,0.48,0.52,0.0,0.76
044,Medical & Personal Care,1999,69,51,0.7391304347826086,0.6086956521739131,0.391304347826087,0.0,0.42028985507246375
044,Medical & Personal Care,2000,97,49,0.5051546391752577,0.5773195876288659,0.30927835051546393,0.1134020618556701,0.422680412371134
044,Medical & Personal Care,2001,369,217,0.5880758807588076,0.7046070460704607,0.2953929539295393,0.0,0.12737127371273713
044,Medical & Personal Care,2002,4668,2617,0.5606255355612683,0.573050556983719,0.386675235646958,0.04027420736932305,0.03384747215081405
044,Medical & Personal Care,2003,5086,2903,0.5707825403067244,0.5896578843885175,0.38222571765631147,0.028116397955171058,0.028116397955171058
044,Medical & Personal Care,2004,5956,3378,0.5671591672263264,0.5810946944257891,0.3739086635325722,0.04499664204163868,0.035426460711887174
044,Medical & Personal Care,2005,6749,3852,0.570751222403319,0.5774188768706475,0.3773892428507927,0.04519188027855979,0.02429989628093051
044,Medical & Personal Care,2006,7860,4369,0.555852417302799,0.555089058524173,0.3916030534351145,0.053307888040712466,0.0316793893129771
044,Medical & Personal Care,2007,9077,5129,0.5650545334361573,0.5634020050677536,0.39341192023796406,0.043186074694282255,0.027762476589181448
044,Medical & Personal Care,2008,9016,5084,0.5638864241348713,0.562888198757764,0.39840283939662824,0.038708961845607806,0.023402839396628218
044,Medical & Personal Care,2009,8643,4783,0.553395811639477,0.5704037949785954,0.37325002892514175,0.05634617609626287,0.03690848085155617
044,Medical & Personal Care,2010,8921,4961,0.5561035758323057,0.5693307925120502,0.3886335612599484,0.04203564622800134,0.024548817397152787
044,Medical & Personal Care,2011,9901,5530,0.5585294414705585,0.5574184425815574,0.39854560145439855,0.044035955964044034,0.029794970205029796
044,Medical & Personal Care,2012,10593,5671,0.5353535353535354,0.5531955064665345,0.40177475691494385,0.045029736618521665,0.021995657509676202
044,Medical & Personal Care,2013,11061,6222,0.5625169514510442,0.5579061567670193,0.4164180453846849,0.025675797848295816,0.01862399421390471
044,Medical & Personal Care,2014,11545,6443,0.5580770896491988,0.5390212213079255,0.4194889562581204,0.04148982243395409,0.017669987007362494
044,Medical & Personal Care,2015,13229,7610,0.5752513417491874,0.5531786227228059,0.40985713205835667,0.0369642452188374,0.017159271297906117
044,Medical & Personal Care,2016,14100,7979,0.5658865248226951,0.5431914893617021,0.4075177304964539,0.04929078014184397,0.02269503546099291
044,Medical & Personal Care,2017,15288,8896,0.5818942961800104,0.5510858189429618,0.4165358451072737,0.03237833594976452,0.015044479330193617
044,Medical & Personal Care,2018,16668,9727,0.5835733141348692,0.543016558675306,0.41594672426205903,0.04103671706263499,0.018658507319414448
044,Medical & Personal Care,2019,17906,10555,0.5894672176923936,0.5434491231989277,0.4052272981123646,0.0513235786887077,0.028761309058416173
044,Medical & Personal Care,2020,19811,12074,0.6094593912472869,0.5765483822119025,0.3900863156832063,0.03336530210489122,0.01342688405431326
044,Medical & Personal Care,2021,20901,12732,0.6091574565810248,0.5629395722692694,0.3980192335294962,0.03904119420123439,0.013252954404095497
044,Medical & Personal Care,2022,19620,11454,0.5837920489296636,0.5375127420998981,0.4169215086646279,0.045565749235474004,0.016615698267074413
044,Medical & Personal Care,2023,18261,10949,0.5995838124965774,0.5568698318821532,0.40917802968074035,0.0339521384371064,0.014073708997316687
044,Medical & Personal Care,2024,18621,11449,0.6148434563127652,0.5806347671983245,0.3936415874550239,0.02572364534665163,0.013318296546909403
044,Medical & Personal Care,2025,20891,13344,0.6387439567277775,0.5874299937772246,0.3903594849456704,0.022210521277104975,0.008951223014695323
045,Legal & Personal Services,1985,100,50,0.5,0.1,0.14,0.76,0.94
045,Legal & Personal Services,1986,17,14,0.8235294117647058,0.058823529411764705,0.9411764705882353,0.0,1.0
045,Legal & Personal Services,1987,3,3,1.0,0.0,1.0,0.0,1.0
045,Legal & Personal Services,1988,8,8,1.0,0.375,0.625,0.0,1.0
045,Legal & Personal Services,1989,4,1,0.25,0.25,0.75,0.0,1.0
045,Legal & Personal Services,1990,7,4,0.5714285714285714,0.5714285714285714,0.42857142857142855,0.0,1.0
045,Legal & Personal Services,1991,7,6,0.8571428571428571,0.42857142857142855,0.5714285714285714,0.0,1.0
045,Legal & Personal Services,1992,38,30,0.7894736842105263,0.3684210526315789,0.631578947368421,0.0,0.6842105263157895
045,Legal & Personal Services,1993,30,24,0.8,0.1,0.9,0.0,1.0
045,Legal & Personal Services,1994,22,21,0.9545454545454546,0.22727272727272727,0.7727272727272727,0.0,1.0
045,Legal & Personal Services,1995,100,99,0.99,0.09,0.14,0.77,0.95
045,Legal & Personal Services,1996,60,59,0.9833333333333333,0.18333333333333332,0.36666666666666664,0.45,0.8666666666666667
045,Legal & Personal Services,1997,64,61,0.953125,0.171875,0.515625,0.3125,0.796875
045,Legal & Personal Services,1998,20,15,0.75,0.45,0.55,0.0,0.9
045,Legal & Personal Services,1999,52,33,0.6346153846153846,0.23076923076923078,0.5576923076923077,0.21153846153846154,0.7692307692307693
045,Legal & Personal Services,2000,71,38,0.5352112676056338,0.4507042253521127,0.39436619718309857,0.15492957746478872,0.5633802816901409
045,Legal & Personal Services,2001,173,121,0.6994219653179191,0.6994219653179191,0.30057803468208094,0.0,0.19653179190751446
045,Legal & Personal Services,2002,1743,1084,0.6219162363740677,0.6465863453815262,0.3419391853126793,0.011474469305794608,0.037292025243832475
045,Legal & Personal Services,2003,2234,1394,0.6239928379588182,0.622202327663384,0.3415398388540734,0.03625783348254252,0.052820053715308866
045,Legal & Personal Services,2004,2553,1569,0.6145710928319624,0.6388562475518997,0.34234234234234234,0.01880141010575793,0.03916960438699569
045,Legal & Personal Services,2005,2962,1851,0.62491559756921,0.6282916948008103,0.3595543551654288,0.012153950033760972,0.03072248480756246
045,Legal & Personal Services,2006,4063,2419,0.5953728771843465,0.5793748461727788,0.3558946591188777,0.06473049470834359,0.057100664533595864
045,Legal & Personal Services,2007,6859,4198,0.6120425718034699,0.6054818486659863,0.3797929727365505,0.014725178597463187,0.018661612479953345
045,Legal & Personal Services,2008,7037,4333,0.615745346028137,0.6207190564160864,0.35796504192127326,0.02131590166264033,0.02131590166264033
045,Legal & Personal Services,2009,6777,4176,0.6162018592297477,0.6181201121440165,0.36269735871329495,0.019182529142688504,0.02183857163936845
045,Legal & Personal Services,2010,7037,4155,0.5904504760551371,0.6067926673298281,0.36947562881909907,0.0237317038510729,0.020889583629387524
045,Legal & Personal Services,2011,8856,5289,0.5972222222222222,0.5709123757904245,0.39137308039747065,0.03771454381210479,0.021341463414634148
045,Legal & Personal Services,2012,8472,5045,0.595491029272899,0.5939565627950897,0.38727573182247405,0.018767705382436262,0.016406987724268178
045,Legal & Personal Services,2013,8191,4913,0.5998046636552313,0.5977292149920644,0.39494567207911124,0.0073251129288243195,0.01281894762544256
045,Legal & Personal Services,2014,8918,5300,0.5943036555281453,0.5782686701054048,0.402220228750841,0.019511101143754206,0.016147118187934514
045,Legal & Personal Services,2015,9720,5847,0.6015432098765432,0.577880658436214,0.4058641975308642,0.01625514403292181,0.015226337448559672
045,Legal & Personal Services,2016,9327,5630,0.6036238876380401,0.5868982523855474,0.39701940602551733,0.01608234158893535,0.01704728208427147
045,Legal & Personal Services,2017,9917,6081,0.613189472622769,0.5776948673994151,0.3942724614298679,0.02803267117071695,0.02046990017142281
045,Legal & Personal Services,2018,9931,6064,0.610613231295942,0.589970798509717,0.38354647064746755,0.026482730842815428,0.020239653609908367
045,Legal & Personal Services,2019,10669,6501,0.6093354578685912,0.5717499297028775,0.3855094198144156,0.04274065048270691,0.03327397131877402
045,Legal & Personal Services,2020,12350,7716,0.6247773279352227,0.608663967611336,0.37384615384615383,0.01748987854251012,0.01417004048582996
045,Legal & Personal Services,2021,12826,7892,0.6153126461874318,0.5849836270076407,0.3895992515203493,0.02541712147200998,0.018634024637455168
045,Legal & Personal Services,2022,11913,7089,0.5950642155628305,0.5567027616889113,0.41668765214471587,0.02660958616637287,0.01594896331738437
045,Legal & Personal Services,2023,11289,6853,0.6070511117016565,0.5795907520595269,0.3998582691115245,0.020550978828948532,0.015236070511117016
045,Legal & Personal Services,2024,11598,7070,0.609587859975858,0.5937230556992585,0.38946370063804103,0.016813243662700466,0.014226590791515779
045,Legal & Personal Services,2025,12826,8098,0.6313737720255731,0.5973803212225167,0.38398565414002805,0.018634024637455168,0.013098393887416186
