cik,n_marks,max_revenue,med_revenue,mean_gross_margin,mean_op_margin,mean_rd_intensity,mean_net_margin,first_year_observed,last_year_observed,n_firm_years,log10_n_marks
802510,18,81388.0,81388.0,,,,0.26705411117118005,2013,2013,1,1.2552725051033058
1343465,6,1252675.0,307835.5,0.8401896175882771,-1.8287077418363267,,-2.7444784683283707,2015,2022,8,0.7781512503836435
1498522,1,46681.0,4048.0,-0.467804862654019,-14.622608770163449,,-125.28936331392408,2011,2013,3,0.0
313151,1,30774092.0,26949187.0,,-0.0681865881169765,,-0.08274317562056055,2011,2020,10,0.0
1767258,35,396293000.0,158924000.0,0.34369591394858917,0.17438734189440763,,0.10320290861935202,2019,2023,5,1.5440680443502754
37785,295,5802300000.0,3377900000.0,0.3846286316386278,0.16644726205086385,,0.1172928371606574,2009,2023,15,2.469822015978163
1566044,18,14755000.0,4088500.0,0.7592273239923856,-25.396571536381458,14.898102686507732,-24.1598789733479,2017,2023,7,1.2552725051033058
1345016,32,1337062000.0,848830000.0,0.9013852199029003,0.000050063249919581054,0.29390492863364753,-0.01807537549483579,2012,2023,12,1.5051499783199058
1026655,7,377376000.0,189103000.0,0.14065362406490364,0.035023121995058894,,0.029395528154001094,2011,2023,13,0.8450980400142567
811156,4,7329000000.0,6574500000.0,,0.16698372416234278,,0.0909627145949285,2010,2023,14,0.6020599913279623
1805385,50,55195000.0,55195000.0,0.677367936087023,NaN,1.3211156329342322,NaN,2020,2023,5,1.6989700043360185
1309402,44,3843353000.0,3041011000.0,0.04825337269285722,0.008327210278598625,,0.0025855788508931552,2011,2023,13,1.6434526764861872
1601712,3,,,,,,,2014,2023,10,0.47712125471966244
876427,45,1359328000.0,1266656500.0,0.36686983395912853,0.075453586042595,,0.04234442941811787,2011,2023,13,1.6532125137753435
1022079,48,10788000000.0,7402000000.0,0.36660819837183417,0.18415400351030214,,0.10873061882815188,2009,2023,15,1.6812412373755872
320121,65,216887000.0,102895000.0,0.17803067872033754,0.010240586193249985,0.08380367767924611,-0.14004371619439407,2011,2023,13,1.8129133566428552
1595248,4,0.0,0.0,,NaN,NaN,NaN,2017,2023,7,0.6020599913279623
1786119,1,0.0,0.0,,,,-inf,2020,2021,2,0.0
1711291,1,1025918000.0,651079000.0,0.4987574515856589,,,0.0583550378844377,2018,2022,5,0.0
1855457,34,268447000.0,268447000.0,,-0.13813974898682083,,-0.3707691949163607,2021,2023,3,1.5314789170422551
723603,42,323725000.0,287162000.0,0.1595337941559148,0.04964671433200407,,0.06442849715652957,2012,2024,13,1.6232492903979003
54681,54,124761000.0,100460000.0,0.1210274458317921,-0.04855828969116302,,0.008970825516704863,2011,2015,5,1.7323937598229684
1005817,13,,,,,,,2011,2023,13,1.1139433523068367
1819810,72,160549000.0,137601000.0,0.26103305144225497,-0.515133175319491,0.027092245840668685,-0.4078390302519061,2021,2023,3,1.8573324964312683
1082506,19,37545000.0,4927000.0,,-45.167525934235925,,1.1267519448296865,2012,2020,8,1.2787536009528289
1105705,96,31271000000.0,27359000000.0,0.42729570201782446,0.20691185911318136,,0.05576130416439503,2009,2017,9,1.9822712330395682
895419,180,1632505000.0,956257500.0,0.3783563520811623,-0.07447035940183362,0.1781420672938225,-0.1953477296020364,2011,2024,14,2.255272505103306
1162315,11,98615000.0,58052000.0,0.9287845442955923,-0.10300466985191291,,-0.12111856450512495,2011,2014,4,1.041392685158225
1484612,29,130376000.0,82655000.0,-0.1372853438266984,-3.1273286858978726,0.7193082024626918,-3.2209986999163003,2020,2023,4,1.462397997898956
1434418,16,0.0,0.0,,-inf,inf,-inf,2018,2020,3,1.2041199826559246
1230355,6,26154000.0,19153000.0,0.618690771900469,-1.2133668480393978,0.21766079556761675,-1.156748557988111,2011,2013,3,0.7781512503836435
728447,1,304047000.0,25604000.0,3.681934686665303,-0.12075530390335525,,-17.273677513736974,2011,2022,12,0.0
1492091,1,0.0,0.0,NaN,-inf,,NaN,2014,2022,9,0.0
1089815,1,3424000.0,3070000.0,,-inf,,-inf,2011,2023,13,0.0
70684,95,708780000.0,664662000.0,,,,0.11627231569559116,2011,2014,4,1.9777236052888476
1552033,138,3709900000.0,2530600000.0,0.6814328872120232,0.174054394393234,,0.13168710180148302,2013,2023,10,2.1398790864012365
790818,54,191667000.0,191667000.0,0.6943344446357484,0.15093365055017297,0.11787631673684046,-0.13169716226580475,2011,2011,1,1.7323937598229684
1450552,9,67393.0,66894.0,NaN,-inf,0.2929458549107474,-inf,2011,2013,3,0.9542425094393249
1684144,77,25186000.0,18930000.0,inf,-inf,inf,-inf,2017,2023,7,1.8864907251724818
1477294,30,4029262000.0,3202288000.0,0.36575783045987803,0.16066865369546632,0.03665073137163981,0.0820832600634816,2011,2023,13,1.4771212547196624
86264,4,116625000.0,18638000.0,0.9604380283786459,-0.3332948952581771,,-0.7386309332104789,2011,2019,9,0.6020599913279623
1013272,1,7136000.0,6597000.0,,,,2.4236092985082496,2011,2023,13,0.0
1823466,17,113765000.0,113765000.0,,-0.7751856897991474,0.1966905463015866,-1.4401529468641499,2021,2023,3,1.2304489213782739
1477449,150,2032707000.0,553307000.0,0.6660523056379871,-0.41280601057721017,0.13728468356977866,-1.0223802118169174,2015,2023,9,2.176091259055681
1637880,21,1533571000.0,1385472000.0,,0.11782067415697689,,0.031025179619528498,2015,2023,9,1.322219294733919
730263,9,16312525000.0,7555855000.0,0.13328760682034815,,,0.05213010174446627,2011,2024,13,0.9542425094393249
1159275,2,40089457.0,9620929.0,0.17960121382937874,NaN,NaN,NaN,2011,2019,9,0.30102999566398114
1069394,7,45840469.0,16400107.0,0.3574440507623633,0.10186689872620941,0.005333371221064938,0.06861175742594958,2011,2023,13,0.8450980400142567
103595,14,2236566000.0,1634904000.0,0.2703322436277158,0.024487247478963674,,0.015600131024296813,2012,2024,13,1.1461280356782377
1543098,1,268880.0,NaN,0.6818841118714668,-48.19735197857781,0.6644376673609045,NaN,2012,2013,2,0.0
9346,4,468749000.0,286158500.0,,,,0.0990809441718836,2011,2020,10,0.6020599913279623
1605740,1,202530.0,101265.0,0.20342665284155434,inf,,-inf,2014,2015,2,0.0
1788882,10,346800000.0,346800000.0,,-0.6219825032775466,,-1.0643109571905331,2020,2023,4,1.0
1403475,3,,,,,,,2011,2023,13,0.47712125471966244
100716,9,36791482.0,33612796.0,,,,-0.08497869378150341,2011,2021,11,0.9542425094393249
1645469,8,0.0,0.0,,-inf,inf,-inf,2017,2023,7,0.9030899869919434
1680062,3,388832000.0,107524000.0,0.39932709077069894,0.11544333437735539,0.10002924483613329,0.09413702125950876,2017,2023,7,0.47712125471966244
701288,4,165009000.0,145733000.0,0.43624358054844775,0.25647660877740197,0.031770712760476785,0.21293404899227755,2011,2023,13,0.6020599913279623
1555177,10,1111254000.0,468843000.0,0.05531973572655499,-0.002058114536716509,,-0.03946747456005185,2013,2018,6,1.0
1401257,14,1739717000.0,828223000.0,0.24298412714421747,-0.10674686738844764,,-0.050342497799474126,2012,2023,12,1.1461280356782377
1715611,1,26900869.0,25136846.0,NaN,-0.4496555761515831,,NaN,2018,2023,6,0.0
2013807,4,21622887.0,21622887.0,0.05127807401481588,0.003987765371016368,0.00421627324787851,-0.1586579072443009,2024,2024,1,0.6020599913279623
819689,10,24256373.0,20372616.0,0.1517791181336518,-0.023024791626598474,0.010155187538325559,-0.06973002386913962,2011,2019,9,1.0
921500,37,1054040000.0,1049617500.0,0.22110767339685583,0.029773647584511474,,,2011,2012,2,1.5682017240669948
1122976,197,3835500000.0,3229900000.0,0.21591393005477189,0.07129338913554949,,0.051559026539037336,2011,2023,13,2.294466226161593
1601548,18,3963126000.0,1330780500.0,0.03412221891158811,0.035215631254783324,,0.026673320059063893,2014,2023,10,1.2552725051033058
1327471,45,246136000.0,207393000.0,0.39512373621856495,-0.016684635909865395,0.08456751459290218,,2011,2014,4,1.6532125137753435
1109486,5,2138010.0,1643945.0,0.12940874204726752,-2.8726071448790225,0.009010617311055024,-4.552546622226501,2021,2022,2,0.6989700043360187
1606163,2,568209000.0,506566000.0,0.15017900221505523,-inf,,-inf,2015,2023,8,0.30102999566398114
33185,197,5265200000.0,3817550000.0,,0.15799507161303394,,0.09223496515997442,2010,2023,14,2.294466226161593
1697884,2,5613200.0,16230.0,1.648308726155125,-9.800232229431897,,-5.65205001550811,2017,2021,5,0.30102999566398114
1279620,3,2660090.0,1620206.5,,-1.535271208412161,,-0.8353948130436301,2011,2023,10,0.47712125471966244
1488039,26,525954.0,481842.0,NaN,NaN,NaN,NaN,2012,2023,12,1.414973347970818
704432,25,3202162.0,3202162.0,0.503218138245348,,,-0.12346221084379866,2012,2012,1,1.3979400086720375
1311486,4,288659000.0,254705000.0,0.1153412771637777,0.13283010001782333,,-0.011167497582798216,2011,2013,3,0.6020599913279623
1283699,1505,80118000000.0,7758000000.0,-1.1035990046672084,0.3378260415753468,,-0.03233843717768551,2010,2023,14,3.177536499929862
50471,12,22036278.0,18493102.0,0.6951745728298144,0.07396186014324672,,0.0836425592706585,2012,2024,12,1.0791812460476247
1701859,31,667804.0,278547.5,1.5818563981577947,-4.571243083168104,,-4.864917336274141,2017,2020,4,1.4913616938342726
1269021,24,116640000.0,69593000.0,0.5215120657300903,-8.827012635393064,5.444257904993991,-9.012837798568073,2013,2019,7,1.380211241711606
1531433,3,2460261.0,NaN,NaN,0.07751210135835182,,NaN,2012,2014,3,0.47712125471966244
1419600,9,72957000.0,36656000.0,0.9283924044010489,-82.51349059169911,60.765177520156094,-153.0653662383032,2014,2020,7,0.9542425094393249
1179500,21,,,,,,,2011,2016,6,1.322219294733919
833444,26,33635000000.0,18525000000.0,0.31622319717594377,0.09956001228243261,,0.10178191510306625,2009,2024,16,1.414973347970818
1503518,6,,,,,,,2013,2015,3,0.7781512503836435
1510580,213,17258000.0,8629000.0,,-inf,inf,-inf,2014,2016,3,2.3283796034387376
1604028,138,3071121000.0,1502079500.0,0.23295346017929783,0.11989496690143424,,0.0287789888482592,2014,2023,10,2.1398790864012365
1634447,4,76453000.0,45311660.0,0.15635372729543534,-0.2097212656581199,,-0.3107444285914319,2016,2023,8,0.6020599913279623
898173,20,15812250000.0,8472200000.0,0.5125938753683196,0.17791888718051246,,0.11820552965752773,2010,2023,14,1.301029995663981
854800,30,55676000.0,14162000.0,0.9607099014207693,-1.5636937899787033,0.12102234719995797,-2.0658409603151084,2011,2022,12,1.4771212547196624
1679273,143,4098900000.0,3713700000.0,0.26736690619823134,0.13753929026116204,,0.14143960748327572,2017,2024,8,2.1553360374650614
1101239,126,7263105000.0,2584821500.0,0.4246406104276922,0.21568084896233422,,0.05589855176764052,2010,2023,14,2.1003705451175625
1237831,403,1022843000.0,563994000.0,0.7485017975326942,0.23409713302056764,0.08014709363747928,0.17575644677399763,2012,2023,12,2.605305046141109
87050,41,10241000.0,5984000.0,0.7404627086082433,-2.840519146010147,1.1144786225173764,-1.339739544651737,2011,2023,13,1.6127838567197355
1046311,411,1401949000.0,773335000.0,,0.2915718946024592,,0.19962625777707801,2010,2023,14,2.613841821876069
1658304,18,7500.0,NaN,,,NaN,NaN,2016,2018,3,1.2552725051033058
1586227,1,NaN,NaN,,NaN,,NaN,2014,2014,1,0.0
1142790,10,285319.0,NaN,NaN,NaN,NaN,NaN,2011,2021,11,1.0
1740742,12,23213963.0,23213963.0,-0.909106594803446,-8.979440122688937,0.055497175775188666,-3.3645412151830763,2021,2023,3,1.0791812460476247
1812727,6,16755884.0,10514486.0,,-0.6744082551001767,,-0.7796133408212764,2020,2023,4,0.7781512503836435
825313,96,,,,,,,2010,2023,14,1.9822712330395682
879169,352,3394635000.0,1200312000.0,0.9639635872561536,-5.51437944208941,5.439498116607471,0.15799377221811614,2011,2023,13,2.5465426634781307
1381324,4,7242416.0,7242416.0,0.30805089855933704,0.020839533492817367,,-0.21781673534315837,2011,2012,3,0.6020599913279623
1496819,112,0.0,NaN,,-inf,NaN,NaN,2012,2015,4,2.049218022670181
1130598,7,46190000.0,787000.0,,-47.27152151437983,29.34953818966977,-22.779106060757815,2013,2023,11,0.8450980400142567
1159019,22,16871792.0,8540050.5,0.7339600393250656,,NaN,-0.39479787564816343,2011,2014,4,1.3424226808222062
930420,58,1710765000.0,1372543500.0,0.2789880515910366,0.059445076033661094,,0.03752502749342119,2011,2023,13,1.7634279935629371
1932393,24,17585000000.0,17585000000.0,0.408245663918112,0.14341768552743817,0.046403184532271824,0.108956497014501,2023,2023,1,1.380211241711606
880631,55,301345000.0,183762000.0,0.8462548702009368,0.2609048322219949,,0.07594432586058299,2011,2023,13,1.7403626894942439
1671818,2,,,,,,,2020,2022,3,0.30102999566398114
1080627,12,,,,,,,2012,2014,3,1.0791812460476247
1652561,12,1958655.0,783918.5,0.4354998957546558,-0.0008257707905926517,,-0.7156875491658234,2016,2023,8,1.0791812460476247
881524,72,69760000.0,49802500.0,0.42180826007380656,-13.423909926260347,4.219359535666084,-8.470020105663174,2011,2019,9,1.8573324964312683
18230,298,67060000000.0,47011000000.0,0.2305891648340631,0.11036088897566902,0.03899173511041054,0.08930421319854742,2009,2023,15,2.4742162640762553
945384,6,4061000.0,845000.0,2.9210290260542995,-9.298363159991334,3.86322856196229,-8.613519130736751,2011,2019,9,0.7781512503836435
1361540,22,,,,,,,2011,2015,5,1.3424226808222062
1579010,7,3255679.0,1009394.0,NaN,NaN,,NaN,2014,2021,7,0.8450980400142567
1090872,753,6848000000.0,5198000000.0,0.5446627674141273,0.17309929425861265,0.10060469060028811,0.15734548454152994,2009,2024,16,2.8767949762007
1177648,8,160880000.0,87214000.0,,-0.06799435650253803,0.9407950684852916,-0.035828781952416684,2013,2024,12,0.9030899869919434
1501958,12,13292053.0,12617992.0,0.41888619643352926,0.0812868752370837,,NaN,2011,2014,5,1.0791812460476247
1178711,71,130162000.0,14808500.0,0.8155720232827595,-295.9730101183474,,-247.91741044088286,2011,2022,12,1.851258348719075
1070412,42,5430307000.0,2693339000.0,,,,0.06653272029189262,2009,2023,15,1.6232492903979003
1564618,27,,,,,,,2013,2023,11,1.4313637641589871
885725,53,14240000000.0,8188000000.0,0.6972282295372075,-0.056732521743380795,,,2009,2023,15,1.724275869600789
277924,1,,,,,,,2011,2011,1,0.0
819793,165,1034887000.0,787287000.0,0.3839423066001171,0.12500506807047904,,0.06404738878644366,2011,2023,13,2.217483944213906
812701,156,562255000.0,524625000.0,,0.11067532668694541,0.012407002346177793,0.060401868720322646,2010,2017,8,2.1931245983544616
1306109,4,2243484.0,2243484.0,0.3547228328795748,-0.335187592155772,,-0.335187592155772,2011,2011,1,0.6020599913279623
1438095,2,0.0,0.0,,,NaN,-inf,2011,2017,7,0.30102999566398114
1451448,21,58351650.0,0.0,NaN,NaN,,NaN,2014,2023,9,1.322219294733919
1366527,10,160778000.0,160778000.0,1.019778825461195,-0.2844543407680155,0.40196419908196396,-0.5103745537324759,2018,2018,1,1.0
1368900,44,547817000.0,536805000.0,,-0.40615759503648846,,-0.044357710818454674,2011,2012,2,1.6434526764861872
1462223,14,25372274.0,5997987.0,0.722123825597783,-4.411299356492743,0.23986559156143228,-1.6642455154393716,2011,2023,12,1.1461280356782377
764630,6,37964.0,16775.5,-1.1853136155022947,-inf,,-inf,2011,2023,12,0.7781512503836435
918386,43,558608000.0,553722500.0,0.6482324029252956,0.1662471006708058,0.26740030228971584,0.17546039349994033,2010,2015,6,1.6334684555795864
1163348,5,2576400000.0,2222475000.0,,,,0.18550078696087655,2010,2016,7,0.6989700043360187
1538495,15,770635.0,41888.0,1.0693155281769537,-59.50320809029448,NaN,-31.442696103541337,2012,2023,9,1.1760912590556811
1804745,4,1467280000.0,1467280000.0,,0.15596617841535396,,0.02317354006870176,2021,2023,3,0.6020599913279623
1624899,114,1220633000.0,1047805000.0,0.7592245740051377,0.20943465754773302,0.050538757170895406,0.11750793005634734,2015,2017,3,2.0569048513364723
1403085,1,138352000.0,108811000.0,0.38204697155461254,-1.0795950957122058,,-0.13497177546556371,2011,2016,6,0.0
1828182,31,805500000.0,789450000.0,,0.060912780106126475,,-0.01837481261247465,2021,2022,2,1.4913616938342726
1506546,30,118810000.0,118810000.0,2.8759757336035463,0.9927493556126201,0.4861184581943527,0.26949406763735856,2011,2013,3,1.4771212547196624
1845257,16,667511000.0,667511000.0,,-0.19179059720863526,,-0.2435864977006621,2021,2023,3,1.2041199826559246
904979,25,1139944000.0,1065834000.0,0.08625685117286733,0.03043625579887173,,0.014626084751453015,2011,2019,9,1.3979400086720375
1157602,668,22347827.0,15508306.5,,-2.9695944050074754,1.4698033908643005,-2.53185003659421,2014,2015,2,2.8247764624755454
1399587,17,759889.0,341972.0,-0.18986118785718525,-26.075135945233125,,-40.79496770715301,2011,2015,5,1.2304489213782739
727634,61,2378000.0,1045500.0,,-2.79022625647981,1.3313142116258818,-4.813712455072288,2011,2022,12,1.785329835010767
1315657,4,122206000.0,101111000.0,0.5438056464079914,-0.12764187195783436,,-0.06812037998272398,2013,2014,2,0.6020599913279623
1437071,2,,,,,,,2011,2023,13,0.30102999566398114
1481504,51,2756459.0,2264264.0,0.4629519754296516,-0.5812184733155937,,-0.8690230511104977,2011,2024,13,1.7075701760979363
1667489,3,24201629.0,15401170.0,0.826651276520455,0.1775669422934594,,0.2773345936512133,2016,2019,4,0.47712125471966244
1348324,8,141254000.0,141254000.0,0.8243777059255039,-0.06556426149052837,0.09131339094759673,-0.09662847453713042,2013,2015,3,0.9030899869919434
1072627,2,228547000.0,130734000.0,,-0.0299635213865466,,-0.27453671005965863,2012,2023,12,0.30102999566398114
1557255,2,113694000.0,58655000.0,,-0.11194522138371418,,-5.854837006648104,2013,2016,4,0.30102999566398114
794367,35,28105000000.0,25778000000.0,0.3751864151471634,0.04028834571407978,,0.04016979514979888,2009,2023,15,1.5440680443502754
850209,5,8968000000.0,7766000000.0,0.3373727227318199,0.07005812587495767,,0.04933740252868445,2010,2023,14,0.6989700043360187
1840776,1,468347000.0,384527000.0,,-0.03482300537729827,,0.05743541326748767,2021,2023,3,0.0
1518336,1,6310883.0,3103011.0,0.27666229541988635,NaN,,NaN,2011,2023,12,0.0
912607,61,18395000.0,18395000.0,0.2668116335960859,-0.23218265833106821,,-0.9838543082359337,2011,2011,1,1.785329835010767
1847874,4,30272000.0,30272000.0,,,,-0.26820163847780126,2022,2023,2,0.6020599913279623
1099509,6,7435502.0,5907899.0,0.5343951076153232,-0.12434728617766418,,-0.3786338413714748,2011,2017,7,0.7781512503836435
1847064,19,5685987.0,5685987.0,,-6.91981814239111,0.8136889866262444,-1.2273288700800757,2021,2023,3,1.2787536009528289
786620,4,7818000.0,6807000.0,0.5918441843038971,0.033396914810130476,0.15083410826706223,0.10046730445096103,2011,2013,3,0.6020599913279623
1282648,2,1148261000.0,302861500.0,,-0.06524046394190401,,-0.39085899512430383,2011,2023,12,0.30102999566398114
1117480,18,33824000.0,5702000.0,51.587127118446105,-34.84387178657573,7.917929854748266,-96.94752748470137,2013,2023,11,1.2552725051033058
1665658,1,100552000.0,94083000.0,0.8336711729957236,0.060709460671198666,0.14260093901132956,-0.004075721820604252,2016,2017,2,0.0
1453684,69,27367.0,NaN,NaN,NaN,,NaN,2011,2013,3,1.8388490907372552
1070296,5,7145000.0,5508000.0,,2.0612844522841596,,1.7578618164457716,2011,2023,13,0.6989700043360187
884144,66,95828000.0,35542000.0,0.7022450134194719,-0.09983601606495321,0.10364216065673057,-0.1099152301941412,2011,2023,13,1.8195439355418683
1277902,4,,,,,,,2011,2023,13,0.6020599913279623
1639300,61,1827009000.0,1077032000.0,0.4111813638159876,0.1245674553234161,,0.09602805911754143,2015,2023,9,1.785329835010767
1576280,55,563948000.0,232146000.0,,-0.9606796661414102,0.5875924911013873,-0.971174535300535,2018,2023,6,1.7403626894942439
852570,52,31941134.0,27342234.5,0.413091782691245,-0.13533724069191957,,0.03246175107652974,2011,2012,2,1.716003343634799
1711279,16,0.0,0.0,,-inf,inf,-inf,2017,2023,6,1.2041199826559246
1256540,2,528397.0,180573.0,0.5102746184454185,-13.15257102773943,,-14.999430484241726,2011,2014,4,0.30102999566398114
736822,35,389300000.0,363880000.0,0.6624037644055923,0.10470212253618545,0.058350191566308156,-0.10443312919019662,2011,2016,6,1.5440680443502754
1785345,5,18000000.0,NaN,,NaN,NaN,NaN,2021,2023,3,0.6989700043360187
845877,12,,,,,,,2011,2023,13,1.0791812460476247
1047862,23,15670000000.0,12554000000.0,,0.1956143209159218,,0.10008262540681567,2011,2023,13,1.3617278360175928
1339553,1,3135709000.0,3135709000.0,,,,0.04260439983429585,2010,2010,1,0.0
1158114,16,267465000.0,190872000.0,0.34120359645754866,-0.023269922562716792,0.17201746307189658,-0.06395966997276879,2013,2023,11,1.2041199826559246
1560143,1,1077030.0,305712.0,0.30107270635711186,-15.0059437384694,0.12489838873792078,-14.313717472175682,2017,2023,7,0.0
1610718,1,302.0,302.0,0.8677798995110985,-171.81349286962177,,-184.424416636195,2022,2024,3,0.0
920321,42,1844371000.0,1769561500.0,0.18782960820516773,0.03565403911962744,,-0.05197616280408584,2011,2016,6,1.6232492903979003
880771,4,154329000.0,117561000.0,,0.22586256353432943,,0.17916709785091078,2011,2016,6,0.6020599913279623
63330,12,33264000.0,15212000.0,,0.2749252346633972,,-0.080644343827071,2011,2023,13,1.0791812460476247
1589094,17,191748000.0,185192000.0,,,0.09656424056574253,-0.019452593719760006,2014,2016,3,1.2304489213782739
821127,1,,,,,,,2011,2020,10,0.0
949156,1,996763000.0,837221000.0,,,,0.04137860770817016,2011,2014,4,0.0
1098482,22,14859387.0,7695110.5,,,0.7334037301832365,-4.510875602251153,2011,2012,2,1.3424226808222062
75677,60,8478000000.0,5741700000.0,0.21621289653613687,0.12822816134151693,,0.08631394767457856,2010,2023,14,1.7781512503836434
1415935,3,7837.0,7837.0,3.1899961720045935,-79.68087278295266,,-7.830547403343116,2011,2011,1,0.47712125471966244
1586105,7,30353000.0,10524000.0,,-5.310705676175138,4.514083151272417,,2014,2019,6,0.8450980400142567
1704720,3,1205400000.0,1070000000.0,0.17786626845860296,-0.13728120040166938,,-0.14398182572089313,2017,2023,7,0.47712125471966244
1100441,2,280855000.0,188046000.0,0.5624057134404966,-0.18806778960237608,0.06537761125831296,0.0003856499988927683,2011,2018,8,0.30102999566398114
1002390,1,16826121.0,16631127.0,0.35766452922709435,0.00943598564347708,,0.006446217517603013,2011,2013,3,0.0
795266,100,5724930000.0,3594646000.0,,-0.03157611631141087,,0.0069207403985604024,2010,2023,14,2.0
1517008,57,777408000.0,777408000.0,,0.12209161727175434,,0.1392331954392031,2011,2011,1,1.7558748556724912
1557142,6,63530000.0,18514000.0,0.7635186595367883,-16.763928234436868,9.359176413189783,-13.131274771340722,2016,2020,5,0.7781512503836435
1759008,5,118625000.0,118625000.0,0.073390937829294,-1.15559114857745,,-0.1068746048472076,2019,2021,3,0.6989700043360187
1350420,8,173951126.0,115927769.0,0.016738662809982718,0.0033482543035345167,,0.009645898508180714,2012,2021,10,0.9030899869919434
706698,28,50224000.0,41278000.0,0.6774656333271492,0.4072421524595548,0.010079350065939565,,2011,2023,13,1.447158031342219
1838162,6,,,,,,,2021,2023,3,0.7781512503836435
933972,5,3015521.0,193692.0,0.619628852274259,-6.893743267371783,2.3203171409615986,-3.132486111293186,2011,2023,13,0.6989700043360187
1043277,214,24696625000.0,1643174000.0,0.06948919097043031,0.28355548745473175,,0.17663954429052423,2009,2023,15,2.3304137733491905
318299,1,635909.0,384665.0,0.7564806122196014,-3.095921959142787,0.8360111037958503,-3.2103581196513202,2012,2024,13,0.0
1594864,72,79356000.0,18215000.0,,-13.527351638739248,8.35872364721939,-13.40200363705577,2015,2017,3,1.8573324964312683
1068084,16,10228000.0,8460000.0,0.17634639718307818,-3.457691063360871,,-2.021682097665165,2011,2012,2,1.2041199826559246
1548082,2,894128.0,894128.0,,-4.970458368376788,,-4.81961754916522,2013,2014,2,0.30102999566398114
1734713,8,2774600000.0,2404600000.0,0.2508584028314498,0.02797633566375446,,0.0014576531393668986,2018,2024,7,0.9030899869919434
29669,223,9857400000.0,8835100000.0,0.2166922825545861,0.029037980902426822,,-0.02263803773756403,2009,2021,13,2.3483048630481607
1655020,4,1060743000.0,906635000.0,,0.1907564041591793,,-0.5485464769747275,2016,2020,5,0.6020599913279623
1626971,2,,,,,,,2016,2023,8,0.30102999566398114
1108426,46,2249555000.0,1368474000.0,,0.1807931582596278,,,2010,2023,14,1.6627578316815739
96223,23,9193689000.0,6955930000.0,0.4217980282247628,-1.09239593507762,,0.6066711906403703,2009,2023,15,1.3617278360175928
767884,48,462000.0,131000.0,-21.028706492688542,-191.62943584914535,106.50314080306404,-178.12741308250872,2012,2015,4,1.6812412373755872
1012620,5,2208044000.0,1639012000.0,,0.24260077099547925,,0.13518304933751257,2010,2018,9,0.6989700043360187
1834494,14,303617000.0,288046000.0,0.5348964467587511,0.13277486734206936,0.15680960019491516,,2021,2023,3,1.1461280356782377
1036188,49,333016000.0,277912500.0,0.5376368008712772,0.024174113646313524,0.1547764442434309,0.006501393462484195,2011,2020,10,1.6901960800285134
727920,73,17872000000.0,8456000000.0,,,,-0.02042127734071915,2011,2023,13,1.8633228601204557
8146,61,142527000.0,98448000.0,0.3934183639003313,0.05172496194478749,0.06515397490766209,0.04892152346701871,2011,2023,13,1.785329835010767
1938571,6,NaN,NaN,,,,NaN,2023,2023,1,0.7781512503836435
1692787,27,1256412000.0,135798000.0,-0.9790817154358815,-inf,,-inf,2017,2023,7,1.4313637641589871
1070698,14,69497000.0,8436000.0,-inf,-inf,inf,-inf,2012,2015,4,1.1461280356782377
1262959,1,,,,,,,2011,2015,5,0.0
1592000,9,7693800000.0,4252400000.0,0.14669896083927741,0.1927585183446083,,0.04789021889375452,2014,2023,10,0.9542425094393249
1117733,28,245856000.0,137062500.0,0.40084295686755267,-0.0655861335407552,0.11252523794093944,-0.09546059424857346,2012,2017,6,1.447158031342219
1617667,15,44828000.0,34772000.0,5.684684714592124,2.4587404758610587,,0.15362828820323562,2014,2016,3,1.1760912590556811
1067286,4,89867.0,NaN,NaN,NaN,NaN,NaN,2011,2012,2,0.6020599913279623
1518461,7,19394492.0,2927749.5,0.47216848219529767,0.03113343672874664,0.055084137950783686,-0.016791435319030698,2012,2023,12,0.8450980400142567
886136,60,133998000.0,123072000.0,,0.16480789713803212,,0.11278917983474475,2011,2023,13,1.7781512503836434
1168213,2,2400434000.0,2364219000.0,0.2505379670017895,-0.011192106463699282,,0.029955990878497398,2010,2015,6,0.30102999566398114
45919,41,860526000.0,404412000.0,,-0.05239878026559075,,0.007933693583556691,2011,2023,13,1.6127838567197355
1433269,25,99309000.0,64757000.0,0.744854172494174,0.10363057653964958,0.05454809163916861,0.0732555618695252,2011,2015,5,1.3979400086720375
8670,44,18012200000.0,10938500000.0,0.3907546396386419,,0.04433661629340114,0.15496242290472836,2010,2024,15,1.6434526764861872
1528393,8,205152000.0,17574000.0,,-0.5678034926473623,,,2012,2014,3,0.9030899869919434
1100962,146,1460841000.0,982664000.0,NaN,NaN,NaN,NaN,2010,2013,4,2.1643528557844367
1731727,7,30442617.0,23526701.5,-0.061321981871075876,-0.26003810419921247,,-0.2615514708657505,2019,2020,2,0.8450980400142567
1280784,7,,,,,,,2022,2023,2,0.8450980400142567
1104252,3,267784000.0,267784000.0,0.22181683745107997,0.08622247781794282,,0.07743181071311206,2011,2011,1,0.47712125471966244
1496048,47,2742942000.0,2486017000.0,,0.32016218765555127,,0.4508642876688537,2011,2020,10,1.6720978579357173
1631574,20,40964000.0,3649000.0,,-31.676137271943006,27.69161083913478,-26.59046769219308,2015,2023,9,1.301029995663981
887151,17,-2000000.0,-2000000.0,,-0.0905,,-0.8775,2011,2018,8,1.2304489213782739
901219,87,47159000.0,47159000.0,0.0020780762950868338,-4.045314786148985,4.160011874721686,-4.94563073856528,2011,2011,1,1.9395192526186182
1565383,4,NaN,NaN,,,,NaN,2013,2014,2,0.6020599913279623
1040130,69,309215000.0,238266000.0,0.3201954016671366,0.1137610138803308,,0.09589138539579786,2011,2023,13,1.8388490907372552
1524472,4,7364000000.0,3837000000.0,0.3910007731167353,0.10784953760979309,0.03281807048006597,0.08055257388495203,2011,2023,13,0.6020599913279623
913241,220,2111296000.0,1399551000.0,0.3812565197332299,0.12998518659325684,,0.0788733528404721,2011,2023,13,2.342422680822206
1528396,29,905341000.0,571980000.0,0.6014938558083561,0.019078563569333944,0.23784219085278643,,2012,2024,12,1.462397997898956
743238,45,991792000.0,590777000.0,0.14756807677093717,0.021535396757446538,0.015393563420348682,0.012289469659488541,2011,2023,13,1.6532125137753435
1849056,16,,,,,,,2021,2023,3,1.2041199826559246
1559720,171,8399000000.0,5991760000.0,0.8033785894386366,-0.5369540759855057,0.27950422876790243,0.006868190339602472,2021,2023,3,2.2329961103921536
830916,12,818932000.0,764432000.0,0.0812103325647875,-0.017450180291418517,0.010886479856921375,-0.11814317896667047,2011,2015,5,1.0791812460476247
1793330,1,NaN,NaN,,,,NaN,2020,2021,2,0.0
1094019,191,131130000.0,121924500.0,,,,0.050062544912570194,2011,2013,3,2.281033367247727
1594590,4,1993762000.0,1492428000.0,,-0.09770728707010129,,-0.38306423471073603,2014,2016,3,0.6020599913279623
1397187,3,6256617000.0,2496786500.0,0.5347563548543176,0.19068483105444514,,0.15693813726142689,2010,2023,14,0.47712125471966244
1377013,57,23697000000.0,20897500000.0,,0.19565360699537612,,0.07976111240988103,2010,2015,6,1.7558748556724912
1609804,19,1578203000.0,1476400000.0,0.24866055753776917,0.11849916933233992,0.014872483238093995,0.06698867972389565,2019,2023,5,1.2787536009528289
1056288,39,1609574000.0,1043810000.0,,0.30426699286542785,,0.18750289640252954,2010,2023,14,1.591064607026499
1820721,30,1637546000.0,862990000.0,0.17120577194109973,0.04606261554750346,,0.01816918129427974,2020,2023,4,1.4771212547196624
805928,97,159012000.0,41108000.0,0.836565961685731,-0.48310024159405285,0.15881370713305387,-0.6408563006552751,2011,2023,13,1.9867717342662448
1722271,19,,,,,,,2020,2021,2,1.2787536009528289
1531177,31,71331000.0,71331000.0,0.5896022796156081,-1.0038052739363266,0.21552013433251474,-1.0422452830159645,2021,2023,3,1.4913616938342726
1479000,19,,,,,,,2011,2018,8,1.2787536009528289
1114208,1,6501353.0,3892383.0,0.2985170140877146,-0.5617500867229908,,-0.37864767574513924,2011,2015,5,0.0
1527753,87,78648000.0,65047000.0,0.28145138667978903,-1.0460531993835187,0.5913444167939168,-0.6966096262649716,2019,2023,5,1.9395192526186182
18498,366,3022234000.0,2422084000.0,0.5221743828727139,0.046226855600359884,,0.01961902868865415,2011,2023,13,2.56348108539441
884269,47,102700000.0,46624000.0,0.36706495439569553,0.07899349488844451,,0.07651193624538924,2011,2023,13,1.6720978579357173
1574300,4,,,,,,,2013,2014,2,0.6020599913279623
1162556,3,239942000.0,185382000.0,,0.037045384766403414,,0.0013935675581818422,2011,2018,8,0.47712125471966244
1719395,18,69154000.0,69154000.0,0.45782219688868736,-2.0672648149194184,0.2487835620930292,-2.6118587830969076,2020,2022,3,1.2552725051033058
17313,13,9334000.0,9334000.0,,,,,2011,2023,4,1.1139433523068367
1444380,83,425174000.0,356789500.0,0.6405000650639013,-0.4708220730731444,0.32423122449458724,-0.5181734548115953,2014,2023,10,1.919078092376074
1682852,1,6848000000.0,170446500.0,0.8872871518315096,0.10771294857355862,6.718852422574966,35.31130269001081,2018,2023,6,0.0
1077370,3,700000.0,0.0,NaN,NaN,,NaN,2011,2016,6,0.47712125471966244
1738021,33,NaN,NaN,,NaN,,NaN,2018,2023,6,1.5185139398778873
1796209,88,6928000000.0,3834000000.0,0.3845666167994951,-0.015523925676371576,,0.031202159282405807,2020,2023,4,1.9444826721501687
899647,3,,,,,,,2012,2014,3,0.47712125471966244
1104657,42,1757109000.0,1207815000.0,0.19184338468214454,0.0358376945247893,0.01344875244954338,0.029157995830829144,2011,2023,13,1.6232492903979003
719152,8,1606000.0,1606000.0,0.11457036114570361,-1.1625155666251556,0.43088418430884184,-1.9283935242839352,2011,2011,1,0.9030899869919434
101984,102,753477000.0,602833000.0,0.26605875478114116,0.03498345642572716,0.0358013443364246,0.0322950868589249,2011,2023,13,2.008600171761917
319201,170,9211883000.0,2887054500.0,0.49577357338026645,0.35732160289683423,0.20088344155905982,0.2688572822171829,2011,2024,14,2.2304489213782737
866706,55,1026759000.0,683650000.0,0.364558793760551,,,0.08039780980947123,2010,2024,15,1.7403626894942439
1022701,19,5024000.0,2928000.0,0.4867025422012714,-1.7595386844607206,0.4295536424480406,-0.9205558264828655,2011,2014,4,1.2787536009528289
1047335,9,1074302000.0,1035342500.0,,0.051081144751528994,,0.09125688980952919,2011,2023,13,0.9542425094393249
88000,3,42186200.0,28958000.0,0.4241086631379868,-0.272080628334445,,-0.2269505011691227,2011,2023,13,0.47712125471966244
854398,6,21641000.0,14635000.0,-1.3460526692793138,-0.026311452398791697,0.7719574113064995,-0.6356555635770252,2011,2013,3,0.7781512503836435
1689923,34,855354000.0,417910000.0,1.016097706031905,-0.1291137294360343,0.18444008832056596,-0.054110504390074456,2017,2023,7,1.5314789170422551
1122991,19,3046691.0,2522055.0,0.1846695441797874,-3.04541225432745,,-2.1168180695352437,2011,2014,4,1.2787536009528289
1418826,2,1720564.0,1720564.0,0.7450783580267866,-0.38630704815397743,,0.23926224191602288,2012,2012,1,0.30102999566398114
1538123,1,0.0,NaN,,,NaN,NaN,2012,2015,4,0.0
764478,13,51761000000.0,43165500000.0,0.23398064929260948,0.03947484894824534,,0.02304494486983325,2009,2023,14,1.1139433523068367
1934245,3,349000.0,349000.0,0.22922636103151864,-13.275071633237822,0.20916905444126074,-13.25214899713467,2023,2023,1,0.47712125471966244
1305168,48,501549000.0,272208000.0,1.404229003969371,0.06452277331187382,,0.09399263775750245,2011,2023,13,1.6812412373755872
1703038,1,277631000.0,NaN,,NaN,,NaN,2017,2018,2,0.0
933034,17,537766000.0,451310000.0,0.14061777708104692,0.03762045866341247,,0.014157591233709034,2012,2024,12,1.2304489213782739
1140536,134,9039000000.0,6015500000.0,,0.11906503811663827,,0.1037570814207734,2010,2023,14,2.1271047983648073
1658432,126,6543428.0,NaN,0.3364720983942923,NaN,,NaN,2015,2018,4,2.1003705451175625
744825,16,22221000.0,17837000.0,0.4883056318451785,0.029750459910061772,,-0.03601630680345827,2011,2023,13,1.2041199826559246
1431959,23,10200167.0,824336.5,1.3040684529714883,-13.492704356424861,2.9185902226388563,-32.7602172878693,2011,2023,14,1.3617278360175928
814547,154,1717526000.0,932169000.0,0.7111711332504366,0.23219636223378393,0.11174392518535967,0.15790768012070447,2010,2024,15,2.187520720836463
1656634,11,48214000.0,10566000.0,,-29.6811178001176,24.126595893171082,-33.00588426723521,2018,2023,6,1.041392685158225
1813793,4,350.0,NaN,,NaN,,NaN,2020,2021,2,0.6020599913279623
1095073,6,12060000000.0,5792467500.0,,,,0.12823364816510557,2010,2023,14,0.7781512503836435
726601,11,,,,,,,2011,2023,13,1.041392685158225
1586468,1,1415125.0,1415125.0,,-2.2880452256867767,,-1.4415701793127815,2014,2014,1,0.0
1645460,5,14941370.0,2199662.5,,-21.64012070428011,16.330084967122843,-21.491164367367634,2018,2023,6,0.6989700043360187
1340041,4,44081000.0,44081000.0,0.4113790521993603,4.380231845920011,,-2.0318958281345703,2010,2010,1,0.6020599913279623
1734722,101,892252000.0,892252000.0,0.7697041370272594,-0.3092034908917029,0.2670092236827879,-0.6810232176998273,2021,2023,3,2.0043213737826426
1059786,92,70956000.0,70956000.0,0.9820311178758667,0.2383448897908563,0.34288855065110774,0.25025367833587014,2012,2012,1,1.9637878273455551
1217234,93,296397000.0,58600000.0,NaN,-inf,inf,-inf,2014,2023,10,1.968482948553935
1011060,23,2563000.0,1771000.0,0.9518347099656852,NaN,17.540209018353547,NaN,2011,2023,13,1.3617278360175928
1095996,23,1796528000.0,1151359500.0,,0.07958151715075,,0.04576672285372037,2015,2018,4,1.3617278360175928
1289308,13,3708579000.0,2395341000.0,0.2534625485833473,0.0831931912024301,,0.058976533285028374,2010,2023,14,1.1139433523068367
1728205,10,39817000.0,39817000.0,0.0,-0.9980661526483663,,-0.3258658362006178,2021,2023,3,1.0
1411207,57,2769000000.0,2152300000.0,0.4681018205597131,0.2839469734663402,0.05614391941949229,0.1383232721498943,2012,2023,12,1.7558748556724912
1863990,14,5430000.0,5430000.0,,-3.965561694290976,,-2.447513812154696,2022,2023,2,1.1461280356782377
1490281,257,2636746000.0,1416868000.0,6.924596210962879,0.21144109913298173,,-0.3310481685956513,2011,2023,13,2.4099331233312946
1166388,65,1303634000.0,487617000.0,1.1346812824815506,0.12555558348734458,0.274149260102494,0.032651150097517664,2011,2023,13,1.8129133566428552
807884,11,660006000.0,591814500.0,1.2999422386173005,0.25327945615900277,,0.1927660621530536,2010,2015,6,1.041392685158225
315545,6,989042.0,989042.0,NaN,NaN,NaN,NaN,2011,2023,13,0.7781512503836435
907471,12,,,,,,,2011,2024,14,1.0791812460476247
1275187,135,356974000.0,316219000.0,0.532988076863829,-0.036365029176187925,0.09280331638972801,-0.03288366235477676,2012,2024,13,2.130333768495006
1356949,34,396410000.0,370075000.0,0.21968069398885515,0.04148737213243671,,0.02134134845207355,2011,2020,10,1.5314789170422551
1608104,25,1350.0,1350.0,,-5.54074074074074,,-5.54074074074074,2014,2014,1,1.3979400086720375
804055,3,21807000000.0,21807000000.0,0.36887238042830284,-0.2888522034209199,,0.03352134635667446,2009,2009,1,0.47712125471966244
1399935,5,487188000.0,377497000.0,0.42189837388490337,0.171205685415469,,0.08835785071599049,2011,2019,9,0.6989700043360187
1375063,8,15145000.0,3437000.0,-0.4009997342339617,-20.846770604441378,,-29.098520047416372,2012,2019,8,0.9030899869919434
864509,4,187962056.0,156710517.0,0.12158652531726724,0.0008241157534923388,,-0.002762842558322165,2011,2017,7,0.6020599913279623
1613895,1,573838.0,286919.0,inf,-inf,,-inf,2016,2017,2,0.0
1529864,10,2117639000.0,908181000.0,0.6386849593219959,0.20727891963114814,,0.09454736283662771,2014,2023,10,1.0
934612,1,25888000000.0,22014000000.0,,0.3141657830953138,,0.22195537466222182,2009,2023,12,0.0
1063761,25,5755189000.0,5170138000.0,,0.4561468815218468,,,2009,2023,15,1.3979400086720375
790705,20,423963000.0,423963000.0,0.7165648889171933,0.15332705920092082,,0.12982029092161343,2010,2010,1,1.301029995663981
1439813,7,6373199.0,2168093.0,-182.13001047675652,-570.5109949130015,52.91626975383755,-596.2129929409718,2011,2013,3,0.8450980400142567
946673,7,,,,,,,2011,2023,13,0.8450980400142567
1073431,672,3775672000.0,3588094000.0,0.4880800489786576,0.13540148948965494,0.1030841569936728,0.07236899868958072,2010,2012,3,2.827369273053825
1308208,1,1750980000.0,1072751000.0,,0.06163000111748918,,0.042452968952102904,2011,2023,13,0.0
846913,78,109338000.0,55161000.0,0.38364379298119405,-0.059798391517950675,0.03146461849486156,-0.057269521630048316,2011,2023,13,1.8920946026904801
1824502,53,,,,,,,2021,2023,3,1.724275869600789
1122342,8,76070000.0,46611000.0,0.3175256036112548,0.17206879525458044,0.06397631327749789,0.20296004917622454,2011,2015,5,0.9030899869919434
1159281,67,1415144000.0,1328075000.0,,-0.007333875410452634,,-0.02571446248395263,2011,2021,11,1.8260748027008262
1822966,71,22810000.0,17307000.0,0.07019237640187953,-14.783787189148612,7.365752193023832,-4.311983064464732,2020,2023,4,1.851258348719075
1402829,218,748322000.0,708390000.0,0.10692960836059864,-0.02179406628520552,,-0.02749876940147915,2011,2023,13,2.3384564936046046
1039889,113,1239503000.0,1239503000.0,,0.033099556838507044,,0.03760216796570884,2011,2011,1,2.0530784434834195
1507951,47,261428000.0,261428000.0,,,,0.07989580305093563,2011,2011,1,1.6720978579357173
1156039,443,156595000000.0,79156500000.0,0.9532424574527716,,,0.040930904660334375,2009,2023,15,2.6464037262230695
704051,4,3357367000.0,2886902000.0,,NaN,,NaN,2009,2019,8,0.6020599913279623
831967,30,1992644000.0,1992644000.0,0.5558012369495002,0.22205873201635615,,0.11477313559270999,2010,2010,1,1.4771212547196624
1588978,30,136191000.0,75014000.0,0.1491299840064008,-0.900476232443204,0.43100504848240223,-0.9919389357267954,2021,2023,3,1.4771212547196624
1682325,17,48128000.0,48128000.0,0.6862696554575253,-0.7856041851793035,0.2860808307445381,-1.6645642198722819,2017,2021,5,1.2304489213782739
1874875,6,132124202.0,62792981.0,0.5455472840450543,0.01403713084118454,,0.006333172720664263,2021,2023,3,0.7781512503836435
1338624,1,,,,,,,2013,2013,1,0.0
849146,81,232915000.0,208178000.0,0.8101036937100861,0.09016794996736414,0.007756596216392332,-0.06857746918650652,2012,2024,13,1.9084850188786497
896622,68,3322249000.0,2597809000.0,,0.11604907656187069,,0.07856441559239973,2010,2023,14,1.8325089127062362
1608092,5,514038.0,444421.0,0.5111211714179809,-4.045733181517154,,-5.342007134811055,2018,2023,6,0.6989700043360187
1469443,33,8034000.0,1464000.0,-0.13660938065182449,-15.605823247143512,7.806412036362932,-15.945601166915903,2015,2023,9,1.5185139398778873
1169770,44,,,,,,,2011,2023,13,1.6434526764861872
1066104,273,949794000.0,558352000.0,0.6573569165917162,0.14601151467620307,,0.06903518027845094,2010,2016,7,2.436162647040756
1140310,10,12494184.0,6328587.5,0.5205287736171674,-2.162344069608461,0.75529246931152,-1.760665683964483,2012,2018,6,1.0
1509273,1,,,,,,,2011,2014,4,0.0
1311230,45,37346000.0,14688000.0,0.5029891483007557,-5.280946857517804,5.033471235782413,-6.044288618245513,2011,2016,6,1.6532125137753435
1755953,13,20684974.0,10919785.0,0.5727218944426126,-1.6429076145889574,0.30981606748605645,-3.1205159374385514,2019,2023,5,1.1139433523068367
1538927,32,100557000.0,50278500.0,,-inf,inf,-inf,2020,2021,2,1.5051499783199058
1687919,1,122604.0,36000.0,NaN,,,NaN,2017,2023,7,0.0
1262039,38,4417400000.0,548100000.0,1.4124517855811325,0.2107642575543056,0.27970913761234883,0.1661418307387314,2011,2023,13,1.57978359661681
1389217,3,4327227.0,3574467.0,0.2743407305074288,-0.1651836312095827,,-0.2884940479128385,2011,2014,4,0.47712125471966244
1581091,201,353386000.0,194464000.0,,0.2517798483127508,,0.06009834470063914,2013,2023,11,2.3031960574204886
868671,1,,,,,,,2010,2023,14,0.0
1784535,2,275948000.0,234190500.0,0.647536560824369,-0.5337470133714978,,-0.6182474178280449,2020,2023,4,0.30102999566398114
356292,9,NaN,NaN,,NaN,,,2011,2013,5,0.9542425094393249
1400891,41,6325780000.0,6241516000.0,,-0.031166918983919187,,-0.25587701708358934,2011,2023,13,1.6127838567197355
929887,156,4733022000.0,3953566000.0,,0.17150102850447896,,0.08978563841070286,2010,2016,7,2.1931245983544616
1326801,1049,117929000000.0,27638000000.0,0.7911118985219178,0.33981884406241675,0.2406280222508297,0.25145933408759624,2012,2023,12,3.0207754881935576
1490165,31,346609000.0,263716500.0,0.2759491352137229,0.12718068133334287,0.021784819934409283,0.043424440352079416,2012,2015,4,1.4913616938342726
773910,232,18470000000.0,11446000000.0,,-0.02079320272952979,,-0.060769881186734744,2009,2018,10,2.3654879848908994
1500904,5,0.0,NaN,NaN,NaN,NaN,NaN,2011,2014,4,0.6989700043360187
1094814,54,78344000.0,66857500.0,0.3788229614716034,-0.09930170033354477,,-0.12641887559748183,2011,2017,7,1.7323937598229684
807863,114,144804000.0,45390000.0,,-0.12467664962860556,0.3577636721146412,-0.1873447377063107,2011,2024,14,2.0569048513364723
353020,17,1333570000.0,1217927500.0,0.2192163019832865,0.03094011365858778,,-0.00456358025463579,2011,2020,10,1.2304489213782739
1012477,19,173245000.0,40774500.0,NaN,-inf,inf,-inf,2015,2023,9,1.2787536009528289
1386198,2,68153132.0,65981969.5,0.29815924399550914,-0.12613216230380553,0.11768192927100213,-0.09231560296304255,2011,2012,2,0.30102999566398114
1649676,13,,,,,,,2016,2016,1,1.1139433523068367
1648893,39,30323000.0,27080000.0,0.34167042491664334,-3.322931644325664,1.3166489032340822,-3.460346719589555,2016,2018,3,1.591064607026499
1393540,1,1347059.0,672220.0,0.40570337902421866,-1.6923492761273142,,-110.95704745733617,2011,2022,12,0.0
1056285,21,647071000.0,558180000.0,0.3451053214657713,0.04338622689498382,,0.015371504014430363,2011,2023,13,1.322219294733919
1601280,4,180714.0,22232.0,1.0,-23.036729411764707,,NaN,2014,2022,9,0.6020599913279623
1361025,6,112522054.0,89419171.0,,,,0.012860852183723934,2011,2018,8,0.7781512503836435
1725430,9,3111781.0,1618678.0,NaN,-8.459852574463028,,-7.881760648453507,2021,2024,4,0.9542425094393249
1077638,12,638955.0,299368.0,-0.7067736179759679,-1.9234772193521308,,-2.6498791466819602,2011,2015,5,1.0791812460476247
1042893,19,731617000.0,444517000.0,0.25860935388973566,0.1186317838471382,,0.028267805864269944,2010,2023,14,1.2787536009528289
1623595,9,753493000.0,753493000.0,,-0.8498080752504099,,,2015,2017,3,0.9542425094393249
95574,3,543302000.0,210317000.0,0.3433636089605052,,,0.035249878119928475,2011,2023,13,0.47712125471966244
355777,22,146635000.0,140207000.0,0.5130381670888194,-0.032764274724211416,0.03814350339760707,-0.11602466692452458,2011,2015,5,1.3424226808222062
1594337,61,32202000.0,29358000.0,0.320094260002392,-0.5020387137810242,0.5204632663225366,-0.8017210891726209,2014,2017,4,1.785329835010767
912595,16,2019866000.0,1550166500.0,,0.2534882838105397,,0.1792986243182151,2010,2023,8,1.2041199826559246
1584137,3,19815.0,NaN,,NaN,NaN,NaN,2014,2017,4,0.47712125471966244
835662,22,4089799.0,3074479.0,0.5164634930961394,-2.183960150298844,,NaN,2012,2023,12,1.3424226808222062
1175442,3,25914000.0,1307924.0,0.13645594086506554,-1.020803789746018,0.07301072779192715,-1.2547783275283577,2011,2015,3,0.47712125471966244
1537054,4,699090000.0,269718000.0,,-0.12010412445624996,,-0.762719194046547,2013,2023,11,0.6020599913279623
6732,1,691286.0,0.0,0.26569906913766184,-inf,,-inf,2011,2015,5,0.0
1860173,1,1328.0,697.5,1.0,,,-185.01250337169574,2021,2022,2,0.0
1558583,19,4386222.0,2176293.0,NaN,NaN,NaN,NaN,2017,2022,6,1.2787536009528289
1560905,1,229807.0,179087.5,,NaN,NaN,NaN,2012,2021,10,0.0
788329,107,743355000.0,433727000.0,0.42340912127638514,0.08228663368040437,0.039396305573696465,0.05087784046213507,2011,2024,14,2.0293837776852093
1353406,5,929859.0,29450.0,NaN,NaN,NaN,NaN,2011,2020,9,0.6989700043360187
36966,114,1817267000.0,1276260500.0,,,,0.050312193264977635,2010,2023,14,2.0569048513364723
1190370,7,1108955.0,367955.0,0.36969429614982774,-1.3625739743650214,,-1.1898827876376552,2011,2023,13,0.8450980400142567
1726079,3,0.0,0.0,,,,NaN,2018,2023,6,0.47712125471966244
793733,6,3654923000.0,3204268000.0,0.025195779816861653,0.05349887660251118,,,2011,2023,13,0.7781512503836435
1515156,5,102987000.0,66412500.0,,-0.6175465676923861,0.08978210947758108,0.15602874763237737,2014,2023,10,0.6989700043360187
890465,141,99000.0,49500.0,NaN,NaN,inf,-inf,2011,2014,4,2.1492191126553797
1402305,60,153054000.0,153054000.0,0.9763547506108955,-0.11482875325048676,0.26064003554301096,-0.23489748716139403,2011,2011,1,1.7781512503836434
1138723,72,447605000.0,383414000.0,0.5398274316323344,-0.07305284948641727,0.2036990225114305,-0.05766048852591724,2012,2024,13,1.8573324964312683
821130,104,4169000000.0,909000000.0,-1.2806697635142545,0.22442771569892372,,0.2065593871635113,2010,2023,13,2.0170333392987803
935419,28,295604000.0,135449000.0,0.8756844434375366,0.19336665534887545,,0.08376007343770688,2011,2024,14,1.447158031342219
1563665,71,118000.0,11000.0,-inf,-inf,inf,-inf,2013,2023,11,1.851258348719075
916540,115,6788080000.0,3617087000.0,0.2774249501393449,0.11906909715192457,,0.06597488631260752,2010,2023,14,2.0606978403536114
1964789,12,82160000.0,82160000.0,0.6861854917234664,-0.24117575462512172,,-0.38708617332035056,2023,2023,1,1.0791812460476247
1553304,36,370793.0,370793.0,,-0.7974179663585882,,-0.9077220983136144,2012,2012,1,1.556302500767287
1539680,2,3256611.0,2199127.0,-inf,NaN,,NaN,2013,2023,11,0.30102999566398114
1476246,57,898190000.0,611795000.0,,0.0905448441021674,,0.0775088828712593,2011,2017,6,1.7558748556724912
1668397,18,1459996000.0,860969000.0,,0.16315568040490613,,0.08119994907391931,2016,2023,8,1.2552725051033058
906709,29,1193323000.0,55354000.0,0.4963470676942467,-2.3879542056728664,3.03002360175857,-1.802703844168443,2011,2023,13,1.462397997898956
1785056,10,681000.0,681000.0,-13.022026431718063,-79.80176211453744,29.309838472834066,-75.43759177679883,2023,2023,1,1.0
944696,3,21422473.0,18801913.5,,-0.024154369184899827,,-0.010509525822341095,2011,2018,8,0.47712125471966244
1659617,4,0.0,0.0,,-inf,inf,-inf,2016,2023,8,0.6020599913279623
1173313,6,969783.0,419421.0,NaN,NaN,NaN,NaN,2011,2023,13,0.7781512503836435
1369817,65,1266700000.0,1241450000.0,,,,,2011,2016,6,1.8129133566428552
1763950,10,,,,,,,2020,2023,4,1.0
84290,9,1034783000.0,1034783000.0,0.2948115691889024,0.04534090722402668,,0.03208112232226467,2012,2012,1,0.9542425094393249
1096752,17,4645700000.0,2362000000.0,0.4598828536306899,0.1018749870394824,0.025431804993452604,0.05613339036935683,2010,2024,15,1.2304489213782739
1145404,24,116084000.0,108753000.0,0.6486079814885197,0.11225229957341974,0.040530152989079554,0.07687101370205829,2011,2012,2,1.380211241711606
350644,6,13538319.0,8941060.0,0.37043803118270896,-0.13906542458455257,0.08127587826308999,-0.20737593005870888,2011,2015,5,0.7781512503836435
850483,96,593319000.0,593319000.0,0.1051104043524647,-0.012296926274061678,,-0.0015674535957891117,2011,2011,1,1.9822712330395682
1678746,3,11472571.0,18200.0,0.807332496630678,-0.6581919491968747,0.0009122192401337067,-0.7325376820340204,2017,2021,5,0.47712125471966244
1720580,1,,,,,,,2018,2023,6,0.0
1110805,2,5437006000.0,2169806500.0,-0.1438119948125838,0.20441690732982873,,0.06550478949607126,2010,2023,14,0.30102999566398114
919175,2,4637644.0,3979049.0,1.1495002445105607,-7.5430025843592,,-19.329125221697897,2012,2022,11,0.30102999566398114
6845,32,1440696000.0,1326173000.0,0.20778068769522207,0.03135982977811013,,0.039276391942658764,2011,2023,13,1.5051499783199058
1003950,38,29491000.0,27205500.0,0.5492279686165918,-0.28949942450543853,0.27511331775567405,-0.04305255097822645,2011,2012,2,1.57978359661681
751652,83,3465100000.0,1194400000.0,,0.3044588357409063,,0.23801421969332276,2009,2015,7,1.919078092376074
913277,47,448106000.0,175877000.0,0.3361337943202139,-0.038241494075078944,,-0.059849317701510855,2011,2023,13,1.6720978579357173
716133,98,1796000000.0,271300000.0,0.22752372504379448,0.5636570889132074,,0.12997007797474763,2010,2023,14,1.9912260756924949
1299967,4,96000.0,12780.0,46.410635106937924,-311.63144035276474,13.184624413145539,-736.3922988393323,2011,2013,3,0.6020599913279623
1087835,2,13796000000.0,13796000000.0,0.45013047260075384,0.04544795592925486,,0.038851841113366196,2009,2009,1,0.30102999566398114
1162461,66,252399000.0,118056000.0,0.6340055661287661,-0.12483590154137916,0.12589910601893217,-0.17485765174331458,2011,2023,13,1.8195439355418683
1522540,24,748206000.0,517175000.0,0.4981531796393868,-0.23775111445866634,,-0.16441677768849758,2021,2023,3,1.380211241711606
773660,41,665197000.0,616737000.0,,,,0.08938355498230163,2011,2012,2,1.6127838567197355
1661460,12,130492000.0,31238000.0,,-2.3017612362141637,3.1267572542949935,-3.033660432702378,2020,2023,4,1.0791812460476247
1531978,91,181383000.0,147464000.0,0.918280820473408,-0.19308083255844088,0.09839049133645483,-0.13219109103460377,2021,2023,3,1.9590413923210932
310826,86,6297422000.0,3487042000.0,,,,0.07494647068507691,2011,2021,9,1.9344984512435675
1052054,20,28812000.0,25998500.0,0.6786935142119345,0.10062119334846757,0.1338989867224046,-0.01806573858592393,2011,2021,11,1.301029995663981
1880249,2,,,,,,,2022,2023,2,0.30102999566398114
946822,4,42504000.0,21951000.0,0.6636442610489738,-0.25522810548120217,,-0.4651409476560402,2011,2018,8,0.6020599913279623
785956,356,1558829000.0,1022038000.0,0.2899706427977439,0.08301263766407371,,0.06846117510201406,2012,2024,13,2.551449997972875
5133,101,2010969000.0,1781941500.0,0.5738780272810285,0.08739670493725615,,0.04443122629055246,2010,2015,6,2.0043213737826426
1084182,4,3246272.0,3246272.0,0.7353476737159662,-0.2719608520662476,0.3387796119590927,-0.27618342195260853,2011,2013,3,0.6020599913279623
1365101,15,286074000.0,98765500.0,0.23481778668168582,-0.05289541630520682,,-0.27901855676214105,2011,2018,8,1.1760912590556811
1001601,6,3134000.0,540000.0,0.4164938798483027,-14.72800836645851,NaN,-18.899683449620223,2011,2023,13,0.7781512503836435
1952853,2,115037544.0,115037544.0,0.31216843433305563,0.04003047040016779,,0.036176128725418547,2023,2023,1,0.30102999566398114
1504167,5,886532.0,64000.0,-2.403432167748137,-inf,74.96951800271782,-inf,2011,2022,13,0.6989700043360187
1381455,17,688676000.0,688676000.0,0.37398283082320277,0.17436210932281654,,,2011,2011,1,1.2304489213782739
1462506,1,56399.0,22504.0,0.39901416691785313,-67.83142419260378,,-38.25482554649791,2011,2013,3,0.0
278165,46,81193000.0,55209000.0,180.4391604846371,-0.0988519309643594,0.025761070211386645,-51.80853150014877,2011,2023,13,1.6627578316815739
1784797,2,120544000.0,108877000.0,,,,0.2069781459158757,2020,2022,3,0.30102999566398114
1159427,3,,,,,,,2011,2011,1,0.47712125471966244
1338749,83,1337435000.0,603024500.0,0.26048988172534937,0.17041427949293442,,0.13965209956780847,2010,2023,14,1.919078092376074
1811530,4,6950236.0,398386.0,0.2222775953432862,,,-9.97707775855737,2021,2023,5,0.6020599913279623
1729750,7,2737767.0,2403408.0,,-8.742510494929913,,-17.4779288518456,2020,2022,3,0.8450980400142567
1053650,79,390831000.0,248018000.0,0.27633954945910594,0.12513794988826024,0.008977597054315027,0.07913355190926791,2011,2016,6,1.8976270912904412
1967680,67,5021000000.0,5021000000.0,0.5496912965544712,0.22704640509858595,0.04859589723162717,0.16829316869149571,2023,2023,1,1.8260748027008262
1477961,44,254146.0,254146.0,0.0,,2.657728234951563,-16.98030266067536,2011,2011,1,1.6434526764861872
1374128,6,75184000.0,53864500.0,0.9007925003476287,-0.25603254363276073,0.09481298092797405,-0.29751719229690676,2015,2016,2,0.7781512503836435
1401680,136,740916000.0,381387500.0,0.7137349341741439,-0.15970651403281394,0.1181564070676536,-0.3255721526230935,2011,2020,10,2.1335389083702174
1522236,3,565630.0,425763.0,0.35704254482106174,-3.325988178470917,0.08658827754566711,-2.869900462508327,2012,2014,3,0.47712125471966244
1458704,6,NaN,NaN,NaN,NaN,NaN,NaN,2010,2018,3,0.7781512503836435
1766478,2,,,,,,,2021,2023,3,0.30102999566398114
1192448,71,282862000.0,181278000.0,0.8464324967549589,-0.1887523888212253,0.3579682104231245,-0.08732557385943014,2015,2023,9,1.851258348719075
1424328,35,1814015.0,10186.0,NaN,-42.44641267725444,6.27256910138185,-71.25864960340382,2011,2015,5,1.5440680443502754
1130866,2,273815000.0,254325500.0,0.6635168031427537,0.45267623554046177,0.15697430475595117,,2010,2013,4,0.30102999566398114
1614818,11,589319903.0,589319903.0,,-0.003528815146770972,,-0.020380952584253716,2015,2016,2,1.041392685158225
1267023,3,117520000.0,117520000.0,,0.15171885636487406,,,2011,2011,1,0.47712125471966244
757011,13,3724000000.0,3024000000.0,0.1450527986350051,0.009005887003457076,,0.003310622406948837,2010,2018,9,1.1139433523068367
1692376,4,,,,,,,2020,2023,4,0.6020599913279623
1056386,14,317373000.0,280718000.0,,-0.05219444798562773,,-0.18137110968733594,2010,2019,10,1.1461280356782377
17843,6,2759700000.0,2157700000.0,0.16080689101741238,0.04999005649190765,,0.013318613405140196,2011,2024,14,0.7781512503836435
1124941,152,8429700000.0,4376670000.0,0.23940819241608638,0.046120476613217984,,0.019453710816897944,2011,2023,13,2.181843587944772
1372184,3,2008493.0,648678.0,1.2776495641155947,-2.9611599688334684,,-3.7900750562117516,2011,2020,7,0.47712125471966244
1342423,36,185923000.0,116549000.0,0.22418481684054944,0.03983527457091686,,0.01922377924167759,2011,2024,14,1.556302500767287
107263,20,11890000000.0,7930000000.0,0.39607261948869954,0.30041909154688357,,0.1587151540573307,2009,2023,15,1.301029995663981
1672619,4,,,,,,,2020,2023,4,0.6020599913279623
1281198,9,11928932.0,1046487.0,NaN,-2.0180765697811185,,7.670323313289885,2012,2014,3,0.9542425094393249
64670,1192,16590000000.0,15392000000.0,0.7576840639431502,,,0.19996293552127026,2010,2014,5,3.0762762554042173
1095600,22,305601000.0,305601000.0,1.2123782317466238,0.12761411121036909,0.2779113942689978,0.15387384203585722,2011,2011,1,1.3424226808222062
1202273,127,387266900.0,387266900.0,0.34886994731540444,0.0049157648123296874,,-0.00023808644632422756,2011,2011,1,2.103803720955957
1736946,45,490414000.0,370007000.0,0.3042938918208845,-0.20232445974554839,0.15914667319684042,-0.15617586147662602,2018,2023,6,1.6532125137753435
1421461,19,,,,,,,2010,2023,14,1.2787536009528289
1329957,1,NaN,NaN,,NaN,,,2012,2014,3,0.0
1610462,5,702602.0,603496.0,0.28916745701578456,-0.6232120809797815,0.040981928221369916,-2.732347491790811,2013,2017,5,0.6989700043360187
59558,153,19230000000.0,13330000000.0,,,,0.05120877276274448,2009,2023,15,2.1846914308175984
768408,60,35968000.0,31840000.0,0.3768330916853634,-0.010057683133806207,0.016949605377111175,-0.021462941485824824,2011,2023,13,1.7781512503836434
97134,134,1243600000.0,811799000.0,0.4102611169368264,0.07572178610634804,0.034191619286999556,0.04768619620882715,2011,2023,13,2.1271047983648073
1121788,66,5228252000.0,2946440000.0,0.5429291805142855,0.221162935862765,0.13989861036972281,0.20313572816881542,2009,2023,15,1.8195439355418683
750577,18,,,,,,,2010,2015,6,1.2552725051033058
8947,30,1323649000.0,810430000.0,0.29859583224875125,0.11276571498194303,,0.07828333177410095,2011,2023,13,1.4771212547196624
1509261,15,,,,,,,2012,2024,13,1.1760912590556811
1481218,1,2493873.0,1302147.5,,-inf,,-inf,2011,2014,4,0.0
814184,5,,,,,,,2010,2018,9,0.6989700043360187
1042783,15,217665000.0,196644000.0,0.2650868301785372,-0.03140330036816377,0.16451013475969783,-0.05828830451010879,2011,2014,4,1.1760912590556811
1267565,21,463933000.0,303358500.0,0.4728559926415229,-13.75610528291288,2.2038515226788773,-8.84410927058709,2015,2023,9,1.322219294733919
1746119,1,120938.0,55826.5,0.6143864042842613,,,-9.110713989123868,2019,2024,6,0.0
1576018,7,2180700000.0,689015000.0,,,,0.14370885987597926,2013,2023,11,0.8450980400142567
1467076,1,183799000.0,180239000.0,,,,0.4659935642567155,2011,2015,5,0.0
1668010,7,10333558.0,7584859.0,0.31752319056185413,-2.4971481936661513,,-4.321119556964709,2021,2023,3,0.8450980400142567
825322,2,30276422.0,30276422.0,NaN,NaN,10.887472238097228,NaN,2012,2021,10,0.30102999566398114
1106851,61,1453929000.0,1393352000.0,0.24918800535175692,0.05516060995976288,,,2012,2015,4,1.785329835010767
1420520,2,533000.0,382000.0,NaN,-inf,inf,-inf,2016,2023,8,0.30102999566398114
225628,4,14892495.0,12538059.0,0.5335343228474129,-0.08827949986282593,0.04430112782429395,-0.09392833231305807,2011,2021,11,0.6020599913279623
34903,17,1074378000.0,801591000.0,,0.41047251072620555,,0.2592096678743464,2010,2023,14,1.2304489213782739
87565,28,2496005000.0,2262813500.0,0.07153975530503746,0.00858867943902735,,-0.007513864031964759,2012,2017,6,1.447158031342219
1453687,6,85077000.0,12340000.0,,-5.273167357803722,4.733538743032858,-4.820361199328166,2016,2023,8,0.7781512503836435
1611647,11,595344000.0,152359487.0,0.5195635728941398,-0.0571919498764595,,-0.14226335631773243,2014,2023,10,1.041392685158225
1633932,4,,,,,,,2020,2024,5,0.6020599913279623
1582961,36,692884000.0,428561000.0,0.556914759683815,-0.03346315745563367,0.2352910605794313,-0.05765521418556769,2021,2023,3,1.556302500767287
1357878,5,2608.0,NaN,NaN,NaN,,NaN,2011,2023,10,0.6989700043360187
1107280,2,87178.0,66000.0,NaN,NaN,NaN,NaN,2011,2023,13,0.30102999566398114
3570,17,33307000000.0,291513000.0,-3.0142171968699354,-0.14475250908367665,0.10882020399568919,-0.6766504680311183,2011,2023,13,1.2304489213782739
1375557,8,56116000.0,39171000.0,0.8213855449061874,-0.24146454722358046,0.54853530014047,-0.4714314280133287,2011,2016,6,0.9030899869919434
1858848,2,,,,,,,2021,2023,3,0.30102999566398114
1005010,173,350671000.0,350671000.0,0.7258091771863301,0.04631298662365041,0.0895820976474077,0.07088337797953893,2011,2013,3,2.2380461031287955
1161154,4,54087000000.0,26190000000.0,0.3981512012697206,0.055731468636479736,,0.0415831339267444,2010,2020,8,0.6020599913279623
1714798,1,,,,,,,2019,2019,1,0.0
1743907,3,894444000.0,701384000.0,,0.16080690534633396,,0.09079371726367243,2021,2023,3,0.47712125471966244
1334036,62,3962347000.0,1192680000.0,0.501420717074481,0.10504759873984112,,0.0985957375952439,2011,2023,13,1.7923916894982537
1884164,4,606835.0,288229.0,0.9071387935772964,-13.535378429372175,2.182839115334339,-14.403549357841081,2021,2023,3,0.6020599913279623
1412270,65,174090000.0,138681000.0,0.710761029937369,-0.15068227117812344,0.17894863120491045,-0.28493145490771854,2014,2018,5,1.8129133566428552
1739566,41,1180713000.0,1180713000.0,0.3440210981480194,0.02301369150998285,,-0.0012550097443742153,2019,2023,5,1.6127838567197355
1492633,21,6498000000.0,5703000000.0,0.5857855954153813,0.13088697889614284,,0.050099914242174866,2011,2021,11,1.322219294733919
1011432,11,71106459.0,42974978.0,0.2657563373174572,-0.0725550681738864,,-0.9786062964985335,2011,2021,11,1.041392685158225
890846,3,24577126.0,20561714.0,0.914914884486608,-0.18829481052486371,0.1184958531223912,-0.2571594387040706,2011,2013,3,0.47712125471966244
1019849,29,27814800000.0,18675250000.0,0.15696489716059037,0.03153353351515295,,0.02273709353806247,2010,2023,14,1.462397997898956
1572317,29,,,,,,,2013,2016,3,1.462397997898956
1602367,25,210694000.0,156788500.0,,-0.011408302867649055,,,2014,2015,2,1.3979400086720375
1979330,3,,,,,,,2023,2023,1,0.47712125471966244
1085254,36,14551695.0,14551695.0,NaN,-0.03978821711147739,,-0.04003673457740995,2011,2014,4,1.556302500767287
889423,12,52535633.0,52535633.0,0.060939610264142054,-0.13443178651716256,0.2980135406382179,,2011,2011,1,1.0791812460476247
1110647,18,586028000.0,407914000.0,0.22823999741782272,-0.0546865029166601,0.15840985001207078,-0.04281109449827482,2012,2018,7,1.2552725051033058
1613103,93,31686000000.0,29953000000.0,0.6955338472794967,0.17987752278647579,,0.14135840750152834,2015,2024,10,1.968482948553935
860546,87,767071000.0,502898500.0,0.14066144787496188,0.19794978123444157,,0.3445098038527817,2010,2023,14,1.9395192526186182
1455926,29,780211.0,0.0,,-inf,inf,-inf,2011,2018,8,1.462397997898956
1633917,378,27518000000.0,17772000000.0,,0.15883788008037147,0.0968265775953339,0.1473104071032458,2015,2023,9,2.577491799837225
40533,16,42272000000.0,21440000000.0,0.18176426624836337,0.1604749066275833,,0.10099567568648063,2009,2023,15,1.2041199826559246
1816017,10,105703000.0,80268000.0,0.431722659965505,-0.9437021947576438,0.5116837717413126,-0.689925698906181,2021,2023,3,1.0
1168195,25,98166000.0,80375500.0,1.5545115621342265,0.11386872454199815,,,2011,2012,2,1.3979400086720375
1834342,135,,,,,,,2021,2022,2,2.130333768495006
1576914,11,145650000.0,135943500.0,0.6293219942964037,0.14457011096021496,,0.0699475322054723,2019,2022,4,1.041392685158225
316206,182,6321000000.0,5071000000.0,,0.12172400437655227,,0.08921249014851317,2009,2015,7,2.2600713879850747
1065059,27,2035400000.0,302550000.0,0.17335683238322142,-0.1845917212710669,0.13967315040550554,-0.03800562029508006,2010,2023,14,1.4313637641589871
1111335,137,7509000000.0,3146000000.0,0.11180156468296726,,,0.10558755160556593,2013,2023,11,2.1367205671564067
23217,458,17702600000.0,12050900000.0,0.2876349132505404,,,0.0554625968723987,2010,2024,15,2.660865478003869
1830043,705,903503000.0,760910000.0,0.7277529878436922,0.052216319166885794,,-0.13259334847246707,2021,2023,3,2.8481891169913984
914712,17,1001980000.0,613766000.0,0.14199495094724307,-0.013397026509175783,,0.0054641008019913955,2012,2024,13,1.2304489213782739
1113809,56,467937000.0,380941000.0,0.4387406289955547,,,0.016854460784534418,2011,2023,13,1.7481880270062005
1044590,19,676991000.0,545258000.0,0.3500688177332207,0.025987487904589077,0.13389966742752102,-0.16517309917629502,2010,2012,3,1.2787536009528289
869487,56,123767000.0,118888500.0,0.25621052450282844,-0.017390086041145614,,,2012,2013,2,1.7481880270062005
1297996,160,4427882000.0,2142213000.0,,0.20831702641156727,,0.1504976695391687,2011,2023,13,2.2041199826559246
1396440,2,,,,,,,2022,2023,2,0.30102999566398114
1341878,7,1070870.0,980909.0,-0.30267545509463356,-0.10016324781976804,0.37976433933301146,0.27434860208844014,2011,2015,5,0.8450980400142567
1084048,428,1489593000.0,874255000.0,0.8754797833600928,0.26516065527237276,0.04688543644036248,0.20981776915939868,2010,2023,13,2.631443769013172
14693,211,4228000000.0,3820500000.0,0.5811627151689588,0.2707537622450674,,0.19168218541773777,2011,2024,14,2.3242824552976926
1620546,91,5952000000.0,5952000000.0,0.6320564516129032,,0.13776881720430106,0.2163978494623656,2015,2015,1,1.9590413923210932
1393781,2,65603673.0,NaN,NaN,NaN,NaN,NaN,2020,2023,4,0.30102999566398114
1709442,5,,,,,,,2021,2023,3,0.6989700043360187
803016,2,,,,,,,2012,2017,5,0.30102999566398114
932111,27,259025000.0,248853000.0,0.5490806861769858,0.13606221585124795,0.21856730673661415,0.10284390071595143,2011,2014,4,1.4313637641589871
801337,184,,,,,,,2010,2023,14,2.2648178230095364
1259550,53,,,,,,,2011,2014,4,1.724275869600789
8411,12,1395851000.0,1173953000.0,,0.40898753985485986,,0.29721393274941277,2010,2016,7,1.0791812460476247
81018,13,4383149000.0,4221715000.0,,0.19644765407030512,,0.10360530382003118,2011,2023,13,1.1139433523068367
1520697,12,3012442000.0,2710656500.0,,,,-0.02514140406235894,2011,2023,13,1.0791812460476247
1093248,2,2124657.0,1542436.0,NaN,inf,,-inf,2012,2017,6,0.30102999566398114
937098,3,4922000000.0,3389000000.0,,0.06514618763653561,0.01266405428068315,0.04273022572153124,2014,2023,10,0.47712125471966244
1094007,9,,,,,,,2011,2013,3,0.9542425094393249
813621,290,687485000.0,686700000.0,0.34324178006568024,0.10475986818134209,,0.07754409792688848,2011,2013,3,2.4623979978989556
1175680,27,266000.0,266000.0,0.8007518796992481,-413.62969924812035,105.32894736842105,-727.9793233082706,2012,2024,13,1.4313637641589871
1567098,6,,,,,,,2014,2020,7,0.7781512503836435
1211211,1,47563.0,23855.5,NaN,-298.05670481650577,,-243.09554709240737,2014,2017,4,0.0
1692415,43,97885603.0,74552758.0,NaN,NaN,NaN,NaN,2017,2023,7,1.6334684555795864
1600125,2,,,,,,,2014,2020,7,0.30102999566398114
1374536,3,77223964.0,21076357.0,0.8689213380217098,-1.1053708403134843,,-0.9449328304684275,2011,2014,4,0.47712125471966244
1449224,30,0.0,0.0,NaN,,,-inf,2011,2011,1,1.4771212547196624
1351051,8,5619224000.0,2719228500.0,,,,-0.051022293039419304,2011,2020,10,0.9030899869919434
72911,147,501000000.0,501000000.0,-0.027944111776447105,-0.23353293413173654,0.21357285429141717,7.367265469061876,2011,2011,1,2.1673173347481756
1794515,49,1098000000.0,611700000.0,1.4026183993288592,0.14745801877260145,0.20679289504537904,0.074623630160507,2020,2023,4,1.6901960800285134
1142406,5,6750143.0,6750143.0,0.08514789982967769,-0.5743807945994626,,-0.5253158340497379,2011,2012,2,0.6989700043360187
1114714,53,196353000.0,196353000.0,0.8696887748086355,-0.0015278605368901927,,-0.036994596466567865,2011,2011,1,1.724275869600789
749660,45,33638000.0,19787000.0,1.0599814998818753,-0.6702848099702491,0.39499665555421426,-0.8282111625124187,2011,2023,13,1.6532125137753435
811808,16,15905000.0,15172500.0,,,,3.256658801697405,2011,2023,3,1.2041199826559246
1530766,40,441000.0,286000.0,0.30303030303030304,-115.45264259549974,17.547835762121476,-95.17133659990803,2014,2023,10,1.6020599913279623
1059262,123,1663700000.0,1514692000.0,0.11978260395951675,0.029874824013030484,,0.022439347367268825,2011,2023,13,2.0899051114393976
1527613,44,3348831.0,1388972.0,0.033752111690255854,-4.976718306027322,,-7.910093193972873,2012,2023,12,1.6434526764861872
892537,146,2604038000.0,2134314500.0,0.04479880258910548,0.06523665382143685,,0.04649401524904531,2010,2021,12,2.1643528557844367
896747,12,9343000.0,5615500.0,0.41988596108630305,-0.18639516120723287,0.03472480952145821,-0.15540710947886716,2011,2022,12,1.0791812460476247
1474266,6,2835734.0,NaN,,NaN,,NaN,2011,2014,4,0.7781512503836435
1906324,10,3266000000.0,3266000000.0,,0.3010257195345989,0.058328230251071644,0.19180955296999386,2022,2023,2,1.0
1891101,2,233101000.0,163909000.0,0.4654596420303004,-0.13214059789017862,,NaN,2021,2023,3,0.30102999566398114
941436,8,5980324.0,5980324.0,0.5404426248477507,-0.24391220275021888,,1.8270767603895708,2014,2014,1,0.9030899869919434
1211583,9,21252000.0,0.0,0.9407585168454734,NaN,inf,NaN,2011,2023,13,0.9542425094393249
1689375,19,129013000.0,129013000.0,,-0.7537845023369738,0.5162968072984893,-0.7333834574810291,2021,2023,3,1.2787536009528289
1489096,27,440590000.0,308578000.0,0.43123547850724847,0.13301958970239405,,0.10260582018877362,2011,2023,13,1.4313637641589871
1123494,10,120774000.0,108179000.0,0.5031418036718436,0.024415280448576437,0.06582524396174962,-0.025374002850963147,2011,2023,13,1.0
1327364,1,93451373.0,93451373.0,0.5684653878761097,0.007830821276430042,,1.0002074447852147,2012,2012,1,0.0
911148,4,0.0,0.0,,-inf,,-inf,2011,2017,7,0.6020599913279623
1477815,60,339874000.0,280244500.0,,-0.6358962283316035,,-0.5454097599204268,2022,2023,2,1.7781512503836434
1398137,29,8975840.0,2315144.0,NaN,-inf,0.04049058319282168,-inf,2011,2020,10,1.462397997898956
315131,1,84411224.0,46335049.0,,,,-0.03844008118954504,2011,2023,13,0.0
1616262,75,40456895.0,35430324.0,0.38326778639614567,0.03365443479520328,,0.050835791099082005,2014,2023,10,1.8750612633916997
892025,21,329135000.0,329135000.0,0.6585534810943837,0.17070199158400048,0.07967247482036247,,2010,2010,1,1.322219294733919
73048,1,17826832.0,17826832.0,,-0.21563718405652388,,-0.2673037507611322,2011,2013,3,0.0
865941,20,759311000.0,686479500.0,0.9940058626358067,0.04964594300478169,,0.02951477523401164,2012,2015,4,1.301029995663981
1497230,27,0.0,0.0,,-inf,,-inf,2023,2023,1,1.4313637641589871
1499326,4,,,,,,,2011,2011,1,0.6020599913279623
1584509,5,16227341000.0,14415829000.0,0.03610785963156771,0.04076149867565989,,0.009263490822134918,2014,2024,11,0.6989700043360187
31235,419,5507000000.0,1320000000.0,0.2055661510489467,-0.04639198896608185,0.048615988257472265,-0.015769772028497383,2010,2023,11,2.622214022966295
936446,8,43154422.0,24467074.0,0.2138216099163176,0.034790170296834996,,-0.030960054940654978,2011,2019,8,0.9030899869919434
1506251,6,0.0,NaN,,NaN,NaN,NaN,2011,2024,14,0.7781512503836435
20740,14,1512854000.0,1126601000.0,0.322831623626508,0.14083889905466013,,0.09389040138097823,2010,2016,7,1.1461280356782377
1080014,16,391866000.0,217217000.0,,-1.9242588543898185,2.8719034073768204,,2011,2023,13,1.2041199826559246
1093897,5,,,,,,,2011,2011,1,0.6989700043360187
1862150,2,,,,,,,2021,2023,3,0.30102999566398114
1859807,3,,,,,,,2022,2023,2,0.47712125471966244
1262200,38,,,,,,,2011,2011,1,1.57978359661681
1469559,17,83321.0,83321.0,0.8097718462332425,,,-16.608610074290993,2011,2011,1,1.2304489213782739
1644963,7,,,,,,,2017,2023,7,0.8450980400142567
1121142,35,1770000000.0,1666000000.0,,-0.15600314801526563,,-0.05883714885681459,2018,2022,5,1.5440680443502754
1469038,4,17231.0,7538.0,0.951254758576345,-inf,,-inf,2011,2022,12,0.6020599913279623
1586727,5,17199511.0,17199511.0,NaN,-0.6743329505123721,NaN,NaN,2014,2016,3,0.6989700043360187
40545,1588,113543000000.0,74196000000.0,0.2019109668720964,,0.03656579996848576,0.09461365204113843,2009,2023,15,3.200850498091077
1722438,4,79585000.0,61275000.0,,-19.781736196747087,,-14.526663121310294,2020,2023,5,0.6020599913279623
33992,1,161231241.0,77436664.0,,,,0.035450874256091995,2011,2023,13,0.0
12978,47,7150007000.0,7135587000.0,0.254657086485219,0.007770220328353365,,0.034142146328827394,2011,2012,2,1.6720978579357173
1096788,2,518582000.0,518582000.0,,0.09076288802927984,,0.0017355018107068892,2011,2011,1,0.30102999566398114
1091667,451,54022000000.0,19378500000.0,,0.1506072898019533,,0.1008262257741166,2012,2023,12,2.6541765418779604
311094,1,,,,,,,2010,2023,14,0.0
1628945,31,483476000.0,70936000.0,,-1.4905658096355,0.8527662069685333,0.16641620136840843,2021,2023,3,1.4913616938342726
1030192,1,13656733.0,1453176.0,0.6595322393009759,-3.861622604443628,,-3.652073040616621,2011,2023,12,0.0
1407450,32,80353000.0,80353000.0,0.612372904558635,-0.009010242305825545,0.13371000460468185,-0.026072455291028338,2011,2011,1,1.5051499783199058
277638,5,1511081000.0,845678000.0,,0.061186702598305005,,0.029484404634857575,2011,2023,13,0.6989700043360187
887568,195,385185000.0,385185000.0,0.5123382270856861,0.030151745265262146,0.10248062619260874,0.08122850059062528,2011,2011,1,2.290034611362518
915358,4,414435845.0,277718672.0,0.09917189547719027,0.019782130450464206,,-0.002397543030169683,2012,2024,13,0.6020599913279623
878526,195,530891000.0,375865000.0,0.6008815669737477,0.04211016632392593,0.10334657889494797,0.035867838873360786,2011,2021,11,2.290034611362518
903419,11,,,,,,,2019,2023,5,1.041392685158225
1073967,48,224014000.0,221777500.0,0.7824734656604221,-0.00639618497375054,0.12168655287124504,-0.05017054488353136,2011,2012,2,1.6812412373755872
1023362,12,567486000.0,567486000.0,0.29930430001797403,0.04726812643836147,0.10948992574266149,-0.009991435912075365,2011,2011,1,1.0791812460476247
1277250,23,477018000.0,280872013.0,0.01898432699686085,-0.2762036973238635,,-0.23625036294948037,2021,2022,2,1.3617278360175928
1386570,108,72050000.0,22014140.0,0.477117012379109,-0.6602118382584071,0.07217909140702447,-0.5190655051414331,2011,2023,13,2.0334237554869494
1751008,30,2817058000.0,2817058000.0,0.7107400720930173,0.04487030495298045,0.14491676403594334,-0.010470391283073616,2021,2023,3,1.4771212547196624
1617798,3,,,,,,,2015,2016,2,0.47712125471966244
1304421,42,1399074000.0,743177000.0,,0.10821219496440024,,0.04608009755183641,2011,2023,13,1.6232492903979003
1575345,9,NaN,NaN,,,,NaN,2014,2020,7,0.9542425094393249
1701040,22,467772000.0,400865000.0,0.9174090343201496,-0.062346491713035704,0.04564411198752037,-0.31573697755033425,2017,2018,2,1.3424226808222062
1441236,17,2082800000.0,1772600000.0,0.09507346544297249,0.03730834261127681,,0.02503895094222323,2011,2023,13,1.2304489213782739
1614806,1,,,,,,,2015,2023,9,0.0
799729,50,2426300000.0,1618234000.0,,0.07233998326081353,,0.039898733527273085,2011,2017,6,1.6989700043360185
1795938,8,2030000.0,1275500.0,0.20212361600937948,-0.6509114718757978,,-0.7662523755944896,2020,2023,4,0.9030899869919434
1626450,39,309394000.0,186111500.0,0.6288976183398916,-0.3095342910100552,0.34536029635399806,-0.25154782673806947,2020,2023,4,1.591064607026499
910267,27,15065000.0,3646000.0,NaN,-13.662028841887038,15.306870999710233,-20.230184364243318,2011,2023,13,1.4313637641589871
77776,49,2438000000.0,1707000000.0,,,,0.06275635767022149,2010,2017,8,1.6901960800285134
1356857,3,41011000.0,34098000.0,,-1.2944343121748982,1.553819206407418,-1.2143717969734853,2011,2012,2,0.47712125471966244
1370880,26,940584000.0,216632000.0,2.3601170421451867,-2.2734751462071383,1.4733810166246488,-2.5310451511124885,2013,2021,9,1.414973347970818
1305323,39,523518000.0,417795000.0,0.5241881233542275,-0.07865945025928782,,-0.09233390061491294,2011,2021,11,1.591064607026499
1157075,4,66558.0,0.0,NaN,-inf,inf,NaN,2012,2024,13,0.6020599913279623
1390777,200,,,,,,,2009,2023,12,2.301029995663981
1517413,19,432725000.0,290874000.0,0.5492763242887749,-0.3998986382801575,0.27389974339416695,-0.311495594137775,2019,2023,5,1.2787536009528289
1900402,5,,,,,,,2022,2023,2,0.6989700043360187
1769759,4,364999.0,364999.0,,-47.30979810903592,14.752670555261796,-37.50954660149754,2023,2023,1,0.6020599913279623
55604,15,450745000.0,386546000.0,0.11697770551426218,0.1371914104607567,,-0.0012909620748572312,2011,2012,2,1.1760912590556811
1390804,2,785762000.0,759739500.0,0.5589308809245429,0.19679704401536724,,0.04988071801204013,2011,2012,2,0.30102999566398114
1435064,7,93704560.0,43130934.0,0.7238360594548262,-0.040260109986843415,NaN,-0.06353639482717914,2011,2024,14,0.8450980400142567
906465,5,546094000.0,297710500.0,,,,0.24578742983041416,2011,2023,11,0.6989700043360187
844856,5,29267003.0,15114006.0,0.4919031952688949,-0.5417105298734768,,-0.12000999216382262,2011,2023,13,0.6989700043360187
24545,2,13338000000.0,6597400000.0,0.32536776096737985,0.13497329821002133,,0.0808451227268745,2009,2023,15,0.30102999566398114
1807901,5,967000.0,967000.0,,-22.977249224405377,35.06204756980352,-22.623578076525337,2020,2020,1,0.6989700043360187
1018003,176,46487426000.0,37078000000.0,0.052840777214243524,0.012067615962198831,,0.006253549932428188,2010,2015,6,2.2455126678141495
1414628,30,54888233.0,17146928.0,0.3458181645554751,-0.6504463040325699,,-0.8549114105597528,2011,2016,6,1.4771212547196624
1123360,55,8975515000.0,3366366000.0,0.4559493241029073,0.1706943522115741,,0.09645562341607837,2011,2023,13,1.7403626894942439
1060736,77,1962412000.0,245909000.0,0.8832425321962918,-0.8452820542268973,1.7472258134675565,-0.5605958716519858,2011,2022,12,1.8864907251724818
90185,146,2785000000.0,2388000000.0,0.5049832634446383,0.24534566021109147,0.027455672221235825,0.17627578317589102,2009,2014,6,2.1643528557844367
919443,49,131321000.0,131321000.0,0.4502630957729533,0.042148628170665774,,0.022844784916350013,2011,2011,1,1.6901960800285134
1326807,10,,,,,,,2010,2013,4,1.0
914024,3,6984042000.0,6496238500.0,0.05709005039117657,0.009704494104753335,,0.022423445281842876,2011,2012,2,0.47712125471966244
1512673,310,17531587000.0,7105539000.0,7.155578135483451,-1.4732968324937235,2.4194775324581963,-1.5084159136920243,2016,2023,8,2.4913616938342726
1289850,16,17092336.0,8253493.0,0.5835775259395087,-1.0755048310724564,0.4553211581153856,-0.9563797409877293,2011,2023,13,1.2041199826559246
1119046,14,,,,,,,2011,2012,2,1.1461280356782377
1518720,1,2168000.0,36482.0,0.19572336619030684,-2.720691796282199,5.1978,-43.497607702817,2012,2020,10,0.0
1616000,4,1149087000.0,780732500.0,0.28063586321282774,-0.00723523147640535,,0.04135126313964723,2015,2023,9,0.6020599913279623
808015,2,0.0,NaN,NaN,NaN,NaN,-inf,2011,2013,3,0.30102999566398114
1505364,3,NaN,NaN,,NaN,,NaN,2013,2013,1,0.47712125471966244
1409775,57,791734000.0,737428000.0,,,,-0.369045500188204,2014,2020,7,1.7558748556724912
726854,12,69068000.0,64348500.0,,,,1.296890425105192,2011,2023,13,1.0791812460476247
885475,3,1755491.0,695553.5,0.45426123471241797,,,-37.47599735457761,2011,2014,4,0.47712125471966244
798949,8,1572944000.0,854231000.0,,,,-0.02920872729892497,2010,2022,13,0.9030899869919434
1565228,59,47824000.0,22882000.0,,-inf,inf,-inf,2013,2023,11,1.7708520116421442
104777,22,30102000.0,25936000.0,0.4964911161717784,-0.6056695215508501,,0.16524711216428453,2011,2014,5,1.3424226808222062
1311596,28,NaN,NaN,,NaN,NaN,NaN,2013,2015,3,1.447158031342219
1886799,8,NaN,NaN,,NaN,,NaN,2022,2023,2,0.9030899869919434
902791,10,1054326000.0,740841000.0,0.19088303749701194,0.011227264190313455,,0.024618723859553417,2011,2023,13,1.0
1138830,14,44667000.0,44667000.0,0.8294042581771778,-0.39673584525488614,0.32442295206752186,-0.8471578570309177,2011,2011,1,1.1461280356782377
1282398,2,,,,,,,2011,2011,1,0.30102999566398114
1166126,172,18486000000.0,12873000000.0,0.3658598439435522,-0.017922370901651427,,-0.024870581452434103,2009,2019,11,2.2355284469075487
1373988,2,103449000.0,93922916.5,0.19003722107732568,0.0023479247705541773,,-0.16574763987978386,2011,2014,4,0.30102999566398114
1831097,6,4316363000.0,1218333000.0,,-0.17042926987095353,,-0.16800516883601788,2021,2023,3,0.7781512503836435
1124804,2,1806342000.0,1386231000.0,2.0326359932566422,0.19187567170508027,0.5248018100124017,0.17250010239179878,2010,2021,12,0.30102999566398114
1583708,45,422179000.0,204799000.0,0.3770966235228032,-1.0023282199016683,0.3964798742387048,-0.9115051651257619,2021,2023,3,1.6532125137753435
1623077,4,100312.0,100312.0,,,,-0.8610535130393173,2015,2015,1,0.6020599913279623
1768446,2,,,,,,,2021,2023,3,0.30102999566398114
1497632,2,320648.0,320648.0,0.7649166687457898,-22.657384421546368,0.009713143384646091,-143.19937283251414,2011,2013,3,0.30102999566398114
1369290,7,19241158.0,7583371.0,0.6555298688151474,-1.9342610590205358,0.4922463664772943,-1.962964582219003,2017,2023,7,0.8450980400142567
1101215,89,7719400000.0,5302940000.0,0.41406878524557905,0.2444456076663701,,0.10645561024765797,2010,2023,14,1.9493900066449126
1497504,13,8208000.0,297947.0,0.003654970760233918,-inf,75.58591141612935,-inf,2014,2021,8,1.1139433523068367
946563,62,188382454.0,34520630.0,0.33496373584527467,-0.05424000936973554,0.01748123942605926,-0.04903241283031907,2011,2023,13,1.7923916894982537
69499,416,6856606000.0,6750246000.0,0.3964130131468655,0.14019390412440633,0.052136669715907503,0.04278028388665144,2010,2014,5,2.6190933306267423
1829635,1,,,,,,,2021,2023,3,0.0
1583077,8,606059000.0,598656000.0,0.016369163550719667,0.03517796530895873,,-0.1782169888625933,2015,2020,6,0.9030899869919434
1131089,2,320185.0,320185.0,0.38728297482213536,-1.7327904024938716,,-1.9141759098084334,2011,2016,6,0.30102999566398114
1318545,1,,,,,,,2011,2011,1,0.0
749038,49,47893000.0,34981000.0,0.9393571450081888,-0.31443142131177976,0.38324303987634495,1.3721457191639919,2012,2020,8,1.6901960800285134
1043533,3,409700000.0,409700000.0,0.6809860873810105,0.231632902123505,,0.16939223822309007,2011,2011,1,0.47712125471966244
1624512,28,221781000.0,43960678.5,0.3280771438471278,-0.10177917300155583,0.019960613577768873,-0.17216960473967277,2016,2023,8,1.447158031342219
849706,24,85347000.0,74611000.0,0.15768707815735958,0.03425466131681025,,-0.019307170382050085,2011,2016,6,1.380211241711606
1510333,4,0.0,NaN,,NaN,,NaN,2013,2016,4,0.6020599913279623
1091801,654,230813000.0,179151000.0,,-0.12188736757067065,,-0.12512295656335282,2011,2014,4,2.815577748324267
1579823,62,279471000.0,52160000.0,0.27145300319875754,-0.4642606637869246,,-0.639597712744394,2014,2020,7,1.7923916894982537
1039466,2,1608723.0,1194302.0,NaN,NaN,NaN,-inf,2011,2023,13,0.30102999566398114
70145,12,2173771000.0,1693332000.0,0.8592746662657571,0.3520573291542716,,0.1175294840486693,2010,2024,15,1.0791812460476247
1488813,5,46720000.0,46720000.0,,,,1.5345676369863013,2011,2023,13,0.6989700043360187
1598428,17,1674200000.0,1329900000.0,0.07020478330649148,-0.01763076193372237,,-0.024713946046627626,2014,2023,10,1.2304489213782739
1410567,3,98258777.0,58003291.0,0.6266095843870665,-0.11051496533261734,,-0.34670915777564554,2011,2014,4,0.47712125471966244
896985,35,545394000.0,540259000.0,0.5377932577016472,0.027412573643237122,,-0.009391428522349107,2012,2018,7,1.5440680443502754
350403,10,634098000.0,587133500.0,,0.00035325769833685015,,-0.016546570553199934,2011,2018,8,1.0
1024657,39,2685855000.0,2385792000.0,,0.18849436870180414,,0.062129434404409704,2011,2016,6,1.591064607026499
1510964,125,53696000.0,20048000.0,0.4829772262587602,-0.5401565242395286,0.09185495414606129,NaN,2011,2023,13,2.0969100130080562
1868941,45,2217978000.0,1198603000.0,-0.026396651700682828,,0.0229952515994522,-0.054700957379312985,2022,2024,3,1.6532125137753435
839443,5,3973315.0,3973315.0,0.5801931133071503,-1.2314495578628928,,-1.4804250355182007,2011,2011,1,0.6989700043360187
1017616,97,898436.0,109520.0,NaN,,inf,-inf,2012,2015,4,1.9867717342662448
1113148,39,22146000.0,1858000.0,,-14.994728310216198,10.912409711104987,-15.599769113065582,2011,2022,12,1.591064607026499
1316175,10,3185000.0,3185000.0,,NaN,NaN,NaN,2011,2017,7,1.0
1422768,1,2526346.0,1084206.0,0.9197639550885535,NaN,,NaN,2014,2021,8,0.0
1478726,5,,,,,,,2013,2015,3,0.6989700043360187
1688476,69,2137006000.0,1313011000.0,0.24803018208777522,-0.04998882778824216,,-0.05836420293011511,2017,2022,6,1.8388490907372552
277135,880,16478000000.0,10137204000.0,0.42867621309127024,0.12451615197507708,,0.07531611619753346,2009,2023,15,2.9444826721501682
1326706,12,752000.0,530000.0,0.7771276428211156,-9.096223507594644,1.48494616157502,-13.453685703098214,2015,2023,9,1.0791812460476247
1646383,9,4250000000.0,4176318000.0,0.18409773618717332,0.10752941176470589,,0.07188562911317332,2015,2016,2,0.9542425094393249
740761,24,3650563000.0,3078200500.0,0.2710834375911316,0.09964183212038476,0.013368150032206365,0.07041012209664235,2009,2010,2,1.380211241711606
822818,29,5409152000.0,1731244000.0,-0.34845420763999085,0.3022096657831504,,0.04706123996079344,2010,2023,14,1.462397997898956
1499832,15,515995000.0,412913000.0,,0.09417386217361459,,-0.02423098974366843,2014,2023,10,1.1760912590556811
1404943,8,0.0,NaN,,,NaN,NaN,2011,2017,7,0.9030899869919434
1419612,13,2976528000.0,607045000.0,0.3785643112361365,0.09702367493620051,0.10167067635093827,0.07374352843100604,2015,2023,9,1.1139433523068367
109758,41,395379000.0,395379000.0,0.41338310835932107,0.22315803317829222,0.1026028190672747,0.11249459379481459,2011,2012,2,1.6127838567197355
1644406,113,1142036000.0,907675000.0,0.30495255865671406,0.15752771879044503,,0.06626073625342588,2018,2022,5,2.0530784434834195
874733,28,55523000.0,55523000.0,0.927957783260991,0.08315472867100121,,0.11332240693046125,2012,2012,1,1.447158031342219
1874071,6,,,,,,,2021,2023,3,0.7781512503836435
91388,1,15031300000.0,13094300000.0,0.0824754340879493,0.03837187854378608,,0.023698501180328735,2011,2015,5,0.0
1543643,5,,,,,,,2012,2016,5,0.6989700043360187
1016169,26,149599000.0,27533042.0,0.9182348457107571,-0.7318777090138152,0.8016069087075142,-0.8592365974791595,2011,2021,11,1.414973347970818
1171500,4,1328275000.0,797524000.0,,,,0.18917041814032548,2010,2014,5,0.6020599913279623
1659352,11,2915000.0,2915000.0,,-25.677701543739282,23.814065180102915,-22.096397941680962,2020,2021,2,1.041392685158225
1574815,56,3682448000.0,1197037000.0,0.26992006354884635,0.014220264980683909,,0.02448750023605949,2013,2019,7,1.7481880270062005
1789769,38,138000.0,138000.0,,-1127.2463768115942,140.57246376811594,-273.463768115942,2021,2023,3,1.57978359661681
1495932,26,4281105000.0,500147681.0,0.3297678962357135,-0.056346526242304275,NaN,NaN,2011,2023,13,1.414973347970818
1821769,14,79456000.0,23736000.0,0.5810029998759757,-2.7839224867192827,1.3795610687993116,-3.867431523500777,2020,2023,4,1.1461280356782377
1475841,25,46924000.0,41341500.0,,,,2.0683074345944026,2012,2023,12,1.3979400086720375
1831868,7,,,,,,,2021,2023,3,0.8450980400142567
741815,4,166370000.0,50977000.0,0.2450133550001136,-0.21748334122784188,,-0.21164232871301034,2011,2017,7,0.6020599913279623
907242,16,395377000.0,279252000.0,0.13789151687045045,,,0.13754089267948041,2011,2023,13,1.2041199826559246
904080,4,951489000.0,832731500.0,,-0.2734309693021459,,-0.16396112217708605,2011,2016,6,0.6020599913279623
1781162,6,330000.0,299000.0,0.60566534914361,-238.52786730178033,136.64652883348535,-61.36473092125266,2020,2023,4,0.7781512503836435
1232582,1,1502759000.0,919657000.0,0.3538477839460282,0.03813978227866112,,-0.10183661630620248,2011,2023,13,0.0
866873,195,3626900000.0,3626900000.0,0.27687556866745705,0.08781604124734622,,0.06735779867104139,2010,2010,1,2.290034611362518
1506522,31,,,,,,,2011,2012,2,1.4913616938342726
899751,33,2163595000.0,1448666000.0,0.1459889768653699,0.016261786680645204,0.007110510045778271,-0.0036605299667854052,2011,2023,13,1.5185139398778873
1137005,6,172902.0,NaN,0.5988593235612143,NaN,,NaN,2012,2017,6,0.7781512503836435
1037016,11,870694000.0,253592000.0,,1.8849880270093886,,-1.7106429489569794,2009,2018,7,1.041392685158225
1297067,6,1454419000.0,995164000.0,,-0.041050585867091184,,-0.10670396763422622,2010,2012,3,0.7781512503836435
1115128,77,445887000.0,322115000.0,0.49867798986271317,-0.07404176123230068,0.14753688982913238,-0.10980332408389995,2014,2022,9,1.8864907251724818
1219601,20,12943000000.0,8929500000.0,0.15527785265428068,0.10095522268665617,,0.030036173631695216,2010,2023,14,1.301029995663981
1682149,45,6541000.0,1874500.0,0.11812886349299657,-6.314415287319956,2.79708215856396,-8.939135139850537,2018,2023,6,1.6532125137753435
802257,4,690534.0,3500.0,NaN,NaN,NaN,NaN,2012,2023,12,0.6020599913279623
1102266,1,,,,,,,2011,2019,9,0.0
717806,1,1154000.0,1154000.0,,,,7.352686308492201,2011,2023,7,0.0
911160,2,1051756000.0,971270000.0,0.3486176066875132,-0.1756620537081545,0.16995820145894408,0.021531327028015038,2010,2013,4,0.30102999566398114
1322505,92,12740000.0,12740000.0,1.0,-8367.553294902798,NaN,NaN,2011,2021,11,1.9637878273455551
1825452,1,5239986.0,3729900.5,0.2799182776098527,-1.3182966024553793,,-1.7309431420698487,2022,2023,2,0.0
1534708,30,17021484.0,4225087.0,0.40122780907795635,-0.9938851928804445,,-1.0288426558626724,2012,2023,12,1.4771212547196624
1494214,3,411035.0,411035.0,NaN,NaN,NaN,NaN,2011,2013,3,0.47712125471966244
354190,134,8550600000.0,5536450000.0,0.8896230320053315,,,0.09119019705505935,2010,2023,14,2.1271047983648073
1540755,17,348022000.0,240642000.0,0.7529075063919131,-0.47933984031589094,0.19588729754416484,-0.44842385179897626,2018,2021,4,1.2304489213782739
21535,6,887214000.0,352704000.0,0.3258130720147594,0.044848447332582315,0.14091814788166918,0.041124402205594594,2011,2023,13,0.7781512503836435
1037760,49,401292000.0,326380000.0,0.40763410013303786,-0.07218787213870011,0.2185864253116954,-0.07105736349813005,2010,2015,6,1.6901960800285134
878520,46,422227000.0,318114000.0,,,,-0.07237409883993477,2012,2014,3,1.6627578316815739
1725579,5,316910000.0,316910000.0,0.6397611696179456,-0.4738125671516226,,-0.2774414716289338,2018,2020,3,0.6989700043360187
1498382,112,0.0,0.0,,-inf,,-inf,2012,2024,12,2.049218022670181
1383825,10,6024150.0,6024150.0,-0.1887333269338695,-3.8526804614300274,0.5845674213234825,-14.566041974465021,2011,2014,4,1.0
921503,3,885450000.0,769873000.0,0.6877675321917653,0.03722276982032495,,0.01939809284328659,2011,2014,4,0.47712125471966244
1420800,264,4624476000.0,3327458000.0,0.44213544996022736,0.04424756651112513,0.034686730089290706,0.004799669961116588,2011,2023,13,2.421603926869831
849399,440,6906000000.0,3956000000.0,0.8561499630750133,0.1745676858446969,0.1595730379881143,0.1950747556987747,2009,2023,15,2.643452676486187
1540615,2,58815.0,29407.5,NaN,-inf,0.2975431437558446,-inf,2012,2020,4,0.30102999566398114
874977,2,1553700000.0,1322200000.0,,,,,2011,2020,10,0.30102999566398114
1113169,252,6488400000.0,5372600000.0,0.9390798830138014,0.3961626848356059,,0.40098554680191134,2009,2023,15,2.4014005407815437
1819438,16,894000.0,447000.0,1.0,-inf,inf,-inf,2021,2023,3,1.2041199826559246
768411,13,70117000.0,59263000.0,0.49577527034627306,0.006913640659868873,0.16842756190849362,-0.015484276679508246,2011,2021,11,1.1139433523068367
1720592,4,279227000.0,219258000.0,0.7650627548250529,-0.1959613216059425,,-0.29613412388577964,2018,2023,6,0.6020599913279623
1095981,40,8709000.0,5057500.0,0.6006894529570953,-3.829549478998126,2.5903182450281466,-4.188584567920148,2011,2023,13,1.6020599913279623
806279,2,,,,,,,2011,2023,13,0.30102999566398114
1390134,2,NaN,NaN,,NaN,,NaN,2011,2015,2,0.30102999566398114
1549145,7,134319.0,NaN,1.0,NaN,NaN,NaN,2013,2023,9,0.8450980400142567
1109879,1,52673000.0,52673000.0,0.20329200918876844,0.007518083268467716,0.0017086552882881172,0.004613369278377916,2011,2011,1,0.0
1842223,2,,,,,,,2021,2021,1,0.30102999566398114
25212,26,270950000.0,259375000.0,0.2311093524144722,0.05839071819086514,,,2011,2014,4,1.414973347970818
1354591,1,0.0,NaN,,NaN,NaN,NaN,2013,2017,5,0.0
1637761,6,191451000.0,143443000.0,0.592787274952067,-0.2790325314457637,0.09001553175681687,-0.23337967905374654,2015,2021,7,0.7781512503836435
719274,2,37826000.0,13309000.0,0.3818764200218917,-0.22960585069390962,0.1676898515154759,-0.1982976030183442,2011,2023,13,0.30102999566398114
1650962,1,1590100000.0,1501500000.0,0.3525450311314058,,,0.05642837203894235,2016,2021,6,0.0
1590565,4,2889222.0,NaN,NaN,NaN,,NaN,2014,2017,4,0.6020599913279623
1339005,9,1179689.0,1071970.0,0.703739822413589,-9.1115415698966,4.707334304372895,-8.980918211343809,2021,2023,3,0.9542425094393249
1485029,17,106535.0,70431.5,,NaN,,NaN,2011,2023,13,1.2304489213782739
896878,919,9633000000.0,1515000000.0,0.8949814106080473,0.5587180675761668,0.35526086819096275,0.3517686783850427,2010,2024,14,2.963315511386111
31107,60,279265146.0,157509185.0,0.22942465402996218,0.06673546024216992,0.02181694921005085,0.04254936105785649,2011,2023,13,1.7781512503836434
1828962,47,959030000.0,959030000.0,0.3805201420693857,0.11876887483758748,0.05707987814240988,0.12274205380012487,2021,2023,3,1.6720978579357173
1704711,180,1029293000.0,686073000.0,0.30476472360589685,0.07999584326505518,,0.0042743540341181625,2017,2023,7,2.255272505103306
868278,31,122647000.0,17453000.0,0.4263917073734855,-0.018834333493591333,0.040556653123740495,0.09417747940722426,2011,2023,13,1.4913616938342726
1394954,10,955705000.0,544245000.0,0.4969827594733986,0.582150481517049,0.08754727045018725,,2011,2013,3,1.0
15357,1,3446234.0,2957011.0,0.25911882846578765,-0.015775520930021377,,-0.013028512950529763,2012,2024,12,0.0
1296391,71,0.0,0.0,,,inf,-inf,2011,2013,3,1.851258348719075
1065696,20,13089000000.0,6966348500.0,0.40876156066488667,0.10116400755330628,,0.05790301574318145,2010,2023,14,1.301029995663981
1586495,93,1235433.0,182052.5,NaN,NaN,NaN,NaN,2014,2023,10,1.968482948553935
1491576,17,4038000.0,2019000.0,-inf,-inf,,,2012,2017,6,1.2304489213782739
1375200,7,,,,,,,2011,2012,2,0.8450980400142567
1872356,17,616511.0,421848.5,0.8361362307409261,-76.11906103369046,11.006417664503612,-23.864758355465003,2021,2022,2,1.2304489213782739
1314475,5,69409000.0,61694000.0,0.6485205790523032,-0.08264279744835135,0.053996176543198375,-0.1039567854519598,2011,2016,6,0.6989700043360187
1402436,148,5283000000.0,1481436000.0,0.4952141156274918,0.24641783177733953,0.09198255603424228,0.1503248668003182,2011,2023,13,2.170261715394957
1386049,2,5044687.0,4099925.0,0.6989229992288438,-inf,,-inf,2018,2022,5,0.30102999566398114
1445297,1,305824.0,305824.0,0.029376373338913884,-12.428020691639636,0.9508737051375955,-12.468583237417599,2011,2011,1,0.0
800286,165,606983000.0,562173500.0,0.06556369353688286,0.003154303954018884,,0.00393995854526163,2012,2013,2,2.217483944213906
69633,7,169997000.0,96552500.0,0.3874563080092759,0.09874807265955839,0.06438821298298451,0.07825703959113033,2012,2024,12,0.8450980400142567
1499686,2,184042000.0,100937500.5,,0.5769423317427484,,0.11154575204741742,2011,2014,4,0.30102999566398114
96869,126,51147000.0,45598000.0,,0.10289400228365413,,0.14442984008027238,2011,2023,13,2.1003705451175625
820600,70,NaN,NaN,NaN,NaN,,NaN,2011,2016,6,1.845098040014257
1517401,1,123249000.0,104858000.0,,0.12800787955081674,,-0.007862659066219002,2015,2019,5,0.0
6955,101,1605342000.0,1127547000.0,0.4063418556114168,0.06631363877457853,,-0.006797042682337654,2011,2024,14,2.0043213737826426
58492,1,5072600000.0,3930500000.0,0.20794067261084812,,,0.0458398732563109,2010,2023,14,0.0
865917,27,15766000.0,15766000.0,1.0097044272485094,0.06000253710516301,,0.30692629709501457,2011,2011,1,1.4313637641589871
1588972,21,99219000.0,69337000.0,0.3761543713140114,-0.19165314997113367,0.21705010693271817,-0.29351719892772876,2014,2023,10,1.322219294733919
1423542,128,247812000.0,232469000.0,0.46808093931616473,0.07080457031802463,,,2011,2015,5,2.107209969647868
1132143,4,,,,,,,2011,2013,3,0.6020599913279623
717538,7,,,,,,,2011,2023,13,0.8450980400142567
1409269,38,110406000.0,99497000.0,0.6403430473778419,-0.48766450953122314,0.19118682104760912,-0.8144396053389578,2017,2023,7,1.57978359661681
1382911,42,24459000.0,3913500.0,0.6363098758131284,-110.60572104442859,97.844217372296,-144.3139592969891,2011,2016,6,1.6232492903979003
1840502,35,1439685000.0,1314289000.0,0.2821629572766905,0.006408799032387122,0.0953261410905552,-0.014651009121153582,2022,2023,2,1.5440680443502754
203596,5,,,,,,,2011,2023,13,0.6989700043360187
1288403,3,984088000.0,534896000.0,,-0.07370120851388448,,-0.2551427550336837,2011,2023,13,0.47712125471966244
47217,592,91697000000.0,62910000000.0,0.22853008331643918,0.07467357960924023,0.03262120587955515,0.07381492518864015,2009,2024,16,2.7723217067229196
1341235,13,,,,,,,2014,2023,10,1.1139433523068367
1114220,14,10141000.0,5000000.0,NaN,-inf,inf,-inf,2011,2017,7,1.1461280356782377
1851003,104,458338000.0,458338000.0,0.5517887987772832,-0.3262077561617481,0.15216073372175046,-0.6321414356965133,2021,2023,3,2.0170333392987803
1270200,4,6759000.0,205000.0,0.596623224763188,-4.183843793177091,,-6.387729659402174,2011,2018,8,0.6020599913279623
1468666,78,561034000.0,518709000.0,0.4861510709535093,-0.12525036566601597,0.1744016219200585,-0.08685946451354104,2016,2023,8,1.8920946026904801
225211,3,9106000.0,787000.0,-1.5126072976749605,-19.01741670557383,0.2357778562215079,-29.381449194237724,2011,2021,11,0.47712125471966244
885978,16,604802000.0,414051000.0,0.22809804756558705,0.13672814184781323,,0.06811608610965814,2011,2023,13,1.2041199826559246
1628171,109,50041000.0,42710500.0,,-7.075237521992694,6.039505435870234,-2.8026162518286473,2020,2023,4,2.0374264979406234
1703157,4,46803.0,31713.0,NaN,-7.381883758972518,0.18402578366054292,-4.089224458864223,2018,2023,6,0.6020599913279623
1408075,2,9440000000.0,4403700000.0,0.15889901009776833,0.07857029839984916,,0.043907643956314524,2011,2023,13,0.30102999566398114
216324,40,100086000.0,100086000.0,0.20461403193253802,0.006704234358451732,,0.01712527226585137,2011,2011,1,1.6020599913279623
1366649,57,178772000.0,157088000.0,0.6335311580831339,-0.23863431018917072,0.25178030602274765,-0.321838790147102,2011,2013,3,1.7558748556724912
1054579,7,441462000.0,440038000.0,0.41959577065675374,-0.015448033368814831,,-0.015602660996448225,2011,2013,3,0.8450980400142567
822663,63,1086653000.0,563579000.0,0.6375299102931471,0.18789068482714655,,0.07072238730756074,2011,2023,13,1.7993405494535815
1428389,11,874887.0,874887.0,-0.5163706855856813,-1.6347699760083303,,1.3191372142916742,2011,2020,10,1.041392685158225
1426945,32,2511515000.0,2439701000.0,0.11618353494657388,0.011979884223632374,,0.00609077969074584,2011,2020,10,1.5051499783199058
1507957,1,4259909.0,319550.0,NaN,-inf,inf,-inf,2013,2023,11,0.0
1455819,24,1277657.0,777893.0,0.2844831291004632,-3.2615960152313375,NaN,-12.241410241149344,2011,2017,6,1.380211241711606
730272,82,801536000.0,104441000.0,0.5647604132747082,0.18593809413338713,0.16711217594691802,0.15197952465414372,2011,2023,13,1.9138138523837167
1015383,41,145054572.0,62482330.0,0.43640676351894836,NaN,,NaN,2011,2023,10,1.6127838567197355
1814287,3,44713552.0,44713552.0,0.868391824474155,0.7529094087626946,,0.7085609078876132,2021,2023,3,0.47712125471966244
58361,89,794649000.0,676257000.0,,0.0683970049028314,,0.004684778552054619,2011,2024,14,1.9493900066449126
1035748,61,253091000.0,94952000.0,0.5469813858007161,-0.14922201827382234,0.15031793726305326,,2011,2017,7,1.785329835010767
1177845,12,77928000.0,42639000.0,0.31290777005318676,-0.020921848259115104,0.07884554293774501,-0.05225057895049889,2011,2017,7,1.0791812460476247
884624,6,578988000.0,441971000.0,0.7732012938406635,-0.004288677764834823,0.07130082701203477,-0.032805693698396816,2011,2023,13,0.7781512503836435
1467761,41,55422526.0,26106271.0,0.3035886365113206,-0.10186159354130067,0.09622467177984897,-0.13040317694151954,2011,2023,13,1.6127838567197355
20639,1,,,,,,,2011,2023,13,0.0
1614178,80,390577000.0,298829000.0,0.8401543900642565,-0.28662132794163886,0.18467498108742686,-0.24174757626069754,2017,2023,7,1.9030899869919433
874501,36,510661000.0,465067500.0,,,,-1.691216967144983,2011,2023,8,1.556302500767287
1475115,89,326801000.0,291611000.0,0.8690916266397125,-0.285836504006337,0.271129176103132,-0.5227478237074663,2018,2023,6,1.9493900066449126
1280600,6,92523000.0,21201500.0,,-3.5818283269322366,3.0924696502232654,-2.7681397975980864,2013,2020,8,0.7781512503836435
1301063,11,6974884000.0,3391292500.0,0.3221384463505558,-0.22068226664090704,,0.04518734403959695,2009,2014,6,1.041392685158225
1498067,3,251417.0,8912.0,NaN,-inf,inf,-inf,2011,2022,12,0.47712125471966244
1836754,7,35455948.0,35455948.0,,0.10214469515805924,,0.07521274004576045,2024,2024,1,0.8450980400142567
1503813,5,1438200000.0,1438200000.0,,-0.20365734946460853,,,2011,2011,1,0.6989700043360187
1124105,24,102290000.0,7338000.0,0.24689496368261937,-1480.792858569629,764.003762010217,-972.2790940191953,2011,2023,13,1.380211241711606
946840,5,544374000.0,544374000.0,0.8530862972882614,0.39846502588294075,0.11002729740950157,0.2583866973808448,2011,2012,2,0.6989700043360187
1608429,2,NaN,NaN,,,,NaN,2015,2016,2,0.30102999566398114
1274032,31,231310000.0,47833000.0,0.13791596547226861,-0.14905019510634895,0.016603668182532807,-0.22755199040704566,2011,2021,11,1.4913616938342726
1060391,64,14964500000.0,9115000000.0,0.3363913469836719,0.1594913490063004,,0.08770493938073863,2009,2023,15,1.8061799739838869
96271,22,2695000000.0,2419000000.0,0.9336393989983306,0.2344165926385948,,0.14604410827341127,2016,2023,8,1.3424226808222062
808450,11,12780000000.0,10653000000.0,0.1389601694376519,,0.03515746386113012,-0.023812215283548478,2010,2020,11,1.041392685158225
904896,3,5222146.0,3481378.5,0.008206192097169863,-0.709697257725642,,-0.7495518811599506,2011,2015,4,0.47712125471966244
1009759,6,133105000.0,83412000.0,0.12154754931550885,-0.23344022286624241,0.05755435991028923,-0.27145155516663855,2011,2023,13,0.7781512503836435
767405,2,,,,,,,2011,2023,13,0.30102999566398114
1454384,2,3554733.0,3554733.0,0.1714680118028555,-0.0439512615996757,,-0.04413889875835963,2011,2011,1,0.30102999566398114
1340652,7,82497000.0,73694000.0,,-1.0809104614663114,1.3317415966927437,-1.419502374474722,2012,2021,10,0.8450980400142567
1031029,7,703546000.0,597308500.0,0.14716149086103184,0.007635328504190129,,-0.028027493661816175,2011,2022,11,0.8450980400142567
1619174,1,,,,,,,2016,2017,2,0.0
1647509,3,,,,,,,2015,2017,3,0.47712125471966244
1001902,67,184217000.0,68072000.0,0.43577215427741706,-0.2791747335539467,0.29411566267377476,-0.14211495619361497,2011,2023,13,1.8260748027008262
1610793,7,217070000.0,128503000.0,,,,,2014,2016,3,0.8450980400142567
897429,1,2660635000.0,2196360000.0,0.36233418295029546,0.04025121268222889,,0.0174631027819511,2010,2022,13,0.0
1067983,3,302020000000.0,176512000000.0,,,,0.18565530566534827,2009,2023,15,0.47712125471966244
350698,185,26985000000.0,20390000000.0,0.1626179385280762,0.04068147461930493,,0.018510886280264115,2010,2023,14,2.2671717284030133
1719714,4,10000000.0,10000000.0,,-2.8416,1.7418,-4.222,2023,2023,1,0.6020599913279623
1585608,12,5775257.0,4335000.0,0.5562886568208255,-36.83184529077596,15.350017885904663,-50.34731039266834,2015,2023,9,1.0791812460476247
1487712,8,1419055000.0,207370000.0,,,,5.6944930594039205,2011,2023,13,0.9030899869919434
921313,7,15871845.0,14991321.0,0.6278616184385164,-0.07825207986971083,0.20134981714413197,-0.14909517953831192,2011,2012,2,0.8450980400142567
754811,5,24714000.0,8622500.0,,0.17748557884515237,,0.9253273412733365,2012,2024,12,0.6989700043360187
875296,9,86219712.0,71620993.0,0.2226733170503669,-0.007425560429730395,,-0.03923279071020803,2011,2016,6,0.9542425094393249
1429393,4,1908708.0,1537958.0,1.3866720277992797,-243.32735775660794,NaN,NaN,2011,2023,13,0.6020599913279623
1403568,254,10208580000.0,4854737000.0,0.3870379821406958,0.14086448888874795,,0.0847530230005214,2011,2023,13,2.404833716619938
1104038,63,19576000.0,116265.0,NaN,NaN,NaN,NaN,2011,2023,13,1.7993405494535815
1400683,18,4297917.0,104378.0,5.147026813149838,-1268.075,,-548.4438089264778,2012,2019,9,1.2552725051033058
926660,31,1144934000.0,1047702000.0,,0.14943028997703328,,0.030466735302643138,2010,2014,3,1.4913616938342726
7536,205,34477018000.0,25047264000.0,0.12204294887460969,0.02746831371810347,,0.017449313583146255,2010,2023,14,2.311753861055754
1022225,6,183400000.0,174928000.0,0.3311134428454095,0.019767388162451292,0.11830058063583675,0.04309456564741531,2012,2014,3,0.7781512503836435
1453086,141,NaN,NaN,NaN,,,NaN,2011,2011,1,2.1492191126553797
885508,2,127710000.0,80340000.0,-1.5845029010517,0.14325345013928925,,,2011,2023,13,0.30102999566398114
1040470,1,50829000.0,19977000.0,0.43795830248993367,-0.17221070103313194,0.2221213364844977,-0.15453182861573486,2012,2024,12,0.0
1418862,101,1476000.0,780500.0,-18.76212737127371,-598.3211222700462,226.81677028534992,-2.9363621871512833,2011,2013,3,2.0043213737826426
1301712,21,26180114.0,23582019.0,0.34125278926206465,0.07631477262049524,0.02421656596844831,0.06625326247237265,2011,2016,5,1.322219294733919
1435508,1,,,,,,,2011,2023,13,0.0
1293971,12,54579000.0,14079000.0,0.6202931198549588,-inf,inf,-inf,2013,2023,11,1.0791812460476247
357001,19,6656000.0,3588000.0,0.550905403078801,-0.25908634774892036,0.15888092458814979,-0.15606807844499876,2011,2015,5,1.2787536009528289
1352010,58,4824698000.0,1646680000.0,0.341381116934178,0.15215137998365288,,0.11020361528836566,2012,2023,12,1.7634279935629371
1171012,2,3757000.0,195237.0,10.426436353151326,-85.3008828943964,57.09362351035394,-64.9152712333816,2011,2016,6,0.30102999566398114
1826000,1,18061000.0,15528000.0,-0.8202235641137398,-7.462497867781195,2.2850997386289067,-4.421165323644877,2021,2022,2,0.0
1493491,1,,,,,,,2011,2014,4,0.0
915912,151,1856028000.0,842820000.0,,,,29.301171458146836,2009,2023,15,2.1789769472931693
1302343,3,255162000.0,225793000.0,,0.1394471915769566,,0.06682249065254262,2011,2017,7,0.47712125471966244
1527027,3,114433.0,NaN,NaN,NaN,,NaN,2012,2015,4,0.47712125471966244
1492422,33,396591000.0,250646000.0,,-1.8461428557860742,2.0298676045485577,-4.145271154452644,2017,2023,7,1.5185139398778873
1634379,4,,,,,,,2020,2021,2,0.6020599913279623
1777393,11,468094000.0,241006000.0,0.2025459360021303,-1.08322913249241,0.43551317088709296,-0.5495734318956892,2020,2023,5,1.041392685158225
1408534,3,,,,,,,2011,2023,13,0.47712125471966244
798354,359,16226000000.0,863000000.0,0.16024228343515484,0.9495091004478301,,0.5454252950047606,2009,2023,15,2.555094448578319
1624658,29,,,,,,,2017,2021,5,1.462397997898956
724267,2,8399586.0,8399586.0,0.3498516474502434,0.11181574901429665,0.019121299549763524,-0.10504112940804464,2012,2012,1,0.30102999566398114
1620463,12,,,,,,,2020,2023,4,1.0791812460476247
889971,10,38464821.0,30046840.5,0.38072636120303666,-0.014875394700724477,,-0.025072956345256695,2012,2024,12,1.0
946090,4,,,,,,,2011,2013,3,0.6020599913279623
1056696,73,928725000.0,556371000.0,0.5356718138980947,0.2366893922525174,0.12326024466492266,0.16177661196939666,2011,2023,13,1.8633228601204557
39899,47,5612993000.0,2991093000.0,0.4946624823208193,0.13698748895500454,,0.14089478361288585,2009,2023,15,1.6720978579357173
1177702,9,2792057000.0,2055535000.0,,0.09466042827619425,,0.08845128597626355,2011,2023,13,0.9542425094393249
1182129,4,395281000.0,214177000.0,0.776427163225477,-0.11759116053327182,0.2318648617151684,-0.24141515127500168,2010,2013,4,0.6020599913279623
1080056,125,54794841.0,54794841.0,0.584271902531846,-0.535491689810725,,0.06483619507172217,2011,2018,8,2.0969100130080562
1584057,30,45470149.0,42442485.0,0.5143928500460271,0.26719474376206137,,-0.07905013457400639,2014,2016,3,1.4771212547196624
31277,565,15376000000.0,13715000000.0,0.27806632295097383,,0.03059968671364927,0.04836708082592603,2009,2011,3,2.7520484478194382
1449278,4,,,,,,,2014,2015,2,0.6020599913279623
921825,15,539929000.0,448028000.0,,,,0.4592183886879036,2011,2023,13,1.1760912590556811
66004,5,,,,,,,2011,2023,13,0.6989700043360187
1466085,2,628525000.0,161216000.0,0.970195484760882,34.15336323828339,,0.22081633766115577,2011,2023,13,0.30102999566398114
867028,11,657136.0,NaN,0.9713630196397937,NaN,NaN,NaN,2012,2022,11,1.041392685158225
1084507,3,3811578.0,2696984.5,0.45492234205108545,,0.018409125423556667,-0.3980740250279473,2011,2014,4,0.47712125471966244
1447599,6,2169461000.0,1511983000.0,1.050335272052007,0.06416416962981764,0.2542274053240877,0.06999664257002891,2015,2019,5,0.7781512503836435
1374328,61,52700000.0,19497000.0,0.37400951008372485,0.014800053261053336,,0.09869571384862831,2011,2023,13,1.785329835010767
1000753,145,5938818000.0,2649567500.0,0.1694802292254828,0.03350677755471624,,0.023273808027595,2010,2023,14,2.1613680022349744
1212545,54,,,,,,,2011,2023,13,1.7323937598229684
785787,106,1192990000.0,1035311000.0,0.17029512989149198,0.026650348010028913,,0.01930020936719212,2011,2016,6,2.02530586526477
1702541,23,18000.0,NaN,NaN,NaN,,NaN,2017,2018,2,1.3617278360175928
830616,5,27984083.0,9255103.0,0.20959291865089094,0.026261799055113666,0.03589659630348429,0.0103040251731468,2011,2023,13,0.6989700043360187
1131554,27,578831000.0,291670000.0,0.7770278121071923,-0.10660324851912328,0.22521038357301107,0.01905536359388406,2011,2023,13,1.4313637641589871
833081,12,1702600000.0,1581350000.0,,0.3361187593109168,,0.15895956689291513,2009,2010,2,1.0791812460476247
40554,73,148000000.0,137000000.0,-0.9732710651828299,,,49.61917221843692,2011,2014,4,1.8633228601204557
1469372,16,1340818000.0,714514000.0,,0.29622282065404915,,0.18716065933612747,2012,2020,9,1.2041199826559246
1754170,13,408544000.0,356372500.0,0.27893267432062807,0.10402342872511139,,0.061001042996929176,2019,2023,5,1.1139433523068367
1862993,11,,,,,,,2022,2023,2,1.041392685158225
1437107,2998,12191000000.0,6497000000.0,0.6569742969222605,0.22742532181538752,,0.11172519028952993,2009,2023,15,3.47683162851226
1086740,15,14099000.0,12109500.0,0.7754041663502974,-0.1376224138825393,0.10662146928121724,-0.2230976345915962,2011,2014,4,1.1760912590556811
1432272,17,NaN,NaN,,NaN,,NaN,2011,2011,1,1.2304489213782739
1823529,10,1117855000.0,1117855000.0,,,,0.3313676639635731,2021,2023,3,1.0
1509351,6,0.0,0.0,,-inf,,-inf,2011,2014,4,0.7781512503836435
1759824,12,1571800000.0,1392300000.0,0.20448778279895174,0.012784555777461475,,-0.01894094991684734,2019,2023,5,1.0791812460476247
356870,12,0.0,0.0,,-inf,,-inf,2012,2015,3,1.0791812460476247
916457,53,9865000000.0,6800000000.0,0.33919475182816217,0.1650587997672505,,0.02494281607453548,2010,2019,10,1.724275869600789
1355848,62,62299000.0,5335728.0,-29.88664573425464,-79.77507311449061,,-80.1482599723547,2011,2023,13,1.7923916894982537
748270,6,441593000.0,437321000.0,0.15728808592865565,-0.044920759860807395,,-0.023664166610627924,2011,2013,3,0.7781512503836435
1098277,6,332762000.0,38810000.0,42.03191398969205,0.6865151754960759,8.440736141440519,-1.4176693672436516,2010,2012,3,0.7781512503836435
1522165,6,898381.0,80393.5,NaN,-6.1011441008881535,,-71.6712891110802,2011,2016,6,0.7781512503836435
1634117,5,2203617000.0,1579617000.0,0.24977623766777798,-0.05199401717149225,,-0.016192716823958578,2016,2024,9,0.6989700043360187
1784970,11,14381295.0,6271564.0,NaN,-0.4278881511088515,,NaN,2019,2023,5,1.041392685158225
1395937,28,139709000.0,1517000.0,,-inf,inf,-inf,2016,2023,8,1.447158031342219
948320,39,119033520.0,8324129.0,0.8232223581348783,-0.4934661409411322,NaN,-0.285633464562528,2013,2023,11,1.591064607026499
1584423,12,881983000.0,563677000.0,,-0.15622595440382786,,-0.43444651514638905,2013,2019,7,1.0791812460476247
9263,14,,,,,,,2011,2012,2,1.1461280356782377
1689813,9,462509000.0,231254500.0,inf,-inf,inf,-inf,2017,2021,5,0.9542425094393249
1487941,3,3391182.0,3098407.0,0.6261570668439983,-1.1014309660799604,,-1.132484959163119,2011,2014,4,0.47712125471966244
1796022,59,1365525000.0,579121000.0,,,,0.07306981670419903,2020,2023,4,1.7708520116421442
1067837,32,1489929000.0,464771000.0,,-0.04495050672547234,,-0.0073222890955281505,2011,2023,13,1.5051499783199058
1657197,151,678661000.0,651911500.0,,0.19677140643738608,,-0.010441152391609797,2016,2017,2,2.1789769472931693
769397,440,5005000000.0,2504100000.0,0.8719167761611151,0.055072168015980055,0.26465878147795185,0.03662864297902,2009,2023,15,2.643452676486187
1792044,86,17813600000.0,16218100000.0,0.33908329371974305,0.04710993133115806,0.045029753019750415,NaN,2019,2023,5,1.9344984512435675
1211759,13,95847000.0,76746000.0,0.33263687202938685,-0.14101766508668143,0.2915397629444214,-0.15111441780001175,2015,2017,3,1.1139433523068367
1649989,16,8146123.0,3087560.0,,-11.045370903508635,8.134061961924015,-11.522696056356644,2016,2024,9,1.2041199826559246
96831,59,933800000.0,844000000.0,0.055444124032259616,-0.039499796147330055,,-0.06559947158697771,2011,2014,4,1.7708520116421442
1753539,1,65350000.0,65350000.0,,-2.229217281892408,0.005436030369041916,-0.9477061191329103,2019,2023,5,0.0
1066134,37,1868796000.0,1750734000.0,,0.038432711631567355,,-0.005851831289047908,2011,2013,3,1.5682017240669948
1857086,46,,,,,,,2021,2022,2,1.6627578316815739
1083301,13,69229000.0,17491408.0,0.32580287398087215,-0.2565382512365192,0.037158845735665275,-0.6402561092037681,2011,2023,12,1.1139433523068367
1597672,15,2134413000.0,1375696000.0,0.14481760646163683,0.047960143807804535,,0.0922491681016089,2014,2023,10,1.1760912590556811
1724570,4,458752000.0,458752000.0,0.6570979527064732,0.134246826171875,0.15192413330078125,-0.0751070295061384,2020,2021,2,0.6020599913279623
1417028,2,119325.0,106396.0,-0.0473582132608472,-45.32154602499213,27.307739369837872,-264.04665035178954,2011,2017,7,0.30102999566398114
1845022,10,154824000.0,123542000.0,1.0113509724643939,-0.3989522516386837,0.3895507174231931,-0.3968490548676793,2021,2023,3,1.0
1385329,14,957331.0,777839.5,0.2766070178836684,-0.5280617248880874,,-4.630881782102198,2011,2019,9,1.1461280356782377
1604868,103,422489000.0,54367365.0,0.22869289648819904,-0.02642837557931936,,-0.10736948041797009,2016,2023,8,2.012837224705172
38074,603,4392548000.0,3568928500.0,0.769382178710427,0.038469694340942454,0.2469151137462956,0.19238735780662378,2008,2013,6,2.780317312140151
68505,1317,22044000000.0,7343000000.0,0.5933482965521245,0.06181241671518631,0.13791134567803465,0.12439904153933648,2009,2023,15,3.1195857749617835
1592057,8,1094276000.0,543221000.0,0.0847591161147273,0.0232090821859258,,-0.09073705335989146,2015,2023,9,0.9030899869919434
1692981,2,21430.0,10715.0,NaN,-inf,NaN,-inf,2017,2020,4,0.30102999566398114
1002590,1,1766099000.0,1464335500.0,0.21661692377193945,0.054967537945105435,,0.03660039055090092,2011,2024,14,0.0
1390292,1,46841.0,2090.0,-0.9422121945199455,-182.59568123960162,,-173.2373515657009,2011,2013,3,0.0
1662684,16,3994634.0,948996.5,NaN,-inf,0.8702286432041542,-inf,2016,2023,8,1.2041199826559246
88941,143,756533000.0,568356000.0,0.6114220291782948,0.09677606885858167,0.19461903766081973,0.16447885450510832,2010,2023,14,2.1553360374650614
1877939,5,45243812.0,43717227.5,0.2795893371297204,-0.17692293813099724,,-0.2861464582105189,2022,2023,2,0.6989700043360187
1162896,19,23060178.0,10578316.0,0.26040300466922306,-4.92552244941595,0.06124555164364154,-9.96410533787383,2011,2023,13,1.2787536009528289
1054374,36,8428000000.0,5833619500.0,0.4344719425654631,0.09747772421451922,0.29405457579976363,0.06279119238076641,2009,2014,6,1.556302500767287
1362502,6,-82153.0,-82153.0,-0.17331077380010468,26.493932053607292,,34.0374788504376,2012,2012,1,0.7781512503836435
74260,28,9341600000.0,5766100000.0,,,,0.06120002807202312,2010,2023,14,1.447158031342219
1814329,35,,,,,,,2021,2023,3,1.5440680443502754
701869,5,575044000.0,439616000.0,,0.060041670293688156,,0.07568823764070715,2011,2020,10,0.6989700043360187
56679,157,2795505000.0,1346714000.0,,0.09210531322999732,,0.06946355014576774,2011,2024,14,2.1958996524092336
814586,74,141568000.0,103350000.0,0.2541677055505057,0.04160353071229261,,0.023886512506688554,2011,2023,13,1.8692317197309762
1385305,7,60916.0,60916.0,0.5599678245452755,-37.54965854619476,,-136.27047081226607,2011,2011,1,0.8450980400142567
33769,77,1750512000.0,1330226000.0,0.665905735717615,0.05141270374037885,,0.08936974325111254,2011,2017,7,1.8864907251724818
922358,18,2423215000.0,2025427500.0,,0.05566661599219536,,-0.017876177034031705,2011,2024,14,1.2552725051033058
1067873,39,79999.0,67807.0,1.705974751754503,-9.61234327705066,,NaN,2012,2022,11,1.591064607026499
1619954,61,642410000.0,443314500.0,0.6600487367235736,0.15117541175622265,0.06154115321391004,0.07017979313004608,2015,2020,6,1.785329835010767
937941,56,2250587000.0,1390692000.0,0.14688314618852194,0.009027032911484024,,-0.004732291284159009,2011,2018,8,1.7481880270062005
315858,66,817676000.0,688443000.0,,,,0.07269179609931904,2011,2022,12,1.8195439355418683
39911,1,16580000000.0,15763000000.0,0.3849681555245755,0.06924570706265668,,0.05678547565458813,2009,2023,15,0.0
1474439,34,240351000.0,119785000.0,1.4702015133374726,0.10601439801969074,0.8124950344353602,-0.1807235979352685,2012,2020,9,1.5314789170422551
1526119,23,88516000.0,22087000.0,0.993824388052998,-13.485611894025029,9.238585756861253,-13.894918378430868,2012,2023,12,1.3617278360175928
1680378,20,1193000.0,192000.0,0.409348859245954,-73.70950018272131,18.944773428032846,-73.39651435664231,2016,2023,8,1.301029995663981
1500157,53,345762000.0,316926000.0,0.34987670123531284,0.003535530051496278,0.12230179316713263,,2011,2014,4,1.724275869600789
1506293,40,2578027000.0,1692658000.0,0.6015949224089407,-0.5867039064740963,0.9461492876030817,-0.7634830271213316,2019,2023,5,1.6020599913279623
1860742,445,3768000000.0,3766500000.0,,0.06094242985594776,,0.0015929910929530287,2022,2023,2,2.648360010980931
945828,8,4863412.0,3810122.0,0.27808873442211235,-0.08907400380734147,0.03168218681168327,-0.10259732567442312,2012,2022,10,0.9030899869919434
1456090,12,36037.0,36037.0,0.4578072536559647,,,-22.39539917307212,2011,2013,3,1.0791812460476247
1729944,9,15126026.0,14385828.0,,NaN,,NaN,2019,2023,5,0.9542425094393249
1358057,153,358252000.0,358252000.0,,0.0062135033440148275,,-0.09723881513571453,2011,2011,1,2.1846914308175984
1288847,10,910488000.0,228944500.0,0.6015542746487542,-0.09691048428635073,0.1797226973669938,-0.14323748247819199,2014,2023,10,1.0
92103,72,,,,,,,2009,2011,3,1.8573324964312683
1333274,21,2280937000.0,1169145000.0,0.13285025563539724,0.10002983180401147,,0.06807177335599628,2011,2023,13,1.322219294733919
1720116,7,53318000.0,34586000.0,,-0.5564401806424343,,-0.5497629247669059,2018,2023,6,0.8450980400142567
1506439,3,22699386.0,11316529.5,0.7365220246278857,-0.30111211706948143,0.1509777551294247,-0.14552698511485618,2011,2020,10,0.47712125471966244
1046859,6,1194953000.0,1194953000.0,0.1890258580583205,0.06872529199572142,,0.07460795529196546,2012,2014,3,0.7781512503836435
1067063,18,,,,,,,2010,2015,6,1.2552725051033058
1140215,16,49599000.0,37714000.0,0.2648078155716147,-0.15548126685461486,,-0.2374064336475317,2011,2023,13,1.2041199826559246
1609471,1,362332000.0,279101000.0,-0.5561642559503549,0.029216430471873982,,-0.16016405380412127,2015,2021,7,0.0
1669779,1,6913754000.0,4842018000.0,0.2630684562121908,0.07056856274281449,,0.011438820427119824,2016,2023,8,0.0
1590750,26,4461000.0,2750500.0,-0.027190473721277798,-33.636739514989365,3.233872333364822,-29.655579728789576,2014,2023,10,1.414973347970818
1441573,1,659084.0,659084.0,,,,-0.34733508930576373,2011,2011,1,0.0
854860,1,64372000.0,58319000.0,0.19772801025866638,0.09358891779656868,0.07324683538755117,0.023868643724457662,2011,2012,2,0.0
70318,40,20613000000.0,19174000000.0,,0.10577279598498728,,,2010,2023,14,1.6020599913279623
1464766,27,34827.0,34827.0,,NaN,,-34.42484236375909,2012,2015,4,1.4313637641589871
1537528,3,NaN,NaN,,,,NaN,2012,2019,8,0.47712125471966244
918160,7,6692900000.0,5968300000.0,-0.19688351009773747,0.01262942425523577,,-0.020383251630208713,2009,2019,11,0.8450980400142567
1350593,8,1339200000.0,1023900000.0,0.31210215864707375,0.09909182454630064,,-0.008026710127181487,2011,2024,14,0.9030899869919434
1082554,87,1936300000.0,1448800000.0,0.8950286247103901,0.4519207937404071,0.3617643572067472,0.3756132830656407,2010,2023,14,1.9395192526186182
1170991,4,354697000.0,289005000.0,,0.20772348878178357,,0.11041261956218226,2010,2017,8,0.6020599913279623
1862463,15,,,,,,,2022,2023,2,1.1760912590556811
1446152,1,0.0,0.0,,-inf,inf,,2012,2017,6,0.0
1088949,2,673431.0,673431.0,-0.20972007525641082,-6.133777625324644,0.44313077360561065,-6.174368272324855,2011,2014,4,0.30102999566398114
1410636,79,3011328000.0,2710677000.0,,0.18813226927250323,,0.08325679581416086,2010,2023,14,1.8976270912904412
1099590,23,10537000000.0,1867983500.0,0.5168337235253581,0.04503417751627845,0.14720143131511834,-0.02460637381234507,2010,2023,14,1.3617278360175928
1628228,2,109372.0,NaN,NaN,NaN,NaN,NaN,2015,2020,6,0.30102999566398114
1498710,38,5068447000.0,1931580000.0,,0.0983898253965127,,0.050443216191102966,2011,2023,13,1.57978359661681
1325670,14,,,,,,,2011,2023,13,1.1461280356782377
1343254,2,,,,,,,2012,2015,4,0.30102999566398114
1584584,26,2234415.0,45476.0,0.5127929019811531,-0.9084886156982495,,-1.2509564603094419,2014,2016,3,1.414973347970818
1289490,29,101986000.0,51009500.0,-5.02583833456729,13.427940590054005,,9.026340869751587,2010,2023,14,1.462397997898956
1643930,24,1535092.0,1535092.0,0.37760407845262695,-0.2034093070643323,,-0.20362232361317759,2016,2016,1,1.380211241711606
4904,112,19639500000.0,15390950000.0,,0.1804554600273636,,0.0960995965793123,2009,2023,14,2.049218022670181
66382,324,3946000000.0,2278200000.0,0.38178491524096475,0.05386613608793078,0.028397594638076076,0.04086216826949631,2011,2024,15,2.5105450102066116
1285819,119,73813000.0,9643000.0,-inf,-inf,inf,-inf,2011,2023,13,2.0755469613925306
103872,122,1334747000.0,1095763000.0,0.16380157396607883,-0.008949990190158798,,-0.007191579874897697,2012,2021,10,2.086359830674748
1210708,28,200917000.0,131509000.0,0.6290563557042969,-0.01234001719835832,,0.017925772521421763,2011,2023,13,1.447158031342219
38723,8,,,,,,,2011,2023,13,0.9030899869919434
725363,1,,,,,,,2012,2023,12,0.0
897078,5,1066408.0,342252.0,NaN,NaN,,NaN,2014,2023,10,0.6989700043360187
46080,5056,5856700000.0,4447509000.0,0.6062831769334682,0.13124139742855725,0.05251924998283841,0.0591243083517928,2010,2023,14,3.703807065274328
96021,803,68636146000.0,53334491000.0,0.17905531045822637,0.03991571748484992,,0.02261878657786836,2010,2024,14,2.904715545278681
891293,82,53948000.0,3472000.0,0.8384966289510639,-124.86816776078605,436.25,-133.74961222935863,2011,2022,12,1.9138138523837167
1080029,5,42786000.0,41499500.0,0.23993662165971763,-0.019995036852729672,,-0.100649003796289,2017,2018,2,0.6989700043360187
1647771,2,147935.0,113880.5,,,,,2015,2016,2,0.30102999566398114
1025536,1,,,,,,,2011,2013,3,0.0
1432754,3,3509044.0,2758295.0,,-3.673874672338365,,-2.8935656236162437,2011,2014,3,0.47712125471966244
873185,2,265.0,265.0,,-14817.418867924529,,-499.09811320754716,2011,2012,2,0.30102999566398114
1118037,2,,,,,,,2011,2016,6,0.30102999566398114
1338520,10,,,,,,,2011,2011,1,1.0
1597553,35,1114200000.0,88364000.0,,-24.731987551023,16.427650347951197,6.596915914846515,2014,2023,10,1.5440680443502754
1373149,17,104047.0,104047.0,,0.12016684767460858,,0.12016684767460858,2011,2013,3,1.2304489213782739
1547996,2,2062083.0,559114.5,-29.33743977655923,-646.2563459119472,0.2512476431830358,-3221.4574117421603,2014,2017,4,0.30102999566398114
1600438,4,5501907000.0,3178669500.0,0.35288052467937736,0.05776789817031085,,0.020320434073999003,2017,2024,8,0.6020599913279623
1030469,3,,,,,,,2011,2023,13,0.47712125471966244
1429896,19,6597981.0,6006944.5,-0.10651797484947327,-7.187732953082555,0.2114457327351078,-7.133570761719542,2011,2016,6,1.2787536009528289
896262,50,,,,,,,2009,2023,15,1.6989700043360185
1501845,92,NaN,NaN,,NaN,,NaN,2011,2013,3,1.9637878273455551
1563463,14,3711327.0,626619.0,0.4315663993024862,-21.052303367348454,,-3.8499832291094576,2013,2021,7,1.1461280356782377
884731,59,178980000.0,55720000.0,0.8331800804320126,-2.2537543460297895,2.1607846139014857,-1.9615315280205075,2011,2015,5,1.7708520116421442
315709,13,,,,,,,2010,2023,13,1.1139433523068367
47518,78,2881000000.0,1301400000.0,0.6312927440797406,0.1253365203610671,0.05865958384802738,0.033541339085944206,2010,2021,12,1.8920946026904801
1799011,13,500000.0,438500.0,-0.17,-72.57973474801061,20.37270822281167,-97.92680636604774,2021,2023,3,1.1139433523068367
75439,3,10983000.0,9238000.0,-0.024680045957144854,-21.263016272755515,3.568846724754595,-28.362947029149797,2011,2017,7,0.47712125471966244
1576724,6,1429.0,NaN,NaN,-267.00139958012596,,NaN,2013,2018,6,0.7781512503836435
1603978,9,3136954.0,84518.0,NaN,-inf,inf,-inf,2017,2023,7,0.9542425094393249
1091566,2,,,,,,,2011,2011,1,0.30102999566398114
917520,120,1557666000.0,1035485000.0,0.6337622322629703,0.10067591701110372,0.0624203258816863,0.0548120802039045,2010,2023,14,2.0791812460476247
1022505,34,6572000.0,477488.5,NaN,NaN,NaN,NaN,2011,2024,14,1.5314789170422551
867963,16,,,,,,,2012,2013,2,1.2041199826559246
1437491,35,25599645.0,738122.0,-2.7294659308519376,-229.94345609222077,NaN,-105.17804115801549,2011,2023,13,1.5440680443502754
21175,331,10113000000.0,9101000000.0,,,,0.34835010077255524,2011,2023,13,2.5198279937757184
215419,158,917082000.0,724594500.0,0.3970725412661112,0.006281010335090774,0.02441095636147481,-0.05461299219734874,2010,2015,6,2.1986570869544226
1201663,29,107267000.0,107267000.0,0.6689755469995432,0.10564292839363458,0.26793266646157093,-0.2074356512254468,2012,2014,3,1.462397997898956
1828748,4,3109515.0,3109515.0,NaN,,,NaN,2021,2023,3,0.6020599913279623
1510524,12,159451.0,114137.5,0.8846599477560657,-10.168132788434644,1.511166162966407,-22.50348671779249,2011,2012,2,1.0791812460476247
1699150,91,5916300000.0,2689800000.0,0.3786102630162333,0.10462642673037191,,0.05203005326393102,2017,2023,7,1.9590413923210932
1583771,4,0.0,0.0,,-inf,inf,-inf,2014,2023,10,0.6020599913279623
350832,18,209655000.0,185627000.0,0.39009592554026895,0.11933818259359454,,0.02149989552144987,2011,2013,3,1.2552725051033058
1006892,107,422765000.0,422765000.0,0.9927264555958984,0.294083001194517,0.18189301384930162,0.06522536160751245,2011,2011,1,2.0293837776852093
1509190,13,35412000.0,393000.0,-0.40590529334802755,-255.49723185908798,57.50900429059798,-47.92973746430396,2013,2018,6,1.1139433523068367
1590714,1,3585900000.0,1961000000.0,0.39439776074606275,0.1138675235320907,0.022120609860706214,-0.02270742547492673,2014,2023,9,0.0
1253986,3,,,,,,,2015,2015,1,0.47712125471966244
1411690,50,36116000.0,14055254.0,0.21892035591248296,-3.6984996816920543,1.0402186499213082,-3.1168278186431606,2018,2023,6,1.6989700043360185
1281895,47,0.0,0.0,,-inf,inf,-inf,2015,2023,9,1.6720978579357173
1298946,3,1074867000.0,900897500.0,,,,0.11887361554414237,2010,2023,14,0.47712125471966244
1413488,6,27004.0,13502.0,NaN,NaN,NaN,NaN,2012,2021,10,0.7781512503836435
1142701,12,473040000.0,237505000.0,0.4691892216282198,0.1669711105901961,,-0.003729970819849049,2010,2015,6,1.0791812460476247
1846576,45,419591000.0,263112000.0,0.5807995403740017,0.14816823611670585,,0.06776209135870798,2021,2023,3,1.6532125137753435
1666114,8,18805.0,9730.0,0.49984387466287084,,,-1.4974321845368692,2015,2017,3,0.9030899869919434
1389545,8,18230000.0,8421000.0,1.0838993345845407,-6.532071094235876,3.719771184593905,-0.9994857617879741,2011,2023,13,0.9030899869919434
886163,32,277133000.0,22502000.0,NaN,0.8792631316036642,0.6981378232125479,0.8076149662285482,2011,2023,13,1.5051499783199058
936402,145,14448900000.0,4252900000.0,0.8436781161856667,0.233174289177145,0.1799829371905427,0.25229837035046565,2009,2017,9,2.1613680022349744
1870600,93,517627000.0,403717000.0,0.6324337703201274,0.057392428735242175,,0.008464105147848292,2021,2023,3,1.968482948553935
1423221,41,1221502000.0,859064000.0,0.15753134269277266,0.00502297616183043,,0.02676900245354891,2011,2024,14,1.6127838567197355
8063,4,772702000.0,502587000.0,0.2625163174126443,0.06863887641250474,,0.05139382959226605,2011,2023,13,0.6020599913279623
1697935,3,52354.0,6572.5,-0.031153302517477176,-inf,,NaN,2017,2022,6,0.47712125471966244
1334325,34,22225803.0,20581064.5,0.6551838846475583,0.13197953405034124,0.13711620701148375,0.17780833022306608,2010,2023,8,1.5314789170422551
1816431,85,0.0,0.0,inf,-inf,inf,-inf,2021,2023,3,1.9294189257142926
921691,239,478944000.0,478944000.0,0.4089476013897241,-0.0031172746709427408,,-0.006086306541056992,2011,2011,1,2.3783979009481375
1363851,33,21581890000.0,7457808000.0,0.07879973899518052,0.030000307479748762,0.0024978414212371994,0.02037525080578425,2011,2014,4,1.5185139398778873
921051,2,,,,,,,2011,2013,3,0.30102999566398114
1866390,24,79272000.0,79272000.0,,-3.94483550307801,1.0159703300030276,-2.793533656272076,2022,2022,1,1.380211241711606
1543652,11,745675.0,380343.0,0.3935347098773213,NaN,,NaN,2012,2023,12,1.041392685158225
95521,302,44048000000.0,17336000000.0,0.16693155977562868,0.010977199059759043,,-0.01273655915899856,2009,2017,9,2.4800069429571505
70866,506,7844000000.0,2883000000.0,0.2051697351414756,0.08969387793862718,0.060617942841961044,0.052124813344120516,2010,2023,14,2.704150516839799
1557565,6,,,,,,,2013,2015,3,0.7781512503836435
822083,30,,,,,,,2011,2011,1,1.4771212547196624
949874,17,97737000.0,97737000.0,0.600683466854927,0.23553004491645949,,0.13793138729447393,2011,2011,1,1.2304489213782739
1434621,147,1106603000.0,617736000.0,0.9435780398024504,-0.055142613760970086,0.04967031303256446,-0.04402141720715871,2011,2023,13,2.1673173347481756
320017,24,73717980.0,20213178.0,0.27738482688032956,-1.7434250397706605,0.8749699751448241,-2.8613680147002496,2011,2023,13,1.380211241711606
1065598,1,165991.0,17834.0,-89.18511648594922,-1706.322420673904,,-950.878923550329,2011,2018,8,0.0
1444598,7,1242567000.0,1242567000.0,,-0.006217773367552816,,0.09242399001422057,2014,2015,2,0.8450980400142567
48039,4,18389142000.0,17600622000.0,0.11804516090978895,0.028201452884210103,,0.03665766037554865,2010,2021,12,0.6020599913279623
763901,91,,,,,,,2010,2023,14,1.9590413923210932
1279695,18,25191280.0,4524962.0,0.4511355143292485,-18.267786335645958,14.278036120788123,-12.34244453464267,2011,2023,13,1.2552725051033058
1616533,4,1501142000.0,1326624500.0,0.25175453001665027,0.03743564740132899,0.05106552874118221,0.028574190793456414,2017,2024,8,0.6020599913279623
1514183,15,72102.0,56335.5,NaN,NaN,6.1839151090631335,NaN,2012,2023,8,1.1760912590556811
1433195,31,620445000.0,256012000.0,0.6037171629854646,-0.04482142438235465,0.1434378554274385,0.01110868692251252,2015,2023,9,1.4913616938342726
1497647,1,2392342.0,1396648.5,NaN,-1.3611231762464453,,-2.1170460929597668,2011,2015,6,0.0
1045942,23,39661325.0,28882013.0,7.0201085514577395,-6.642924624109416,1.3554247423391856,-7.63925698054759,2011,2024,14,1.3617278360175928
100591,3,892815000.0,374183500.0,0.278193635395434,-0.015737021734034778,,0.07517019758082731,2011,2023,13,0.47712125471966244
1867066,21,63134000.0,59662000.0,0.4484024341910695,-0.5601208676159765,0.12041093911488039,-0.13841052053332625,2021,2023,3,1.322219294733919
1533455,13,37074.0,22932.0,-1.9992919425126439,-inf,,-inf,2012,2014,3,1.1139433523068367
1460702,1,5653725.0,5557967.0,,-2.942178741100997,1.1888687480552869,-2.5580502438957917,2015,2023,9,0.0
1126162,1,312200.0,NaN,NaN,NaN,,NaN,2011,2022,4,0.0
1379041,8,835900000.0,717450000.0,,,,0.14187166156173667,2010,2023,14,0.9030899869919434
1488075,82,216667000.0,213504000.0,0.8592577065646356,0.005341928877368914,0.09741430498136533,-0.08333538491321017,2011,2015,5,1.9138138523837167
1654151,44,163356000.0,0.0,-inf,-inf,inf,-inf,2017,2023,7,1.6434526764861872
868368,19,61683201.0,51562940.5,0.3654295150648832,-0.022644243531229243,0.024620465830436863,-0.0317379088418027,2011,2012,2,1.2787536009528289
1913577,6,,,,,,,2022,2023,2,0.7781512503836435
1487718,21,1426969.0,1283751.0,NaN,NaN,,NaN,2011,2023,13,1.322219294733919
1776738,84,511578000.0,511452500.0,0.37263852493875405,-0.18130535340700493,,,2022,2023,2,1.9242792860618814
1595585,24,,,,,,,2018,2021,4,1.380211241711606
105319,544,1839432000.0,1352912000.0,0.6081567480015666,0.1801242049733725,,0.08122204993510536,2010,2023,14,2.7355988996981795
1807794,50,184194000.0,184194000.0,0.7478892525469222,-0.22281127822885327,0.42359012872003343,-0.08237064234131716,2022,2024,3,1.6989700043360185
1364479,6,10775000000.0,3010400000.0,0.21618645052932003,,,0.34850982299395905,2010,2023,14,0.7781512503836435
918541,23,667280000.0,488601000.0,,-0.039979312645138494,,0.005514735834061013,2011,2023,13,1.3617278360175928
827052,256,14905000000.0,12361000000.0,,0.12090172267984269,,0.042137469943924644,2009,2023,15,2.408239965311849
1318605,225,81462000000.0,3431587000.0,0.28960361680527724,-0.3300398258302327,0.4115225180669114,-0.37340612221092534,2011,2023,13,2.3521825181113623
1340476,70,274681000.0,181931000.0,0.2975455402076059,-0.1708412620616119,,-0.13645954394036283,2019,2023,5,1.845098040014257
1367644,76,1773600000.0,421516000.0,0.6827952786383458,0.1420632371376811,0.3206009358566718,0.1342819417245625,2011,2023,13,1.8808135922807911
1484565,24,3000000.0,387555.0,-0.07549638115880326,-22.258563439903153,6.6523526526729535,-23.30439891276077,2014,2023,10,1.380211241711606
714603,107,2749300000.0,2358600000.0,,0.12522266127354584,,0.18762092199573094,2010,2017,8,2.0293837776852093
1810560,6,,,,,,,2020,2023,4,0.7781512503836435
1817229,8,,,,,,,2021,2023,3,0.9030899869919434
746838,216,4019600000.0,3015100000.0,0.22781767246820114,0.051979859903246675,0.017532628780682086,0.03671353636210952,2010,2023,14,2.3344537511509307
1438423,23,63765000.0,42031000.0,0.5529364662759038,-0.30268111924548,0.45725623876140037,-0.29220431216645776,2016,2023,8,1.3617278360175928
1025378,6,1479086000.0,885732000.0,0.9749693494253951,,,0.34032001922472765,2010,2023,14,0.7781512503836435
1352302,3,39383087.0,35615161.0,,0.6268958941767049,,-4.471863804211217,2011,2014,4,0.47712125471966244
1651308,229,2458779000.0,333299500.0,0.20018332702197467,-21.96292734112455,84.37201799297753,-22.314757430613497,2016,2023,8,2.359835482339888
102729,257,4345250000.0,2756471500.0,0.27039495783493506,0.11266746416881745,,0.06623399216595122,2010,2023,14,2.4099331233312946
1443669,39,503877000.0,281080500.0,0.6311866244009045,0.1803339016327824,0.08234358874054959,0.12936325036149143,2012,2023,12,1.591064607026499
1160142,29,28034000.0,21307000.0,0.19149023725477246,0.044526185926910565,,0.058850371012048076,2011,2013,3,1.462397997898956
1611046,20,98943.0,98943.0,1.0,-0.12434431945665686,0.1920297545051191,-0.7281465085958582,2016,2016,1,1.301029995663981
1005201,31,455897000.0,132973000.0,0.8703648750904508,0.9342716979889665,0.12903515007699187,0.5088238723107712,2011,2019,9,1.4913616938342726
320431,15,4027620000.0,3974339500.0,0.0945520967150881,0.003220073676984457,,0.0003902930918805343,2012,2016,4,1.1760912590556811
320187,931,46710000000.0,34350000000.0,0.4430985304788859,,,0.10531958543386609,2010,2024,15,2.9689496809813423
1691421,22,256700000.0,111400000.0,,,0.30182159505218037,-1.6224438815011695,2020,2023,4,1.3424226808222062
820237,96,483759000.0,456489500.0,0.6475736124796122,0.2847226889155326,0.24425731024329417,0.21945550372560052,2010,2011,2,1.9822712330395682
818686,335,21853000000.0,16887000000.0,0.4938332949930014,-0.17308293487734194,0.007653154054920203,-0.18842043855686025,2017,2023,7,2.5250448070368448
1576197,1,8428000.0,3478400.0,0.26359279377111433,-0.5570799821503223,,-0.5893524844222875,2013,2023,11,0.0
1052257,4,1274649.0,1017031.0,-1.1486853728104405,-6.287452878134513,0.7120058796255191,-11.279529496624674,2011,2016,6,0.6020599913279623
1701478,7,284000.0,284000.0,,-33.28733802816902,13.41219366197183,-39.73162323943662,2023,2023,1,0.8450980400142567
1029299,62,265821000.0,265821000.0,0.6640859826725504,0.14786265945880875,,-0.012752942769758597,2011,2011,1,1.7923916894982537
109657,4,368000.0,28000.0,NaN,NaN,NaN,NaN,2011,2023,15,0.6020599913279623
1727196,25,33193000.0,20492000.0,,-4.2030959723841965,4.143384824377848,-3.8722387938741187,2018,2023,6,1.3979400086720375
1298675,34,1050334000.0,643915000.0,0.6642031843061863,,,,2011,2023,13,1.5314789170422551
1823794,1,7417398000.0,4128690000.0,,0.029666147356588585,,0.012924247534644355,2021,2023,3,0.0
96289,1,4378000000.0,4301250000.0,0.40823005028493714,0.04908377490667461,,0.006781486698473352,2010,2013,4,0.0
1796129,7,,,,,,,2020,2023,5,0.8450980400142567
1083706,4,,,,,,,2011,2018,8,0.6020599913279623
899394,2,263605000.0,240610000.0,,0.11320425673148422,,0.2824239886695678,2011,2023,6,0.30102999566398114
1566610,58,10524000.0,10244500.0,0.4652443526404843,NaN,NaN,NaN,2013,2023,11,1.7634279935629371
823768,176,20426000000.0,13378000000.0,0.29895845801736887,0.43210165219599256,,0.1486277269226066,2009,2023,15,2.2455126678141495
1335793,4,479482000.0,479482000.0,,0.4601611739335366,,0.3429993200996075,2009,2009,1,0.6020599913279623
1734517,20,50000000.0,30826000.0,,-8.526364078269825,,-9.028982756608308,2019,2020,2,1.301029995663981
926282,75,1025536000.0,602869000.0,0.506227826020824,0.03781051466921154,0.2002293204513089,0.04096981991006624,2010,2023,14,1.8750612633916997
1612624,13,1798129.0,1798129.0,0.8464642970554392,-0.4142016507158274,,-0.07202709038116843,2014,2014,1,1.1139433523068367
1101680,46,300640000.0,150304000.0,0.3139936306150741,-0.03909728124070134,0.15427567937690054,-0.10247515246195109,2011,2023,13,1.6627578316815739
1827087,10,,,,,,,2022,2023,2,1.0
1699382,2,,,,,,,2020,2023,4,0.30102999566398114
1637913,11,1234200000.0,1166700000.0,0.35161476834011585,0.07274035065641091,,-0.017283984561698662,2015,2018,4,1.041392685158225
1610114,2,444298000.0,336281000.0,,,,-0.18690838985087144,2014,2020,7,0.30102999566398114
1495569,4,11050000000.0,11050000000.0,0.194841628959276,-0.012850678733031674,0.1380995475113122,-0.12144796380090497,2011,2011,1,0.6020599913279623
800459,364,6155297000.0,3772345000.0,0.28710954965991214,0.034320926788039205,,0.025403025585959787,2010,2016,7,2.5611013836490555
1506302,1,,,,,,,2011,2011,1,0.0
1801762,2,,,,,,,2021,2021,1,0.30102999566398114
315852,13,5335309000.0,1862719000.0,0.8954400379047582,,,-0.07250018878573676,2009,2023,15,1.1139433523068367
1748790,93,14694000000.0,11159600000.0,0.20496790680053634,0.0927156486584632,0.007909863330793208,0.054180095949297284,2019,2024,6,1.968482948553935
783280,7,1291741000.0,993198000.0,,0.3669971157921355,,,2010,2021,11,0.8450980400142567
1362925,15,,,,,,,2012,2016,5,1.1760912590556811
1527795,15,82620.0,13117.0,2.346688246021393,-35.97928902838022,,-17.44144546291844,2012,2016,5,1.1760912590556811
356590,20,48058.0,NaN,NaN,NaN,,NaN,2011,2023,14,1.301029995663981
1078207,133,589534000.0,286773000.0,0.40887759315727507,-0.025688120273628504,0.03667425934733053,-0.041883151231332225,2011,2023,13,2.123851640967086
101538,1,13118090.0,11020829.0,0.03572483240963886,-0.15728819885568696,,-0.11819553977430433,2011,2023,13,0.0
883945,24,710387000.0,512428000.0,,0.009469792982893393,,-0.003981277965040246,2011,2021,11,1.380211241711606
1272597,26,101858149.0,52975503.0,1.9695985076224365,,,-0.5499120199219072,2011,2015,5,1.414973347970818
1627811,25,1789701.0,1703597.5,,-3.0016130644289216,,-3.3218485043964034,2015,2018,4,1.3979400086720375
796505,21,270883000.0,74617672.5,0.4517107636747745,0.13631597347778202,,0.13398116941189736,2011,2024,14,1.322219294733919
1402737,8,687448.0,687448.0,NaN,NaN,NaN,NaN,2012,2018,7,0.9030899869919434
1017655,7,16585929.0,9253450.0,0.3435458728320902,-0.543969353991939,,-0.62805857722908,2011,2023,13,0.8450980400142567
1289785,1,329081000.0,329081000.0,,0.30595506881284545,,0.14056417720865075,2011,2011,1,0.0
90144,3,889000000.0,861500000.0,,0.2088853101995344,,0.06671940288039535,2013,2014,2,0.47712125471966244
1561894,40,239737000.0,105573000.0,,,,-0.05551406151487497,2013,2023,11,1.6020599913279623
937834,732,45360000000.0,37225000000.0,,,,0.09246201752182195,2013,2023,11,2.8645110810583914
1371285,76,1108605000.0,242667000.0,0.22617888413849246,-0.06137190125772638,0.04063033079244653,-0.25262140786601295,2014,2023,10,1.8808135922807911
1047127,42,6138329000.0,3511537500.0,0.18233417534974203,0.08761464582861576,0.025505858986447628,0.061962994723018916,2010,2023,14,1.6232492903979003
882361,3,0.0,NaN,,,NaN,NaN,2018,2023,6,0.47712125471966244
1337213,3,611797.0,342282.0,-0.090490134094329,-29.449363314854924,7.841239364965243,-48.815963847463784,2010,2012,3,0.47712125471966244
818677,1,,,,,,,2011,2023,13,0.0
1042810,7,,,,,,,2011,2016,6,0.8450980400142567
1872812,3,3844532.0,3844532.0,,-3.1431646296610354,1.9748749652753572,-0.3416803397656724,2023,2023,1,0.47712125471966244
1196298,30,10334000.0,2093000.0,0.7476238722559224,-1.4065706448013084,0.22717307649422258,-1.2153847084331912,2011,2023,13,1.4771212547196624
1266806,11,8950000.0,6896000.0,NaN,NaN,NaN,NaN,2015,2023,9,1.041392685158225
67716,72,5680733000.0,4176501000.0,,0.06797875762867453,,0.07391367574406871,2009,2023,15,1.8573324964312683
943452,33,9677000000.0,2931188000.0,0.32392734952220703,0.15375590793691224,0.024461043121859143,0.09210474077335536,2010,2023,14,1.5185139398778873
1108730,2,39116.0,39116.0,0.0015850291440842623,-119.397561100317,,-169.91844769403824,2011,2011,1,0.30102999566398114
1831651,47,488939000.0,175518000.0,0.2998660492189336,0.16430312062792576,,0.39347617088883985,2021,2023,3,1.6720978579357173
1850119,2,5199000.0,5199000.0,,-25.74168109251779,,-21.807655318330447,2021,2023,3,0.30102999566398114
1396446,12,,,,,,,2011,2017,7,1.0791812460476247
105608,16,57916000.0,21924000.0,0.24722383914941318,-0.05412495451988736,,-0.03165154319072906,2011,2017,7,1.2041199826559246
1502756,18,2578000000.0,1129700000.0,,0.11827100073355395,,-0.03320931378009363,2012,2019,8,1.2552725051033058
1656536,17,,,,,,,2021,2022,2,1.2304489213782739
1038222,2,50890438.0,49210096.5,0.7002978922038033,,0.0826740607455714,0.05657147867106482,2011,2017,7,0.30102999566398114
1822993,2,9247000000.0,8848000000.0,,,,0.7487544952500991,2021,2023,3,0.30102999566398114
1852117,23,8213000.0,5730500.0,-0.6880683985619338,-21.35342308451278,20.28871421178967,-39.37610729475498,2021,2022,2,1.3617278360175928
1141263,1,412128.0,NaN,NaN,NaN,NaN,NaN,2012,2013,2,0.0
895464,3,604676.0,0.0,3.9782486798692154,NaN,,NaN,2011,2023,13,0.47712125471966244
1420720,5,2371000.0,1277000.0,0.6541543652467313,-19.797627234242018,8.925811263718137,-39.26274984792116,2012,2024,13,0.6989700043360187
916076,8,6777200000.0,3268116000.0,0.22015197226350727,0.16037585507172114,0.0002492249305110113,0.11111398391681757,2010,2023,14,0.9030899869919434
740806,4,,,,,,,2011,2023,13,0.6020599913279623
1452857,3,1905457000.0,1341331500.0,0.27877428293544954,,,0.050950759450647955,2012,2023,12,0.47712125471966244
6494,38,3326247.0,1677097.5,6.278120493317161,-1.4406277816837445,0.7791496788645983,-0.7426973063104826,2011,2022,12,1.57978359661681
1124608,20,22642728.0,20007042.0,0.5265068310491589,-0.4167407978972244,0.08449381700767546,-0.3533846639889952,2011,2014,4,1.301029995663981
16614,1,,,,,,,2011,2012,2,0.0
1621672,99,19677000.0,2064000.0,0.46370774600155507,-9.151471817457708,2.245345780244713,-7.955116622119678,2019,2023,5,1.9956351945975497
1895249,1,,,,,,,2022,2023,2,0.0
1497814,1,,,,,,,2012,2012,1,0.0
946581,735,5349600000.0,1497115500.0,0.4576864013946947,0.02462480187602891,0.056232166040975445,0.004995319153846199,2010,2023,14,2.8662873390841948
1373792,15,307461.0,307461.0,0.4105398733497907,-0.18441038050354353,,,2011,2011,1,1.1760912590556811
1772016,2,1996200000.0,1371500000.0,0.33225617346316544,0.15178144005601912,,0.022145667125559647,2020,2024,5,0.30102999566398114
350737,2,64298595.0,36205444.0,0.35068793193198033,0.10657512310388582,,0.06999938713019696,2011,2021,11,0.30102999566398114
946486,50,2042000.0,1788000.0,NaN,NaN,NaN,NaN,2011,2023,13,1.6989700043360185
1619558,3,730777.0,730777.0,0.8219429456592093,-5.3327485676204915,0.42420738474254116,-1.3587222914787958,2015,2015,1,0.47712125471966244
1045829,1,,,,,,,2012,2013,2,0.0
1681682,9,351622.0,175811.0,NaN,-inf,inf,-inf,2017,2023,7,0.9542425094393249
1883685,22,3665393000.0,2952927000.0,0.5100902402468895,-0.4012098246837611,,-0.3843276017637713,2022,2023,2,1.3424226808222062
1574235,9,12634000.0,1018000.0,,-inf,inf,-inf,2014,2023,10,0.9542425094393249
816956,257,1045472000.0,763520000.0,0.5204443754425169,0.07823685314895146,0.041397591249000394,0.021094646291072973,2011,2023,13,2.4099331233312946
1050825,184,3723700000.0,3032400000.0,0.3035890305909897,0.04136793413684608,,0.022438072140259592,2011,2023,13,2.2648178230095364
1520358,5,93188000.0,20073391.0,0.2898642940328533,-0.13884324749181898,0.006928216112516986,-inf,2012,2023,14,0.6989700043360187
1105184,9,14290000.0,2433000.0,0.010476878699297133,-11.332538741745712,6.40827325998805,-12.751728006144123,2011,2015,5,0.9542425094393249
1681941,2,126874761.0,121553650.0,0.21464975800408792,-0.01144129195172567,,-0.01939442484784891,2016,2019,4,0.30102999566398114
1674227,2,5548119.0,4335358.5,0.3812060335018763,-7.188395082014068,,-14.159181417266627,2016,2023,8,0.30102999566398114
1503161,1,62132.0,62132.0,NaN,NaN,,NaN,2011,2018,8,0.0
943184,3,460141000.0,368078425.0,0.29610846146371,0.03219562104399993,,0.03256022760187287,2011,2021,11,0.47712125471966244
85535,22,605717000.0,498819000.0,,0.21392957401564727,,0.3135016669496221,2011,2023,13,1.3424226808222062
1837412,12,81626000.0,81626000.0,,-0.898047190846054,0.454787690196751,-0.9933844608335579,2021,2022,2,1.0791812460476247
1095651,7,798122000.0,462028000.0,0.985760424353257,0.7252344744243746,,0.028876637057867232,2011,2023,13,0.8450980400142567
1123316,6,75154714.0,71121778.0,0.5008153750022276,-0.0023657369310704918,,-0.06838217450783514,2011,2017,7,0.7781512503836435
1378624,16,9399256.0,564377.0,0.46223879133539814,-45.903877794894505,21.04200939423515,-58.00977398780382,2011,2019,10,1.2041199826559246
1781174,13,,,,,,,2022,2023,2,1.1139433523068367
8855,8,14625889.0,12515433.0,0.301096849081484,-0.019224701745786516,,-0.011163825153364164,2011,2013,3,0.9030899869919434
917523,15,152312000.0,26060000.0,0.33805484762306953,-0.39107762989603545,0.06638852053351436,-0.6390359901514493,2011,2017,7,1.1760912590556811
1086195,90,54370000.0,54370000.0,1.4993746551407026,0.3081110906750046,0.53943351112746,,2009,2009,1,1.9542425094393248
1329606,7,15113463.0,2201172.5,0.41197830699291427,-0.6006165343147711,,-0.6360432360288513,2011,2023,14,0.8450980400142567
1580490,23,10471502.0,4993543.5,NaN,NaN,0.07915810884892335,NaN,2014,2023,10,1.3617278360175928
1691936,17,30081577.0,29945873.0,0.18551049945775322,-0.8079610940736944,,-1.2063551491172542,2019,2023,5,1.2304489213782739
1503274,28,105522000.0,62004500.0,0.6173668273119559,-0.6525593151873273,0.3933040991185241,-0.7383164651654472,2018,2023,6,1.447158031342219
883293,31,2333512000.0,2284735500.0,0.24481744659735527,0.20790686721499632,,0.0404253398670649,2011,2012,2,1.4913616938342726
1850902,6,36893000.0,36684000.0,0.5057979817376962,-0.5595341546798281,0.15625851610481437,-0.48187201510272143,2021,2023,3,0.7781512503836435
355429,41,4418792000.0,3623006000.0,,,,0.07277201746738235,2010,2018,7,1.6127838567197355
1589526,5,1347154000.0,990602000.0,0.141377018654783,0.031598915534727205,,NaN,2014,2024,11,0.6989700043360187
1349929,56,29121000.0,6180478.5,0.44337171025395883,-2.8575477169596346,1.2679334377702542,-8.085979880068681,2013,2022,10,1.7481880270062005
1513403,10,0.0,NaN,NaN,NaN,,NaN,2011,2018,8,1.0
1697834,19,20937000.0,13974000.0,0.3520934785991088,-4.071932332668249,,-4.930205952486737,2017,2023,7,1.2787536009528289
93389,324,1371815000.0,1058482000.0,0.2803580851147518,0.08331642450477893,,0.04850643180210864,2011,2023,13,2.5105450102066116
773318,5,1635363.0,479740.5,0.5634538303335007,-1.2382927058989588,0.1482506219566369,-1.5162982866742805,2012,2024,12,0.6989700043360187
1355839,28,24841283.0,15283617.0,0.7990122584101222,-0.185650542858092,0.3977269562899079,-0.11283101921484867,2011,2023,13,1.447158031342219
1287808,21,720605000.0,480781000.0,0.33718784505032484,0.023221282338673467,,-0.005686014943758288,2011,2021,11,1.322219294733919
1582982,39,138826000.0,41178208.0,,-0.06937212030733331,0.049176081257908365,-0.09917335117270942,2014,2023,10,1.591064607026499
1339970,15,10455000.0,10386000.0,,-31.55066066966461,19.515252672923463,-33.632588699860314,2015,2023,9,1.1760912590556811
1561781,1,2635716.0,2188560.5,0.33541667275240605,-0.18323245002826524,NaN,-0.09688475509321938,2013,2016,4,0.0
1629261,3,4558030.0,4558030.0,0.09431448914383685,-1.376065312313856,,-1.9474890252520964,2015,2017,3,0.47712125471966244
1127371,3,,,,,,,2011,2023,14,0.47712125471966244
1521013,56,5066826.0,4157757.0,0.6444996011491528,NaN,,NaN,2011,2016,5,1.7481880270062005
1788028,3,,,,,,,2020,2023,4,0.47712125471966244
1809750,41,14049000.0,12800500.0,0.04100175010731139,-0.7027546444586803,,-0.6828975576479552,2022,2023,2,1.6127838567197355
1766502,239,8967407000.0,7146264000.0,0.3185159441854328,-0.03298776323627852,,-0.0396129611575752,2019,2023,5,2.3783979009481375
875159,2,10546086000.0,7541234000.0,,,,0.035478273436565684,2010,2017,8,0.30102999566398114
1434868,16,227547000.0,148364000.0,,-1.175367275764795,,-1.5266171211797754,2013,2023,11,1.2041199826559246
1096142,34,,,,,,,2011,2013,3,1.5314789170422551
1136294,6,589003000.0,257419000.0,0.2398119332049622,0.029505713634214257,,-0.049135065974915224,2011,2022,12,0.7781512503836435
1289505,10,183885000.0,166350000.0,0.3426426633802004,,,0.023242885001925534,2011,2014,4,1.0
918946,123,4700458000.0,4700458000.0,0.06693454127236112,0.012851726363686262,,0.010388774881086056,2011,2011,1,2.0899051114393976
1419559,37,19915541.0,NaN,-0.00039783001626719555,NaN,,NaN,2011,2014,5,1.5682017240669948
1404973,4,511644000.0,511644000.0,,-0.6379982956899719,,-0.6664985810446326,2017,2017,1,0.6020599913279623
876883,15,2687792000.0,1442583000.0,0.20068299695370362,0.058344217925164386,,-0.014179390507780153,2011,2023,13,1.1760912590556811
880807,48,286603000.0,87272000.0,-0.07127206711068883,-0.38300028964009725,0.15885280429671952,-0.5583885345020948,2010,2023,14,1.6812412373755872
1528849,197,3758820000.0,2274590000.0,0.42008617885499483,0.07531787838789002,,0.07368292636034643,2012,2023,12,2.294466226161593
97745,239,44915000000.0,14715100000.0,0.4387920845941541,0.15867791557442606,0.04088144496126797,0.11378322457039598,2009,2023,15,2.3783979009481375
54473,31,439927000.0,439927000.0,,,,0.04499236323062169,2011,2014,4,1.4913616938342726
55387,5,7263000000.0,7263000000.0,,0.3947404653724356,,,2015,2015,1,0.6989700043360187
1546296,45,16080255.0,5025212.0,-0.2692867058226716,-7.495736262831085,,-7.1598489902783395,2013,2023,11,1.6532125137753435
1654672,9,550000.0,550000.0,,NaN,,NaN,2018,2022,6,0.9542425094393249
1425287,16,10846460.0,272098.0,-19.818942587849307,96.04980091753694,15.995775562445107,-32.44053949683338,2011,2023,13,1.2041199826559246
1366340,8,82300000.0,13150000.0,NaN,NaN,0.0459714646692648,NaN,2011,2019,9,0.9030899869919434
1471727,71,46006000.0,1734.0,0.5737091448196423,-inf,,NaN,2012,2023,12,1.851258348719075
1838987,103,87616000.0,87616000.0,0.20302227903579254,-0.5975849159970782,,-3.076549945215486,2021,2023,3,2.012837224705172
1042173,69,41079000.0,35863000.0,0.9211554177037559,-0.2162955873281195,0.22719021450122043,-0.3210930794180645,2011,2013,3,1.8388490907372552
1828105,11,209700000.0,91200000.0,,,,-3.10598683164755,2021,2023,3,1.041392685158225
1556898,3,65645000.0,32027000.0,0.6163803225734447,0.1813246311863707,0.16478689796137996,0.1438885850262597,2017,2023,7,0.47712125471966244
1826667,8,18511000.0,18511000.0,0.5477823996542597,-2.925287666792718,1.1538004429798498,-2.5491329479768785,2021,2023,3,0.9030899869919434
1280058,162,1105432000.0,684791000.0,0.5246279371938585,0.08345601853488208,0.12588053770412125,0.03684452952601719,2010,2023,14,2.2095150145426303
1827090,4,335644000.0,335644000.0,0.6669392967179762,0.00762440333332239,0.07791956324849592,-0.16158417763784402,2021,2023,3,0.6020599913279623
49754,33,1414763000.0,780931000.0,0.4725983376420037,,,0.013521819767195443,2011,2023,13,1.5185139398778873
1397911,43,10052848000.0,4049383000.0,,,,0.06259536714144706,2011,2023,13,1.6334684555795864
791908,5,58196000.0,27941000.0,1.0,-4.520471263801689,6.642235032685016,-4.221982047687479,2011,2023,13,0.6989700043360187
1281761,5,,,,,,,2009,2023,15,0.6989700043360187
1454789,9,500000.0,500000.0,,-61.929,42.492000000000004,-61.93000000000001,2015,2023,9,0.9542425094393249
27996,57,2238010000.0,1470772000.0,0.6715518672766331,0.1671344804287638,,0.08932327198447652,2010,2023,14,1.7558748556724912
1497120,13,16977.0,NaN,0.3153089473994227,NaN,,NaN,2011,2012,2,1.1139433523068367
1812364,17,82654000.0,42841500.0,,-59.20535699600206,0.8506061412635807,-92.32542448693997,2020,2023,4,1.2304489213782739
1759425,31,186374000.0,19138000.0,,-6.2360153849876525,,-3.9759882870700136,2019,2023,5,1.4913616938342726
4127,99,5485500000.0,3289000000.0,0.4973554538582418,0.26156553939614313,0.11832380531190603,0.233292545771543,2010,2024,15,1.9956351945975497
1516559,1,8148.0,NaN,NaN,NaN,,NaN,2012,2017,6,0.0
1098009,9,104648.0,5474.0,NaN,-inf,,-inf,2013,2023,9,0.9542425094393249
1347178,104,268682000.0,109925000.0,0.7335896349164361,0.014207607556025108,1.328396325902781,-1.5759929731224136,2011,2023,13,2.0170333392987803
918964,10,619075000.0,616130000.0,0.1007837591432182,0.03127198640626918,,-0.06072502058016954,2011,2015,5,1.0
1681459,82,12552900000.0,7177400000.0,NaN,-inf,0.11386623328207654,-inf,2016,2023,8,1.9138138523837167
1086222,85,3616654000.0,2340049000.0,0.6525618587565792,0.21627656866120212,0.07206648041731738,0.156089042628046,2009,2023,15,1.9294189257142926
713275,3,,,,,,,2011,2011,1,0.47712125471966244
1762322,17,670753000.0,636869000.0,0.015431643601366063,-0.31199659214908954,,-0.2321833604717326,2019,2022,4,1.2304489213782739
1831270,25,,,,,,,2021,2023,3,1.3979400086720375
20520,205,9128000000.0,5576000000.0,0.7317275821127388,0.14827552166793032,,-0.040447888495567144,2010,2023,13,2.311753861055754
1426332,22,108665000.0,77882000.0,,-1.221332922102766,1.8315999868153792,-1.2835957172474068,2019,2023,5,1.3424226808222062
1253176,75,125733000.0,68669000.0,0.2846761775815489,-0.6898128498062382,0.2083104249330842,-0.8965023375156929,2019,2023,5,1.8750612633916997
1463959,38,13651661.0,13137145.0,0.5315254574193916,-0.266306911598477,,-0.2715275008415548,2011,2016,6,1.57978359661681
1541157,3,,,,,,,2014,2023,3,0.47712125471966244
1907685,8,633102.0,633102.0,0.7456839498216717,-8.743658999655663,2.768383293687273,,2022,2022,1,0.9030899869919434
1833756,9,2879000000.0,2879000000.0,0.19761261674345484,0.07050534877428911,,0.04846629805075711,2021,2023,3,0.9542425094393249
354908,150,1887026000.0,1513513000.0,0.502487195376164,0.20229072669926398,0.09258153226153855,0.12573949721486397,2009,2020,12,2.176091259055681
1427925,32,29502000.0,2394000.0,-0.6903866544571832,-inf,inf,-inf,2011,2023,13,1.5051499783199058
1614184,34,,,,,,,2017,2020,4,1.5314789170422551
1705682,4,2209000000.0,2150500000.0,0.13298854286352052,0.02034439611562422,,,2017,2020,4,0.6020599913279623
1603454,11,,,,,,,2017,2023,7,1.041392685158225
1142412,6,109224000.0,88132000.0,,0.3105472384210722,,0.13598178015744383,2011,2019,9,0.7781512503836435
1392522,31,4572000000.0,4186000000.0,0.43563383986583043,-0.01516331033382072,0.1879768331117581,-0.07897944617084111,2011,2014,4,1.4913616938342726
36270,5,,,,,,,2009,2023,15,0.6989700043360187
927720,498,153774000.0,140984000.0,,0.2698571603698876,,-0.05947708518431084,2011,2019,9,2.697229342759717
1434588,5,974134000.0,844096000.0,,0.2615081673979053,,0.1966952497330851,2011,2023,13,0.6989700043360187
1056035,1,293349196.0,279768474.5,0.17250399459673216,0.05409824854272754,,-0.026431053848768534,2011,2012,2,0.0
1032208,156,,,,,,,2010,2023,9,2.1931245983544616
1414295,3,98.0,98.0,,13661.12755102041,539.2755102040817,-0.05102040816382214,2012,2015,4,0.47712125471966244
1035983,41,4140364000.0,1634340000.0,0.1953388932347126,0.04456832496144428,,0.0416200041146163,2011,2023,13,1.6127838567197355
1408278,14,143879000.0,111807000.0,0.47836813657875815,-0.034430865104240926,0.19874479795895766,-0.025461873358124457,2012,2020,9,1.1461280356782377
796764,1,8988000.0,5747000.0,2.5474970586582835,-0.4122118879785155,,-1.251735767664452,2011,2014,4,0.0
1484931,8,109024.0,109024.0,0.3800080716172586,-6.442278764308776,,-4.228426768417963,2012,2012,1,0.9030899869919434
1841330,2,15062.0,15062.0,-0.1469260390386403,-641.4730447483735,NaN,-534.7886402868145,2021,2023,3,0.30102999566398114
771999,17,28383000.0,18515082.0,0.45532774772667456,-0.7667338606599692,0.06539073483390873,-0.7121243557656917,2011,2023,13,1.2304489213782739
1437226,45,242238000.0,132008000.0,0.2166685237045703,0.05180460624615646,,0.0316465759727564,2011,2023,13,1.6532125137753435
717720,43,48667000.0,40299000.0,,0.1416660950579078,,0.2558868297329788,2012,2024,13,1.6334684555795864
1662574,4,8296997.0,6297922.0,0.43296397546375465,-1.8590044122167921,,-1.7589601978000653,2016,2023,8,0.6020599913279623
1333822,6,35763000.0,7495000.0,-0.1715054773039793,-0.846372298343592,0.21356638874618314,-0.9276586791788293,2012,2024,13,0.7781512503836435
718789,260,201302000.0,201302000.0,0.6158408758979046,0.1755670584494938,0.12302162919394741,0.13308362559736117,2011,2012,2,2.4149733479708178
708821,311,282876000.0,100271000.0,0.4311349060088909,-0.06908978879713225,0.12035057116738929,-0.09130912679949901,2011,2023,13,2.492760389026837
1819989,1,126842000.0,64939500.0,0.8739036065688468,-11.958119350160871,,-6.583479214795222,2021,2023,4,0.0
84246,2,1697992000.0,806776000.0,,,,0.141285020659205,2010,2023,14,0.30102999566398114
1016470,37,,,,,,,2011,2011,1,1.5682017240669948
823277,237,47791666000.0,34582442000.0,0.04298330294229081,0.020252510754867285,,0.02349643171887828,2012,2024,13,2.374748346010104
67472,144,3620447000.0,3587334000.0,0.33814002066321563,0.10795440519158862,,0.013699195590520949,2011,2013,3,2.1583624920952493
1107843,24,489723000.0,214376500.0,0.8229262644193205,0.14870038762398602,0.20281559709817587,0.15921160647082686,2012,2023,12,1.380211241711606
1885522,25,,,,,,,2023,2023,1,1.3979400086720375
1590976,13,926515000.0,575082500.0,0.25350297534552235,0.1830617036224495,,0.07543667311577514,2014,2024,10,1.1139433523068367
1082923,69,586930000.0,180613000.0,0.9271803069869492,0.1852064184320301,0.10777303791477857,0.31679638229193186,2011,2020,10,1.8388490907372552
764401,37,826832000.0,418547000.0,0.13227677673625265,,,0.04659438990256548,2011,2024,14,1.5682017240669948
1333563,3,0.0,0.0,NaN,-inf,,-inf,2011,2014,4,0.47712125471966244
821026,36,17325384000.0,5090452500.0,0.06450613807987231,,,0.012380617391017491,2010,2023,14,1.556302500767287
320193,2075,394328000000.0,208255000000.0,0.4545941895268961,0.275773796160648,0.043533953634630446,0.2195291083140186,2009,2024,16,3.3170181010481112
923284,2,,,,,,,2010,2015,6,0.30102999566398114
1968487,7,3430600000.0,3430600000.0,0.1152859558094794,0.06605258555354748,,0.04509415262636274,2024,2024,1,0.8450980400142567
882873,5,17027000.0,16590000.0,0.42391619132115005,-0.25574143394564147,,-0.2731236090323006,2012,2014,3,0.6989700043360187
1140486,25,926832000.0,926832000.0,0.4919823657361852,0.023928824209781277,,0.050070562949919725,2010,2010,1,1.3979400086720375
1495584,1,,,,,,,2022,2023,2,0.0
1766526,5,6252000.0,5118000.0,,,,2.3996319719074615,2019,2023,5,0.6989700043360187
1451797,1,NaN,NaN,,,,NaN,2012,2019,3,0.0
1754301,27,14913000000.0,12303000000.0,,,,,2019,2024,6,1.4313637641589871
1617227,4,242264000.0,219582000.0,0.682319011978381,0.04188312727300541,,0.002744165708645597,2015,2020,6,0.6020599913279623
1084370,1,1582483.0,0.0,NaN,-inf,,NaN,2016,2019,4,0.0
1539850,4,65211238.0,426154.0,NaN,NaN,,NaN,2012,2023,12,0.6020599913279623
708818,15,596350000.0,152597000.0,1.4391548713673223,0.2531667745433975,0.28379395904931587,0.16518519137270984,2010,2022,12,1.1760912590556811
1535929,1,11241600000.0,8756500000.0,,,,0.09778614305836539,2013,2023,11,0.0
1208261,2,39000.0,19000.0,-16.94871794871795,-inf,inf,-inf,2011,2017,7,0.30102999566398114
1069308,13,1260000.0,630000.0,,-inf,inf,-inf,2011,2022,12,1.1139433523068367
1178104,8,3505000.0,3274000.0,-0.24247257439641132,-3.683044585422096,2.1542273792826094,-5.077767201956477,2012,2017,6,0.9030899869919434
1427553,245,2082577000.0,2043378000.0,0.3129245777493467,0.02923491581954509,,,2011,2012,2,2.3891660843645326
866787,4,17457209000.0,10888676000.0,0.5235804510206593,0.19576829848265734,,0.12655157802074618,2010,2024,15,0.6020599913279623
857855,13,803818000.0,326252000.0,,,,-0.09007839286920344,2011,2023,13,1.1139433523068367
1604627,4,148954000.0,18799169.0,0.26930190685165173,-0.6619211326211886,,-0.34035487854128993,2015,2020,6,0.6020599913279623
1086722,3,0.0,0.0,NaN,-inf,,inf,2011,2011,1,0.47712125471966244
1318742,46,8549924000.0,2423270000.0,-1.4917268331530933,-0.20807400559964873,,-0.664092280745985,2012,2023,12,1.6627578316815739
1174266,2,46113000.0,34488000.0,0.7804620261004498,-0.2861675626074242,0.21457728193372702,-0.45810710539572264,2012,2014,3,0.30102999566398114
1902314,17,41168000.0,33931000.0,,0.10606393646424968,,0.055515329468018175,2022,2023,2,1.2304489213782739
1487843,20,NaN,NaN,NaN,NaN,,NaN,2011,2018,8,1.301029995663981
350868,157,171987000.0,77748000.0,0.43169780812220565,-0.0211691263087115,0.06769101732134981,-0.022802560960130072,2011,2023,13,2.1958996524092336
1485074,17,2359759.0,1779733.0,-3.077502869030818,-5.668198135256498,0.7197164533110838,-9.943250554645273,2011,2023,13,1.2304489213782739
1093430,1,49051000.0,33088000.0,,-0.2174268788410469,,-0.4875082717543915,2011,2015,5,0.0
1095130,14,12061923.0,290491.0,NaN,-inf,NaN,-inf,2012,2019,7,1.1461280356782377
1364896,3,2313125.0,1231562.5,-1.9099889174097089,-3.122278735476898,3.098147570026119,-42.70962115104026,2011,2012,2,0.47712125471966244
1651561,28,297219000.0,204270000.0,0.15499847735445993,-0.07660215952657197,0.05710761132932191,-0.16694646716781744,2016,2022,7,1.447158031342219
1092492,11,54127742.0,49779092.5,0.2616628661059365,0.07255073722949455,0.04921215763824614,-0.07165227446941602,2011,2012,2,1.041392685158225
1507103,3,,,,,,,2011,2011,1,0.47712125471966244
1818152,1,3261.0,NaN,NaN,-74.46734130634775,,NaN,2020,2023,4,0.0
1071255,19,1121719000.0,399998000.0,,-0.04577042919563682,,0.111810251307149,2011,2023,13,1.2787536009528289
1689548,33,2447000.0,2447000.0,,-51.64405394360441,35.458111973845526,-87.46587658357173,2020,2023,4,1.5185139398778873
1433966,16,8039000.0,7444500.0,-0.823998978116771,-2.1104141688128473,,-3.633074497589009,2012,2015,4,1.2041199826559246
778972,22,,,,,,,2011,2013,3,1.3424226808222062
53669,107,34978000000.0,32966500000.0,0.18413731738453384,,,0.030243866901917216,2009,2016,8,2.0293837776852093
897075,4,551000.0,10000.0,,,2531.4585551787377,-2111.5582166988916,2011,2016,6,0.6020599913279623
1670961,8,NaN,NaN,NaN,,,NaN,2017,2017,1,0.9030899869919434
1769804,4,30933000.0,30933000.0,0.405221030810081,NaN,0.28363066428671824,NaN,2019,2023,5,0.6020599913279623
1475922,45,2815691000.0,1519084000.0,0.9753909922496807,,,0.158006216086092,2011,2023,13,1.6532125137753435
1175454,4,3757719000.0,1831546000.0,,0.41467855110963653,,0.2664544240055846,2011,2023,13,0.6020599913279623
1737953,24,,,,,,,2018,2023,6,1.380211241711606
1069183,328,1189935000.0,238573000.0,0.7481633887964232,0.022819835117740515,0.15147381984096425,0.024248022384443124,2011,2023,13,2.515873843711679
1091596,23,11571438.0,3555619.5,inf,-inf,NaN,-inf,2011,2023,10,1.3617278360175928
836106,43,1011004000.0,825099000.0,0.6396805867319116,0.18050103354427785,0.2541146740134379,0.13886462661518117,2010,2011,2,1.6334684555795864
1509470,1,,,,,,,2022,2023,2,0.0
1854445,12,13482364.0,8451929.5,0.5691097390928851,-1.0479246276287335,0.6805111203716614,-1.0391547482171961,2021,2024,4,1.0791812460476247
1294608,20,1502552000.0,1502552000.0,0.09553679340215845,-0.012511380637741655,,-0.0693573333901256,2011,2011,1,1.301029995663981
1102993,394,514800000.0,222779000.0,0.7251404098363334,-0.0830212585807831,0.22369765317340387,-0.11910751702579077,2011,2023,13,2.5954962218255737
822708,1,252589072.0,13476376.0,NaN,-inf,0.023258044987789495,-inf,2011,2013,3,0.0
1109153,2,3776000.0,3776000.0,0.18591101694915255,-inf,0.5860699152542372,-inf,2011,2014,4,0.30102999566398114
1090396,11,9486853.0,5579373.0,0.7198659407543425,0.043617056833912315,,0.07022313892506492,2011,2023,13,1.041392685158225
714311,10,4526663000.0,4526663000.0,,,,-0.11107659954658285,2011,2013,3,1.0
30625,69,4954619000.0,4032036000.0,0.32778585269299937,0.10864475913259113,,0.06106381496661422,2009,2023,15,1.8388490907372552
277948,1,14657000000.0,11763000000.0,,0.3282187913799157,,0.19113119652259733,2009,2023,15,0.0
1618921,6,139081000000.0,132509000000.0,0.22331962244983297,0.02645602102859519,,0.024752661113536866,2015,2024,10,0.7781512503836435
1320695,2,6307100000.0,2880100000.0,0.1981308153909787,0.037944276392563994,,0.00601021708119986,2010,2023,14,0.30102999566398114
1864943,162,161718543.0,161718543.0,0.19483854118077232,0.039626587533626245,0.007515588363914458,0.013645695534123134,2022,2023,2,2.2095150145426303
1438533,112,227490000.0,145238000.0,-inf,-inf,inf,-inf,2011,2023,13,2.049218022670181
780127,44,58211000.0,58211000.0,1.0310766006424903,0.12600711205785847,0.07546683616498599,0.14535053512222776,2011,2011,1,1.6434526764861872
69422,3,72737000.0,58017000.0,0.8953883122144763,0.1094175268044061,,-0.04965094539086265,2012,2024,13,0.47712125471966244
1782627,13,72069000.0,72069000.0,0.41800219234344865,-0.233068309536694,,-0.2032496635169074,2021,2021,1,1.1139433523068367
109380,32,,,,,,,2010,2023,6,1.5051499783199058
1496623,11,306255000.0,265627500.0,,0.13498227022143855,,0.11099286346345366,2011,2012,2,1.041392685158225
1441683,20,545363000.0,260352000.0,0.6877397587826016,-0.24206722436540387,0.25945637934964566,-0.18044945465698925,2017,2023,7,1.301029995663981
1355559,1,64711.0,0.0,,NaN,,NaN,2011,2019,5,0.0
277058,2,74626949.0,65923918.0,,0.008710137945242323,,0.010312209876437994,2012,2018,7,0.30102999566398114
1692427,79,205485000.0,155632000.0,0.3752177349421282,-0.17114499587742982,,-0.3041872639041649,2017,2023,7,1.8976270912904412
99302,17,259481000.0,143898000.0,0.3387321418841293,0.07400758714330333,,0.04965961165764276,2011,2023,13,1.2304489213782739
701985,588,13237000000.0,10459000000.0,0.41454790073547637,0.13967521043071593,,0.06889637814406237,2009,2023,15,2.769377326076138
1288469,77,1120252000.0,384997000.0,0.49504156469318455,-0.04511677434438088,,-0.08036673530998359,2011,2023,13,1.8864907251724818
1333170,36,366378000.0,242132000.0,0.3977697349886868,-0.06708617324108576,0.08047676831895875,-0.09540031593259155,2011,2017,7,1.556302500767287
7789,92,,,,,,,2010,2023,14,1.9637878273455551
1534628,9,NaN,NaN,,,,NaN,2012,2013,2,0.9542425094393249
1389518,2,4253765.0,2874455.0,0.3466330638111373,NaN,,NaN,2011,2023,12,0.30102999566398114
1306035,2,185.0,185.0,NaN,NaN,,NaN,2011,2018,8,0.30102999566398114
931799,22,12072686.0,5538005.0,0.05671211054609055,-0.7132324559703156,,-1.1212473321722713,2011,2018,9,1.3424226808222062
1335239,3,1560252.0,964594.5,,-1.71547857112399,,-2.390142367443098,2011,2014,4,0.47712125471966244
1413119,1,401620.0,401620.0,,NaN,NaN,NaN,2011,2023,13,0.0
1661779,3,29078030.0,26566431.0,0.6628165378493196,-0.18707811373161976,0.20040030616117827,-0.3020031203381192,2022,2023,2,0.47712125471966244
813672,163,4089986000.0,1759087000.0,0.9234972675372041,0.1449390761991723,,-0.136036673562932,2010,2023,14,2.2121876044039577
1094058,11,18108000.0,18108000.0,0.6018886679920478,-0.2399491937265297,,-2.3897172520432957,2011,2011,1,1.041392685158225
887247,4,22113869.0,15086643.0,0.04363819713359018,NaN,NaN,NaN,2011,2022,12,0.6020599913279623
1302215,8,2269958000.0,1667449500.0,,0.20467470928109,,0.16184743629021855,2015,2023,9,0.9030899869919434
1360683,1,,,,,,,2014,2015,2,0.0
318996,50,436165000.0,425009500.0,0.13125188648771347,-0.22645683882472056,,-0.24551720156037166,2010,2019,9,1.6989700043360185
894544,2,108737.0,108737.0,,-5.342873171045734,,-5.33734607355362,2011,2013,3,0.30102999566398114
1422143,21,,,,,,,2011,2023,13,1.322219294733919
1865187,2,392118000.0,229251000.0,0.3794129688749737,0.08616891371892554,0.0028960185419873853,0.008057441259819628,2021,2023,3,0.30102999566398114
1830210,29,473336000.0,114348000.0,0.0337305140886264,-0.9049838409113153,0.22728632021131615,-0.680797400079351,2021,2023,3,1.462397997898956
1324759,44,20256000.0,13300000.0,0.13664230883779677,-1.284625519703408,0.10846660849574376,,2011,2023,5,1.6434526764861872
940942,25,5340490000.0,3683593000.0,0.13585807705970493,0.04812243270778193,,0.03220416684843028,2010,2023,14,1.3979400086720375
776867,1,4426500000.0,1259750000.0,0.7201225054514914,,,-0.10915148751932113,2010,2023,14,0.0
1640384,6,6960761.0,3389537.0,,-3.2076893678111595,,-3.705640700834609,2015,2023,9,0.7781512503836435
22872,29,35214000.0,501073.0,0.6615791526273979,-4.508073419311232,,-0.7202595420314442,2011,2019,6,1.462397997898956
894315,25,921588000.0,539569500.0,,,,0.019865655851232983,2010,2023,14,1.3979400086720375
72444,23,68700000.0,9300000.0,,-135.25914190357346,139.34053120015528,-184.79474544597872,2011,2023,11,1.3617278360175928
868725,25,400282000.0,261368000.0,0.2684979182490655,-0.3599745318346013,0.11320733043559315,-0.09107452982566977,2011,2016,7,1.3979400086720375
1393463,25,605493.0,120893.0,-3.3839149495559444,-30.309515192375247,,-514.653284904343,2011,2013,3,1.3979400086720375
759944,244,,,,,,,2014,2023,10,2.387389826338729
96536,6,40199354.0,28694176.5,0.3055124776708135,0.07538619899104866,0.026069958736152823,0.07539384177715748,2012,2024,12,0.7781512503836435
1848416,3,879412000.0,879412000.0,0.3176162026444943,0.0849982715723688,,-0.21975592782450093,2022,2023,2,0.47712125471966244
1076522,55,40964127.0,31458065.0,1.1856858984495524,-0.10285655805682528,,-0.09061978235933475,2011,2017,7,1.7403626894942439
1464343,11,1155876000.0,509305000.0,-1.495771196455521,,,-0.31992866796560643,2011,2023,13,1.041392685158225
1807166,5,845009.0,685790.5,,-8.99645772281538,4.390183084385819,-12.203818966536643,2021,2024,4,0.6989700043360187
1861522,10,21834518.0,16477984.0,0.6451227412617623,-0.402375296699788,,-0.36250474883692485,2021,2023,3,1.0
1484949,1,,,,,,,2011,2017,7,0.0
93410,83,273005000000.0,158902000000.0,0.3472214644621585,,,0.08819558226509584,2009,2023,15,1.919078092376074
1409171,6,2198420000.0,1711906000.0,0.1847962884583169,0.024707478141134283,,0.014746537082853504,2011,2023,13,0.7781512503836435
892222,6,218581000.0,206186000.0,0.2872849050560633,0.02130520839860078,,0.017245799377582666,2011,2019,9,0.7781512503836435
1418091,64,3459329000.0,2529619000.0,0.6285323155475263,-0.16065629111486865,0.3360885092301539,-0.1886926555016954,2014,2021,8,1.8061799739838869
1175609,44,984018000.0,304229000.0,0.5515999604504236,-0.1469022839827585,0.4877584679135877,0.006193559776470216,2010,2017,8,1.6434526764861872
1403431,36,444427000.0,160079000.0,,0.06643240220116903,,0.010121201979424042,2011,2022,12,1.556302500767287
1481427,1,51559.0,7979.0,NaN,-60.05366244761228,,-93.70968818739534,2011,2014,4,0.0
1513153,675,72144000000.0,65784000000.0,0.15266088795543653,,0.029805417364996856,0.009426054566864267,2011,2014,4,2.829303772831025
1043325,10,219157000.0,219157000.0,,-1.6170553530117677,,0.30975054413046355,2011,2011,1,1.0
1565687,5,430523000.0,350873000.0,0.5503099871765161,-0.3259473519030282,0.19995193219366772,-0.1942285278860009,2022,2024,3,0.6989700043360187
1164191,3,425918.0,425918.0,,-3.8293803032508604,,-11.09356730638292,2014,2014,1,0.47712125471966244
1580883,7,0.0,0.0,,NaN,inf,NaN,2014,2017,3,0.8450980400142567
1356104,120,863893000.0,500799000.0,0.6727642015991124,0.1337491842383669,0.38973340435459475,,2011,2019,9,2.0791812460476247
1477720,50,652504000.0,302720500.0,0.7430468606739985,-0.7786575636710698,0.5344711264871052,-0.7852816591310026,2020,2023,4,1.6989700043360185
1024729,81,1599094000.0,1599094000.0,0.4102548067843416,0.08872086318878064,,0.039117775440343096,2011,2011,1,1.9084850188786497
1065860,18,120083000.0,51565000.0,0.22613279593093938,-0.12718318102596587,,-0.2479502489474329,2011,2015,5,1.2552725051033058
1089473,159,2073191000.0,2073191000.0,,0.023818355375843325,,-0.11459291497985473,2015,2015,1,2.2013971243204513
1841610,1,,,,,,,2021,2022,2,0.0
1875444,14,796922000.0,796922000.0,0.5836685815341193,0.09662635322737567,,0.09897518201279423,2021,2023,3,1.1461280356782377
1481028,2,NaN,NaN,,NaN,NaN,NaN,2012,2024,12,0.30102999566398114
1163932,115,337390000.0,337390000.0,0.5527016212691543,-0.06080500311212543,0.2412875307507632,-0.1275260084768369,2011,2012,2,2.0606978403536114
1712762,7,4803.0,NaN,NaN,NaN,NaN,NaN,2022,2023,2,0.8450980400142567
1803977,2,58688296.0,7760247.5,0.47856021968104534,-6.880991837819249,,-6.832743611092719,2020,2023,4,0.30102999566398114
775158,44,8382000000.0,7624900000.0,0.19221826830177494,0.07630196204737939,,-0.006115356304496116,2010,2023,14,1.6434526764861872
1617867,2,,,,,,,2023,2023,1,0.30102999566398114
1892492,2,75297484.0,53559131.5,0.090865642239665,-0.07302858828618179,,-0.3133591350072566,2022,2023,2,0.30102999566398114
1793229,53,1117602000.0,1027682500.0,,0.22214715189974657,,-0.10014471606181138,2020,2023,4,1.724275869600789
90498,26,,,,,,,2011,2023,13,1.414973347970818
920527,60,2055171000.0,2044980000.0,0.2957013929243026,0.06222081716167906,,0.03391951150544904,2010,2011,2,1.7781512503836434
1613011,2,146763.0,146763.0,0.11913765731144771,-4.113121154514421,,-4.632925192316865,2015,2015,1,0.30102999566398114
944765,14,94466000.0,56752000.0,1.9101196293218798,0.38444870940512765,0.46627819862889397,-0.06062555041310664,2011,2014,4,1.1461280356782377
1045150,43,,,,,,,2011,2012,2,1.6334684555795864
1289636,14,58208060.0,26356176.0,0.5510185394300868,0.19495981939799656,0.036305191742007206,0.10155747126734845,2011,2023,13,1.1461280356782377
1072842,1,,,,,,,2021,2023,3,0.0
2034,2,558524000.0,499690000.0,0.21773259269472506,0.08192417495706962,0.009984601266016876,0.03883564678731725,2012,2018,7,0.30102999566398114
1469628,4,11902581.0,11902581.0,0.3049699892821565,0.07915073209751734,,0.03292353145926921,2012,2012,1,0.6020599913279623
730716,26,166837000.0,134083500.0,0.4519704266857844,0.19318336052639468,,0.11767185284709687,2012,2013,2,1.414973347970818
1837686,1,433028000.0,433028000.0,0.7046558517262023,-0.19860164205347372,0.27214491687182263,-0.21148435733352236,2021,2023,3,0.0
8328,2,4013134.0,507474.0,inf,-inf,,-inf,2011,2021,11,0.30102999566398114
1418115,70,2411093.0,479529.0,NaN,-inf,0.012239207753095352,NaN,2011,2021,6,1.845098040014257
1428336,17,756556000.0,258384000.0,0.5893124934398518,0.17021012852217696,0.14987771414428036,0.14336796360877302,2014,2023,10,1.2304489213782739
1772921,22,1936310000.0,1744822000.0,0.32686490436592186,0.05447989801298557,,0.0482826982604602,2020,2024,5,1.3424226808222062
1995920,223,11935.0,11935.0,0.9687473816506075,-2.8791788856304987,,3.455048177628823,2024,2024,1,2.3483048630481607
1567771,2,29930.0,NaN,NaN,NaN,NaN,NaN,2013,2020,8,0.30102999566398114
93556,140,15781100000.0,11171800000.0,0.34295887983980666,,,0.06579703456241028,2010,2023,14,2.1461280356782377
820901,7,3530721.0,1812444.5,,-1.6642101913380711,,-0.7082508425580806,2011,2016,6,0.8450980400142567
1339455,5,16155000.0,16155000.0,0.8456824512534818,-2.41454658000619,0.2207366140513773,-2.402537913958527,2011,2011,1,0.6989700043360187
1840574,2,,,,,,,2021,2023,3,0.30102999566398114
1888654,13,,,,,,,2022,2024,3,1.1139433523068367
1454938,30,1015630000.0,1015630000.0,0.19511907369764028,0.018165151739476946,0.03887134523404809,-0.011383231153799992,2021,2023,3,1.4771212547196624
1083712,104,13962000.0,11474500.0,0.3906024033936449,-0.8126975868346162,,-0.8560298126575248,2011,2014,4,2.0170333392987803
1335105,1,0.0,NaN,,NaN,NaN,NaN,2011,2023,13,0.0
887497,56,232384000.0,195861500.0,0.6530291821300394,,0.06662953314453128,0.1868494563337001,2012,2013,2,1.7481880270062005
1271046,16,166667.0,166667.0,,NaN,,NaN,2011,2014,4,1.2041199826559246
1049521,99,988197000.0,270154000.0,0.5024511339283471,0.08829000627895091,0.15236639541110755,0.034346396522197294,2012,2024,13,1.9956351945975497
767920,39,654304000.0,654304000.0,0.6951250434074876,-0.04441546010258814,0.33005216396929893,-0.029763960131983548,2010,2014,5,1.591064607026499
721683,124,4927965000.0,2064305000.0,0.3291489234159074,0.1784254781275686,,0.11275774003105626,2010,2018,9,2.093421685162235
842013,4,495451.0,58023.5,0.7264557729424196,NaN,,NaN,2011,2020,10,0.6020599913279623
773717,14,0.0,NaN,,NaN,,NaN,2011,2023,13,1.1461280356782377
1477845,1,,,,,,,2020,2023,4,0.0
1522704,3,85627.0,85627.0,NaN,NaN,,NaN,2012,2018,7,0.47712125471966244
8858,155,27499654000.0,19534679000.0,0.12252850887451296,0.02222969924465621,,0.0161155984385887,2010,2024,15,2.1903316981702914
838875,41,39136114.0,19396199.5,0.5747353448869238,0.15123283800962103,,0.08935853316687292,2011,2023,12,1.6127838567197355
743316,51,2453663000.0,2314329000.0,0.6015311902489526,0.2509291630820026,0.21872639928654525,0.17995569137851164,2011,2021,11,1.7075701760979363
1815776,15,,,,,,,2021,2023,3,1.1760912590556811
914748,59,8448215000.0,2588437000.0,,,,0.08615082184652398,2011,2023,13,1.7708520116421442
1591890,10,58220000.0,20095000.0,,,,0.09770394655135145,2014,2023,10,1.0
1408287,4,653533000.0,645972000.0,0.47818595077377074,0.05380580090738957,,0.026893444978682794,2012,2014,3,0.6020599913279623
1828522,4,3553000.0,3553000.0,,-2.5277107825095437,9.026079802550392,2.668343111996363,2021,2023,3,0.6020599913279623
1863127,9,,,,,,,2021,2023,3,0.9542425094393249
1494259,71,1655035000.0,551451000.0,0.7423976205663608,0.04984821063585604,0.08788186860560385,0.11076920951088028,2017,2023,7,1.851258348719075
1018164,58,409160000.0,207274000.0,0.8115433674740689,0.06366067485412638,,0.08725000203186689,2011,2023,13,1.7634279935629371
1089872,306,278473000.0,82035000.0,0.6165503695648492,-0.28513295340426514,,0.22984180492103926,2011,2023,13,2.4857214264815797
1854963,7,17562903.0,13520861.0,,-0.4162804131421582,,-2.3449194851569897,2022,2023,2,0.8450980400142567
1125376,2,3729355000.0,2036524000.0,0.21276132948843507,0.07623148549095683,,0.057822850747348005,2011,2023,13,0.30102999566398114
1316625,19,767227000.0,637123000.0,0.2720708453804136,-0.08411348312163193,0.09984013512620908,-0.058375203182379716,2012,2015,4,1.2787536009528289
923796,19,2477922000.0,2303355000.0,,0.12497652949579967,,0.05279437878862817,2010,2023,14,1.2787536009528289
1419428,1,485348000.0,471472000.0,,0.3352159655982329,,-0.23866646230895294,2011,2014,4,0.0
1360442,3,2035283.0,339238.0,0.9661699751445044,-378.0440854894714,0.41940630747270247,-350.23155648057667,2011,2023,12,0.47712125471966244
1161315,49,57794000.0,57794000.0,0.9320344672457348,-0.09793404159601343,0.4083641900543309,-0.020434647195210577,2014,2014,1,1.6901960800285134
1393052,30,2363673000.0,862210000.0,0.7833383296060057,0.23843848450143101,0.1793655049431981,0.21533764673881323,2013,2023,11,1.4771212547196624
1393311,18,4517690000.0,2560549000.0,,0.4545061222309093,,0.4910766664404589,2009,2023,15,1.2552725051033058
1293310,18,3595000.0,3595000.0,,NaN,NaN,NaN,2012,2022,10,1.2552725051033058
18808,7,,,,,,,2011,2011,1,0.8450980400142567
1420565,25,0.0,0.0,,-inf,inf,-inf,2017,2023,7,1.3979400086720375
1183186,3,,,,,,,2011,2012,2,0.47712125471966244
1700844,43,774805.0,581421.5,NaN,-33.82976611963355,,NaN,2019,2024,6,1.6334684555795864
1535527,71,3055555000.0,874438000.0,0.6357706129369646,-0.24114336793313912,0.30088996202151597,-0.23155578367835233,2019,2023,5,1.851258348719075
100493,283,53282000000.0,38260000000.0,0.09639054794904874,0.056654744890547906,,0.038654082405142884,2010,2024,15,2.45178643552429
1267238,363,10325494000.0,8700501000.0,,,,0.05681902214577325,2009,2023,15,2.559906625036112
708955,31,,,,,,,2011,2023,12,1.4913616938342726
934538,3,,,,,,,2011,2013,3,0.47712125471966244
1388488,1,47500.0,23750.0,,-inf,,-inf,2011,2014,4,0.0
1760717,5,582200000.0,524000000.0,0.6264158903667321,0.2780357450561941,0.06442804013216823,0.050205159703278386,2019,2022,4,0.6989700043360187
1485589,91,595171000.0,478642000.0,,-0.290463113007898,,-0.23103793633388314,2011,2013,3,1.9590413923210932
3499,3,232825000.0,226350000.0,,0.4363978592555969,,0.293477339356954,2011,2023,13,0.47712125471966244
1502777,63,227187.0,227187.0,0.11308305492831897,-6.558148133475947,,,2012,2012,1,1.7993405494535815
922224,9,7769000000.0,7447000000.0,,0.3408520476401735,,0.050765166578350875,2009,2023,14,0.9542425094393249
1021162,31,3886072000.0,3303440000.0,0.24094031222652415,0.0019107420102686817,,0.030281863340356867,2010,2023,14,1.4913616938342726
1296445,34,829424000.0,222511500.0,0.7444754910423842,0.4337623996151899,0.02753440238452659,0.10040529024270896,2010,2023,14,1.5314789170422551
1757073,24,2844500000.0,2569100000.0,0.6342024116651993,0.07189053919652552,0.049270871969022814,0.06247390411574755,2019,2023,5,1.380211241711606
1679363,2,70808000.0,44945000.0,,-2.9571062307477196,1.9683436649376922,-2.574792627329532,2019,2023,5,0.30102999566398114
2186,107,74094000.0,45364000.0,0.4219987053201401,0.026845084145733458,,-0.004821324861649541,2011,2023,13,2.0293837776852093
1840425,2,,,,,,,2022,2023,2,0.30102999566398114
1873875,24,12000.0,12000.0,,-2503.4166666666665,525.75,-1538.25,2024,2024,1,1.380211241711606
1651311,12,43947000.0,31133000.0,,-2.6745706680931476,2.020559030955407,-1.9315541797679991,2019,2023,5,1.0791812460476247
1770450,145,9066000000.0,7107000000.0,,,,0.054452934466314204,2019,2023,5,2.1613680022349744
75829,155,2789147000.0,2629055500.0,0.518369797237168,,0.034534895029397814,0.11670412957337833,2011,2014,4,2.1903316981702914
1069799,28,2157592.0,1957535.0,0.43844652043424925,-0.07255484566826532,0.02375564981701823,-0.19892007851493368,2012,2015,4,1.447158031342219
1042825,98,1047139000.0,1031925000.0,0.3475615868271146,0.21271494398402058,,0.04250439336460893,2011,2012,2,1.9912260756924949
1592411,2,1187811.0,1187811.0,,NaN,,NaN,2015,2018,4,0.30102999566398114
1895618,8,NaN,NaN,,NaN,NaN,NaN,2022,2023,2,0.9030899869919434
1394130,66,NaN,NaN,,NaN,NaN,NaN,2012,2015,4,1.8195439355418683
850141,24,1430500000.0,1128910000.0,,,,0.07703544671874937,2011,2023,13,1.380211241711606
1022344,100,4880084000.0,4543849000.0,,0.5164055261917224,,,2011,2015,5,2.0
1490978,1,216666000.0,96819000.0,0.5984749734681669,-0.8900520126099833,0.8140951119384623,-0.8820651925916356,2020,2023,4,0.0
1856696,16,,,,,,,2022,2022,1,1.2041199826559246
1705012,3,480457000.0,22505000.0,,-0.04104913071590599,,-0.3644289161465058,2018,2023,6,0.47712125471966244
1832038,16,,,,,,,2021,2023,3,1.2041199826559246
1811063,28,,,,,,,2021,2023,3,1.447158031342219
1805284,3,,,,,,,2020,2023,4,0.47712125471966244
1545391,62,359355000.0,359355000.0,0.2563092206870643,0.0690737571482239,,0.034631492535236744,2014,2014,1,1.7923916894982537
1611052,48,720203000.0,400291000.0,0.9023343167482866,-0.6123046226716179,0.46857683411763656,-0.4068127915610602,2021,2023,3,1.6812412373755872
104819,29,1272694000.0,1272694000.0,,0.010678922034676049,,0.07629878038240143,2018,2020,3,1.462397997898956
2969,154,12698600000.0,9877850000.0,0.314133044835132,0.17717979375110388,0.010387043445745033,0.15982092358180164,2009,2024,16,2.187520720836463
1549848,11,842840000.0,386547000.0,0.34720169345041285,0.17182595426323985,,0.2110156359335788,2012,2019,7,1.041392685158225
1410240,4,10106000.0,10106000.0,0.3122897288739363,-5.944686324955472,1.689293489016426,-16.1944389471601,2011,2011,1,0.6020599913279623
1509991,4,1499416000.0,882738000.0,,,,-0.4540418307137406,2011,2023,13,0.6020599913279623
1096934,19,9094051.0,4410374.0,0.3700685578713301,0.06453431670859959,,-0.31671466255337005,2011,2021,11,1.2787536009528289
729156,34,31270000.0,31270000.0,0.4082826990725935,-0.23383434601854813,,-0.01746082507195395,2012,2012,1,1.5314789170422551
1022368,46,258911000.0,258911000.0,0.3135285870434242,0.1112737581640023,0.015514983913391088,0.07124455894110332,2012,2012,1,1.6627578316815739
1691507,1,,,,,,,2017,2019,3,0.0
1032220,73,4904728000.0,2246028500.0,0.2558513447928407,0.11407358121507959,,0.07553568234375077,2011,2024,14,1.8633228601204557
1612630,3,101252310.0,36684884.0,0.8247424883083468,-0.32666018019394705,,-0.15325682260783818,2014,2023,10,0.47712125471966244
1434728,1,44728000.0,35291500.0,,0.5485536192123737,,0.4914280531090277,2016,2023,8,0.0
1806201,4,215655000.0,108892000.0,1.3396600648040964,0.8736320836642233,0.030632504872278584,0.7837780371810127,2020,2023,4,0.6020599913279623
1028153,13,10187362.0,6139991.0,-1.1547313270526416,-7.979005701334152,1.1257530533859108,-7.184511759018619,2011,2016,6,1.1139433523068367
1457543,37,3598000000.0,3550000000.0,0.5100111298806624,0.14846055702598543,0.04977782752376473,0.08730760774947395,2012,2014,3,1.5682017240669948
1381792,12,39630752.0,39630752.0,0.3787487807448115,0.32061877099884456,,0.2680248661443517,2011,2011,1,1.0791812460476247
1088413,1,74170351.0,54684018.5,0.16508721412386773,0.07829279931859513,,0.08009616563946591,2012,2024,12,0.0
1793497,1,,,,,,,2022,2023,2,0.0
1766368,28,539392000.0,519704000.0,0.20489028172166127,0.025033972710453944,,0.004031572315300644,2019,2023,5,1.447158031342219
930236,5,,,,,,,2010,2023,14,0.6989700043360187
893538,18,2622894000.0,1580141500.0,0.6663434853871881,-0.1439014927418411,,0.0805113099650782,2010,2023,14,1.2552725051033058
784977,23,2647000000.0,2123000000.0,,0.145160557439612,,,2010,2023,14,1.3617278360175928
1572386,1,15479.0,NaN,-1.741294657277602,NaN,NaN,NaN,2013,2023,11,0.0
1810140,11,534474000.0,534474000.0,0.16748616396681598,-0.2401276769309639,,-0.014185909885232958,2021,2022,2,1.041392685158225
707511,1,93308.0,76761.0,,-20.08222874367201,1.5006320471070358,-26.637589745045332,2011,2022,12,0.0
1347452,2,11429383.0,6937819.0,0.0767005724326488,-1.0694824993784966,,-1.1967816482552318,2011,2014,4,0.30102999566398114
744218,35,46793000.0,6786000.0,,-17.481428717935238,11.89951828675316,,2011,2023,13,1.5440680443502754
1688667,3,22803335.0,22803335.0,0.6236432521821917,-0.41445578026196606,0.18959055769693337,-0.7539966851339946,2017,2017,1,0.47712125471966244
701345,39,11908000000.0,11183000000.0,,0.04158383779049849,,0.016945615692130135,2011,2012,2,1.591064607026499
1829427,21,,,,,,,2021,2021,1,1.322219294733919
1379699,4,0.0,0.0,,-inf,,NaN,2011,2013,3,0.6020599913279623
1038773,2,,,,,,,2011,2023,13,0.30102999566398114
1880431,8,256385.0,256385.0,-0.5676190104725315,-22.449055131930496,5.395693975856622,-80.95332800280828,2023,2023,1,0.9030899869919434
1563880,5,,,,,,,2019,2023,5,0.6989700043360187
1477333,50,975241000.0,287022000.0,0.927475987716128,-0.3706250109717245,0.4291697544274585,-0.2943460593390416,2019,2023,5,1.6989700043360185
1510247,3,325756.0,3565.0,NaN,-891.2697778419312,,-1461.2462587032908,2012,2021,10,0.47712125471966244
19612,60,436063000.0,436063000.0,,,,0.6775809917374325,2011,2020,10,1.7781512503836434
1570132,9,137910.0,NaN,NaN,NaN,,NaN,2013,2023,11,0.9542425094393249
1548240,6,51348082.0,27883649.0,0.3305321231496141,0.18044410883829057,,0.17526864733038103,2012,2020,9,0.7781512503836435
1121702,20,2067000.0,799000.0,-1.9988054929916985,-34.2139080403403,,-46.02511302042054,2011,2023,13,1.301029995663981
1173489,8,100326000.0,72653000.0,0.9285775591980763,0.11637821771679643,0.4802219526543432,0.12250767252102152,2011,2023,13,0.9030899869919434
1057083,25,107164000.0,85393000.0,0.457684075936404,-0.0064240343393032135,0.13611947594167562,-0.011039700516535857,2011,2022,12,1.3979400086720375
1174814,13,0.0,0.0,,-inf,,-inf,2011,2017,6,1.1139433523068367
1722992,2,246307000.0,246307000.0,,,,-0.8941605394893365,2018,2019,2,0.30102999566398114
1597264,36,793735000.0,44521000.0,0.9854183291606826,,4.677526517909142,-4.122503132102575,2015,2023,9,1.556302500767287
1750106,2,24257953.0,19163353.5,0.22798820821366386,-0.920213300301674,,-3.1146411740205235,2020,2023,4,0.30102999566398114
1016708,65,0.0,NaN,,NaN,NaN,NaN,2011,2021,11,1.8129133566428552
1739614,2,12888000.0,10059500.0,,-30.265973890735573,26.641752916850827,-24.16731391578259,2020,2023,4,0.30102999566398114
1305773,52,99860000.0,68761000.0,0.4693826429752988,-0.6866524837352002,0.23290751759458056,-0.7396469881820684,2015,2022,8,1.716003343634799
879101,7,1727684000.0,1164762000.0,,0.32922795866648374,,0.4127232208658987,2009,2023,15,0.8450980400142567
1024732,5,1268222000.0,965285500.0,0.25363424708441046,0.17729523035561257,,0.06151999972915914,2011,2014,4,0.6989700043360187
1191070,12,,,,,,,2024,2024,1,1.0791812460476247
1294632,30,,,,,,,2011,2016,6,1.4771212547196624
1803599,3,6324473000.0,5587015000.0,0.3561162648618728,0.10889090336775449,,0.048396090644727725,2021,2023,3,0.47712125471966244
1826018,30,109837000.0,79318500.0,,-0.4171295290846033,0.3580224339882482,-0.7562925596192689,2021,2022,2,1.4771212547196624
1231457,6,11068000.0,11068000.0,,-0.27222623780267435,0.8202023852547886,-2.5566498012287675,2023,2023,1,0.7781512503836435
1043337,26,899923000.0,824444000.0,0.25912995643703396,0.0377946224855239,0.06256957097331721,0.04221405996641255,2011,2023,13,1.414973347970818
1590717,9,196132000.0,26092500.0,NaN,,,NaN,2014,2023,10,0.9542425094393249
1789192,24,426591.0,394004.0,0.6314064911613263,-9.510100923089729,2.1140768541940993,-11.957247129499546,2019,2023,5,1.380211241711606
1391614,1,2565512.0,2565512.0,0.7756958455076414,0.016722198142125236,0.14684281344230704,0.19317742423344736,2011,2011,1,0.0
50957,1,1224370000.0,1148347000.0,0.23380013953635378,-0.09107150728635015,,-0.06642490567688587,2011,2012,2,0.0
1171155,39,1459419000.0,872857000.0,,0.025035473365837713,,0.018853423443274047,2012,2024,12,1.591064607026499
1021561,2,2695669000.0,2420416000.0,0.7332490767557169,0.09721832915347617,,0.061625056722694645,2010,2023,14,0.30102999566398114
1720893,18,1380000.0,877500.0,0.5168115942028986,-270.7023913043478,100.83023188405797,-202.6315507246377,2018,2023,6,1.2552725051033058
1062478,33,134943000.0,134943000.0,,0.13853956396206477,,0.07573327138031505,2011,2013,3,1.5185139398778873
1687065,1,0.0,0.0,,,,NaN,2017,2022,6,0.0
1678660,2,,,,,,,2020,2023,4,0.30102999566398114
820097,8,45970284.0,45970284.0,0.3223519567553683,0.055198527814185355,0.031639134533082286,0.03301756847967265,2011,2011,1,0.9030899869919434
1844224,4,,,,,,,2021,2022,2,0.6020599913279623
1676725,6,50931000.0,23739500.0,,-1.5817033141411807,1.83812378529043,-2.057769619147062,2019,2023,5,0.7781512503836435
1660734,43,147874000.0,83039000.0,0.1352924407953329,4.956038228742713,,3.4423044926621587,2016,2022,7,1.6334684555795864
1022097,1,,,,,,,2011,2011,1,0.0
1800315,1,,,,,,,2020,2023,4,0.0
1658605,4,1481073.0,NaN,0.28582318359729736,-0.8325301993892266,,NaN,2016,2017,2,0.6020599913279623
1300524,850,11293189.0,20169.0,0.7970218749885337,-inf,,NaN,2011,2022,12,2.929418925714293
72170,6,847834.0,492636.0,0.5231499117215679,-21.548868682384768,0.1785976318774817,-22.372737480562247,2011,2014,4,0.7781512503836435
1092367,19,34096000.0,NaN,NaN,NaN,NaN,NaN,2012,2013,2,1.2787536009528289
1289496,49,5974984.0,4229745.0,NaN,-inf,,inf,2011,2019,9,1.6901960800285134
1626644,16,257220.0,0.0,NaN,-inf,,-inf,2015,2024,11,1.2041199826559246
1033905,90,417396000.0,226983000.0,0.6507973138875087,0.08052840835761813,0.18505188154649865,0.08241308761982996,2010,2020,11,1.9542425094393248
1829966,17,58596620.0,164807.0,0.5497177669073898,-66.62344978391802,,-115.0124583377629,2021,2023,3,1.2304489213782739
352541,126,4205000000.0,3382200000.0,0.8707299941478389,0.18163482508037676,,0.12819144549730765,2010,2023,14,2.1003705451175625
724571,1,2125424000.0,1955275000.0,0.27390876423872307,-0.007401090697752266,,-0.013533075815892609,2011,2018,8,0.0
720858,11,329498000.0,127200072.0,,,,0.1285049183370464,2011,2023,13,1.041392685158225
1735184,9,322879000.0,147376500.0,,,,-1.0179966768593312,2019,2022,4,0.9542425094393249
1323854,6,2803621000.0,2475000000.0,0.8456809222424289,,0.05768126338127657,0.2035113690973642,2010,2012,3,0.7781512503836435
1744494,4,7837000.0,7069000.0,-0.5888271940701464,-5.858454195083426,0.5884644122723626,-4.276716762410952,2019,2023,5,0.6020599913279623
1789972,12,18943000.0,9471500.0,,-inf,inf,-inf,2021,2023,3,1.0791812460476247
1690334,5,279511000.0,179161000.0,,-0.43101492955814624,,-0.40238447604404887,2017,2023,7,0.6989700043360187
1675820,42,695865000.0,355249000.0,,3.2192338587300973,17.251120040614634,-0.6088886465946881,2016,2019,4,1.6232492903979003
1096056,30,487900000.0,388000000.0,0.253549591007043,0.0749562570319956,0.012706136057621081,0.03548149375141227,2018,2023,6,1.4771212547196624
1075736,104,65793000.0,16387000.0,0.6289829362271396,-0.31831026406685076,0.12237340483875117,-0.1395857690509067,2011,2023,13,2.0170333392987803
1551152,338,56197000000.0,28216000000.0,0.7477831579162587,0.26744840764252714,,0.20838107617829488,2013,2023,11,2.5289167002776547
1515353,5,4538.0,2269.0,0.6055531070956368,-97.09938298810049,inf,NaN,2011,2014,4,0.6989700043360187
831259,11,22845000000.0,18628000000.0,0.13548190704019317,-0.023104973426111307,,,2009,2023,15,1.041392685158225
1897982,161,482311000.0,300640000.0,0.8193932674327256,-0.23371202525062298,,-0.08061012155953971,2022,2024,3,2.2068258760318495
1008848,419,588287000.0,269326000.0,0.6791683107301573,-0.3704619069428076,0.29626127190827406,-0.6680544169636919,2010,2023,14,2.622214022966295
1142576,14,62417155.0,41964096.0,0.9205863655650626,-1.527350936579666,1.1244469582233656,,2011,2012,2,1.1461280356782377
940332,1,216714000.0,134242000.0,0.07063365342187372,-0.44633339145925816,0.30755053540239635,-0.35675635426429564,2011,2015,5,0.0
1472343,9,5985000.0,5057000.0,-0.1468895691869579,-5.636982113182898,1.4271668999581326,-6.009478863815219,2014,2016,3,0.9542425094393249
203248,25,3070154000.0,2868054000.0,,0.145985785859045,,0.07868350604171515,2010,2011,2,1.3979400086720375
1785530,4,,,,,,,2021,2023,3,0.6020599913279623
1273636,3,41692000.0,2354000.0,,-24.485095006185823,20.970963864344455,-31.213008623887724,2014,2022,9,0.47712125471966244
1005731,83,1651541000.0,1496261000.0,0.15966437888345636,0.02603450475791741,NaN,0.023208016756604256,2012,2024,13,1.919078092376074
884219,62,1306965000.0,1064987000.0,0.8370559664717708,,,-0.134256357187137,2011,2023,13,1.7923916894982537
1587987,135,,,,,,,2022,2023,2,2.130333768495006
883948,7,,,,,,,2013,2023,11,0.8450980400142567
860731,100,1850204000.0,591022000.0,0.4677839593573351,0.17170584319592083,,0.13362443927666215,2011,2023,13,2.0
1062231,81,6266000000.0,3948000000.0,0.15176553764297415,0.03799778780936345,,0.013871720794460777,2011,2023,13,1.9084850188786497
1894954,6,7162837.0,5840168.0,0.3418947717667198,-0.6403020671109154,,-1.0485941607368123,2022,2023,2,0.7781512503836435
1172706,4,100377278.0,91136244.0,0.2720232803754905,-0.9861438282125105,0.01659034685387031,-1.0290318440718773,2011,2021,11,0.6020599913279623
1892322,4,10822514.0,8818312.0,0.6608314176706614,-0.1516635095168283,0.05804196208731521,-0.26054200570756514,2021,2023,3,0.6020599913279623
94845,113,6168600000.0,4753992000.0,0.519280002466729,0.07001444546047714,,0.0402810473329308,2011,2023,13,2.0530784434834195
1090908,22,27463000.0,20877000.0,0.4624217812557124,-0.28329024505698575,0.1689544280060257,-0.39378710231007485,2011,2017,7,1.3424226808222062
1513525,12,,,,,,,2018,2023,6,1.0791812460476247
1798749,1,,,,,,,2021,2023,3,0.0
1929589,2,43685000.0,43685000.0,0.6895730800045782,-1.0814467208423943,0.8092022433329518,-1.0873984205104728,2023,2023,1,0.30102999566398114
880804,26,567071000.0,463898000.0,0.5945592231711335,0.07738361609641123,0.02625019108168341,0.044994559627680564,2011,2014,4,1.414973347970818
63908,721,23222900000.0,18169300000.0,,0.4555592153007861,,0.3106258505646521,2009,2023,15,2.857935264719429
1273931,79,1630400000.0,1441150000.0,0.515187958820919,0.05496188847394431,,-0.013994527450737128,2011,2022,12,1.8976270912904412
1179929,101,34072000000.0,16829000000.0,0.13254440398943568,0.025722569036415625,,0.011639561867021163,2011,2023,13,2.0043213737826426
319240,10,33936000.0,33936000.0,1.6173385195662424,-0.1298031588873173,0.33625058934464874,-0.035183875530410184,2011,2011,1,1.0
909791,69,215711000.0,140340000.0,0.555809269667695,0.020048141194782598,0.1950174682076421,0.07643386311912453,2011,2016,6,1.8388490907372552
820380,10,,,,,,,2014,2016,3,1.0
1735041,1,98839900.0,66864375.0,0.23129597851292055,0.09625252107273571,0.047134610256964984,0.05362610912796843,2018,2023,6,0.0
1211524,11,668992.0,585599.0,,-0.10127194412961027,,,2011,2015,5,1.041392685158225
1643269,31,242125000.0,202637000.0,0.530160168102685,-0.33929579660987635,0.30540863763082077,-0.3920893311755065,2020,2022,3,1.4913616938342726
1783032,4,,,,,,,2021,2023,3,0.6020599913279623
792977,44,474002000.0,97086500.0,0.8390144910819594,0.021394878549304122,,-0.1747164888212238,2010,2019,10,1.6434526764861872
1126975,9,2826573000.0,2205410000.0,0.5941860315336431,0.48523153337232294,,,2010,2022,13,0.9542425094393249
1455694,2,NaN,NaN,,NaN,NaN,NaN,2011,2015,5,0.30102999566398114
719164,28,460730000.0,455293000.0,0.3540636138794932,0.015614322779770878,,0.011740294955137287,2011,2013,3,1.447158031342219
31667,23,204635100.0,106628100.0,0.6455660402622005,,,0.029651356759735174,2011,2023,13,1.3617278360175928
1373670,13,1777710000.0,458250000.0,0.2056161346702039,0.0838935835702072,,0.07518817105795422,2011,2023,13,1.1139433523068367
700565,3,,,,,,,2011,2023,13,0.47712125471966244
1437786,6,2196000.0,1853000.0,0.5291625626603239,-40.47899141380947,37.61783665639693,-50.12662496450834,2014,2018,5,0.7781512503836435
1551986,9,4065000.0,2974000.0,0.2859617252571888,-2.3726548603776,0.09141081692282668,-2.8685613951200586,2016,2022,7,0.9542425094393249
1320350,32,29493000.0,29468000.0,0.4626590455144555,-0.7119785742416621,0.34754118138357637,-0.6648885468692843,2020,2023,4,1.5051499783199058
1262823,39,15794000000.0,4463000000.0,0.2443917850961575,0.14516237798159243,,0.151773053903173,2011,2023,13,1.591064607026499
38777,247,8491400000.0,6859500000.0,,0.3073906098171995,,0.22285922184457838,2009,2024,16,2.392696953259666
1267813,39,30989000.0,25478000.0,0.8355402247691109,-5.409770022061487,3.7170022679465657,-4.008144444237037,2014,2023,10,1.591064607026499
1191359,1,1032983.0,1032983.0,,-12.386423590707688,,-13.432737034394565,2011,2016,6,0.0
1715433,4,339442.0,18111.0,NaN,NaN,NaN,NaN,2018,2022,5,0.6020599913279623
1499785,1,150136738.0,NaN,NaN,NaN,,NaN,2011,2022,12,0.0
36047,13,1788378000.0,1715376500.0,,0.11170930769042936,,0.07804424475487136,2010,2020,11,1.1139433523068367
1661181,84,467359000.0,260981000.0,0.8571693268996879,-0.10588066631915394,0.0682030706733322,-0.05373868242145794,2016,2023,8,1.9242792860618814
1690680,32,2906443000.0,2132855500.0,,0.10934787704310238,,0.19005930265507653,2018,2023,6,1.5051499783199058
1075656,49,38372000.0,29876000.0,0.17840921436783327,-0.2813113270980423,0.05632444861650865,-0.25553262995136955,2011,2013,3,1.6901960800285134
864328,48,4730493000.0,4730493000.0,0.31063591046430045,0.04846725277893869,0.014009110678316193,0.15931531872048008,2009,2009,1,1.6812412373755872
49930,2,7248000.0,7248000.0,0.3572019867549669,-0.20019315673289184,,0.3798289183222958,2011,2011,1,0.30102999566398114
1388658,53,322825000.0,206221500.0,0.5501322507628273,-0.4062429179260494,0.19180939370672634,-0.41669695819511376,2016,2023,8,1.724275869600789
1865631,39,3926000.0,3926000.0,,-27.702708606378327,6.386988692292782,-81.57384739124213,2021,2023,3,1.591064607026499
1661059,7,22378000.0,6347000.0,,-5.1876397681181965,3.5295919827626734,-4.15327862930268,2019,2023,5,0.8450980400142567
71691,126,2939764000.0,1783639000.0,0.6130777035202915,0.08204429174049463,0.07344294420903169,0.05422586320625763,2010,2023,14,2.1003705451175625
1780201,12,439652000.0,375625000.0,0.4927872869512746,0.018631688531737637,,-0.032421713795439615,2021,2023,3,1.0791812460476247
1337553,10,69888000.0,47034500.0,NaN,-inf,inf,-inf,2013,2021,9,1.0
1792789,328,8635000000.0,5735500000.0,,-0.23745880997134572,0.16382592119142553,-0.49815551723259843,2020,2023,4,2.515873843711679
853464,32,0.0,0.0,,,,NaN,2021,2021,1,1.5051499783199058
1522469,3,7175846.0,7175846.0,0.1700380693788579,-0.041741559113726796,,,2012,2014,3,0.47712125471966244
1424844,6,387125000.0,271437000.0,0.07074959258952702,0.04272225722244869,,0.02221295497238145,2011,2022,12,0.7781512503836435
1622229,25,22499000.0,16116500.0,,-4.595920670310327,3.2534966095369042,-3.7682011261594566,2018,2023,6,1.3979400086720375
1334933,4,23161000.0,3080000.0,NaN,-inf,,-inf,2012,2024,13,0.6020599913279623
1459839,61,106409000.0,81769500.0,0.886200592118966,-0.42277390952428223,0.11234761196270214,-0.5160340880492439,2018,2023,6,1.785329835010767
1013871,267,31543000000.0,9478000000.0,0.24409721477329427,0.06729107153674786,0.005356459765148908,0.03885807684748347,2009,2023,15,2.426511261364575
99106,34,24443000.0,21284000.0,0.1495309308369662,-0.16027381027136609,,-0.1539289770333537,2011,2023,12,1.5314789170422551
1559998,27,2114912.0,1584895.5,0.15558597249259448,-5.747472305750921,,-6.040166641824274,2014,2023,10,1.4313637641589871
1162816,8,196073.0,117286.5,NaN,NaN,NaN,NaN,2011,2016,6,0.9030899869919434
1705873,6,701349000.0,597403000.0,,,,-0.066508774406819,2018,2023,6,0.7781512503836435
1318641,29,15331567.0,1204619.0,0.0,-5.415462000609961,2.7568078912702005,-5.358239490850879,2011,2021,11,1.462397997898956
1426800,15,79105000.0,9019000.0,,-6.951348029465701,6.558819321191542,-10.338018667029203,2011,2023,13,1.1760912590556811
101830,31,35635000000.0,32563000000.0,0.43559352678823404,-0.023480935007043124,,-0.009319849855519832,2009,2018,7,1.4913616938342726
1869198,176,1900371000.0,1822557000.0,,-0.02774663570280064,,-0.2671420036803496,2021,2023,3,2.2455126678141495
1086139,9,27880132.0,27592666.5,,-0.18436097767775783,,-0.2666544965927744,2011,2012,2,0.9542425094393249
731657,26,66736000.0,50744000.0,0.4606921947278286,-0.548335948838166,0.008457344996914938,-0.5124038877213484,2011,2013,3,1.414973347970818
1783875,3,95722000.0,46616000.0,0.7740983755932879,-0.4066440369460291,,-1.8012415277806995,2020,2023,3,0.47712125471966244
1141284,11,8545000.0,7075500.0,0.5988711209067774,-0.7655426758966559,0.4933999286478773,-0.8679050094074997,2022,2023,2,1.041392685158225
895655,20,7355900000.0,6696100000.0,0.30012532006355874,0.07623170878709125,,0.025755053764994065,2010,2015,6,1.301029995663981
1294016,14,303446000.0,303446000.0,0.6996302443651893,0.04737443327259633,0.22937312447918712,0.01084097535836838,2013,2015,3,1.1461280356782377
1659323,2,508000.0,0.0,,-inf,inf,-inf,2018,2023,6,0.30102999566398114
840489,22,1261136000.0,449296000.0,0.9386914807563316,,,0.1627590558739983,2011,2023,13,1.3424226808222062
1572699,1,0.0,NaN,NaN,NaN,,NaN,2013,2014,2,0.0
790652,4,211720.0,NaN,NaN,NaN,NaN,NaN,2012,2024,7,0.6020599913279623
780571,182,2502470000.0,1965150000.0,0.3219367179558867,-0.005853976035381133,0.08618873832432203,-0.032651846734968425,2010,2023,14,2.2600713879850747
1575051,135,540100000.0,486700000.0,0.1714128430157524,0.17713270026544364,,,2013,2022,10,2.130333768495006
1452217,21,1688484000.0,1688484000.0,,0.05208755309496566,,0.021732512715548387,2011,2011,1,1.322219294733919
1821323,19,9599000.0,9599000.0,,-5.01656422544015,4.746275653713928,-8.054068132097093,2021,2022,2,1.2787536009528289
1171825,41,2476600000.0,1784900000.0,,,,-0.1106895218924361,2010,2020,11,1.6127838567197355
1849253,70,1725193000.0,1725193000.0,,0.14232221743801715,,0.040799244786099066,2021,2023,3,1.845098040014257
1325879,165,164849000.0,19286000.0,1.0,-3.06747259808507,2.438879522548838,-2.246212714611549,2011,2021,11,2.217483944213906
885306,129,292369000.0,132047500.0,0.7492282479027655,0.10793654980251496,0.094379772058877,-0.0009171986824656501,2011,2016,6,2.110589710299249
1485003,12,26544000.0,490000.0,,-inf,inf,NaN,2014,2023,10,1.0791812460476247
1680048,3,,,,,,,2016,2023,8,0.47712125471966244
918580,45,87009000.0,61084000.0,0.3059257205148618,0.08012733480073747,0.028026591768077102,0.05881661766535163,2011,2018,8,1.6532125137753435
1384195,9,196305966.0,154363984.5,0.8563489377105045,0.0000401082372988489,,-0.21590332236531806,2011,2023,13,0.9542425094393249
25445,53,3408000000.0,2763250000.0,0.3649439883267189,0.10779634232857173,,0.07012700489628161,2010,2023,14,1.724275869600789
1494319,71,10373900000.0,9134350000.0,0.19181658574966307,0.03745048464058828,,0.017853801030865635,2015,2022,8,1.851258348719075
836937,2,36192.0,NaN,NaN,NaN,,NaN,2012,2022,10,0.30102999566398114
1537293,8,7980.0,3990.0,,-inf,inf,-inf,2012,2013,2,0.9030899869919434
1510295,137,123949000000.0,107866500000.0,0.09356491509538394,0.025090660792423104,,0.02666816329533007,2011,2023,13,2.1367205671564067
1631825,29,2736000000.0,2373200000.0,0.2377508371441683,0.0420520301133351,,0.020522628823516537,2017,2019,3,1.462397997898956
1104485,5,1985798000.0,335773871.0,0.7723564087730633,-0.09538594804592784,,-0.5711948817456174,2011,2023,13,0.6989700043360187
1830392,2,,,,,,,2021,2022,2,0.30102999566398114
837342,41,207.0,207.0,209.60386473429952,139.89371980676327,,,2021,2021,1,1.6127838567197355
1898795,1,46833000.0,42428000.0,0.012582674474333727,-1.6245157958737106,,-1.6271366743687108,2022,2023,2,0.0
875320,189,7574400000.0,1341978000.0,-inf,-inf,inf,inf,2010,2023,14,2.276461804173244
1884516,14,152034000.0,152034000.0,,0.18350500545930515,,0.13865319599563256,2022,2023,2,1.1461280356782377
874016,6,3750600000.0,3734000000.0,0.3571106949821715,-0.027137825363532115,,0.016690004592809036,2009,2013,5,0.7781512503836435
1963685,11,6049000.0,6049000.0,0.6531658125309968,0.047776491982145806,0.32716151429988427,-0.056042321044800794,2023,2023,1,1.041392685158225
1259515,27,244725000.0,155989500.0,0.5473676066852212,0.018720630870981414,0.19704005354569223,,2013,2018,6,1.4313637641589871
1084817,24,134939000.0,100791000.0,0.7876339035313331,0.1511068145745145,0.1296913639692879,0.08933929824754896,2011,2012,2,1.380211241711606
1139614,3,4076.0,4076.0,,NaN,NaN,NaN,2011,2015,5,0.47712125471966244
898174,2,16227000000.0,11521511000.0,,,,0.058088888187340794,2010,2023,14,0.30102999566398114
1408299,11,656342.0,375662.0,0.6153101526489656,-4.34483948678475,,-4.138168765631966,2011,2016,6,1.041392685158225
732717,1276,181193000000.0,143050000000.0,0.5865794166193673,0.10614591608368916,,0.10758478444369472,2009,2023,15,3.105850674385143
1079577,41,2876600000.0,2770050000.0,,,,0.0657745626519474,2010,2015,6,1.6127838567197355
1016125,13,1140544000.0,410397000.0,0.6254137314393973,0.07419762434722624,0.17639401654224743,0.045497733751509936,2011,2018,8,1.1139433523068367
1842566,2,12299584.0,12299584.0,0.4686595091346179,-0.22958605754471045,,-0.03963491773380303,2021,2023,3,0.30102999566398114
1079297,3,592290.0,214464.0,,-3.3312933644755165,,-5.649539348701199,2012,2018,7,0.47712125471966244
1094392,8,273784000.0,220088000.0,0.48049082410079136,0.08560013813981868,0.17575345874655254,0.04681732173395063,2011,2018,8,0.9030899869919434
1530746,10,1014266.0,889899.0,NaN,NaN,,NaN,2012,2023,13,1.0
1743881,41,69716000.0,8249000.0,0.8118888627695687,-24.971829964458777,21.323589793913023,,2019,2023,5,1.6127838567197355
764839,3,287215.0,0.0,NaN,-inf,inf,-inf,2011,2014,4,0.47712125471966244
1175535,8,139421000.0,118889000.0,0.37190515980990413,,,0.09605068564650893,2011,2023,13,0.9030899869919434
1538329,55,224967.0,201207.0,0.3473105421423939,-178.42704850592523,3.4747991449841527,-283.90516488432263,2012,2015,4,1.7403626894942439
1664703,69,1199125000.0,789712000.0,0.1634901457416668,-0.23176931759159922,0.11625986822754582,-0.4190230418674257,2018,2023,6,1.8388490907372552
812306,18,4984433.0,4020274.0,0.7456355517344098,0.008326986993689497,,NaN,2012,2024,13,1.2552725051033058
1699838,14,387864000.0,387864000.0,0.9618419225793625,-1.14416497949226,0.41723241954222673,-0.9102659079542946,2021,2023,3,1.1461280356782377
1372375,5,259171000.0,177667000.0,0.405339333588693,-0.2931904290876655,,-0.04833062107331648,2012,2014,3,0.6989700043360187
1020859,124,30272000000.0,9750577000.0,0.14967965501794286,0.018757581457953344,,0.00950785263606581,2011,2024,14,2.093421685162235
1043382,326,2097000000.0,2097000000.0,0.2899380066762041,0.11540295660467334,0.006676204101096805,0.03719599427753934,2011,2011,1,2.513217600067939
1604416,10,4034200000.0,3636900000.0,0.10414974078369199,-inf,,inf,2015,2018,3,1.0
216539,3,1304943000.0,304798000.0,,0.13784494202779843,,-0.09746489533726707,2011,2015,5,0.47712125471966244
1698022,2,,,,,,,2017,2023,7,0.30102999566398114
1424549,2,470.0,NaN,0.14893617021276595,NaN,NaN,NaN,2012,2018,7,0.30102999566398114
1527352,19,1321357.0,732711.0,3.6879523048580722,-7.05543618275553,,-6.534986281225612,2022,2023,2,1.2787536009528289
314203,1,136541000.0,63926500.0,-0.2418010611180159,-3.9447097422360424,,-0.3554203481727272,2011,2023,13,0.0
356028,153,4643000000.0,4262000000.0,,0.27842758947590096,,0.18477588159533007,2009,2017,9,2.1846914308175984
1604821,100,1082571000.0,213968000.0,0.348559805868107,-0.509961437774143,0.2877562756331746,-0.5756616097997261,2015,2023,9,2.0
42582,186,22767000000.0,16960500000.0,0.1734222401633141,,,0.034725745440191975,2010,2023,14,2.2695129442179165
1561951,215,23127532000.0,23019801000.0,0.16573187537566378,0.0024971399903281847,,-0.002508065416962816,2013,2015,3,2.332438459915605
1880613,127,89360000.0,63748431.0,0.405684963370629,0.04525923712587125,,-0.01861201317593138,2022,2023,2,2.103803720955957
225051,95,439038000.0,434260500.0,0.37064960121968404,0.06942065583584424,,0.04454065913967137,2011,2012,2,1.9777236052888476
1520108,7,448801.0,194321.0,2.8447025854858246,-17.40619902120718,0.4238759578223661,-4.745582325239904,2013,2015,3,0.8450980400142567
1549872,26,242104000.0,159967500.0,0.22939669920493527,-0.12891177088917272,,-0.027861670791711635,2012,2015,4,1.414973347970818
1393883,54,226970000.0,150624000.0,0.8875484036114939,0.06963135109692459,0.11831657495171521,-0.03977096738451703,2011,2023,13,1.7323937598229684
859368,204,687566000.0,594271500.0,0.9355669633564533,0.24860025401093844,0.099437726705509,0.21278404501828477,2010,2011,2,2.3096301674258983
1777319,25,46549617.0,15142559.0,0.5535080119879128,-1.856450297501936,,-1.2713777576225447,2019,2023,5,1.3979400086720375
1681087,6,,,,,,,2018,2023,6,0.7781512503836435
1625641,16,135190000.0,135190000.0,0.6933089506513218,-0.4095391218080699,0.45982256268533317,-0.35306620158544505,2021,2023,3,1.2041199826559246
1380509,2,662042000.0,463954000.0,0.5600128088550274,0.22582107932933598,,0.11956661606872523,2011,2018,8,0.30102999566398114
1387976,2,0.0,0.0,,-inf,,-inf,2012,2017,4,0.30102999566398114
1704292,4,212672000.0,96531500.0,-31.928496642255748,-587.8856672529607,436.20653489609197,-272.49548718156774,2020,2023,4,0.6020599913279623
1024795,36,885400000.0,205267000.0,0.4144997873953864,0.19949654140030848,,0.14589137484015002,2011,2023,13,1.556302500767287
794323,234,8277000000.0,7633000000.0,0.5676984507272367,0.0363889107781065,,-0.11010071394950574,2010,2023,14,2.3692158574101425
1658433,3,258862.0,258862.0,,0.04692075314260108,,0.03974318362679729,2015,2015,1,0.47712125471966244
1061630,1,,,,,,,2011,2023,13,0.0
1275158,43,509480000.0,462411000.0,0.7487012806285487,-0.014957151068191838,,-0.02093191790643854,2013,2023,11,1.6334684555795864
921638,4,1474199000.0,1474199000.0,0.7628413803021166,0.12569459499252553,,0.22282130508883768,2021,2023,3,0.6020599913279623
1774675,24,555124000.0,553237000.0,0.7548460477774959,-1.2288181522249888,0.12802825628254658,-1.4228120032799794,2020,2023,5,1.380211241711606
859737,237,4862800000.0,2270400000.0,0.646522313632766,-0.03539535272839342,0.07363317026670665,0.08014448189441702,2009,2024,16,2.374748346010104
1593001,5,701246.0,196742.0,-0.7385115625149192,-12.784613410045226,,-57.98264882114716,2014,2024,11,0.6989700043360187
1367311,3,28281157.0,28281157.0,inf,-inf,,-inf,2011,2015,5,0.47712125471966244
1491419,34,118440000.0,33701000.0,0.5179639826539516,-inf,0.05213506678927915,-inf,2012,2023,12,1.5314789170422551
1013237,25,1843892000.0,1238618500.0,0.5327083621051985,0.29606898659541603,,0.23063859447692073,2011,2024,14,1.3979400086720375
811222,4,11853266.0,1507684.5,inf,-inf,,-inf,2011,2023,12,0.6020599913279623
1439397,6,20100.0,48.0,,-59.48676616915423,NaN,-inf,2011,2017,7,0.7781512503836435
1078383,2,80882751.0,79988534.0,,-0.0018138154410708108,,-0.0028896077488549258,2011,2012,2,0.30102999566398114
1398733,104,67430000.0,50144500.0,0.588041593868518,-0.6222301845711483,0.3758659670349667,-0.9569126698085176,2018,2023,6,2.0170333392987803
1196501,119,673283000.0,521212000.0,0.2942965098508796,0.14636418915054442,,0.12458358933783491,2010,2020,11,2.0755469613925306
1550518,1,0.0,NaN,,-inf,NaN,NaN,2012,2017,6,0.0
1661053,8,422111.0,186552.0,0.4419501031719145,-117.38029455496053,48.09398106703026,-117.24494721268086,2018,2023,6,0.9030899869919434
1279704,27,,,,,,,2011,2023,13,1.4313637641589871
217346,119,13972000000.0,13249500000.0,0.14790890182708868,,,0.04508479553792947,2010,2023,14,2.0755469613925306
1160958,4,348201000.0,192710000.0,0.6305835418474562,-0.06646247504232397,0.5431830410118584,-0.06782413925673739,2011,2020,10,0.6020599913279623
809933,12,144098294.0,127680938.0,0.6154749096713732,0.022816597206493733,,0.011929486613984916,2012,2019,8,1.0791812460476247
310142,22,1459050000.0,1381737000.0,0.3162056440580522,0.12465609562302431,,0.07348665636472758,2010,2023,14,1.3424226808222062
1375793,25,1500812.0,538388.0,0.383067572458963,-2.261095859488103,0.034097529324376055,-3.4350599022069073,2011,2023,13,1.3979400086720375
812011,63,2525912000.0,1782495000.0,,0.137379449469964,,0.08183050742046584,2011,2024,14,1.7993405494535815
1091748,83,2130300000.0,1656750000.0,,,,0.03444882685752643,2010,2023,14,1.919078092376074
1353505,1,4554122.0,4554122.0,0.422018777713904,-0.2363285392881438,,,2011,2011,1,0.0
1301611,19,,,,,,,2010,2017,8,1.2787536009528289
1260349,3,,,,,,,2011,2011,1,0.47712125471966244
1683606,56,653876000.0,623683000.0,0.9087279963456227,0.02328072445156177,,0.03989933936666317,2017,2023,7,1.7481880270062005
879911,32,1307757.0,NaN,NaN,NaN,NaN,NaN,2011,2023,13,1.5051499783199058
1410172,17,134000000.0,19630000.0,-0.22873872016252741,-0.6369872269346225,NaN,-0.8162496885832259,2011,2022,12,1.2304489213782739
1468327,46,33300000.0,21500000.0,-2.638803321594019,-4.7973899480876225,,-7.765214250795647,2021,2023,3,1.6627578316815739
101199,6,1201165000.0,996362000.0,,,,0.03269149211762989,2011,2023,13,0.7781512503836435
914537,2,206279000.0,206279000.0,,0.058144551796353486,,0.042922449691922104,2011,2011,1,0.30102999566398114
1973266,3,1140147000.0,1140147000.0,,0.34305839510168423,,-0.030896893119922254,2023,2023,1,0.47712125471966244
764065,13,22989000000.0,3656850000.0,0.11455442630228471,0.2359030996811239,,0.11908939988016924,2009,2023,15,1.1139433523068367
1522222,1,23133607.0,8459048.0,NaN,-inf,,-inf,2014,2024,11,0.0
1787400,8,115000.0,115000.0,,-447.89565217391305,149.71304347826086,-794.4434782608696,2020,2023,4,0.9030899869919434
78003,3651,100330000000.0,51249000000.0,0.7553556942300317,,,0.22250728600323696,2009,2023,14,3.5624118329497274
1565220,2,2475.0,2475.0,,-12.381414141414142,,-12.239191919191919,2013,2013,1,0.30102999566398114
101821,2,,,,,,,2011,2011,1,0.30102999566398114
1569391,6,1316232000.0,1115840000.0,,,,0.13106258350049768,2013,2016,4,0.7781512503836435
1953366,7,124077000.0,124077000.0,,,,-1.582533426823666,2023,2023,1,0.8450980400142567
1162283,108,4435929.0,NaN,,,,NaN,2011,2022,12,2.0334237554869494
1619856,24,34477000.0,13851000.0,,-4.540175816972972,3.75025948322517,-3.496943627096553,2021,2023,3,1.380211241711606
1435717,1,26828833.0,26828833.0,0.21101685637985074,0.28946186365989157,,0.0996236027113069,2011,2011,1,0.0
1879270,10,53130.0,53130.0,0.49226425748164876,-3.5742518351214003,,-1.5085074345943912,2023,2023,1,1.0
1224133,55,152550000.0,129547000.0,0.5813507594783016,-0.12883484586312272,0.21812708706262385,-0.2098746618747121,2011,2023,13,1.7403626894942439
71557,5,65791968.0,42319146.0,,0.16289898563872177,,0.10622397360777035,2011,2023,13,0.6989700043360187
908255,62,15801000000.0,8305100000.0,0.20984106615051593,0.09905689132701319,,0.05540302292983416,2009,2023,15,1.7923916894982537
881790,9,,,,,,,2012,2015,4,0.9542425094393249
887905,42,175153000.0,159337000.0,,0.5087963899379921,,0.5366669102731415,2011,2023,13,1.6232492903979003
1341843,9,2457000.0,2457000.0,,,3.001221001221001,-6.315018315018315,2011,2011,1,0.9542425094393249
1584754,6,27384000.0,4204000.0,0.03763228332677707,NaN,NaN,NaN,2014,2024,11,0.7781512503836435
949157,5,2212500000.0,755863000.0,0.28946007152522785,-0.0452937046464495,,0.09922007315763937,2011,2023,13,0.6989700043360187
1693011,5,,,,,,,2020,2023,4,0.6989700043360187
5768,9,278576000.0,203552000.0,0.382107100896245,0.07627401124880522,0.11710928562878938,,2011,2015,5,0.9542425094393249
1552358,151,0.0,0.0,,-inf,,NaN,2013,2022,10,2.1789769472931693
1368993,5,6667000.0,586176.0,0.894302121419418,-15.272841843181101,8.847135516006386,-15.247537150237344,2011,2015,5,0.6989700043360187
59478,3426,28541400000.0,22603400000.0,0.7727016577608571,,0.23168929246298356,0.1867247677836379,2009,2023,15,3.5347873586294916
1457612,2,1359000.0,1359000.0,,-36.45401030169242,26.850625459896982,-30.41353936718175,2014,2021,8,0.30102999566398114
1176309,12,2710000.0,2579500.0,NaN,-11.095299059756476,5.884144928208249,-9.27338135909163,2012,2023,12,1.0791812460476247
1575965,3,1055727000.0,591068000.0,0.8283510843147344,2.660333795872309,,1.8889819557188852,2013,2023,11,0.47712125471966244
1348911,32,16127000.0,8394000.0,,-3.9294433516351135,3.2258439893754756,-2.870481704641688,2015,2024,9,1.5051499783199058
1174850,4,,,,,,,2013,2023,11,0.6020599913279623
1819790,33,57027000.0,25816000.0,,-1.5129210746788055,1.474749848101088,-1.5215263763384073,2020,2023,4,1.5185139398778873
876523,13,1049041000.0,612533500.0,0.9351797000958763,0.14592857030284864,,0.0788151354868684,2011,2024,14,1.1139433523068367
1079023,34,752629000.0,752629000.0,0.5258447389085459,0.20228691692719786,0.13051981786511016,-0.05048702614435532,2010,2010,1,1.5314789170422551
1622244,16,125662.0,NaN,-0.7652243533592454,NaN,,NaN,2015,2023,9,1.2041199826559246
1704795,48,24589761.0,10287214.0,0.11642642101144787,-0.3580400041901015,,-0.5298541867717043,2017,2023,7,1.6812412373755872
1548309,59,2453606000.0,2287788000.0,0.17792909865465006,0.004527340524655811,,-0.02288425424464045,2012,2018,7,1.7708520116421442
1136869,558,7932900000.0,5997800000.0,0.7505810705169009,0.15377410411950715,0.05345718212406995,0.1390907861941026,2009,2023,15,2.746634198937578
1593549,56,2084939.0,1966202.0,0.3773057427673806,-1.3456240180772439,0.13194875540262896,-2.03968539478556,2014,2023,5,1.7481880270062005
1540184,41,402463000.0,402463000.0,0.6264898885114905,-0.2714187391139061,0.25364816144589686,-0.24172035690237365,2019,2020,2,1.6127838567197355
1080747,34,,,,,,,2012,2013,2,1.5314789170422551
1563922,5,173165000.0,173165000.0,,-1.0248722316865417,,-0.45893223226402563,2023,2023,1,0.6989700043360187
1314223,6,79076110.0,79076110.0,0.5227184670566116,-0.21910295030951826,0.2123841954289355,-0.16411386447815907,2014,2018,5,0.7781512503836435
1353538,6,43033000.0,38094000.0,0.4136649920754142,-1.7492404550014036,0.2723069412456496,-1.6514831881764427,2011,2022,12,0.7781512503836435
1844793,1,1557375.0,1557375.0,0.6570029697407497,-6.953827433983466,,-2.018447708483827,2022,2022,1,0.0
46250,18,935098000.0,504169000.0,0.16904343292030694,0.07072838642457008,,0.04133580783649155,2011,2023,13,1.2552725051033058
751364,24,828111000.0,533923500.0,,0.6028643100380643,,0.41813163238089784,2010,2023,14,1.380211241711606
1040896,108,15966000.0,7663658.0,0.8710103734508482,-0.6444124535593928,0.39296545773571623,-0.5732765095552721,2011,2023,13,2.0334237554869494
1496671,13,25955000.0,22254000.0,,-4.415399982224403,2.4596331293158893,-5.382755660287493,2014,2022,9,1.1139433523068367
737207,6,252000.0,252000.0,NaN,NaN,NaN,NaN,2011,2022,12,0.7781512503836435
1708341,5,26071995.0,4956040.0,,-3.9370553969686775,0.025641679535676674,-1.8010247527446241,2018,2023,6,0.6989700043360187
1140102,60,98432059.0,81920997.0,0.40487461237611355,0.16613559455503962,,0.2022454819470046,2011,2023,13,1.7781512503836434
1546853,1,2156880.0,1269877.0,0.9957635611954812,-0.5884460954180233,,-0.453392349864466,2012,2023,12,0.0
1287213,1,571710000.0,416268000.0,0.3138916544551421,0.15090817382960223,,0.06593568630128097,2011,2023,13,0.0
811532,136,1817383000.0,1159605000.0,,0.2859134463111688,,0.1416883661818678,2010,2023,14,2.1335389083702174
47307,7,127754927.0,6645780.0,0.317920629076618,0.053365304050018915,NaN,0.054948388938400476,2011,2023,13,0.8450980400142567
1670592,15,1658713000.0,846283500.0,0.6757946078512828,0.1471926095065053,,0.14749933365738477,2018,2023,6,1.1760912590556811
943110,97,679839000.0,679839000.0,0.14176297623407896,0.004667281518124144,,-0.0025550167024839705,2011,2013,3,1.9867717342662448
1350102,19,6536992.0,1117524.0,,-8.835670160355008,7.4797257615234045,-12.670601619777834,2011,2023,13,1.2787536009528289
1575295,10,96180.0,72096.0,-17.724844792249176,-402.62624107558275,0.3760912945871788,-431.84162784289583,2013,2024,12,1.0
1173281,10,NaN,NaN,NaN,NaN,NaN,NaN,2011,2022,12,1.0
1715942,3,,,,,,,2018,2019,2,0.47712125471966244
1315098,114,2799274000.0,2225052000.0,0.8125478098742205,-0.21911697052990517,0.11227082633410033,-0.17618539133852962,2021,2023,3,2.0569048513364723
1568385,2,19580000.0,2577331.0,0.39700143364619184,-1.4053405573189097,,-1.627572831867321,2013,2023,11,0.30102999566398114
889900,92,3182291000.0,2356684000.0,,-0.016439093082566313,,-0.07874423006465547,2009,2023,15,1.9637878273455551
1320767,2,,,,,,,2011,2013,3,0.30102999566398114
884130,6,55266000.0,55266000.0,0.16965222740925706,-0.11193138638584302,,-0.0788007092968552,2011,2012,2,0.7781512503836435
1537951,1,1675209000.0,1675209000.0,,-0.02545115266214544,,0.0,2012,2012,1,0.0
1068689,9,5578942.0,1964020.0,0.8680879834146872,-23.991483584894297,NaN,-90.8656622230908,2018,2023,6,0.9542425094393249
1360886,98,118514000.0,25003000.0,0.3470776099397339,-1.718540777087483,5.0334223477961535,,2011,2018,6,1.9912260756924949
1839285,10,45886000.0,35270000.0,0.24721859272274627,-0.17695194392665914,0.14262342655230428,-0.15821603012545868,2021,2023,3,1.0
1737995,27,NaN,NaN,,NaN,NaN,NaN,2022,2023,2,1.4313637641589871
931058,13,553462000.0,553462000.0,,0.16099388937271214,,,2013,2013,1,1.1139433523068367
1310114,3,272180000.0,243703000.0,0.3689382999944016,-0.056150676613111725,0.045200465006703126,-0.12213290598027954,2011,2021,11,0.47712125471966244
1425597,3,14865169.0,10903261.5,,0.11433638016097217,,0.6122731586796102,2011,2012,2,0.47712125471966244
865754,3,2057487000.0,1608259000.0,0.1762507914562027,0.21644424346487345,0.04204739028106052,0.15502656863478337,2011,2012,2,0.47712125471966244
92380,218,21146000000.0,15790000000.0,,0.09040632142901193,,0.049957913797102384,2009,2023,15,2.3384564936046046
1038133,14,257307000.0,125053500.0,0.4091075648747617,0.03541275198174608,0.024315373026901208,0.019923980908996906,2011,2022,12,1.1461280356782377
1505966,3,354277000.0,338253000.0,,0.1815289154369917,,-0.005077498793934737,2011,2015,5,0.47712125471966244
1107998,3,,,,,,,2012,2012,1,0.47712125471966244
1135657,2,24464164.0,8352236.0,-1.5889364503846748,NaN,NaN,NaN,2011,2018,8,0.30102999566398114
1618835,65,16837000.0,12540500.0,-inf,-inf,inf,-inf,2015,2023,9,1.8129133566428552
1521951,20,,,,,,,2011,2023,13,1.301029995663981
898037,1,,,,,,,2011,2012,2,0.0
924642,5,3663000.0,11000.0,NaN,-inf,inf,-inf,2011,2015,5,0.6989700043360187
352991,2,84513.0,41672.0,0.8289482186141239,0.31959174911311505,,-0.35186603977192876,2011,2024,14,0.30102999566398114
1087934,6,221987000.0,110280000.0,0.4810113612539488,-0.06630524255742193,0.0811805861830173,-0.05451534787232869,2011,2015,5,0.7781512503836435
1579877,24,1782200000.0,1513800000.0,,0.09469539314609444,,0.06825894439210085,2014,2023,10,1.380211241711606
1477009,11,18136880.0,2981982.0,0.6519243491970043,-19.382027876350527,,-44.37451549507492,2011,2023,12,1.041392685158225
874710,10,46034248.0,36279476.0,0.20157785874300896,-0.047107908838419484,,-0.04383885693347183,2012,2022,10,1.0
899597,10,894881000.0,814387000.0,0.25385491174464536,0.07516978211276029,,0.12836072332667403,2012,2013,2,1.0
2000410,1,,,,,,,2024,2024,1,0.0
1534298,2,,,,,,,2012,2014,3,0.30102999566398114
1810739,8,62923000.0,62923000.0,1.4027025889650089,-0.6998975549381926,,-2.397998768228728,2020,2022,3,0.9030899869919434
1507934,20,1777500000.0,1695766500.0,,0.24871243094224466,,0.15305857797175315,2011,2015,5,1.301029995663981
924383,36,47003000.0,25014192.5,0.54091764995663,-0.04748026336583189,0.14024455665636512,-0.012176507956781015,2011,2024,14,1.556302500767287
40888,191,2072700000.0,1819250000.0,0.12827845087912723,0.07117132674353255,0.011963515541167945,0.029807531914038423,2011,2022,12,2.281033367247727
1370053,17,75000000.0,10000000.0,,-6.695983442576242,5.18442480023903,-4.359505555144923,2017,2023,7,1.2304489213782739
1672688,32,5718000.0,4782000.0,,-17.223054084272242,9.017896261616483,-14.483483445923262,2021,2023,3,1.5051499783199058
1481582,2,5675300000.0,3466600000.0,0.17302178481456118,0.02981755156594993,,0.023032267610583145,2011,2023,11,0.30102999566398114
1449097,16,0.0,0.0,,,,-inf,2012,2014,3,1.2041199826559246
1415397,1,,,,,,,2021,2023,3,0.0
1790169,8,76071000.0,42525500.0,0.2516107219784916,-3.299062891193636,0.009899915033660823,-3.274858889592623,2022,2023,2,0.9030899869919434
1487623,1,,,,,,,2011,2011,1,0.0
1673772,23,5042000.0,2670000.0,,-inf,inf,-inf,2019,2023,5,1.3617278360175928
1828805,1,918554.0,NaN,0.6575427914135343,-17.247875545415432,NaN,NaN,2021,2024,4,0.0
1384710,9,,,,,,,2013,2016,4,0.9542425094393249
1421182,34,3122000000.0,2083244500.0,,0.002114173383076356,,-0.03620640523739085,2011,2021,10,1.5314789170422551
1555365,5,3436605000.0,3436605000.0,0.3642385446551175,0.08789834149295021,,0.041848896465601026,2012,2016,5,0.6989700043360187
1345913,1,3504513.0,3504513.0,0.2100882490662754,-0.060703726880168514,,-2.2525694725629495,2011,2011,1,0.0
1226616,2,4037500.0,2518750.0,,-7.149610630743618,6.246220937476638,-10.526688633858612,2011,2023,13,0.30102999566398114
1595097,13,36143568.0,1396564.5,,-35.20789850802179,24.623320156162865,-30.103960431773384,2014,2023,10,1.1139433523068367
728385,9,28920051.0,11417027.0,NaN,-9.688243889928927,17.976285714285716,-2.222325985235952,2011,2023,13,0.9542425094393249
1788841,14,15538000.0,9844000.0,-3.8561042643683106,-5.248511852660737,0.2642340112563884,-5.716001970023988,2020,2023,5,1.1461280356782377
1431888,6,13527514.0,8673347.0,0.30765196538815104,,,-0.23971903330562008,2011,2013,3,0.7781512503836435
1616736,10,90115.0,90115.0,0.0,NaN,NaN,NaN,2015,2023,9,1.0
918997,1,17160.0,11080.0,NaN,-42.1174993006993,,-44.023915151515155,2012,2013,2,0.0
1348036,110,382421000.0,297790000.0,0.816679543817004,-0.2498924966834089,0.23064306390960085,-0.2682069021682585,2018,2021,4,2.041392685158225
1274494,34,3578995000.0,2766207000.0,0.36574863038438227,0.13621658438731277,0.03977950226145821,0.12546423710837615,2009,2023,15,1.5314789170422551
1389170,6,20929800000.0,10484000000.0,0.05415640492354858,0.030370900549695542,,-0.012956459189250423,2011,2023,13,0.7781512503836435
1294924,63,372019000.0,208634000.0,0.5348060015285826,0.26982780487192015,0.15504908826435648,0.0972811378250664,2011,2015,5,1.7993405494535815
1069996,8,431863000.0,200692000.0,,,,0.026426863189855074,2011,2021,11,0.9030899869919434
880432,39,74024073.0,23113194.0,0.5961484420937537,-0.21883850677747113,0.08451748689773812,-0.019228176557508657,2012,2021,10,1.591064607026499
1100412,39,150852000.0,85135000.0,0.5930468526440363,-0.5064732864145657,1.1709093979146117,-0.726707804992753,2012,2018,7,1.591064607026499
946644,13,437000.0,141000.0,-8.320132728986291,-101.541573257283,43.48581803848046,-105.39778199985182,2011,2023,13,1.1139433523068367
1099215,1,0.0,0.0,,-inf,inf,-inf,2012,2018,7,0.0
1391933,3,,,,,,,2011,2023,13,0.47712125471966244
1386026,53,86466.0,45758.5,1.957544256457746,-171.40259857972265,,-365.91061439433935,2017,2018,2,1.724275869600789
1839839,105,1066400000.0,750150000.0,0.3019399876797167,0.14261026839393312,,0.05840997891944492,2021,2023,3,2.021189299069938
1133311,13,111322000.0,94701000.0,0.8488744208984992,0.0004607663739010434,0.05313171303880007,0.03562884526097298,2011,2023,13,1.1139433523068367
27904,210,50582000000.0,39639000000.0,,0.03879509810942355,,0.029191983945742808,2010,2023,14,2.322219294733919
1757898,240,4585064000.0,3030895000.0,0.41240020726942883,0.15979065217991478,0.02211123913826982,0.07789731185066255,2018,2023,6,2.380211241711606
1739445,28,2242800000.0,1986000000.0,0.20201701272772546,0.07744711784105819,,0.06617244909746485,2018,2023,6,1.447158031342219
1144169,1,95880.0,47940.0,NaN,-inf,,-inf,2020,2021,2,0.0
56873,19,148258000000.0,109830000000.0,0.2242384185224432,0.024653319559088147,,0.014698383003924842,2009,2023,15,1.2787536009528289
1411574,16,,,,,,,2013,2016,4,1.2041199826559246
1331875,3,15643000000.0,7517000000.0,,,,0.08891465034593092,2010,2023,14,0.47712125471966244
1024628,23,56237000.0,50914000.0,-0.02525057759971142,-0.9184601172951955,0.05222954093593419,-0.7208502721006892,2011,2016,6,1.3617278360175928
740726,27,8446082.0,7313218.0,0.3459466055680926,-1.1657375588402283,0.41098831654296136,0.2866072240521403,2011,2013,3,1.4313637641589871
1464165,102,NaN,NaN,,NaN,NaN,NaN,2011,2018,8,2.008600171761917
1528129,8,1394075000.0,793885000.0,,0.0317762839099742,,-0.2366467496319148,2012,2023,12,0.9030899869919434
1739174,1,,,,,,,2019,2023,6,0.0
319458,4,56563944.0,24670671.0,0.07442710545308107,-0.1957584343364691,,-0.13991399097751162,2011,2023,13,0.6020599913279623
1843388,5,33106000.0,20245500.0,0.05564684799622525,-15.418441825381805,5.3263296624073,-11.123484933666017,2021,2022,2,0.6989700043360187
1435181,1,,,,,,,2019,2022,4,0.0
913760,7,99887800000.0,44996450000.0,0.02366901792494894,,,0.001801093901836771,2011,2024,14,0.8450980400142567
1572565,2,163996.0,NaN,NaN,NaN,NaN,NaN,2014,2023,10,0.30102999566398114
1124796,8,270146000.0,207074000.0,0.23742820661968525,-0.05368139760584168,0.1436892627486025,-0.049865186996829146,2018,2023,6,0.9030899869919434
1408198,39,2248598000.0,1112841000.0,0.7737702579641536,0.4444112108452008,0.06378674792578268,0.290754895989218,2010,2023,14,1.591064607026499
1102112,2,,,,,,,2011,2022,12,0.30102999566398114
1644675,12,426963000.0,344430000.0,0.6980900652135247,0.0026960369234908296,0.14285513606395467,-0.007887586587484662,2017,2020,4,1.0791812460476247
1105533,7,4421689.0,2683578.5,,-50.30539169382766,30.283635909146234,-41.12649772687841,2014,2017,4,0.8450980400142567
1681206,1,323974000.0,241574500.0,,,,0.07097714572441954,2016,2023,8,0.0
1308569,42,160101.0,89772.0,NaN,NaN,,NaN,2012,2022,11,1.6232492903979003
1123852,13,5121900000.0,4718208000.0,,0.15543895671729238,,0.08323648578813664,2011,2023,13,1.1139433523068367
748592,81,26046000.0,23749000.0,NaN,-inf,,-inf,2011,2023,13,1.9084850188786497
895417,66,1489423000.0,706336500.0,,0.18274056463476124,,3.165624604058106,2010,2023,14,1.8195439355418683
1575420,284,28843.0,5386.0,-0.03601713409413085,NaN,,NaN,2014,2021,7,2.4533183400470375
34088,694,413680000000.0,279332000000.0,,,,0.030861079980465455,2009,2023,15,2.841359470454855
354813,10,21360000.0,10736000.0,0.33594807777210295,0.15758210246695611,0.00524179279301325,0.22846187367436774,2012,2014,3,1.0
1873923,2,79731000.0,79731000.0,,,,-0.9431350211560673,2021,2023,3,0.30102999566398114
1656328,4,,,,,,,2017,2018,2,0.6020599913279623
1687926,11,32550.0,16275.0,1.0,-inf,,-inf,2017,2023,7,1.041392685158225
1865107,1,562191000.0,562191000.0,0.7279618100707858,0.05360751996867919,,-0.37672699641072366,2021,2023,3,0.0
1361103,34,623000.0,623000.0,-44.43980738362761,-111.22792937399679,34.81701444622793,-57.703049759229536,2011,2011,1,1.5314789170422551
1828016,1163,2615500000.0,2477250000.0,0.664428473899308,0.22531884758932724,0.166924227258614,0.13937272690002128,2020,2023,4,3.065579714728448
1051114,11,107694000.0,96189000.0,,-0.014249114862438628,,0.007057499726202707,2011,2012,2,1.041392685158225
919012,15,5261770000.0,3521848000.0,0.3635364428735434,0.06288813689519203,,0.05679112267001769,2010,2023,14,1.1760912590556811
1095565,163,279063000.0,214899000.0,0.49315183999939344,0.08944415633337417,0.12872725013873587,0.07293261762574497,2011,2023,13,2.2121876044039577
861842,4,31481000.0,28483500.0,,,,7.771939643702835,2011,2023,13,0.6020599913279623
1346830,18,135082000.0,8323000.0,0.7554607525184623,-17.543203708440842,18.93618876545424,-17.372421391154244,2014,2023,10,1.2552725051033058
1854526,2,993.0,499.0,,-31283.02860020141,,-34985.47673716013,2021,2023,3,0.30102999566398114
1093207,29,5412000.0,4441000.0,2.537566038508819,-2.174825640403777,2.0654504856364335,-2.1083670815338236,2011,2016,6,1.462397997898956
885568,39,1005917000.0,905219500.0,,0.06667505438962999,,0.02304084450828762,2011,2023,13,1.591064607026499
1431897,40,141481000.0,141392500.0,0.3914850225728376,0.1557610631617245,,0.08063792663298847,2012,2013,2,1.6020599913279623
1088211,3,21207693.0,21207693.0,1.022038535733236,-0.05002587975976453,,-0.18567340162836193,2012,2013,2,0.47712125471966244
1652130,22,57994000.0,42587000.0,,-4.395935583642899,3.1236888700649623,-5.354245167417949,2016,2023,8,1.3424226808222062
1919246,1,,,,,,,2023,2023,1,0.0
1381197,13,2366000000.0,1256000000.0,,,,0.03634366889769834,2010,2019,10,1.1139433523068367
1841804,58,475194000.0,405361000.0,0.6326447041274391,-0.07635436123723852,0.19652318774968283,-0.2047257751959545,2021,2023,3,1.7634279935629371
805729,3,1546063.0,522551.0,0.4001809562770799,0.013245614850089404,,-0.15916554443065517,2011,2017,7,0.47712125471966244
1100397,8,6063000.0,1000000.0,0.13005780346820808,NaN,NaN,NaN,2011,2023,13,0.9030899869919434
766792,5,41128639.0,24334331.0,0.27509088144834926,-0.10048917596506836,0.031658856850078736,-0.037030859650980213,2011,2023,13,0.6989700043360187
1668243,10,82713000.0,32786000.0,0.6447448654188864,-1016.803364726001,549.0194203626812,-976.2007181714381,2018,2023,6,1.0
1437402,17,124456000.0,30275500.0,0.7698740198163891,-9.010791564501762,5.924833306268418,-9.27359212796999,2014,2023,10,1.2304489213782739
1579910,11,3160000.0,653000.0,,-inf,inf,-inf,2014,2021,8,1.041392685158225
1277998,24,14202273.0,2839579.0,,-0.2796630016255812,,-0.4969048736523391,2011,2022,9,1.380211241711606
1019650,2,,,,,,,2011,2016,3,0.30102999566398114
1064863,130,5806301000.0,5122021500.0,,,,0.0064771209669613515,2010,2011,2,2.1139433523068365
842722,26,486763.0,243381.5,-inf,-inf,NaN,-inf,2011,2014,4,1.414973347970818
1359555,3,43519000.0,42534000.0,0.7883601246574807,-3.5457884383700846,0.6234357224118316,2.296078904355515,2011,2017,7,0.47712125471966244
768251,137,2064475000.0,1857562000.0,0.6497988775000719,,0.18383936132998113,0.373085563791745,2009,2014,6,2.1367205671564067
1353633,92,,,,,,,2011,2017,8,1.9637878273455551
1045609,12,5973692000.0,3884678000.0,,0.5361107561093795,,0.5709372064617995,2011,2023,13,1.0791812460476247
1065280,179,33723297000.0,5504656000.0,0.3222452465623835,0.09271496130271349,0.08403271592889285,0.08403740906115367,2009,2023,15,2.252853030979893
1810182,1,2067000.0,1182000.0,,-inf,inf,-inf,2020,2023,4,0.0
1554594,1,21500.0,21500.0,1.0,,,-4.610744186046512,2013,2013,1,0.0
1520668,2,1278024.0,919842.5,-0.5764726738626667,-4.260819978326363,,-1.0199299217674016,2011,2014,4,0.30102999566398114
1342126,2,235625000.0,189919000.0,,-0.049783681762646845,,-0.3169744106820934,2011,2015,5,0.30102999566398114
1820144,38,195015000.0,170424000.0,,0.1868549540499096,0.13656322077351118,-0.1256215476358066,2021,2023,3,1.57978359661681
850460,72,3017555000.0,1164248000.0,0.14676462011036742,0.14062006970564672,,0.0668779216690309,2011,2023,13,1.8573324964312683
1838672,11,166082000.0,165365000.0,0.5330286575157799,0.007118552640380229,0.09175682033085475,0.1708389393430609,2021,2023,3,1.041392685158225
1639947,6,347904000.0,337922500.0,,,,,2015,2016,2,0.7781512503836435
1521549,5,2045403.0,2045403.0,0.5728989687872292,,,NaN,2013,2015,3,0.6989700043360187
350907,27,502821000.0,422713000.0,0.7071605158990497,0.29479817473820125,0.16220071824767435,0.12772781633070154,2010,2014,5,1.4313637641589871
1092796,206,1059195000.0,626620000.0,0.41812983795135367,0.17586183191974777,0.012790079854440268,0.1492891470086605,2012,2024,13,2.3138672203691533
1361538,7,5715309000.0,3298913000.0,0.10878801941029165,0.045982746096842116,,0.027666706973282888,2011,2023,13,0.8450980400142567
1061219,19,49715000000.0,32789200000.0,,0.12194810586162097,,0.09179482390644153,2009,2023,15,1.2787536009528289
1066605,15,1073464000.0,548311000.0,0.9341608102367662,0.021713969588160367,0.020693548094303967,0.0016560145587960302,2011,2023,13,1.1760912590556811
1817944,12,13957000.0,13957000.0,0.805115712545676,,0.26008454538941034,-2.910152611592749,2021,2021,1,1.0791812460476247
1409493,4,,,,,,,2010,2023,14,0.6020599913279623
1416183,1,376437.0,182582.0,0.07951880379204358,-16.33307585799458,0.038665810304224106,-20.153041026239606,2011,2014,4,0.0
1386041,2,782335.0,728768.0,0.5993297524840309,,,-0.763172650345143,2013,2014,2,0.30102999566398114
753308,556,16410000000.0,15836500000.0,,0.17360040489355374,,0.09841560024375381,2009,2023,15,2.745074791582057
1005758,1,,,,,,,2011,2013,3,0.0
1866581,196,965776000.0,739012000.0,0.5702799320018548,0.028056570234640685,,-0.013022162818328136,2021,2023,3,2.2922560713564755
1945619,2,0.0,0.0,NaN,-inf,,NaN,2022,2023,2,0.30102999566398114
24090,18,252627000.0,236268000.0,,,,0.009387347238314385,2011,2023,13,1.2552725051033058
840715,54,57909000.0,46067000.0,0.5102299646620035,-0.03993379283272033,0.1554800903500308,0.13576450820508773,2011,2023,13,1.7323937598229684
7084,618,93935000000.0,68454500000.0,0.06127262565730999,,,0.0242916316233971,2010,2023,14,2.7909884750888154
1801661,6,269709000.0,229581000.0,0.8713278096754206,-0.8639996560820224,0.12592155404672917,-0.9033430074370523,2020,2023,4,0.7781512503836435
1126216,1,,,,,,,2011,2013,3,0.0
1527599,27,3371000.0,2224000.0,,-45.84524144156263,30.313049163158517,-45.78197595513826,2015,2023,9,1.4313637641589871
1659183,3,5927173.0,5518228.5,0.37253387864006027,-0.7587206536649898,,-1.3848111504070166,2016,2021,6,0.47712125471966244
310764,853,20498000000.0,9946000000.0,0.6513992702064824,0.17303209645528597,0.05782322739741928,0.14735095065619686,2009,2023,15,2.930949031167523
1375796,13,173837000.0,90301000.0,0.5069109570898666,-0.26768894822691797,0.12360534937144041,-0.31918142212727063,2013,2019,7,1.1139433523068367
1472787,391,9221000000.0,5175456000.0,,,,0.06445308930085573,2010,2023,14,2.5921767573958667
1668523,37,15400.0,0.0,NaN,-2.4113157894736843,,-inf,2016,2023,8,1.5682017240669948
1584751,4,8193000.0,6502500.0,-0.38396627892005614,-18.648630049738344,13.845804672378616,-18.63958969292258,2021,2023,3,0.6020599913279623
1762239,4,64314379.0,35768943.5,NaN,,,-0.41853445298785563,2019,2023,5,0.6020599913279623
1537028,7,203602000.0,86712500.0,,-0.33197837348279613,,-0.41393720547143953,2014,2023,10,0.8450980400142567
810829,33,10807000.0,10807000.0,0.42333672619598406,0.26279263440362727,,0.12427130563523642,2011,2011,1,1.5185139398778873
1350653,5,350867000.0,196278000.0,0.6683342841363188,-0.22623175002925533,0.0775640021132925,-0.31238063845383457,2011,2023,13,0.6989700043360187
1501756,22,7500000.0,572000.0,,-inf,inf,-inf,2014,2023,10,1.3424226808222062
1726711,18,933715.0,105034.0,0.5757828220929434,-275.471527770454,28.568036451937697,-186.06970881168192,2020,2023,4,1.2552725051033058
1467154,24,4920000.0,2958000.0,1.0,-43.13078464260918,14.548129623555509,-43.756521702886936,2016,2022,7,1.380211241711606
1876945,20,173414881.0,83637407.0,0.17044375229778955,-2.5254342207919467,,-1.0876793295541851,2021,2023,3,1.301029995663981
1923840,1,,,,,,,2022,2023,2,0.0
1773383,49,1430530000.0,703509000.0,0.7635632437534049,0.0586181207609114,0.13347087637080718,-0.07883054431143514,2019,2023,5,1.6901960800285134
1287701,1,191632000.0,57856000.0,-4.711226939488732,,,-272.5803853177268,2011,2014,4,0.0
1504388,59,0.0,0.0,,-inf,,NaN,2011,2014,4,1.7708520116421442
1860543,4,427288000.0,427288000.0,0.38951558043599005,0.09373381263534979,,0.03907824855054826,2021,2023,3,0.6020599913279623
811779,32,49318.0,49318.0,,-35.63330832556065,7.525416683563811,-23.337964840423375,2011,2014,4,1.5051499783199058
1599298,2,1809000.0,801500.0,,-51.12402366369776,57.156471284326514,-63.94375275461336,2020,2023,4,0.30102999566398114
1347613,5,0.0,0.0,inf,-inf,,,2011,2017,7,0.6989700043360187
1058090,34,9871649000.0,5586369000.0,,0.0732764850790759,,0.08540342175619521,2010,2023,14,1.5314789170422551
754737,61,,,,,,,2010,2018,9,1.785329835010767
793171,7,3293293.0,28079.0,0.2379533345291993,-2.6093959140334997,1.8950439767846126,-2.2683261345763595,2011,2023,5,0.8450980400142567
1304740,2,,,,,,,2011,2014,4,0.30102999566398114
1610457,1,,,,,,,2015,2016,2,0.0
1453420,7,6100.0,6100.0,,-373.39918032786886,,-inf,2011,2013,3,0.8450980400142567
1710583,882,592045000.0,405860000.0,0.5038969805269667,0.15328714165355653,,0.037873452265072105,2017,2021,5,2.9454685851318194
36029,4,,,,,,,2010,2023,14,0.6020599913279623
1111928,54,1460860000.0,1200724000.0,0.44926193343922827,0.2598102173398186,0.07337917191368867,0.20165302247607714,2011,2023,13,1.7323937598229684
1076930,162,860903000.0,521290000.0,0.41093763226200153,0.08904621206350481,0.08526392808713514,0.053857609606129925,2011,2023,13,2.2095150145426303
1493265,18,NaN,NaN,NaN,NaN,,NaN,2010,2013,3,1.2552725051033058
1642159,11,29207.0,NaN,NaN,NaN,NaN,NaN,2015,2023,7,1.041392685158225
1429560,6,6250000.0,1818000.0,0.12907880649816134,-inf,inf,-inf,2014,2023,10,0.7781512503836435
1639691,20,1213925000.0,1021805000.0,0.6938758996182606,-0.03180528214927139,0.1326214202961013,-0.07038094912175209,2015,2023,9,1.301029995663981
67347,58,2297900000.0,1577200000.0,0.17292235555912402,0.02317104228958829,,0.0194882989407949,2011,2023,13,1.7634279935629371
1645842,82,13284000.0,13284000.0,-4.248494429388738,-26.16403191809696,6.839205058717254,-17.82618187292984,2021,2021,1,1.9138138523837167
1419178,5,335129000.0,305575500.0,,0.22676949648049333,,0.0002525430942715706,2011,2012,2,0.6989700043360187
883975,9,1012391.0,927182.5,1.3991243908950413,-35.35787135495616,28.351823995451035,-34.0906703823257,2011,2023,13,0.9542425094393249
1607962,4,13854000.0,5966000.0,0.31404746959273483,-3.997110303828815,1.0858620503102232,-3.9333375934865416,2015,2023,9,0.6020599913279623
1669812,353,3853000000.0,3603000000.0,0.08729588107992454,0.02256058193819746,,0.005434442446937807,2016,2019,4,2.5477747053878224
70530,100,1520400000.0,1520400000.0,0.602670349907919,0.12049460668245199,,,2011,2011,1,2.0
1357459,1,733438.0,260000.0,,-inf,207.23885204086127,-inf,2011,2023,13,0.0
1639825,130,4021800000.0,4021800000.0,0.41244023043315164,-0.20900327199752713,0.0795339675370165,-0.27926042679493435,2020,2024,5,2.1139433523068365
1301081,1,1020000.0,1020000.0,,-62.45,51.52156862745098,,2011,2011,1,0.0
1833908,2,26465.0,26465.0,,-687.1806159078028,,-209.60797279425657,2021,2021,1,0.30102999566398114
1505823,1,,,,,,,2011,2014,4,0.0
1120193,290,6064000000.0,3544000000.0,0.5695205844882759,0.2258364953183419,,0.13504744330179716,2010,2023,14,2.4623979978989556
46765,40,3719707000.0,2262149500.0,,0.11251135467799184,,0.07875841010688886,2009,2024,16,1.6020599913279623
1699683,2,66603000.0,66603000.0,0.023137095926609914,-0.3849376154227287,,-0.3959130970076423,2017,2017,1,0.30102999566398114
1532961,14,786778000.0,659296000.0,0.5457059140527566,,,0.06098265243045311,2013,2023,11,1.1461280356782377
1572684,10,,,,,,,2013,2016,4,1.0
868267,4,3744546.0,3744546.0,,0.38151754578525676,,0.24727777412802512,2011,2012,2,0.6020599913279623
1687932,16,698145000.0,639056000.0,0.6267477098448391,0.06631079482545507,,-0.07545409112587789,2017,2023,7,1.2041199826559246
1158463,199,9615000000.0,6310500000.0,,-0.03742827625403612,,0.02660456187622413,2010,2023,14,2.2988530764097064
703361,72,728243000.0,576200500.0,0.5198265383859153,0.13284937430053756,0.25992420037286107,0.15229353790080397,2010,2017,8,1.8573324964312683
700863,19,,,,,,,2010,2014,5,1.2787536009528289
1499961,159,65786817.0,40235362.0,-0.053146899882131456,-40.74614243780523,211.4408087431694,-211.6388601311472,2011,2023,13,2.2013971243204513
1842167,8,1328.0,1328.0,5.321536144578313,,,-17.798192771084338,2022,2022,1,0.9030899869919434
1497055,1,60475.0,60475.0,0.5264223078560971,,,-22.37246331129744,2012,2017,5,0.0
1372664,21,22645000.0,22645000.0,2.473172885846765,-1.361713402517112,0.2772797527047913,-1.3844557297416649,2011,2011,1,1.322219294733919
31986,3,509000000.0,509000000.0,,0.40078585461689586,,0.13555992141453832,2011,2011,1,0.47712125471966244
1097896,27,33888635.0,24837072.5,0.06844491688001046,0.2005214635071157,,0.16135763439794717,2011,2013,4,1.4313637641589871
1581068,17,1234340000.0,1168258000.0,,,,,2014,2023,6,1.2304489213782739
1377121,16,30925000.0,27992500.0,,-2.634803467816803,3.279558928410533,-3.2993007201170514,2016,2023,8,1.2041199826559246
851249,10,60694000.0,60694000.0,0.2158038685866807,0.03046429630605991,,0.03761492074999176,2012,2012,1,1.0
869187,5,NaN,NaN,,,,NaN,2011,2015,5,0.6989700043360187
1575858,8,564296.0,361930.0,0.6219499071017096,-17.825674494529263,,-17.34811295355216,2013,2023,11,0.9030899869919434
915862,5,1809288000.0,1800001000.0,,0.02639395077946676,,-0.018319325489919623,2011,2014,4,0.6989700043360187
1426011,20,11118494.0,3207163.0,0.3185220432571152,-0.4637580813741991,,-0.5951882709809256,2011,2016,6,1.301029995663981
1605607,66,758961000.0,742065500.0,,0.16025065846598177,,-0.01240387434105069,2015,2023,9,1.8195439355418683
842183,2,260622000.0,234088000.0,,0.2726193424019471,,0.2801721888437393,2011,2022,12,0.30102999566398114
709804,1,120028000.0,100104000.0,0.9019219727327661,-5.498982441661335,,-10.654600317610097,2011,2015,5,0.0
1289419,59,1870600000.0,855150000.0,0.6042625029987508,0.1882318598398181,0.07946633205620768,0.1661672677239886,2010,2023,14,1.7708520116421442
1327567,60,6892700000.0,2273600000.0,0.8985066330060707,-0.19190347559604193,0.28710166929841063,-0.1489918786478188,2013,2024,11,1.7781512503836434
1178670,108,1828292000.0,100533000.0,0.9486309657062811,-5.059493351768692,3.403185215851292,-3.7215203555305223,2010,2023,14,2.0334237554869494
1220754,4,2504393000.0,1318220000.0,0.22616266125437284,0.02236436344701783,,0.027933604413505644,2011,2023,13,0.6020599913279623
1606366,96,469959000.0,418764500.0,,0.057918777728260235,,0.05119008692997686,2014,2023,10,1.9822712330395682
704415,152,633066000.0,556942000.0,0.3208360941971866,0.028790645121263204,,0.029935263439954535,2011,2021,11,2.181843587944772
1722010,5,1675000.0,1609000.0,,,,10.451667548268814,2018,2023,6,0.6989700043360187
941020,14,4684577.0,3410359.5,0.4236027763327366,-1.215502602568757,0.06409703690866064,-1.3053310229302695,2011,2012,2,1.1461280356782377
1760542,3,19584000.0,14249000.0,,-3.1778227433657285,3.3702117521557127,-3.087920753723801,2019,2023,5,0.47712125471966244
1349706,30,5522000.0,5346000.0,0.5131858151630913,-135.59770988674532,0.11024923873529452,-2393.089023311701,2021,2023,3,1.4771212547196624
1421289,2,402340.0,193495.5,0.1816098611188281,-7.00177251930187,,-7.203093087255641,2011,2014,4,0.30102999566398114
1708493,16,31915000.0,5777000.0,,-10.694888780834313,9.248380385163662,-8.7459806327089,2018,2022,5,1.2041199826559246
1841661,34,,,,,,,2021,2021,1,1.5314789170422551
1030916,59,5198467.0,4995469.0,NaN,NaN,,NaN,2011,2017,7,1.7708520116421442
1370702,6,176359000.0,130066000.0,0.42868035756433165,-0.007262999880308221,0.5593744627191483,0.20001580703692481,2017,2018,2,0.7781512503836435
888953,2,149513000.0,149513000.0,0.4743199587995693,0.08910261983907754,0.0662216663433949,0.034311397671105526,2011,2011,1,0.30102999566398114
1772177,14,237860000.0,141089000.0,,-0.058954404081155806,,-0.06919286470149683,2020,2024,5,1.1461280356782377
1463361,4,236000.0,0.0,,-inf,inf,-inf,2018,2023,6,0.6020599913279623
1372807,13,,,,,,,2022,2023,2,1.1139433523068367
1101302,241,3523926000.0,1175270000.0,0.42778160941007326,0.16590383905314993,0.07922806790702533,0.08207322338052091,2011,2023,13,2.382017042574868
1335293,52,41268000.0,36672500.0,0.4512364610246276,,0.04744524196045449,-0.06443722919318862,2011,2016,6,1.716003343634799
1094651,2,350635.0,264290.0,0.77709545674297,,,-0.04702695583296876,2010,2014,5,0.30102999566398114
1096857,2,17658000.0,17503000.0,0.3580482736933982,-0.027367910651832722,0.09108491291236802,-0.02034096557467396,2011,2012,2,0.30102999566398114
1933567,13,2684735.0,2684735.0,0.8033209981618298,-1.2560785328905832,0.06306581468934551,-5.448091897338099,2023,2023,1,1.1139433523068367
1466258,64,15668200000.0,13195300000.0,0.3050063054064407,0.08845649236801005,,0.05079524497241694,2009,2023,15,1.8061799739838869
1544522,81,596432000.0,497999000.0,0.8852146022375985,-0.5440704412347728,0.32723916712712936,-0.424426165085648,2021,2023,3,1.9084850188786497
1053374,17,,,,,,,2011,2017,7,1.2304489213782739
855658,76,737154000.0,366127000.0,0.5413313119702804,0.0015220085647755976,0.2385113738179639,0.06777899422722543,2011,2023,13,1.8808135922807911
1163739,58,6804197000.0,4134483000.0,0.4119850375097117,,0.015450688183187154,-0.10994288871465582,2009,2023,15,1.7634279935629371
1561921,14,58453000.0,18213000.0,0.5214323038385837,-1.2953096778840352,0.29049925044217695,-1.4788224545882003,2019,2023,5,1.1461280356782377
1828972,134,397564000.0,342554000.0,,-0.03161458882169887,0.050304158447357576,-0.24384794950705854,2021,2023,3,2.1271047983648073
930775,7,11367215.0,8802456.0,0.5358273772093036,-0.04442544187220886,0.11155249463893455,-0.013558229175615522,2011,2023,13,0.8450980400142567
1465740,2,,,,,,,2011,2023,8,0.30102999566398114
914156,74,353792000.0,146132000.0,0.28649727649910334,0.1074243311959929,,0.07702592151455646,2011,2023,13,1.8692317197309762
798941,174,,,,,,,2010,2023,14,2.2405492482825995
1041024,7,83612000.0,57300281.0,0.08027315235103318,-0.42206825205527754,0.32636025851714523,-0.51817853288549,2011,2023,13,0.8450980400142567
1523404,3,726154000.0,680585000.0,,-0.04184171514174429,,,2014,2016,3,0.47712125471966244
1013880,168,2443707000.0,1949248000.0,,0.08498097500583224,,0.033743747203828396,2010,2023,14,2.2253092817258624
1093082,4,937800000.0,659600000.0,0.19500518873057437,0.0001908506263058585,,-0.0040474297303097935,2011,2021,11,0.6020599913279623
732485,491,4076665000.0,3993397000.0,0.7549735450712352,0.08477775740000004,0.3310404848535688,,2009,2010,2,2.691081492122968
1627487,5,314359000.0,314359000.0,0.4069232947044621,0.07310749811521222,,0.07773596429559834,2015,2017,3,0.6989700043360187
722392,36,186504000.0,171238500.0,0.23762634818639036,-0.04021941881477506,0.05342592357040092,-0.033972751916055546,2011,2014,4,1.556302500767287
799167,5,1263878000.0,672929000.0,,0.08247208616349905,,0.06489903582671715,2011,2023,13,0.6989700043360187
1340786,3,418134000.0,399841000.0,0.23712618646766445,0.011664662041455647,0.06484114104405723,-0.013784641647704118,2011,2015,5,0.47712125471966244
1309108,213,2350500000.0,854637000.0,0.6210711253836466,0.2937387646342251,,0.11658613531098834,2010,2023,14,2.3283796034387376
1842718,33,323513000.0,323513000.0,,-0.09985460069544572,0.1922303059577549,-0.06806527185473207,2021,2023,3,1.5185139398778873
1252849,2,576691000.0,533687500.0,,0.19153322347642174,,0.11707665992038008,2011,2020,10,0.30102999566398114
1410428,57,73729000.0,11986000.0,NaN,-inf,3.503922996651899,-inf,2011,2023,13,1.7558748556724912
719733,12,605315000.0,447901000.0,0.08027537219034538,0.02144888380792687,0.015811806039898273,0.013645494819168451,2012,2024,12,1.0791812460476247
1322705,8,1251855000.0,971690000.0,0.2587990757716954,0.017051527567997344,0.109562845710999,-0.03044918249135037,2012,2014,3,0.9030899869919434
1527590,12,,,,,,,2016,2020,5,1.0791812460476247
924901,8,616200000.0,364463000.0,0.951918171126899,,,0.0009376340488441715,2010,2023,14,0.9030899869919434
877422,112,9729219000.0,7734600000.0,0.15810378819589785,0.014189304966427627,,0.005054169441870597,2011,2023,13,2.049218022670181
811240,77,57356000.0,47656000.0,0.3991252562810923,-0.3416267280693599,0.12859952101350405,-0.3629108185625428,2011,2023,13,1.8864907251724818
1113256,4,4622000000.0,3672000000.0,0.13265139312512475,0.054275389211601445,,0.04640338319291477,2011,2021,11,0.6020599913279623
1396536,49,12048619.0,4202457.0,0.6539461418105965,-0.6255199123707256,0.08005927838242784,-0.9300280424939635,2011,2023,13,1.6901960800285134
1516479,4,330797000.0,140693000.0,0.7066139708424428,-0.21862332724452047,0.28437893886066445,-0.069227009584386,2013,2018,6,0.6020599913279623
764038,32,,,,,,,2011,2023,12,1.5051499783199058
16918,71,8820700000.0,7402050000.0,0.4182829683429623,0.23378509433808817,,0.19369448586068366,2010,2023,14,1.851258348719075
1048911,2,93512000000.0,60319000000.0,0.745546218487395,0.05704037897956207,,0.0313725329322409,2010,2024,15,0.30102999566398114
1437283,59,46755.0,23546.0,,NaN,NaN,NaN,2011,2023,13,1.7708520116421442
1719881,14,305403.0,305403.0,0.0030713516239198697,-2.0946192408064097,,-6.362681440588338,2018,2018,1,1.1461280356782377
1562088,26,369495000.0,250772000.0,0.6359691260860695,-0.1669036537500177,0.38304617798407,-0.165453026313042,2021,2023,3,1.414973347970818
1073429,24,1506400000.0,703714000.0,-0.016307830199470786,0.04984028985982874,,-0.012030094747263,2012,2020,9,1.380211241711606
1073146,256,21726622.0,8795760.0,0.6077411157975139,-9.188324408805915,,-18.357884994197676,2011,2014,4,2.408239965311849
866829,16,1289728000.0,846109000.0,0.12017749756702205,-0.07454591619394081,,0.05177228873454913,2010,2023,14,1.2041199826559246
1403708,8,5180630.0,2063360.5,,-80.86576739321625,,-79.93151512959187,2013,2023,11,0.9030899869919434
1574774,15,399472000.0,166578000.0,2.813356359172311,-0.9558762148828391,0.24942974165605478,-0.05563924456718833,2013,2019,7,1.1760912590556811
1854401,13,409049000.0,390648000.0,,,,0.38855149018593493,2021,2023,3,1.1139433523068367
1605997,9,47427000.0,29358000.0,0.24556130599089881,-0.2968315473086885,0.13505780162920777,-0.3223835346991675,2014,2017,4,0.9542425094393249
1066194,67,98011000.0,69818500.0,0.7210289242332216,-0.001320887043385409,0.19798516909649336,0.035906122352306155,2012,2024,12,1.8260748027008262
1802450,35,,,,,,,2020,2023,5,1.5440680443502754
1120970,6,25583361.0,862165.0,1.9983509103103314,-27.651360158786552,26.281717653662643,-56.37328863975166,2011,2023,13,0.7781512503836435
805080,8,,,,,,,2011,2011,1,0.9030899869919434
1419041,5,18036000.0,18036000.0,,-2.748364382346418,2.6718507429585276,-3.117958527389665,2017,2023,7,0.6989700043360187
1541884,17,115000.0,NaN,NaN,NaN,NaN,NaN,2013,2022,10,1.2304489213782739
1641751,4,1874363.0,176145.5,0.5366155344061763,-219.6206401590805,,-205.8016889321573,2015,2022,8,0.6020599913279623
778734,32,412665000.0,274789000.0,0.4308428128983059,0.12203835642937111,,0.06316092614611458,2011,2013,3,1.5051499783199058
10329,64,456855000.0,390136000.0,0.5474073210719941,0.015237381186033891,,0.04440807470010889,2011,2023,13,1.8061799739838869
1452872,8,9500537.0,966931.0,0.7296634945113923,-0.6651647392918396,,-0.5309006921631567,2011,2019,9,0.9030899869919434
320345,22,237920000.0,204418500.0,2.8312562014788423,1.004088843339889,,0.6387516852621554,2011,2014,4,1.3424226808222062
1372000,54,91930000.0,90602000.0,0.18606180638786246,0.03725472050071771,,0.017350052695890097,2011,2012,2,1.7323937598229684
1314592,17,124701000.0,124701000.0,0.8596322403188427,0.18840265916071242,,0.09625424014242066,2011,2011,1,1.2304489213782739
814926,1,36752813.0,12404445.0,0.15299439842552817,-0.9408896988490377,0.10268104371069578,-1.308119133739062,2011,2023,13,0.0
1641614,14,475745000.0,278073000.0,0.35450716839725543,0.10127415492070771,,0.018311707504612126,2015,2023,9,1.1461280356782377
863015,140,996278000.0,977371000.0,,0.07894491950581577,,,2012,2016,5,2.1461280356782377
847015,28,0.0,NaN,,NaN,,NaN,2011,2014,4,1.447158031342219
85961,72,9663000000.0,6679438500.0,0.646720888929585,,,0.031505363091659765,2010,2023,14,1.8573324964312683
1424454,4,584124000.0,539440000.0,0.8320870137403326,0.17734504227661804,0.18879013901014366,-0.04716460769793493,2010,2015,6,0.6020599913279623
98677,30,686970000.0,527741000.0,0.3544520864517125,0.13101282938329292,,0.11413954878122516,2010,2023,14,1.4771212547196624
1493137,9,9329566.0,7888786.0,0.473382040777469,0.05102729781291003,0.1364374390861523,0.00726307608841698,2011,2023,13,0.9542425094393249
882835,37,6177800000.0,3582395000.0,0.6071280152599672,0.26264184568879423,,0.21188307889284816,2009,2023,15,1.5682017240669948
1362190,20,29913000.0,3327346.0,-0.014881181955965559,-5.585814482868791,0.2635722043166695,-6.201374656516209,2012,2023,12,1.301029995663981
1312109,15,,,,,,,2019,2021,3,1.1760912590556811
1841387,2,125000.0,125000.0,,-222.01066666666668,161.256,-244.648,2021,2023,3,0.30102999566398114
746210,16,15333000.0,13678000.0,0.37789865191389316,-1.7432245941733153,0.17539035403120296,-0.6036046977936871,2011,2023,13,1.2041199826559246
1473597,12,232431000.0,34535500.0,-0.0011916018468430718,-0.39472961070127444,0.03689222820579551,-0.37673559822747416,2011,2018,8,1.0791812460476247
898171,7,,,,,,,2011,2016,6,0.8450980400142567
95953,7,334715000.0,197658874.0,0.1428283248445266,-0.006269440497189241,,0.003668735769910651,2011,2023,13,0.8450980400142567
1724344,5,7000000.0,7000000.0,,-7.3646095238095235,5.582428571428572,-5.854038095238096,2018,2021,4,0.6989700043360187
1630113,20,12063345.0,7650269.0,NaN,-1.4597832071467354,NaN,NaN,2015,2023,10,1.301029995663981
1530981,17,8913956.0,5525907.0,0.1848102641023815,-0.06215113482658663,,-0.05468817119987396,2013,2017,5,1.2304489213782739
1132105,154,1506072000.0,849129000.0,0.36065871076518924,0.06809736063328713,,0.03385837574766688,2014,2023,10,2.187520720836463
1674930,9,992584000.0,160870500.0,1.8602636600555744,0.008744660899008914,0.1545283895765357,-0.09781874621257014,2016,2023,8,0.9542425094393249
1079282,7,192000.0,192000.0,,NaN,NaN,NaN,2011,2021,7,0.8450980400142567
893949,24,3647123000.0,1983330500.0,,0.10266876033132383,,-0.02013380437644183,2010,2023,14,1.380211241711606
1517375,23,333643000.0,220843500.0,0.6584857508356943,-0.16919672256295112,0.1752263032440044,-0.19233797702731778,2020,2023,4,1.3617278360175928
1017673,4,63269000.0,46747000.0,,0.13588647859655348,,0.11302725007266257,2011,2020,10,0.6020599913279623
1123596,52,3509845.0,2534590.0,,0.1556081818471202,,0.184226368890123,2011,2023,13,1.716003343634799
1280776,7,,,,,,,2014,2023,10,0.8450980400142567
1444363,40,347317000.0,347317000.0,,-0.014475248836077703,,-0.03669414396646291,2011,2019,9,1.6020599913279623
1137789,245,14351000000.0,10971000000.0,0.25427763041253415,0.12690673014400972,0.09200497881271533,0.10438427480503679,2011,2024,14,2.3891660843645326
1187953,30,165500.0,6900.0,1.4682611323734445,-inf,inf,-inf,2011,2023,13,1.4771212547196624
1298095,19,17940829.0,17940829.0,0.14488399616316502,-0.37208213734159107,,-0.38454499510585605,2011,2011,1,1.2787536009528289
1166338,2,0.0,0.0,,-inf,,-inf,2011,2016,6,0.30102999566398114
792641,33,,,,,,,2011,2014,4,1.5185139398778873
1800637,21,59859000.0,58259000.0,-0.5951891570346288,-5.1218084323764765,0.1140058407107641,-4.024668353075038,2021,2023,3,1.322219294733919
1711786,4,,,,,,,2018,2023,6,0.6020599913279623
1543450,14,,,,,,,2013,2013,1,1.1461280356782377
1377630,33,462800000.0,426100000.0,,0.33425000454545994,,0.2832477583057481,2011,2023,13,1.5185139398778873
850579,17,116560000.0,115540000.0,0.5527020062937552,-0.0348259388948834,0.2657378639895707,-0.22311464345311038,2011,2013,3,1.2304489213782739
1521945,1,,,,,,,2023,2024,2,0.0
49826,1749,17924000000.0,14768000000.0,0.4065960584802843,0.18678730101414426,,,2009,2023,15,3.2427898094786762
1487730,129,5039700000.0,4085590500.0,0.3777153826208591,0.10473507065693773,0.011757277804652959,0.012111654240641456,2012,2017,6,2.110589710299249
1720420,10,523118000.0,483253000.0,,0.06535977657681262,,0.04692790449732578,2023,2024,2,1.0
1097149,471,3952584000.0,962680000.0,0.7989571720184611,0.19707837397310254,0.07685301339212784,0.16410010450020138,2010,2023,14,2.6730209071288957
1804591,70,271893000.0,271893000.0,0.4908622141798428,-1.0256620557841993,0.7010466126993583,-1.5069935599666044,2021,2023,3,1.845098040014257
1635088,130,124795000.0,61280000.0,,-3.2119250557639774,5.686465910143867,-12.172057339024361,2021,2023,3,2.1139433523068365
1728688,28,376307000.0,224124000.0,0.2729930851272902,0.030827362941014045,,0.05810521479189439,2018,2024,7,1.447158031342219
783325,17,9597400000.0,7679500000.0,0.6489220998290626,0.21481545952809086,,0.09947520291591434,2009,2023,15,1.2304489213782739
1448558,14,3745876.0,1349677.0,NaN,NaN,NaN,-inf,2011,2020,8,1.1461280356782377
1043894,18,18750053.0,853155.5,2.304924237941789,-0.8723444451464082,NaN,-1.718421407957998,2011,2022,12,1.2552725051033058
1387467,20,777552000.0,342291000.0,0.26474649344052376,0.01689785614878586,0.08797690871864808,0.03081841544558315,2012,2024,13,1.301029995663981
46640,141,11507572000.0,10600785500.0,0.3569674224543025,0.14606281440400387,,0.08823303788129816,2010,2013,4,2.1492191126553797
1018724,71,469822000000.0,79268000000.0,0.24658530698452796,0.040791833874944464,,0.02932249221968935,2009,2023,15,1.851258348719075
77476,1304,86392000000.0,64661000000.0,0.5274488380353298,0.15128149128145202,,0.1170396194621476,2009,2023,15,3.115277591395901
1520528,5,6512.0,4411.5,,NaN,,NaN,2011,2019,9,0.6989700043360187
1520007,15,1506516.0,0.0,inf,-inf,,-inf,2012,2016,5,1.1760912590556811
1641489,33,6414000.0,2018000.0,,-27.018294063621344,19.201755905491748,-13.98854384121023,2015,2023,9,1.5185139398778873
945617,5,18808545.0,2425204.0,0.3862161941396046,-inf,0.005271461241652657,-inf,2012,2023,13,0.6989700043360187
1579091,351,3042000000.0,3042000000.0,0.6019066403681789,0.020381328073635765,0.760026298487837,-0.023997370151216304,2023,2023,1,2.545307116465824
1417892,1,61291000.0,61291000.0,0.2502161818211483,-0.14130949078983865,,,2023,2023,1,0.0
1087294,60,51142776.0,35985043.0,0.8281567811614663,-0.03162918220528806,0.1278443104210311,-0.03519132088488046,2011,2023,13,1.7781512503836434
1716621,6,7199000.0,3258000.0,2.5382951527815965,-563.5383784313739,106.7584937475368,-542.9352482593894,2018,2023,6,0.7781512503836435
1571371,9,838026000.0,715798000.0,0.3602648395005048,-0.06903894287564874,,-0.1212777581152581,2013,2014,2,0.9542425094393249
1776661,1,4049742000.0,3693680500.0,,-0.03705703040445344,,-0.1026928837919674,2020,2023,4,0.0
1404655,93,2170230000.0,375612000.0,0.8576314982690665,-0.16225750055406069,0.28698204465821175,-0.20516792851237145,2014,2023,10,1.968482948553935
1093728,5,,,,,,,2011,2014,4,0.6989700043360187
1591956,2,72819000.0,6077000.0,0.32912514998885717,-6.737584563141288,0.2272506589796434,-9.084037971108337,2017,2023,5,0.30102999566398114
1813603,1,142850.0,70956.5,1.2498690058479534,-6.815576446852518,,-95.16991679366713,2020,2023,4,0.0
1373444,3,757583.0,723703.5,NaN,NaN,NaN,NaN,2012,2015,4,0.47712125471966244
1594686,5,921356000.0,626289000.0,-6.031479437592974,0.1958834184011919,,2.6341536333727835,2014,2020,7,0.6989700043360187
1269879,3,1106903.0,813888.5,0.830513591225102,-0.1288175205957523,,-2.0251565087658476,2011,2013,4,0.47712125471966244
1332551,3,123698000.0,62680000.0,,,,0.1567918420605905,2011,2023,13,0.47712125471966244
1701541,5,,,,,,,2019,2023,5,0.6989700043360187
1693690,2,6678790.0,5581764.0,0.3763019720580991,-1.2657064059939807,,NaN,2017,2021,5,0.30102999566398114
1371217,10,15089000.0,311493.0,0.6150691400442028,-60.24127140606564,25.181733234555015,-62.06203558515377,2011,2020,10,1.0
1759631,39,2106000.0,2106000.0,-inf,-inf,inf,-inf,2019,2023,5,1.591064607026499
1834584,340,20583000000.0,13428131500.0,-0.6737769129538979,-0.12179444978008667,,-0.02250708830439939,2021,2023,2,2.531478917042255
352747,8,5246159.0,4544973.0,0.6502827670713975,-2.3268879466912655,1.785411670578803,-4.908280124067651,2011,2012,2,0.9030899869919434
1302028,43,273854000.0,211539000.0,0.19767243880157448,0.0185984057686235,0.012314410808719036,-0.03528152378737511,2011,2023,13,1.6334684555795864
1576873,6,343500.0,NaN,-8.620689956331878,NaN,22.025429403202327,NaN,2013,2024,12,0.7781512503836435
927628,1145,,,,,,,2009,2023,15,3.0588054866759067
1527355,6,1835035.0,1059196.0,0.37035822435192933,-2.676537879489102,0.009502591983755113,-4.496051195505027,2012,2017,7,0.7781512503836435
1333986,197,14017000000.0,12415000000.0,,,,0.030059980932760716,2018,2023,6,2.294466226161593
1562594,9,4798297.0,4798297.0,0.43709341043290983,-9.736812664993435,,-9.714289674023929,2013,2013,1,0.9542425094393249
728391,6,1481643000.0,1352985000.0,0.6507163667726743,0.18105253852823947,,0.08976709613635485,2012,2023,12,0.7781512503836435
1297937,7,10741417.0,6105444.0,0.8704855050451373,0.20733810084690604,,0.1502203532951507,2011,2024,14,0.8450980400142567
913885,8,896083000.0,853938500.0,0.33398364641333705,0.005124995010344648,,0.001145634492565985,2010,2013,4,0.9030899869919434
78128,9,1878144000.0,809525000.0,,0.40240688995752144,,0.23062839418343462,2010,2023,14,0.9542425094393249
1082733,2,25000.0,NaN,,NaN,inf,NaN,2013,2024,12,0.30102999566398114
1636651,17,12617221.0,7059984.5,,-17.620316269996028,28.147107096112357,-11.73455868963898,2017,2023,7,1.2304489213782739
1549595,16,38627000.0,30432500.0,,-3.826734508367439,4.370366114056148,-2.697472556588005,2020,2023,4,1.2041199826559246
1141719,2,1623932000.0,1413979000.0,,,,0.04696937927886791,2010,2012,3,0.30102999566398114
1392972,14,276137000.0,185829000.0,0.6443337140064026,-0.17686325465109,,-0.2005544722796362,2011,2023,13,1.1461280356782377
896429,75,243641000.0,101436000.0,0.8695310695997478,-0.25421718966713336,,-0.20985058141219726,2012,2024,11,1.8750612633916997
1011662,2,695022.0,668300.0,NaN,NaN,,NaN,2013,2022,10,0.30102999566398114
758938,8,18302000.0,12435500.0,0.303298893636472,-0.16491600693761793,0.11586287181749427,-0.0587386376959859,2012,2019,8,0.9030899869919434
779544,7,183674000.0,150367000.0,,0.02410093412938865,,0.013840806749671487,2011,2024,14,0.8450980400142567
1358483,111,184325000.0,184325000.0,0.7648826800488268,-0.04693883086938831,,-0.015063067950630678,2014,2015,2,2.045322978786657
82811,50,6250700000.0,3195700000.0,0.27162178682839405,0.08379513224463021,,0.06358158557375976,2010,2023,14,1.6989700043360185
1735092,1,64000.0,42500.0,NaN,-inf,,NaN,2019,2023,5,0.0
1287865,4,1249238000.0,704745000.0,,0.7367503888437407,,0.4465291633658403,2011,2023,13,0.6020599913279623
885550,37,1856000000.0,969200000.0,,,,0.384560060955723,2011,2023,13,1.5682017240669948
1397807,4,41308000.0,36718000.0,,0.31044782380984043,,0.13404249970036963,2011,2013,3,0.6020599913279623
1380277,1,377390.0,377390.0,0.9154455602957153,,,-136.06143527280756,2010,2013,3,0.0
775057,121,149000.0,48000.0,,,,-2.0227651237720603,2011,2024,14,2.08278537031645
278166,32,1794792000.0,712352000.0,0.2336096051560243,0.07006661728024585,,0.05918259682134756,2011,2023,13,1.5051499783199058
18886,3,NaN,NaN,,NaN,,NaN,2011,2011,1,0.47712125471966244
1514743,1,,,,,,,2012,2024,12,0.0
1561680,27,4348533000.0,3262747000.0,,0.10528313515376517,,0.0936166349862502,2013,2023,11,1.4313637641589871
921114,4,,,,,,,2014,2023,10,0.6020599913279623
861955,1,,,,,,,2011,2011,1,0.0
1406587,17,1509400000.0,331045000.0,0.33977991839608407,0.4027299093003049,,0.041529906406324875,2011,2024,14,1.2304489213782739
1596532,90,5860168000.0,2281037500.0,0.6327119613234562,0.2817327400372679,0.2178224682413859,0.20015173971703132,2014,2023,10,1.9542425094393248
1840229,4,,,,,,,2021,2023,3,0.6020599913279623
1282631,12,161637000.0,33529000.0,0.2511060099838873,-0.4379217268850652,0.25450364338776355,-0.6185616666544163,2011,2023,13,1.0791812460476247
1536394,1,3625926.0,1865057.0,0.5010230934103894,-4.548817935690549,0.08689081979599547,-0.6970794640060791,2020,2023,4,0.0
1059763,12,86247000.0,86247000.0,0.43761522139900516,0.1373497049172725,0.0295778403886512,0.16770438392060014,2011,2011,1,1.0791812460476247
76267,13,211652000.0,111196000.0,0.3317326358977285,0.14752113694016847,,0.15369650732070442,2011,2023,13,1.1139433523068367
1799208,193,2314000000.0,1951850000.0,,0.015227875104771783,,,2020,2023,4,2.2855573090077734
25793,16,174637000.0,166474500.0,0.4934497737549547,0.04067332720945683,0.01623972115507849,0.04339906127373712,2011,2012,2,1.2041199826559246
18061,47,314353000.0,314353000.0,0.5385251612041241,-0.10018673274948864,,0.06809542138932984,2011,2011,1,1.6720978579357173
912593,28,2969700000.0,674731000.0,0.8812158531736763,,,0.08082565713764515,2011,2023,13,1.447158031342219
1405277,50,,,,,,,2011,2014,4,1.6989700043360185
1466538,37,2112799000.0,471565000.0,,,,0.05754540135924984,2011,2022,12,1.5682017240669948
1821850,24,98506000.0,84035000.0,0.7639207692603769,-2.718649559266806,,-1.526845574930751,2021,2022,2,1.380211241711606
1448695,1,3000.0,3000.0,,-452.21566666666666,,-2570.33,2019,2019,1,0.0
1541119,1,,,,,,,2012,2023,12,0.0
1976663,2,0.0,0.0,,,inf,-inf,2024,2024,1,0.30102999566398114
1348649,3,,,,,,,2015,2015,1,0.47712125471966244
1537561,2,75724.0,0.0,NaN,-inf,inf,-inf,2012,2023,12,0.30102999566398114
832090,6,,,,,,,2019,2022,4,0.7781512503836435
1636282,36,18739000.0,3108500.0,,-inf,inf,-inf,2016,2023,8,1.556302500767287
8504,11,13741398.0,791030.0,1.2955258000503942,-14.365903194422893,0.27747178410416723,-15.010327037690544,2011,2023,13,1.041392685158225
1348259,5,2345277000.0,2060901000.0,,,,0.152975647986806,2010,2017,8,0.6989700043360187
1841420,1,,,,,,,2021,2021,1,0.0
1709401,10,0.0,0.0,,-inf,inf,-inf,2018,2022,5,1.0
1543739,1,20199.0,13574.0,0.29449551826717707,-8570.998161723352,133.1987623397672,-4270.429319225436,2012,2017,6,0.0
1473579,13,323412.0,70566.0,-1.30607307760553,-117.551424697037,41.19875309306102,-127.33499995463066,2011,2022,12,1.1139433523068367
13610,22,766645000.0,766645000.0,0.31513673212503834,0.04099028885598941,,-0.02163974199270849,2009,2009,1,1.3424226808222062
1489588,20,3053752.0,761102.0,0.39786624208821614,-19.512396134042568,2.113388389858159,NaN,2011,2021,11,1.301029995663981
69488,140,791188000.0,601538000.0,0.289413591900272,0.05075728043548954,,0.02322867978265283,2011,2023,13,2.1461280356782377
1223862,57,250340000.0,104238500.0,1.1843337562192455,-0.00927179213985883,0.4184733344602748,-0.11541499182609455,2012,2015,4,1.7558748556724912
1116942,49,2847261000.0,2105322000.0,0.18079354176866216,0.04710129939571212,0.009957827143596606,0.020920562703483133,2011,2023,13,1.6901960800285134
1694187,17,,,,,,,2018,2019,2,1.2304489213782739
50725,14,2685183000.0,1967539500.0,54.287352201509236,7.068817407875582,,12.820282298026163,2011,2024,14,1.1461280356782377
1096738,43,113346000.0,113333500.0,0.613563240386403,0.008945075395771121,0.1577234840681197,-0.03084693890061912,2011,2012,2,1.6334684555795864
1178253,7,19024000.0,257000.0,0.029015979814970564,-inf,inf,-inf,2014,2023,10,0.8450980400142567
790816,25,580417000.0,534852000.0,,0.2593937673679493,,0.2291054671344519,2010,2023,14,1.3979400086720375
1126234,16,68501000.0,1364500.0,,-inf,inf,-inf,2011,2023,13,1.2041199826559246
1095291,160,710505000.0,543937000.0,0.6820991897111671,-0.001512045831637104,0.08691957960431675,-0.06726256083211503,2011,2017,7,2.2041199826559246
49534,12,101579213.0,18904837.0,,0.43967102330556856,,0.3944744877030526,2011,2013,3,1.0791812460476247
1173284,242,336572000.0,336572000.0,,0.0855210772137908,,-0.01670073565240127,2011,2011,1,2.383815365980431
727346,1,40599517.0,6929988.0,,0.055188960578010086,,-0.168155489358335,2011,2023,13,0.0
1868778,71,1505118000.0,1444055000.0,0.8055613009387793,0.04218774595643235,0.2098478036044711,-0.10640878867496001,2021,2023,3,1.851258348719075
106040,12,16922000000.0,12994000000.0,0.2658955522850642,0.10786761428283642,,0.030510069245618436,2010,2024,14,1.0791812460476247
1283789,13,0.0,0.0,,-inf,,-inf,2022,2022,1,1.1139433523068367
1060409,6,NaN,NaN,NaN,NaN,,NaN,2011,2017,7,0.7781512503836435
1596961,48,1793368000.0,286412615.5,0.17630879659187454,-0.23515839060198893,NaN,NaN,2014,2023,10,1.6812412373755872
810332,1,723357000.0,587288500.0,,0.09251605629162968,,-0.0810968823255863,2018,2023,6,0.0
1548187,10,0.0,0.0,,NaN,NaN,NaN,2018,2020,3,1.0
1493006,22,,,,,,,2011,2012,2,1.3424226808222062
1401106,11,2233574000.0,2233574000.0,,,,-0.02196390180043285,2010,2010,1,1.041392685158225
316793,31,1176577000.0,1113582500.0,0.4053760419734026,-0.008767517658093475,0.12460217609469448,-0.017001293690091894,2011,2014,4,1.4913616938342726
1629205,10,79246.0,48008.5,NaN,-inf,inf,NaN,2016,2023,8,1.0
74046,92,413021000.0,266000000.0,0.23227284721225863,0.06237609467403839,,0.05344339029906553,2012,2024,13,1.9637878273455551
1373715,147,7245000000.0,1654503500.0,0.8648881045991579,-0.1545595489310671,0.25091109234365616,-0.2053542488709572,2012,2023,12,2.1673173347481756
1270436,2,146368000.0,55348000.0,,0.06175792477061391,,-0.026701981843928004,2011,2023,13,0.30102999566398114
1332572,17,9092.0,NaN,,NaN,,NaN,2012,2014,3,1.2304489213782739
1462566,1,7642.0,7092.0,-0.07349125167168795,-4.409977116780989,,-5.293344700109568,2011,2014,4,0.0
1025953,16,190659000.0,51354000.0,0.045044861181383754,-0.13457087826985167,,-1.4291743434622939,2011,2020,10,1.2041199826559246
927003,118,1845422000.0,547004000.0,0.4549738689396545,0.17483116526533593,0.10993905108138215,0.02481370031637727,2011,2023,13,2.0718820073061255
1040765,4,,,,,,,2011,2015,5,0.6020599913279623
1764046,31,2659800000.0,974345000.0,0.6518640972513624,-0.38370680595031775,,-0.47092719378305786,2019,2023,5,1.4913616938342726
1464790,49,1643600000.0,112525000.0,0.6589073943154744,0.3625230347801127,,0.12909791224280223,2011,2023,13,1.6901960800285134
1011290,46,2003995000.0,1668651000.0,0.3534264849548222,0.01407887273352545,,-0.03954178016235481,2012,2016,5,1.6627578316815739
1440799,2,0.0,NaN,,NaN,,NaN,2012,2024,13,0.30102999566398114
1621443,8,278900.0,86000.0,,-365.8078277699633,209.20849986306325,-742.3954985207475,2015,2022,8,0.9030899869919434
1354327,18,1504241000.0,458550000.0,0.3780698232549629,0.07923772231913272,,0.03628579927402399,2011,2023,13,1.2552725051033058
34067,14,654086000.0,209573000.0,0.2773449794221636,0.03802104640094172,,0.021746683390960666,2011,2023,13,1.1461280356782377
1675442,1,9470585.0,9470585.0,0.5590742282551712,0.06507612782103744,,-0.02359643042114083,2017,2018,2,0.0
1901305,15,,,,,,,2023,2023,1,1.1760912590556811
1834045,95,292835000.0,220742000.0,0.34521526382461265,-0.2379737090686722,,-0.18529209916847186,2021,2023,3,1.9777236052888476
745308,83,701873000.0,131256000.0,,0.06697879793916106,,-0.3840286995155848,2010,2023,14,1.919078092376074
1169988,20,250821000.0,123186000.0,0.5780949893857196,-0.04616443168740326,0.11955607314587259,-0.02300268316305391,2011,2020,10,1.301029995663981
1052284,2,14655239.0,12880605.0,0.45001370979090466,0.3014376760124103,,0.21258075513657154,2011,2012,2,0.30102999566398114
1372414,26,126281000.0,120507000.0,0.8104435999065716,-0.24831016323557825,0.30853056284661856,-0.2702930144265591,2014,2018,5,1.414973347970818
1651052,41,2143321000.0,1218341000.0,,0.06552872494733457,,-0.0018000242094907374,2018,2022,5,1.6127838567197355
1544227,9,653000.0,0.0,NaN,-inf,inf,-inf,2012,2023,12,0.9542425094393249
1643615,32,546413000.0,545414500.0,0.4265483222004194,-0.043795707526423956,,-0.05497414172148704,2020,2023,4,1.5051499783199058
1627475,43,618318000.0,438212500.0,0.6244884146858564,-0.03805706000585043,0.2081552867450657,-0.062243769178068065,2018,2023,6,1.6334684555795864
90168,51,125106000.0,112454000.0,0.12487281085412445,-0.011607416412093934,,-0.03129058952605676,2012,2024,13,1.7075701760979363
1611231,11,,,,,,,2015,2016,2,1.041392685158225
1874944,96,1187950000.0,889058000.0,0.646693113902523,-0.3511772139697537,,-0.23049986224261787,2021,2023,3,1.9822712330395682
105132,56,518820000.0,382997000.0,0.5312996460213119,0.1777967498023523,,0.1287339492174244,2012,2024,13,1.7481880270062005
882796,37,270827000.0,19643000.0,NaN,NaN,NaN,NaN,2011,2023,13,1.5682017240669948
836157,84,770743000.0,551255000.0,0.26630531299203997,0.11254219280886443,0.024255573309275438,0.06408670126009584,2012,2024,13,1.9242792860618814
1172480,41,90170000.0,89161500.0,0.903871729483366,0.09364627409163612,0.20080311088829106,0.07971505392829387,2011,2012,2,1.6127838567197355
1059272,24,530831000.0,426557000.0,NaN,-inf,,-inf,2012,2017,6,1.380211241711606
1338690,52,,,,,,,2011,2014,4,1.716003343634799
1853070,5,73338000.0,73338000.0,-0.11845155308298563,-0.5114538165753089,,-0.7202541656440045,2022,2023,2,0.6989700043360187
1667615,27,,,,,,,2019,2020,2,1.4313637641589871
1472147,3,0.0,0.0,,-inf,,-inf,2012,2012,1,0.47712125471966244
945983,37,418131000.0,297057000.0,0.11930059105597911,0.03188989981692552,,0.025708490696656896,2011,2023,13,1.5682017240669948
1600620,62,134030000.0,47861500.0,0.9516413090722322,-72.72167028687545,33.14262023572979,-82.56503861567317,2020,2023,4,1.7923916894982537
817135,29,505513000.0,475954500.0,,,,-0.06969445302784373,2011,2016,6,1.462397997898956
1478069,4,,,,,,,2014,2022,9,0.6020599913279623
1517393,115,961731000.0,855457000.0,,0.07713688486449642,,-0.06560108250992835,2012,2014,3,2.0606978403536114
1100778,9,0.0,0.0,,NaN,,NaN,2011,2018,8,0.9542425094393249
1074828,34,4360087.0,2212617.5,inf,-inf,inf,-inf,2012,2024,13,1.5314789170422551
11544,44,9455466000.0,7167692500.0,,,,0.0930685101621587,2010,2023,14,1.6434526764861872
890564,85,4450600000.0,3726350000.0,0.2867707197131419,0.08017349373886935,,0.0528250900071233,2011,2023,13,1.9294189257142926
1831979,2,NaN,NaN,,NaN,,NaN,2021,2023,3,0.30102999566398114
1528930,21,2152504000.0,162172000.0,1.0,inf,,inf,2013,2022,11,1.322219294733919
1786352,2,1058468000.0,399779500.0,0.6670851508050992,-0.401222348997468,0.29010181865054063,-0.26878969250262924,2020,2024,6,0.30102999566398114
1346973,1,66598896.0,1584432.0,NaN,-1.5649032673694547,,-2.495823185304175,2011,2014,4,0.0
1058057,1,3706963000.0,3017210500.0,0.5418203096159063,0.10140818165315611,0.32090569848430434,0.09263065689273216,2009,2020,12,0.0
1182731,1,0.0,0.0,,-inf,,-inf,2022,2023,2,0.0
1804585,2,,,,,,,2020,2020,1,0.30102999566398114
1168696,68,3163000000.0,2905050000.0,,0.10331730395042918,,0.043660427007604544,2010,2017,8,1.8325089127062362
1432290,2,207836.0,NaN,0.8724523181739449,NaN,,NaN,2011,2014,4,0.30102999566398114
1290476,2,,,,,,,2011,2023,13,0.30102999566398114
1395848,2,83490000.0,43259000.0,0.5102207824541366,-0.15065179588999736,0.3463789258206965,-0.28430965615157844,2015,2019,5,0.30102999566398114
1171298,74,115984000.0,113458000.0,0.631573142878316,-0.16265264167156257,0.14394838090534567,-0.16984034236426807,2011,2012,2,1.8692317197309762
1695357,13,1395000.0,1395000.0,,-87.36164874551972,50.95483870967742,-82.03010752688172,2018,2022,5,1.1139433523068367
1802974,129,1234700000.0,922800000.0,0.12458336007975047,0.050422241129337096,,0.0194387965667662,2021,2024,4,2.110589710299249
1301206,41,54729000.0,41569000.0,0.1829851511319753,-0.58853511023044,0.030753918873356413,-0.483039756167754,2011,2012,2,1.6127838567197355
874841,286,837116000.0,814924000.0,0.23222115006588614,-0.0666277683297915,,-0.09326076087932463,2011,2014,4,2.4563660331290427
1303433,4,,,,,,,2011,2014,4,0.6020599913279623
1579252,54,705519000.0,705519000.0,0.20732708226405375,0.012041993395640974,,-0.11258975328253568,2017,2019,3,1.7323937598229684
1581720,12,,,,,,,2014,2017,4,1.0791812460476247
1610853,63,1496000.0,650000.0,0.43718693200219977,-31.445445174133127,13.05341848726249,-30.03275753255457,2014,2023,10,1.7993405494535815
715446,12,9255000.0,3667320.0,0.41135958238042347,NaN,NaN,NaN,2011,2023,13,1.0791812460476247
1037868,209,6150530000.0,3840087000.0,0.3345793281887781,0.22788781664120353,,0.15250454446360676,2009,2023,15,2.320146286111054
1445283,20,6896000.0,5341000.0,,-7.892842795807742,5.765380274802254,-8.779485897625147,2016,2023,8,1.301029995663981
1634424,1,13621599.0,13621599.0,0.19430464808133024,0.0684613458375922,,0.05693957075083476,2016,2018,3,0.0
1036070,1,,,,,,,2011,2012,2,0.0
819913,13,486371000.0,377610000.0,,,,0.025035763345497158,2011,2022,12,1.1139433523068367
1527096,32,953470.0,500000.0,-5.117738065490519,-191.13940766903582,121.1626723585777,-118.47744583675272,2021,2022,2,1.5051499783199058
832480,3,69708835.0,41273187.0,,,,0.1651443117657368,2011,2023,13,0.47712125471966244
1170816,10,1903614.0,731236.5,0.5013957913315793,-2.1069521013670798,0.00820147364822086,-3.0262952252943034,2011,2014,4,1.0
100517,435,53717000000.0,37824000000.0,,-0.01101683478981737,,0.012689425575808497,2010,2023,14,2.638489256954637
1816613,21,100958000.0,93784000.0,0.5492504736448759,-0.6797090194721713,0.4059954054295761,-0.3374924251252643,2021,2023,3,1.322219294733919
930245,4,2127027.0,2091515.0,0.6952060563837958,-0.04640171405372821,,-0.1083324342283564,2011,2023,13,0.6020599913279623
1001426,2,166343000.0,137135000.0,0.35308046288534406,0.03608126673634343,0.1466963546655018,-0.01889987111858786,2012,2015,4,0.30102999566398114
1868912,24,111700000.0,79565000.0,0.8365434419845915,0.08654842787633886,,-0.669088246045722,2021,2023,3,1.380211241711606
1412232,1,4514200000.0,4375300000.0,0.2819244206664784,0.06774098864125236,,0.024614281797474945,2014,2016,3,0.0
1652362,2,1752905000.0,1119553000.0,0.10674242087409244,0.0412223684376646,,0.015552580472071535,2016,2021,6,0.30102999566398114
1674168,1,3978000000.0,1711000000.0,,,,0.0541548695032524,2017,2023,7,0.0
1019671,28,97005000.0,63338000.0,1.3353649585463183,-0.37457524700231365,0.7162115778729179,-0.4035304880049258,2011,2022,12,1.447158031342219
1501134,17,460449000.0,46634500.0,0.08720292161156366,-5.523434684868201,1.8523963023554277,-4.207274000991699,2015,2022,8,1.2304489213782739
945989,269,27468000.0,24645500.0,0.32316847481388133,-0.01273209549071618,0.05526199418689631,-0.06764428826910374,2011,2018,8,2.4297522800024076
1515139,1,1835773.0,415082.0,NaN,NaN,,NaN,2012,2023,13,0.0
1053112,92,,,,,,,2009,2015,7,1.9637878273455551
834162,32,519069000.0,454126000.0,,0.09537348174122723,,,2011,2013,3,1.5051499783199058
1832351,5,,,,,,,2021,2021,1,0.6989700043360187
1002638,180,5769577000.0,1838072500.0,0.7269192680648151,0.15783277282340272,,0.1259058424309247,2009,2024,16,2.255272505103306
1301367,1,318643.0,318643.0,0.37355009906018716,-14.82880612436162,1.8330729781043373,-51.34238529117433,2011,2013,3,0.0
72331,371,2628632000.0,1704021000.0,0.5571263370246591,0.21517630891949122,,0.12144070177297953,2010,2024,15,2.5693739096150456
78890,18,4535500000.0,3488900000.0,0.189154139855531,0.056545452156060494,,0.019442154952908155,2010,2023,14,1.2552725051033058
1441082,12,8895000.0,0.0,0.2237211916807195,,,NaN,2012,2023,11,1.0791812460476247
1571636,22,905443.0,199080.0,NaN,NaN,NaN,NaN,2013,2019,7,1.3424226808222062
1451809,54,218808000.0,116156000.0,0.7201415445208411,-0.11537634952864406,0.3234818457376813,-0.1297500285996246,2019,2023,5,1.7323937598229684
1603207,15,768000.0,539000.0,0.4446278561827957,-45.02899445564516,21.687327788978493,-39.198991935483875,2022,2023,2,1.1760912590556811
730255,32,365912000.0,291685000.0,0.42040032125068777,0.04650510560425213,0.08813978398686394,0.0015832917412927385,2011,2022,12,1.5051499783199058
99359,6,85933000.0,84942000.0,0.4061948101187137,0.11529317123513928,,0.022833883881697135,2011,2014,4,0.7781512503836435
1338065,5,10707000000.0,6779000000.0,0.2990226023213195,0.022013173585136426,,0.03529513911002097,2011,2022,12,0.6989700043360187
1353499,16,13000.0,NaN,,NaN,NaN,NaN,2011,2021,11,1.2041199826559246
1039065,5,1278427000.0,792990000.0,0.40072977742642707,0.08535590303599469,0.0632427218068338,,2012,2024,13,0.6989700043360187
102741,106,4625624000.0,4020851000.0,0.3165625097738941,0.09172030773715634,0.030123300839851926,0.06657735348956524,2010,2016,7,2.02530586526477
1436229,42,3577881.0,1287709.0,NaN,NaN,0.27334940049831796,NaN,2011,2023,13,1.6232492903979003
826326,48,112505000.0,83777500.0,0.21432139354061785,-0.02752009082082584,,-0.01638569530263877,2011,2018,6,1.6812412373755872
1271073,2,NaN,NaN,,,NaN,NaN,2011,2013,3,0.30102999566398114
866439,24,2020971.0,0.0,-2.693395402507013,-inf,inf,NaN,2011,2023,13,1.380211241711606
1370544,3,18019.0,16166.0,-5.8005022078843345,-81.4947023129327,,-89.3027858698427,2011,2013,2,0.47712125471966244
1136711,10,100534.0,NaN,NaN,NaN,,NaN,2011,2014,4,1.0
1437822,1,84202.0,61202.0,NaN,NaN,NaN,NaN,2012,2018,8,0.0
1627606,56,,,,,,,2017,2021,5,1.7481880270062005
1717556,96,19629062.0,16141764.0,0.29540541714317814,-2.396401973931202,,-24.338498388181026,2018,2021,4,1.9822712330395682
1886362,4,NaN,NaN,NaN,NaN,,NaN,2022,2023,2,0.6020599913279623
836690,4,34808513.0,23459034.0,0.5851094060854601,0.0790143600547571,0.14909104615132066,0.21785778302016365,2012,2024,13,0.6020599913279623
1562201,2,1073048.0,1073048.0,NaN,,,-0.029421796601829555,2013,2014,2,0.30102999566398114
1103577,8,958886.0,749141.0,,-8.665091520148696,1.9787427775838875,-6.479070561452156,2011,2012,2,0.9030899869919434
1617406,3,2844000000.0,2791000000.0,,0.1379781645576192,,-0.00899438240780383,2017,2023,7,0.47712125471966244
1600983,34,5631000.0,5631000.0,-0.5941961465326114,-5.850935786008975,1.4240919611934097,-5.796915654707575,2021,2023,3,1.5314789170422551
1055726,50,42220086.0,13467346.0,,-41.53794836976546,19.66361019052804,-47.37583142262444,2011,2023,13,1.6989700043360185
1159154,4,2653700000.0,1377400000.0,,0.10462617810013794,,-0.012004978137033351,2011,2015,5,0.6020599913279623
842162,81,21148500000.0,17727300000.0,0.040590561578335356,,,0.03885393950527101,2011,2023,13,1.9084850188786497
1561299,5,638091.0,638091.0,0.24659021989026644,-1.6386565552562251,0.029969079645379735,-1.6378212512008474,2013,2013,1,0.6989700043360187
1023994,163,38341702.0,5394296.0,0.23785230153735712,-0.7289703909019188,,-0.8661300288622281,2011,2023,12,2.2121876044039577
1413837,52,36022000.0,28748000.0,,,,2.05785752209496,2014,2023,10,1.716003343634799
1288359,7,104400219.0,76421000.0,0.5317498410679741,0.25346538945208513,,0.14825442199314404,2011,2020,10,0.8450980400142567
1396009,30,5552200000.0,3592667000.0,0.20980108285010368,0.13459491039244417,,0.055853702514886014,2009,2023,15,1.4771212547196624
1288776,2838,59825000000.0,30778000000.0,0.525341662404975,0.3187021950479288,0.1463452224661366,0.258097801297624,2009,2014,6,3.453012391121455
77449,66,2090730000.0,2036622000.0,0.24061429454667654,0.021084723475709746,,,2011,2014,4,1.8195439355418683
1593275,2,1333535000.0,1333535000.0,,,,,2023,2023,1,0.30102999566398114
916085,148,13619852000.0,11053743000.0,,,,0.00785745240913643,2010,2015,6,2.170261715394957
22551,15,1855460.0,1855460.0,,,,-4.670430513188104,2011,2011,1,1.1760912590556811
1028954,1,,,,,,,2011,2019,9,0.0
1854139,13,163181000.0,163181000.0,0.4054880055668308,-0.40647302173502387,,-0.5858575546448239,2021,2023,3,1.1139433523068367
1867072,31,19352000000.0,18657000000.0,0.14501635719251305,,,,2021,2023,3,1.4913616938342726
714395,2,,,,,,,2011,2023,13,0.30102999566398114
827871,41,236707000.0,171546000.0,0.2657294259973893,-0.04766240671371213,1.390485345628802,0.6598273543460846,2014,2022,9,1.6127838567197355
1058307,4,37756000.0,5869558.0,0.2337693433387077,NaN,,NaN,2011,2023,13,0.6020599913279623
873364,102,2760952000.0,2760952000.0,0.7907015406280152,0.2598947754252881,,0.1542022461817518,2010,2010,1,2.008600171761917
1392448,3,51626000.0,51626000.0,,-0.24846007825514277,,0.24015031185836594,2011,2011,1,0.47712125471966244
1308027,4,20979243.0,347250.0,1.984650398768955,-27.539530482573557,0.06357104745498432,-20.545742330900488,2011,2023,13,0.6020599913279623
1714379,1,10250.0,4500.0,NaN,-3.5898392050587176,,-4.081394760614273,2018,2020,3,0.0
1089143,207,72453000.0,61319000.0,0.5697094581133592,0.18270798585650136,,0.12572980150604768,2012,2020,8,2.3159703454569174
1598646,9,41175600.0,41175600.0,,-0.5284550801931241,1.094863232108336,-0.5824466553007122,2014,2023,10,0.9542425094393249
1798270,17,,,,,,,2021,2023,3,1.2304489213782739
1223112,16,22281000.0,22281000.0,0.8531933037116826,-0.4548269826309411,0.0718100623849917,-0.8953368340738747,2011,2012,2,1.2041199826559246
1292426,92,1015473000.0,891242500.0,,,,,2011,2014,4,1.9637878273455551
1403720,84,326270.0,326270.0,-0.5136696600974653,-12.670806387347902,6.667183620927453,-14.866138474269777,2011,2011,1,1.9242792860618814
1849902,10,,,,,,,2022,2023,2,1.0
1064116,2,711634000.0,675556000.0,0.5523430836581613,0.21314101210368372,,0.09393111600362365,2011,2015,5,0.30102999566398114
313143,132,1168660000.0,909602500.0,0.4696056410469206,0.08069941643996119,0.04440447029112978,0.03172222180686841,2010,2023,14,2.1205739312058496
1096199,39,138262000.0,107298500.0,0.22924654657201005,-0.026696751836965172,0.05164980383499837,0.019827798528210365,2011,2014,4,1.591064607026499
1001316,59,233662000.0,1468500.0,0.9395237565372204,-640.3575144256396,374.6116568326942,0.054232181527163165,2011,2023,13,1.7708520116421442
1108924,112,147986000.0,147986000.0,0.6375062505912722,0.054782209127890474,0.23460327328260783,0.08379846742259403,2011,2011,1,2.049218022670181
1638381,3,,,,,,,2018,2020,3,0.47712125471966244
1461119,5,120385274.0,112749380.0,0.1345305015066587,0.15710533074297026,,0.049259140027205606,2018,2020,3,0.6989700043360187
1425883,2,0.0,NaN,NaN,NaN,,NaN,2011,2015,5,0.30102999566398114
1606268,3,1005928000.0,507691500.0,0.29202413010598177,0.06010791514555326,,0.027998113518867142,2014,2023,10,0.47712125471966244
1698519,16,381056.0,214540.5,-0.594664896385039,-4.650184165683873,,-8.803464933804273,2017,2018,2,1.2041199826559246
1576885,6,,,,,,,2021,2023,3,0.7781512503836435
899460,199,99770000.0,9192000.0,-3.8931508523358653,-inf,,-inf,2011,2023,13,2.2988530764097064
1329919,1,,,,,,,2011,2013,3,0.0
1094139,40,28252067.0,22770562.0,0.282940341668357,0.06177859848396925,,0.03819502314585623,2011,2017,7,1.6020599913279623
860413,2,,,,,,,2011,2023,13,0.30102999566398114
1688941,55,2154530000.0,2060902000.0,0.28527071205484006,0.029782413583572743,,0.01729735410737213,2017,2019,3,1.7403626894942439
1301501,5,26061000.0,11175000.0,0.9964482126489459,-11.245636312742272,7.449036403358645,-8.189333020257378,2014,2018,5,0.6989700043360187
1680581,35,19163000.0,7582500.0,,-10.59558855676028,8.02118969023265,-11.723559409985732,2019,2023,5,1.5440680443502754
1670869,22,1075476.0,489849.0,-0.2357526493857387,-7.925274023924804,,4.7478427025471115,2016,2019,4,1.3424226808222062
1425627,4,35322.0,NaN,0.22658682973784045,NaN,inf,NaN,2012,2023,12,0.6020599913279623
1370946,3,9761000000.0,5513500000.0,0.19874938446039656,0.126632692055833,0.012919767891354492,0.06545731177743148,2010,2023,14,0.47712125471966244
1156784,4,5461238.0,1799352.0,0.25034671758018484,-1.7945540950780536,0.0918877181491832,19.440421766899824,2011,2022,5,0.6020599913279623
1174746,25,1362965000.0,994788000.0,,0.49494757003159573,,0.36553410430151567,2009,2012,4,1.3979400086720375
875582,69,79902952.0,51424821.0,0.3118908594893685,0.11340881927366496,0.10234558249744351,0.08656352126613989,2012,2024,13,1.8388490907372552
1062273,36,5588002.0,1030369.0,,NaN,,NaN,2011,2016,8,1.556302500767287
892907,27,362483000.0,349883000.0,0.2732269684506839,-0.00480487362678093,,-0.014185682075263842,2011,2013,3,1.4313637641589871
1689084,5,0.0,NaN,,NaN,NaN,NaN,2017,2023,7,0.6989700043360187
1441362,4,783482.0,160955.0,0.7440780383495257,-0.6638748560911418,0.10592457771844152,-2.1480776475208656,2012,2014,3,0.6020599913279623
1175505,5,39508000.0,39508000.0,,-5.750344051882074,6.050376558748941,-4.314857971098385,2013,2020,8,0.6989700043360187
1828811,12,18300000.0,18300000.0,-3.469945355191257,-8.885245901639344,0.3114754098360656,,2023,2023,1,1.0791812460476247
1586454,1,,,,,,,2014,2023,10,0.0
30554,5,34723000000.0,30529000000.0,0.37742283100916457,,0.05959236556477099,0.10862892764328569,2010,2016,7,0.6989700043360187
886744,41,6162000.0,1338000.0,,-76.1986385037208,,-59.89238956965969,2011,2023,13,1.6127838567197355
1130310,143,10589000000.0,8352000000.0,0.852431032793533,0.12837006982489788,,0.053871951476529234,2009,2023,15,2.1553360374650614
1555279,10,46852000.0,46852000.0,0.5339257559903003,-0.507143844260714,0.35258120653527875,-0.6526604652851674,2021,2023,3,1.0
704159,1,18094472.0,10834123.0,,NaN,NaN,NaN,2011,2015,6,0.0
1818331,22,234694000.0,212195000.0,0.21585892209000926,-1.7085469673575162,0.4018334197018309,-1.0142354152893533,2021,2023,3,1.3424226808222062
1081938,1,0.0,0.0,,-inf,inf,NaN,2010,2023,14,0.0
1020710,122,1480832000.0,1097110000.0,0.2935989287944617,0.01345974058495927,,0.00333852630642751,2011,2023,13,2.086359830674748
1126115,13,216166.0,NaN,0.8033224466382317,NaN,,NaN,2012,2022,11,1.1139433523068367
1432150,7,40394000.0,32474000.0,0.5807348183277407,-0.11845956968060288,0.4146319604898201,-0.20141476840089145,2011,2016,6,0.8450980400142567
1522767,14,134010000.0,3564120.0,-11.861447454201967,-8.732652237332228,0.0733016526843524,-841.168727402743,2011,2023,12,1.1461280356782377
1393612,45,,,,,,,2009,2023,15,1.6532125137753435
1118237,15,,,,,,,2011,2018,8,1.1760912590556811
890394,22,16600000.0,6082000.0,0.7759267564686358,-4.226933616072645,3.9200965649031483,-1.1286998860106305,2011,2023,13,1.3424226808222062
91767,34,7250552000.0,5016994000.0,0.18949056682296356,0.07707017886718369,,0.04213195863735791,2010,2023,14,1.5314789170422551
314712,7,2718410.0,2155179.0,-0.7684559884259614,-6.530293635059179,0.9743065094891306,-9.017179421187706,2011,2014,4,0.8450980400142567
1472174,1,,,,,,,2011,2011,1,0.0
750813,16,240458000.0,218008000.0,0.9989519321843681,0.21778079851037888,,-0.006286826224545429,2011,2017,7,1.2041199826559246
1380393,10,1264983000.0,1087724500.0,,,,-0.4479836758049574,2011,2016,6,1.0
1705843,26,25987000.0,508000.0,-1.3068660808226527,-64.7638668383716,54.73216777706385,-289.08920356533946,2017,2023,7,1.414973347970818
1662991,52,125570441.0,125570441.0,,-0.20448259159045365,,-0.5188875175668679,2021,2023,3,1.716003343634799
712034,744,2025300000.0,1941200000.0,0.3039970386590556,0.08375521275524357,,0.032183959917332645,2011,2023,13,2.871572935545878
1113232,4,919998000.0,244295000.0,0.43927520873478093,0.08050701771536632,0.1610520446386175,,2011,2023,13,0.6020599913279623
1314196,9,30571637.0,184758.0,0.7721920764382616,-1.686683643759247,,-2.533982052958891,2011,2023,13,0.9542425094393249
1596946,12,38514000.0,22429500.0,0.5605258656043314,-2.7312046721842083,1.8643331759930886,-2.3150568599596086,2014,2021,8,1.0791812460476247
783739,1,,,,,,,2011,2011,1,0.0
1839434,20,,,,,,,2021,2021,1,1.301029995663981
830524,88,293336000.0,245327000.0,0.4098896432844587,0.17501047537860703,0.01591536480531041,0.12389211239510724,2012,2023,12,1.9444826721501687
68145,2,89891000.0,88378500.0,,0.029372269705606198,,-0.0151656111432878,2011,2012,2,0.30102999566398114
1832250,135,,,,,,,2021,2021,1,2.130333768495006
828678,2,74317000.0,42391500.0,,,,0.19293028512991645,2011,2012,2,0.30102999566398114
31462,553,14906300000.0,12733100000.0,0.44065698290531835,0.1330814433159853,,0.0754903612631271,2009,2023,15,2.742725131304698
1385508,8,40519800.0,29625181.0,1.0,NaN,NaN,NaN,2012,2021,10,0.9030899869919434
1367832,7,284039000.0,277886000.0,,-0.25220960305331813,,-0.14789948992336366,2011,2016,6,0.8450980400142567
319815,2,193534000.0,140570000.0,0.3115797394535594,-0.12290765266089336,0.1662474275337233,-0.10848703936590617,2011,2018,8,0.30102999566398114
6292,36,143165000.0,124477500.0,0.21684530372070404,-0.003920376359717094,,,2011,2012,2,1.556302500767287
57528,74,2109227000.0,1627978000.0,0.3742740829478384,0.056962294322974026,,0.03500970824105098,2010,2017,8,1.8692317197309762
1570585,16,18280000000.0,11541500000.0,0.748852960026649,0.10183136929161787,,0.22645448719578826,2013,2023,11,1.2041199826559246
1725255,17,3200177000.0,529644000.0,-0.19051126713147462,0.08076363655293314,,-0.003765583909524255,2018,2023,6,1.2304489213782739
1034760,1,180343015.0,78420864.0,0.1902112438289712,-0.01697449352169577,0.005343405923504202,-0.010311390957132665,2011,2023,13,0.0
879682,32,18517000.0,1447000.0,0.8432574544990458,-22.553525859593005,3.669998703928667,-17.681138525888016,2011,2021,11,1.5051499783199058
26058,33,552641000.0,424066000.0,0.3013179461828939,0.10616751545610353,0.05328548729417938,0.05787935620582068,2011,2023,13,1.5185139398778873
1502292,12,115963000.0,95998000.0,,,,-0.04563560169960579,2015,2023,9,1.0791812460476247
1517783,17,321122000.0,321122000.0,,0.2491887818336956,,0.08720673139803564,2012,2012,1,1.2304489213782739
1083522,7,19085000.0,14792000.0,0.23799212337976824,-0.19394478393597175,,-0.2147817861458924,2011,2023,13,0.8450980400142567
1408710,1,2262224000.0,1420490000.0,0.11834219274180438,0.07518100273774027,,0.08113382110813805,2012,2024,13,0.0
1134115,6,,,,,,,2013,2023,11,0.7781512503836435
73290,7,18871409.0,5791670.0,0.26888666700106095,-0.30510088226507126,0.1761444269017024,-0.33166491496163825,2012,2024,12,0.8450980400142567
1185348,70,1065414000.0,525868000.0,,5.528398455029357,,3.062003403635786,2010,2023,14,1.845098040014257
712534,5,,,,,,,2011,2023,13,0.6989700043360187
1585790,15,1558200000.0,1558200000.0,,0.05782312925170068,,0.0060326017199332565,2013,2019,7,1.1760912590556811
1854270,15,3286000.0,2788500.0,,-24.861191600783506,12.32692881430499,-23.516293081530762,2022,2023,2,1.1760912590556811
1385228,5,10901000.0,10901000.0,,-2.598385469223007,2.373299085710791,-2.5052441672017856,2013,2015,3,0.6989700043360187
1289550,8,7179000.0,4671500.0,0.48900788235278464,-0.574956345089336,0.24197864039237765,-1.0986216973922742,2011,2014,4,0.9030899869919434
75362,350,28819700000.0,20309750000.0,,,,0.06618850259608508,2009,2023,15,2.5440680443502752
934473,3,17744000.0,7697000.0,,-1.9299470384930206,1.2120727498170416,-2.128134529409637,2011,2016,6,0.47712125471966244
92416,15,,,,,,,2010,2016,7,1.1760912590556811
935494,189,1469681000.0,1113590000.0,0.7605227102470887,0.12743483840175618,0.20362163820122375,0.10482709673730241,2010,2022,13,2.276461804173244
1471781,40,51569605.0,148281.0,0.6446568695538671,NaN,,NaN,2011,2023,13,1.6020599913279623
1307140,7,4180263.0,NaN,,NaN,,NaN,2011,2017,8,0.8450980400142567
23197,63,778205000.0,550181000.0,0.36635527637323484,0.039485257064018855,0.08949274453355148,0.006993651900656963,2011,2024,14,1.7993405494535815
1043150,11,0.0,0.0,,-inf,,NaN,2022,2023,2,1.041392685158225
1327811,77,5139000000.0,2143050000.0,,-0.17305650284336324,0.41559656259830474,-0.16838014569800774,2012,2023,12,1.8864907251724818
1625376,3,4875.0,0.0,,-inf,,-inf,2016,2018,4,0.47712125471966244
1822145,2,30351000.0,30351000.0,0.020855984975783334,-1.8584890118941715,0.5527989193107311,-1.1360416460742644,2020,2023,3,0.30102999566398114
66570,103,1527953000.0,1164069000.0,0.42901940462223837,0.14031448208470798,0.03924561317842091,0.07702732865664934,2010,2023,14,2.012837224705172
1478950,33,84421000.0,84421000.0,,0.20062576667768914,,0.020369401754781465,2012,2014,3,1.5185139398778873
1528760,2,139450.0,24745.0,inf,-inf,inf,-inf,2014,2020,7,0.30102999566398114
898293,69,33478000000.0,19063121000.0,0.07885165608436859,0.02893881803442792,0.0015786452888977228,0.0153988888303312,2011,2024,14,1.8388490907372552
1519751,4,6090300000.0,4723000000.0,0.32741585706584553,0.10697891537678053,,0.0610247553180083,2011,2023,13,0.6020599913279623
1386044,67,0.0,0.0,,-inf,,-inf,2021,2023,3,1.8260748027008262
1326141,2,3303778000.0,2405161000.0,,0.17135735827924609,,0.11595204046563727,2011,2023,13,0.30102999566398114
1623554,1,1833800.0,1615722.5,0.3913185717138826,-0.3112874193089448,,-1.0562567884195238,2015,2016,2,0.0
1068796,49,3564000.0,3564000.0,,1.751543209876543,1.2890011223344555,-1.7226430976430973,2011,2012,2,1.6901960800285134
1116132,9,6671200000.0,4763180000.0,0.696800348214779,0.21383563384720522,,0.15313785166626992,2010,2024,15,0.9542425094393249
911649,12,365785000.0,281520500.0,NaN,NaN,NaN,NaN,2011,2019,9,1.0791812460476247
933136,1,2464000000.0,1860500000.0,,-1.3257740624180434,,2.5742654571089987,2012,2023,10,0.0
1564708,4,10085000000.0,9008000000.0,,,,-0.04607864897593008,2014,2024,11,0.6020599913279623
836809,7,1918226.0,627029.5,-0.22441526398406303,-3.621585402757413,0.0968588912926202,-17.442026029588128,2012,2019,8,0.8450980400142567
1508348,13,503512.0,140000.0,,NaN,,NaN,2013,2023,10,1.1139433523068367
351017,1,319970000.0,319970000.0,0.9982310841641404,0.021642653998812388,,0.012491796105884927,2011,2012,2,0.0
1327978,1,353170000.0,225200000.0,0.6905941848327304,0.0027249195599198064,,0.12583424920084124,2011,2023,13,0.0
1852019,14,,,,,,,2022,2023,2,1.1461280356782377
1351573,2,38550.0,38550.0,NaN,-14.65674448767834,8.335460440985733,NaN,2016,2020,5,0.30102999566398114
1368457,71,1443456000.0,1443456000.0,0.5782483151547397,0.1268933725724927,,0.08270013079719783,2010,2010,1,1.851258348719075
1499684,4,NaN,NaN,,NaN,,NaN,2012,2021,10,0.6020599913279623
719739,76,,,,,,,2010,2011,2,1.8808135922807911
1419577,6,0.0,0.0,,,,-inf,2011,2012,2,0.7781512503836435
1131096,69,1220300000.0,752599000.0,0.5702362597174396,0.041633967559826145,0.07750638143746358,0.020283935891243065,2010,2017,8,1.8388490907372552
1097792,83,17696462.0,7677889.5,1.3548730827506699,-1.1327778194031513,,-1.4088303940836366,2011,2016,6,1.919078092376074
917273,64,454793000.0,296418000.0,0.8162158542190626,0.13537289951223613,0.7084142834859309,-0.15487575394804123,2010,2023,14,1.8061799739838869
763532,195,469638000.0,311734500.0,0.25509420746839934,0.016875729518769454,,0.012042098644972446,2012,2024,12,2.290034611362518
1019787,5,4203556.0,2569499.0,0.30103258018979073,-0.42343039146513906,,-0.4889235560404725,2011,2019,9,0.6989700043360187
1014041,3,107579000.0,107579000.0,0.1868208479350059,-0.011619368092285668,,-0.035099787133176547,2011,2011,1,0.47712125471966244
781902,63,16969452.0,11865521.0,0.22680485295300967,0.06746529072170605,,0.03874054030356105,2011,2021,11,1.7993405494535815
949428,37,61607000.0,51801000.0,0.26601112950577105,-0.23671319740502803,0.13436601028211545,-0.25952091888350254,2011,2017,7,1.5682017240669948
1051251,6,2540449000.0,2227717000.0,0.40604424975903836,-0.0031818996767937393,,-0.11340667328009452,2010,2018,9,0.7781512503836435
919134,11,40153800.0,35635900.0,0.27820527784428,-0.005220765713397642,,-0.017970532626921658,2011,2015,5,1.041392685158225
1358254,1,,,,,,,2011,2011,1,0.0
1101433,3,18907725.0,12402224.0,0.48553423253778105,0.02093981493279918,,-0.021597216037199097,2011,2023,13,0.47712125471966244
1554859,26,68184000.0,22609500.0,0.7498279049794101,-0.27809989988992945,,-0.1773906724811261,2014,2023,10,1.414973347970818
1564824,8,,,,,,,2018,2023,6,0.9030899869919434
1806952,24,10650000.0,10650000.0,,-122.4125435719339,101.78555091074095,-78.7154014906282,2021,2023,3,1.380211241711606
1100394,1,2796653.0,2796653.0,0.19070724898655644,-0.20984369530292102,,-0.39961232230097904,2011,2011,1,0.0
1567852,1,,,,,,,2013,2013,1,0.0
1858685,10,28674000.0,24100000.0,,-0.9607417073949337,0.0026853595591825345,-0.7644917921701203,2021,2023,3,1.0
1681903,9,69679838.0,59524900.0,,,,0.0294103899246336,2017,2023,7,0.9542425094393249
1419625,9,129251000.0,129251000.0,0.6195232532050042,-0.2104045616668343,0.23638501829773076,-0.2262767792899088,2016,2017,2,0.9542425094393249
1826397,44,16281.0,16281.0,NaN,-685.0258583625084,37.816657453473375,-790.6825133591303,2021,2023,3,1.6434526764861872
65201,5,100161392.0,90146942.5,0.4093214741056487,0.09992952891134514,,0.08467321016819045,2011,2012,2,0.6989700043360187
917491,100,381765000.0,259842000.0,0.6058859233645075,0.024981337413149104,0.10485125469880535,0.010450494855919342,2011,2023,13,2.0
1001385,16,511668000.0,333313000.0,0.08853236678892307,0.00021444441739357082,,0.013010186265620184,2011,2023,13,1.2041199826559246
1522538,22,0.0,0.0,NaN,,,-inf,2012,2013,2,1.3424226808222062
1062449,84,1422990000.0,1074657000.0,,0.09445315988215748,,0.07077880489436549,2011,2016,6,1.9242792860618814
1122108,19,1109230.0,377036.0,0.07933185576154045,,1.2195410558053013,-6.869757723066965,2011,2013,3,1.2787536009528289
104897,10,42982937.0,38339756.0,0.12233342318626787,,,0.02565247881309274,2012,2017,6,1.0
877890,321,3275594000.0,2824686000.0,0.8363791198341445,0.1495469909657115,,0.12003912107763427,2009,2021,13,2.506505032404872
1892025,2,1218882.0,1023074.0,0.9320348539790959,-7.986765828625128,,-9.08496639262329,2022,2023,2,0.30102999566398114
1566039,1,NaN,NaN,,,,NaN,2013,2013,1,0.0
868857,152,20173329000.0,13290414000.0,0.05265572399710066,0.026299918889563196,,0.0014204044971007242,2010,2024,15,2.181843587944772
865436,197,15724000000.0,12308000000.0,0.35625005245749986,0.05834918311401637,,0.03242593239768439,2010,2017,8,2.294466226161593
1104506,71,188461000.0,9835000.0,-inf,-inf,inf,-inf,2011,2023,13,1.851258348719075
1556226,45,3487.0,NaN,,,NaN,NaN,2012,2017,6,1.6532125137753435
1472091,14,,,,,,,2015,2023,9,1.1461280356782377
1546392,7,167806.0,95245.0,1.0,-21.519939692263687,5.479591859195312,-27.923510475319578,2012,2016,5,0.8450980400142567
41719,62,1802415000.0,1603154000.0,0.13883635964924948,0.03376503506834369,,-0.018150879823454084,2011,2023,13,1.7923916894982537
1165320,16,3454552.0,3120620.0,NaN,NaN,,NaN,2011,2023,13,1.2041199826559246
884940,21,1360518000.0,1257598000.0,0.27673500939456147,0.021687273742108396,,0.014432904501248175,2011,2019,9,1.322219294733919
1832161,56,78407.0,62789.5,NaN,-0.582129146632316,,2.8563848158485885,2021,2024,4,1.7481880270062005
1057060,105,2394706000.0,997185000.0,0.26628365774416485,0.03531859720302153,,0.029722946922449114,2011,2024,14,2.021189299069938
1655971,1,66.0,32.0,,-inf,,-inf,2016,2022,6,0.0
828878,1,7694913.0,7391388.0,inf,inf,,-inf,2011,2015,5,0.0
944480,21,92249000.0,63841500.0,0.2407226845020648,-0.12657819345288412,0.01382478682608616,-0.1018599602726818,2011,2023,13,1.322219294733919
943819,359,4685297000.0,1872824500.0,0.5939340263678511,0.23840472058247783,0.07313672022918469,0.20172202833728775,2011,2024,14,2.555094448578319
835011,8,782358000.0,355096500.0,0.2024584582587033,0.15183275961747716,,0.10962796797661505,2011,2023,13,0.9030899869919434
1433642,1,553842000.0,341635000.0,,,,0.2109034816360298,2017,2023,7,0.0
1065087,16,402356000.0,261573000.0,,-0.09874502963119296,0.015160679525987037,-0.02710677064068057,2011,2016,6,1.2041199826559246
1792581,22,,,,,,,2020,2023,4,1.3424226808222062
1898474,5,78336.0,78336.0,-8.996221405228757,-60.613013174019606,,-85.19472528594771,2023,2023,1,0.6989700043360187
1001233,23,111299000.0,39539000.0,,-1.4753016499606963,1.744968365429295,-1.1183545451174306,2011,2023,13,1.3617278360175928
1685071,3,0.0,0.0,-inf,-inf,inf,-inf,2017,2018,2,0.47712125471966244
861884,1,17025000000.0,9721000000.0,0.25032053235273993,0.0823159799952251,,0.03654535088636386,2010,2023,14,0.0
1934642,2,,,,,,,2023,2023,1,0.30102999566398114
1645113,43,537840000.0,248069000.0,1.0102581128754775,-1.612776204226267,0.8995920513170427,-1.5152483400799106,2015,2023,9,1.6334684555795864
1702780,3,9760859000.0,9566608000.0,0.6578672843372055,0.17734861187806347,,0.04640354753268239,2017,2023,7,0.47712125471966244
1096637,156,101362.0,71418.5,inf,-inf,NaN,inf,2011,2014,4,2.1931245983544616
1449934,2,84300.0,16161.0,,-2.2087190138848243,,-4.001106788504141,2011,2014,4,0.30102999566398114
1713909,1,35570.0,35570.0,0.0,-52.85813888107956,20.751953893730672,-52.94247961765533,2017,2019,3,0.0
1528061,5,527379000.0,432214000.0,0.3104068854604084,,,-0.04033084837606664,2012,2017,6,0.6989700043360187
45012,12,23995000000.0,7145000000.0,0.12423306762839854,0.2975673545737881,,0.2113303986449907,2009,2023,15,1.0791812460476247
1760173,48,280349000.0,117423000.0,0.5101558795823179,-0.6732418565643047,0.10647168644535565,-0.8133346211164213,2018,2022,5,1.6812412373755872
1478242,281,14984000000.0,9702000000.0,,0.08730814327968249,,0.04934033654256855,2013,2023,11,2.4487063199050794
1124198,77,27577135000.0,19166599000.0,0.017590343001026836,-0.017695476469142497,,-0.012316721128992628,2009,2023,15,1.8864907251724818
936340,36,12607000000.0,9564000000.0,,0.14778526267072947,,0.07770009447051071,2009,2023,15,1.556302500767287
923118,2,671915000.0,561556000.0,,0.06460647146497428,,,2010,2014,5,0.30102999566398114
1859007,2,,,,,,,2023,2023,1,0.30102999566398114
1528287,20,45520000.0,45520000.0,0.8369901645240617,-0.4690930113716683,0.4012965880106833,-0.6846446899318415,2021,2023,3,1.301029995663981
1144354,165,2682396000.0,1985577000.0,0.11646661617621686,0.04663400410674595,,0.025268733866752068,2011,2015,5,2.217483944213906
1393020,25,32461000.0,21031000.0,0.6585524002818594,-1.659125493784478,0.37237732374621313,-1.7704634041587888,2015,2017,3,1.3979400086720375
876437,4,1721526000.0,1148316500.0,,,,0.04069429216134186,2010,2023,14,0.6020599913279623
866609,16,237664000.0,168468000.0,0.613300959260014,-0.42598792735149055,0.23187847646318507,-0.6502400652858019,2011,2020,10,1.2041199826559246
1561180,1,290809.0,290809.0,NaN,,,NaN,2019,2021,3,0.0
1173204,98,105484000.0,67683000.0,,0.0013196243488665426,,-0.37905421616025975,2011,2023,13,1.9912260756924949
1708035,29,1567072000.0,611201000.0,0.38588411720609417,0.10780989446255167,,-0.022814089158187025,2017,2023,7,1.462397997898956
1084332,10,6959000.0,5288500.0,0.2528402103817781,NaN,,NaN,2011,2018,8,1.0
1591763,45,3431000000.0,2184500000.0,0.5652961173749005,0.10132606218920388,,0.07271373809608564,2014,2020,7,1.6532125137753435
892160,50,83745680.0,72648198.0,0.37190868525106485,-0.20775344930506584,0.07276055983551404,-0.28628042676886223,2011,2015,5,1.6989700043360185
1383871,30,,,,,,,2012,2015,4,1.4771212547196624
1081316,11,26337000000.0,18614000000.0,0.7849176594374644,0.22517320110029676,,0.16764689590357854,2011,2023,13,1.041392685158225
318306,27,10000000.0,1414000.0,-3.452008664367887,-96.96056113394516,51.8225224579436,-91.19584996460352,2011,2023,13,1.4313637641589871
1766363,47,5268137000.0,5077713000.0,,-0.004520077595315218,,-0.03972427822453114,2021,2023,3,1.6720978579357173
40528,6,1717721.0,1717721.0,0.27379009746053057,-1.6612494112839047,,-2.5476226930916024,2011,2011,1,0.7781512503836435
1136893,105,12552000000.0,10077000000.0,0.37001812928957595,0.11944442017526265,,0.06197621950930635,2009,2023,15,2.021189299069938
1043186,29,98823000.0,54065000.0,0.14032529895027682,-0.048248192262455455,0.01181111301366993,-0.12551721207304564,2011,2023,13,1.462397997898956
790051,3,5449400000.0,3713100000.0,0.2519980996096173,0.12637636023096344,0.009687475597243565,0.09439665749139703,2010,2023,14,0.47712125471966244
1140028,5,,,,,,,2011,2012,2,0.6989700043360187
1371128,5,NaN,NaN,,NaN,NaN,NaN,2011,2023,13,0.6989700043360187
1553079,46,731511000.0,709526000.0,,0.20207468969766434,,0.13374614736621832,2013,2023,11,1.6627578316815739
1832950,2,,,,,,,2021,2023,3,0.30102999566398114
1158895,35,154424000.0,89151000.0,0.7267699709428831,0.14229410307100923,0.08068106290356317,0.10827642261263125,2011,2023,13,1.5440680443502754
1413754,133,22270033.0,203707.5,0.6000851908679494,NaN,6.936623135924425,NaN,2011,2023,10,2.123851640967086
1840292,44,8804000.0,6519000.0,-3.463244852352855,-9.438465387478491,4.425111459630451,-14.568430368045206,2021,2023,3,1.6434526764861872
1652044,2,282836000000.0,110855000000.0,0.545477177843449,0.2669147724463885,0.16385410479127896,0.2246087560821601,2015,2023,9,0.30102999566398114
1959023,31,,,,,,,2023,2023,1,1.4913616938342726
98338,206,101433065.0,61785433.0,0.14686108615259957,-0.002289681822814384,,0.0005446855991443969,2012,2023,12,2.3138672203691533
1808158,2,,,,,,,2020,2023,4,0.30102999566398114
885988,48,243169000.0,243169000.0,0.08590733193787037,,,0.01848097413732836,2011,2011,1,1.6812412373755872
1662524,6,488543000.0,64867000.0,,-1.5310627463201971,,-1.6853540371834068,2017,2019,3,0.7781512503836435
1405227,4,107547.0,NaN,NaN,-66.61009605102885,,NaN,2011,2014,4,0.6020599913279623
1648903,1,362757.0,208167.0,0.8823170939880884,-60.57021132292973,,-6.959771776151319,2016,2022,7,0.0
96763,20,398803000.0,373169000.0,0.23411979824162826,-0.07681555778933302,,-0.18136544513513014,2010,2014,5,1.301029995663981
1405858,2,716691.0,461296.0,0.26700345335664205,-11.980378214876621,2.1418783218179565,-11.874266567416559,2011,2017,7,0.30102999566398114
1413891,1,55049441.0,1069917.0,-1.4304090398848253,-17.18980689454284,3.0473844792141347,-29.525120636232508,2012,2023,13,0.0
1434589,8,5295521.0,5295521.0,0.11108142145031621,-1.3653553635232492,0.2444267523441036,-2.819020168176087,2011,2012,2,0.9030899869919434
1265107,73,570372000.0,553455000.0,0.7813487524320729,-0.3307688305772926,,-0.2237460445247971,2012,2020,9,1.8633228601204557
1173752,29,496343000.0,415601500.0,0.9108542869928509,-0.06386097707900137,0.2570860516913591,0.04267502890357641,2011,2014,4,1.462397997898956
1487659,3,7141976.0,444965.0,1.3673986044044006,-12.100347966338285,,-21.701420469384505,2011,2014,4,0.47712125471966244
820318,77,4707688000.0,784588500.0,0.36326426695401476,,0.08676613643726215,0.08585804869444509,2011,2024,14,1.8864907251724818
933738,6,306239000.0,64449000.0,0.11163340968774248,-0.09791009505724518,,-0.042341827222047074,2011,2023,13,0.7781512503836435
1063104,25,826099.0,242930.0,,-inf,inf,NaN,2011,2019,9,1.3979400086720375
1490660,8,,,,,,,2013,2015,3,0.9030899869919434
1616543,101,16389000.0,1381000.0,-7.482490536093502,-68.07041921517296,33.79692414463007,-110.97796056435897,2015,2023,10,2.0043213737826426
1162194,1,138144000.0,112964000.0,0.5868585263266828,-0.572793611126772,0.356085399570637,-0.6040497777508823,2011,2023,13,0.0
878560,29,,,,,,,2011,2016,6,1.462397997898956
1276477,57,243191000.0,243191000.0,,0.044734385729735066,,-0.08551303296585812,2011,2011,1,1.7558748556724912
887596,5,3439503000.0,2100609000.0,0.7610888096228289,0.030402838828361863,,-0.006373481273794432,2010,2023,14,0.6989700043360187
98362,38,4987000000.0,3651550000.0,0.2794132319147789,0.11763855596203855,,0.08083955282851323,2010,2023,14,1.57978359661681
1759655,11,966220000.0,817075000.0,,-0.08874923449024254,,-0.06507601599521036,2021,2023,3,1.041392685158225
1377053,2,0.0,0.0,,-inf,inf,NaN,2011,2013,3,0.30102999566398114
25475,114,1316919000.0,1163709000.0,0.273647606009163,,,0.010064128484551009,2009,2023,15,2.0569048513364723
1003201,17,100066000.0,16494000.0,,,,14.742659804270808,2011,2018,8,1.2304489213782739
1527102,4,2595590.0,390741.0,-2.82101239750243,NaN,,NaN,2011,2022,12,0.6020599913279623
1285543,14,805312.0,299472.0,0.927547981283917,-12.445628676560027,1.6745100453949122,-25.774924436007357,2011,2022,12,1.1461280356782377
1563568,4,12561000.0,4504621.0,0.08436989907695933,-46.989968626658126,0.04282207507891096,-49.452039803846496,2017,2023,7,0.6020599913279623
790730,37,503259000.0,503259000.0,0.28902016655439844,,,,2010,2010,1,1.5682017240669948
1577189,1,15796.0,NaN,-0.1360471005317802,NaN,0.07482907065079768,NaN,2014,2014,2,0.0
96793,1,154380000.0,53288000.0,0.6914009780155409,-0.012920852219961868,,-0.0013200506335613914,2012,2024,13,0.0
1644440,120,1480400000.0,1065450000.0,0.39017485240568783,,0.017794159624825417,0.04263128876095922,2016,2021,6,2.0791812460476247
790715,36,220544000.0,199193000.0,0.4459100906774876,-0.4279449497679709,0.3848452332755564,-0.3664548680449328,2011,2017,7,1.556302500767287
1334814,68,197545000.0,91451500.0,0.828986840120316,-0.026136737868393066,0.2551348967205355,-0.27335345171592296,2011,2014,4,1.8325089127062362
813920,183,923653000.0,821178000.0,0.8487904480537704,0.09506167936696601,,0.029155967965249,2010,2019,8,2.2624510897304293
1174922,677,6611099000.0,4130290500.0,,0.05937385725481424,,0.02988745297808148,2010,2023,14,2.8305886686851442
1521332,7,17489000000.0,15509000000.0,0.16863131658528696,0.09969771446172003,,0.0809173418056076,2012,2023,12,0.8450980400142567
1171486,2,432748000.0,301401000.0,,0.49114745528235154,,0.05729365081939064,2010,2023,14,0.30102999566398114
1379006,2,,,,,,,2012,2024,12,0.30102999566398114
1003344,28,791447000.0,666676000.0,0.27854194556758094,0.027108202603596775,0.01377784021987193,-0.18086866021933315,2010,2016,7,1.447158031342219
1701732,197,572221000.0,396379000.0,0.7130735334196526,0.011936179222556567,0.29089668551234765,-0.05635823452263474,2017,2023,7,2.294466226161593
1208208,60,725400000.0,517050000.0,0.788699126275294,0.08058597140562586,,-0.018241090878832217,2011,2016,6,1.7781512503836434
1369568,4,214203000.0,51153168.5,0.836667235727024,-inf,inf,-inf,2011,2023,13,0.6020599913279623
932696,1,9436113000.0,5485515000.0,0.14247649168482754,0.030899125460707704,,0.017490111141983067,2011,2023,13,0.0
1680367,7,30017000.0,19952000.0,,-17.391779401635365,12.952940462662609,-14.526636834841886,2020,2023,4,0.8450980400142567
1836981,5,155011000.0,145578000.0,0.33965554934579006,-0.2981588852400647,0.027285185793974015,-1.0996133508378356,2021,2023,3,0.6989700043360187
1050007,48,232988000.0,204382000.0,0.5015396306356279,0.12608761976722502,,,2011,2016,6,1.6812412373755872
1137411,32,7643000000.0,4374000000.0,0.3226908774481744,,,,2009,2018,10,1.5051499783199058
1097718,12,2678346.0,2640520.0,0.40696333668406687,-2.524290422317275,0.5342657479436337,-3.060716589217598,2011,2015,5,1.0791812460476247
57725,4,684563000.0,442807500.0,0.4325621155009901,0.06098925560789877,0.0824193292670185,-1.0672266933662968,2012,2022,10,0.6020599913279623
22444,49,8913481000.0,6760099000.0,0.17202594715472824,,,0.024217310637861183,2011,2024,14,1.6901960800285134
1752828,132,22771000.0,21335000.0,,-4.993440853104114,2.7226294887355347,-6.294302002186683,2019,2023,5,2.1205739312058496
1761510,34,174188000.0,170072000.0,0.2245541218264243,-0.24423465059611515,,-0.42457329178445374,2022,2023,2,1.5314789170422551
1047884,1,,,,,,,2010,2020,11,0.0
1213037,60,488000.0,323089.0,-0.8524178195337577,-56.730766560212906,,-58.10079340449079,2012,2023,12,1.7781512503836434
896778,31,131407000.0,129194000.0,0.8195201466390967,0.043541160132552124,0.05408893521411322,0.2926512521468119,2011,2012,2,1.4913616938342726
1647170,3,2872278.0,2872278.0,,-0.931755909421024,0.0848434587459849,,2018,2018,1,0.47712125471966244
79879,181,18246000000.0,14885000000.0,0.36314550070507784,,,0.08194170118929374,2009,2023,15,2.2576785748691846
1286043,2,801996000.0,356470500.0,,0.11830795435823721,,-0.051691435794480774,2011,2023,13,0.30102999566398114
1825724,1,,,,,,,2021,2021,1,0.0
1579428,84,270600000.0,160318553.0,,-1.4765713405036147,0.882900487266,-1.2691945094252848,2016,2023,8,1.9242792860618814
944075,6,23199061.0,17033593.0,0.48432293851289104,-0.044524819145525626,0.1767614373886161,0.03874445053558377,2011,2023,13,0.7781512503836435
1562401,11,1143378000.0,960399000.0,,,,,2018,2020,3,1.041392685158225
1453593,95,91303000.0,58194249.0,0.6339119846371025,-0.21628537061285158,0.023106679690138094,-0.3545083512154928,2011,2023,13,1.9777236052888476
1503802,27,157074000.0,15970500.0,,-94.90338540504888,94.23760081503187,-101.67900390847623,2013,2023,11,1.4313637641589871
1535379,22,479941000.0,479941000.0,0.6954529104844864,-0.567935495867078,0.424463634897418,-0.5093770561532196,2017,2020,4,1.3424226808222062
1081834,14,2249288.0,15415.0,NaN,NaN,,NaN,2011,2023,7,1.1461280356782377
1674335,323,5129179000.0,4235677000.0,0.20705545247222834,0.038173892048228915,,0.04659191319211634,2017,2023,7,2.5092025223311025
1558569,10,10402303.0,9928184.0,0.5418202824870245,-0.8062058826405304,,-1.024842207452998,2021,2023,3,1.0
1283843,2,51324505.0,51324505.0,,-0.7447239926207678,,-0.15742217634479716,2011,2014,4,0.30102999566398114
737758,160,4514700000.0,2390875000.0,0.37293354963642533,0.12443991366972577,,0.091788830303869,2010,2024,15,2.2041199826559246
919956,9,563462000.0,475718000.0,0.18897363774232612,0.007665340034980271,,-0.029727750807139585,2011,2020,10,0.9542425094393249
889936,10,,,,,,,2010,2016,7,1.0
1615346,2,42396000.0,35092027.5,,,,,2015,2016,2,0.30102999566398114
865415,7,57540000.0,52160500.0,0.474164406221685,-0.10841506441653335,0.15259834797591632,-0.13315727709216138,2012,2015,4,0.8450980400142567
1428816,3,30398.0,25896.0,,-inf,0.7776250328190811,-inf,2011,2017,7,0.47712125471966244
1267602,39,80754000.0,35912000.0,inf,-2.48777148124055,inf,-inf,2011,2023,13,1.591064607026499
891103,68,3307239000.0,2892105000.0,0.7211801413489645,0.10904417505712072,0.06513083201157592,-0.11598840123413245,2010,2023,14,1.8325089127062362
859163,16,1791790000.0,1414400000.0,0.20460531351825287,0.07995396891666404,,0.07148806012485413,2011,2018,7,1.2041199826559246
863456,65,620097000.0,580397000.0,0.3242116343127539,-0.009845766044868956,,-0.043242783199343375,2011,2013,3,1.8129133566428552
1063494,3,387154000.0,314685500.0,,,,-0.08179174178750574,2010,2011,2,0.47712125471966244
1557798,23,452409.0,0.0,0.29866006202352297,-inf,,-inf,2013,2024,12,1.3617278360175928
1047122,456,29176000000.0,20380000000.0,0.22928677998494176,0.15011044411351138,0.029510685427937788,0.10131195179657779,2009,2019,11,2.658964842664435
1466026,6,,,,,,,2016,2023,8,0.7781512503836435
831489,73,1090844.0,703833.0,,-0.11747948265674601,,-0.09405930273683842,2011,2021,11,1.8633228601204557
1167419,44,280678000.0,370229.0,0.45665022928191945,-58.94211579509551,41.8630129936465,-55.59254270456157,2011,2023,13,1.6434526764861872
1005011,179,6559900000.0,6029400000.0,0.06759833305737882,0.07407597741369698,,0.08027376444109302,2018,2020,3,2.252853030979893
1559754,1,25407.0,21024.0,1.811227693739528,-122.6172971546061,,-185.62307253214473,2013,2015,3,0.0
1581280,5,312974000.0,93359000.0,-0.09840948329792543,-2.2449944129768338,0.8859106910216415,-2.081453394469826,2019,2024,6,0.6989700043360187
1831363,6,1000000.0,1000000.0,,-43.442499999999995,,-50.199,2021,2023,3,0.7781512503836435
1126294,4,3188000000.0,1862000000.0,0.2747442830045288,0.19402331874915796,,-0.0042683132446335315,2009,2017,6,0.6020599913279623
1000459,1,0.0,0.0,NaN,-inf,,-inf,2012,2012,1,0.0
1076481,64,47588000.0,42678500.0,0.8035446829567409,-4.462796085691597,1.5906594571589763,-1.7955605579197127,2011,2015,5,1.8061799739838869
1733294,36,0.0,0.0,,-inf,inf,-inf,2020,2023,4,1.556302500767287
1107796,7,5143718.0,2926403.0,0.4731311003349823,-0.13878962705164427,,-0.2765247369047003,2013,2016,4,0.8450980400142567
1101246,304,32241333.0,16128542.5,0.40995335555552914,-0.9618053784484527,,-1.038883255470473,2011,2019,2,2.4828735836087534
1334978,16,3003874000.0,2591265000.0,,0.09583461309814664,,-0.11870011719055037,2011,2023,13,1.2041199826559246
1423588,88,0.0,NaN,,,,NaN,2011,2017,7,1.9444826721501687
30831,1,47887150.0,42875500.0,0.3851253969013094,-0.03453289752689551,0.03292491628746243,-0.07672825881115666,2012,2019,8,0.0
1289863,28,16988691.0,16357108.0,0.5711114696852082,-0.022284670407131293,,-0.022794321268918935,2011,2014,4,1.447158031342219
1605780,18,0.0,NaN,,,,NaN,2014,2018,5,1.2552725051033058
1576942,75,2101258000.0,1711733000.0,0.4175117587684351,-0.029212139577169356,,-0.030526034898751293,2018,2024,7,1.8750612633916997
874716,334,3367324000.0,974933000.0,0.7524073584034598,0.2809982694423622,0.08053173389759324,0.18781211402414882,2010,2023,14,2.5237464668115646
1883814,95,1160417000.0,1160417000.0,0.12145116798530184,0.0712700692940555,,0.03336731537025052,2022,2023,2,1.9777236052888476
891014,49,1858300000.0,1596900000.0,0.25475598367996544,0.11585463974394676,0.01584728872781103,0.07851082283341444,2010,2023,14,1.6901960800285134
1076195,28,1205904000.0,912844000.0,,0.18815660599845824,,0.09368481116560191,2010,2014,5,1.447158031342219
917470,3,2312253000.0,1436270000.0,0.3572568643941989,0.006111742249759241,,0.005746117023923392,2011,2023,13,0.47712125471966244
1040792,1,13291095.0,12368920.0,0.22748161381888662,-1.2171863240244494,0.2977274139384884,-0.7020421024601684,2011,2017,7,0.0
313337,1,,,,,,,2011,2011,1,0.0
1026650,69,184922000.0,184922000.0,0.26784265798552903,0.09686786861487547,0.0400006489222483,0.07423670520543797,2011,2011,1,1.8388490907372552
1201792,4,600545000.0,291978500.0,0.6178840108486299,0.09487365615861948,,0.10791738935299505,2009,2023,15,0.6020599913279623
834365,55,119156000.0,11021821.0,0.4913749711162476,-0.44560232758525614,0.13897869839115543,-0.4265416401393756,2011,2023,13,1.7403626894942439
1567900,14,6112324.0,986639.0,NaN,-inf,,-inf,2014,2023,10,1.1461280356782377
16040,52,4321000000.0,3337000000.0,0.19360211331673532,0.06266824400502208,0.018640706565883767,0.023058965078433132,2010,2024,15,1.716003343634799
1422930,6,267014000.0,256380000.0,0.9310263291396931,0.10388471141634943,0.07780977469635693,0.06513377361790514,2021,2023,3,0.7781512503836435
1435375,19,1805133.0,1369556.0,-1.7411495058039965,-8.849551144623689,1.6960059497865327,-14.556654354291066,2016,2020,5,1.2787536009528289
91419,38,8529200000.0,7374700000.0,0.3660691816423669,0.1504360147655603,,0.09217431779911311,2011,2024,14,1.57978359661681
1539574,11,NaN,NaN,,,,NaN,2012,2013,3,1.041392685158225
1752039,5,24623479.0,24623479.0,,,,-0.21814610356237638,2019,2019,1,0.6989700043360187
1823878,62,287419000.0,287419000.0,,-0.02356308321647382,0.19043663322070478,0.040566435472247135,2021,2023,3,1.7923916894982537
66740,1042,35355000000.0,30871000000.0,0.48654166123144965,0.2129195373259848,,0.12489039460987157,2009,2023,15,3.0178677189635055
1165231,4,56520000.0,27229711.5,1.2521832964894042,-0.0736794749496911,0.3474784037266284,0.19857852962598185,2011,2014,4,0.6020599913279623
807882,25,1668527000.0,1183483000.0,0.2083648783688569,0.15379661604696573,,0.08311977561873313,2010,2024,15,1.3979400086720375
1645494,55,6829118000.0,5968656500.0,0.2884346063697526,0.03271053591723286,0.09698264101102538,0.028579730224190993,2015,2018,4,1.7403626894942439
1335103,32,2446795.0,1064479.5,0.5460898809104028,-8.455384982844713,3.631774742965202,-4.923977204595912,2011,2016,6,1.5051499783199058
814453,110,13264000000.0,7548400000.0,0.3518936472673241,-0.01133681448853875,,-0.0031294838930713375,2010,2023,14,2.041392685158225
49728,41,156981000.0,123918000.0,0.13938503380954195,0.034235233859193394,,-0.0044231865759274775,2011,2020,10,1.6127838567197355
1297720,3,1099609000.0,900362500.0,0.10624451661173553,0.08868583661175711,,0.018563736341949542,2011,2012,2,0.47712125471966244
1166928,1,,,,,,,2011,2023,13,0.0
314489,32,,,,,,,2011,2023,13,1.5051499783199058
867773,102,3027265000.0,2312494000.0,0.11365800277006367,-0.09771546614007343,0.0331938311935018,-0.108487380932357,2010,2022,13,2.008600171761917
1425264,19,372698.0,266700.5,,-4.298301608010545,,-10.782595445133879,2011,2012,2,1.2787536009528289
1594219,16,,,,,,,2014,2015,2,1.2041199826559246
1443646,210,8363700000.0,7661389500.0,0.49216380336827265,0.09025243736542077,,0.05822062607289228,2011,2023,12,2.322219294733919
1689382,3,238517000.0,238517000.0,,-0.5025092551055061,,1.817317004657949,2022,2022,1,0.47712125471966244
1579684,295,3405670000.0,1696966500.0,0.32457383891957337,-0.001478804630948391,,-0.04030795191122329,2016,2023,8,2.469822015978163
899749,3,424499000.0,268496000.0,,,,5.357122398743544,2010,2021,12,0.47712125471966244
946823,2,595321000.0,581594000.0,,-0.014895788316556679,,-0.08726182945303644,2011,2013,3,0.30102999566398114
1655075,2,1193200000.0,716150000.0,0.16959387567941422,-0.03749437520404853,,-0.1367406714308088,2016,2021,6,0.30102999566398114
91142,104,3538900000.0,2611200000.0,0.37926415435179395,,,0.13522446315302586,2010,2023,14,2.0170333392987803
1475348,7,,,,,,,2018,2022,5,0.8450980400142567
1019034,15,7020258.0,4005856.0,0.6635606389914923,-0.797132925558131,0.4477822641816927,-1.2127703945010186,2011,2023,13,1.1760912590556811
1506928,2,10713000.0,9131000.0,0.2020863285079013,-2.7883084584801714,0.921774020833714,-3.529226459192181,2015,2023,9,0.30102999566398114
1358403,25,1780000.0,1120000.0,-3.67027027027027,-136.52121210563237,101.35789934932652,-156.06850966338712,2015,2022,8,1.3979400086720375
18937,17,680197000.0,540386000.0,0.20153962789490304,0.15811183452581512,0.02318859002103156,0.11334374982837268,2010,2011,2,1.2304489213782739
1374135,2,0.0,0.0,,,,-inf,2011,2013,2,0.30102999566398114
1011835,4,,,,,,,2011,2015,5,0.6020599913279623
1695295,81,479420000.0,235111000.0,0.20743816680959837,-0.6479589369961722,,-0.06700053084516268,2021,2023,3,1.9084850188786497
1778129,10,247829000.0,189990500.0,0.6304401573943103,0.031382968603035424,0.0010291179853502029,-1.88737486451297,2022,2023,2,1.0
908937,241,8953000000.0,4375576500.0,0.9885157391760725,0.2302980438308433,0.027323932524057917,0.09481627348637231,2010,2023,14,2.382017042574868
820738,14,13670000.0,9580000.0,,-1.2305694134036722,0.7098860813646602,,2011,2014,4,1.1461280356782377
1641281,4,5729000.0,1260000.0,,-163.69550071864612,133.439377294544,-173.47508133307574,2021,2023,3,0.6020599913279623
1009626,52,1902401000.0,1870567000.0,0.7034416495730935,0.14514264315623132,0.1869304173331488,0.05702433411928281,2010,2016,7,1.716003343634799
1081078,353,244300000.0,172499000.0,0.2104255471679098,-0.0635398525534014,0.033858707181701045,-0.5272735614563222,2011,2015,5,2.5477747053878224
1299688,137,246558000.0,246558000.0,,,,0.21051436173233073,2010,2010,1,2.1367205671564067
1015780,64,2886000000.0,1723000000.0,,0.367382472431805,,0.20731494930993694,2010,2019,10,1.8061799739838869
1802665,4,305440000.0,305440000.0,0.6095694602284922,0.2372287894646894,0.25404943089084997,-0.014090880112558268,2020,2023,4,0.6020599913279623
814286,1,6861204.0,4810594.0,,-0.2121547424486672,,-0.3318913369856798,2011,2016,6,0.0
1830029,3,19624000.0,19624000.0,,-1.0061659192825112,,-3.139319200978394,2021,2023,3,0.47712125471966244
1462120,10,,,,,,,2015,2023,9,1.0
1792941,6,0.0,NaN,,NaN,NaN,NaN,2020,2023,4,0.7781512503836435
891532,10,118610000.0,74413000.0,0.15415250079894458,-0.01449977273383188,0.017384258751487806,-0.07165204480087888,2011,2023,13,1.0
1093636,2,NaN,NaN,,NaN,,NaN,2021,2023,3,0.30102999566398114
1409565,2,693060.0,42807.0,-3.6203584262277406,-26.642368419336965,0.14864762618944108,-54.81390323283153,2012,2014,3,0.30102999566398114
1880661,4,1534626000.0,1208996000.0,,,,0.0,2022,2023,2,0.6020599913279623
1563699,34,97135000.0,93933500.0,0.45718709137425534,-0.4332571099764759,0.10819996047949006,-0.24976068539017024,2013,2016,4,1.5314789170422551
1094038,7,3513544.0,854247.5,,-170.56573691813918,23.584769402030616,-171.735440187999,2011,2023,13,0.8450980400142567
1671584,6,36254000.0,7629000.0,0.4630862893896674,-6.646600927652413,3.4114815326410968,-1.511551255936961,2016,2023,8,0.7781512503836435
1753373,5,3400.0,2200.0,NaN,-582.1870588235294,,23.450117647058818,2019,2023,5,0.6989700043360187
1141240,7,1007000.0,650000.0,0.28111955679736433,-8.906959729907198,1.6446180056522846,-9.863510935849186,2011,2023,13,0.8450980400142567
1011064,55,1452991000.0,1452991000.0,,-0.08592000913976755,,-0.09216505814557695,2011,2011,1,1.7403626894942439
1141103,52,1676652000.0,827880500.0,,0.02813843508216625,,0.008200563074165508,2011,2023,13,1.716003343634799
1855467,7,1224000.0,1224000.0,2.084967320261438,-29.03921568627451,4.72140522875817,-32.370098039215684,2022,2024,2,0.8450980400142567
1070050,8,504000.0,329500.0,0.538900502634146,-20.757706670299108,6.723241087136435,-17.791850539024516,2019,2023,5,0.9030899869919434
105418,1,4695943000.0,3136720000.0,0.2732957689391321,0.03209395705649612,,0.02674785679258625,2011,2023,13,0.0
1297184,64,437768000.0,274915500.0,0.4143246584792172,0.011782008221002688,0.1699068389868416,0.06802007334146112,2014,2023,10,1.8061799739838869
946454,5,184433000.0,67348000.0,0.2513046897005152,-0.027407312511843685,,-0.12972806005920626,2011,2022,12,0.6989700043360187
55242,167,2736246000.0,2098436000.0,0.347465206992643,0.04709944433725878,,0.02006019119683446,2011,2024,14,2.2227164711475833
106618,56,828343000.0,590116000.0,0.27266587213485566,0.06943408945733924,,0.10097447957776061,2011,2016,6,1.7481880270062005
1755058,1,2450000.0,2450000.0,0.7431294364505716,-1.0686820851822934,,-1.2395557142857143,2022,2024,3,0.0
1569055,10,NaN,NaN,NaN,NaN,,NaN,2013,2015,3,1.0
1923891,13,,,,,,,2024,2024,1,1.1139433523068367
895051,29,30020000.0,23727.0,-inf,-inf,inf,-inf,2011,2021,11,1.462397997898956
1835567,13,9384000.0,6796000.0,0.28666938547612797,-18.740366054671167,7.2367522868793746,-14.139535399628524,2021,2022,2,1.1139433523068367
1879848,2,3122000.0,3049500.0,0.2690486124993733,-5.492712009239316,,-4.168612953420167,2022,2023,2,0.30102999566398114
1677077,9,,,,,,,2021,2024,4,0.9542425094393249
1656239,417,2291848000.0,2291848000.0,,0.06158676317103055,,-0.08602359318768085,2016,2017,2,2.620136054973757
1085621,34,140527000.0,84837000.0,0.6056485594828871,-inf,0.14072117785907437,inf,2011,2017,7,1.5314789170422551
1567388,15,51534.0,0.0,NaN,-inf,,NaN,2013,2023,10,1.1760912590556811
1558432,2,171188.0,164593.0,60.14151408014496,-4.416494018579162,,-10.967625162680536,2013,2015,3,0.30102999566398114
315293,169,12479000000.0,11287000000.0,,0.16931985002562594,,0.10882454049595654,2009,2023,15,2.2278867046136734
1045014,44,30867000.0,30867000.0,0.5168626688696666,-0.151067483072537,0.11938316000907118,-0.20630446755434606,2011,2011,1,1.6434526764861872
98222,8,1495517000.0,979062000.0,,-0.0360786114898921,,-0.14961487323712874,2010,2023,13,0.9030899869919434
47111,3,11164992000.0,7421768000.0,0.4396211541253268,0.19795502134119125,,0.11836616949634907,2009,2023,15,0.47712125471966244
93384,20,316383000.0,311725500.0,0.6895232582469706,-0.0615414507967427,0.27971700896106677,-0.06072318207353382,2010,2011,2,1.301029995663981
1820201,4,858370000.0,858370000.0,,-0.166907044747603,,-0.1313990470310006,2021,2021,1,0.6020599913279623
1046327,207,562264000.0,156212000.0,0.6107034426239006,-0.23467568753562193,0.3402945692145712,-0.22280780186486054,2011,2021,11,2.3159703454569174
1179090,5,,,,,,,2011,2013,3,0.6989700043360187
812348,2,,,,,,,2011,2020,10,0.30102999566398114
1431695,49,185404000.0,185404000.0,1.2592601999835284,-0.24791291860174228,0.6267673533299151,-0.43662468283072386,2021,2023,3,1.6901960800285134
1111485,12,89077000.0,22593000.0,0.21309722083008054,-1.7450432100215707,0.8419964567273049,-1.6864755221356482,2021,2023,3,1.0791812460476247
1028734,7,,,,,,,2011,2017,7,0.8450980400142567
877860,3,332811000.0,135413000.0,,0.7474495736982402,,inf,2010,2023,14,0.47712125471966244
1096938,5,645652.0,69071.0,NaN,NaN,inf,-inf,2011,2023,13,0.6989700043360187
101390,4,5129511.0,5129511.0,,,,0.8180883129015611,2011,2014,4,0.6020599913279623
1038074,91,868267000.0,600395500.0,0.6477083697933335,0.08805796295452606,0.32157246870699996,,2010,2023,14,1.9590413923210932
839087,21,80017000.0,4617000.0,4.105930697331045,0.02354154549795652,0.08753962121398481,0.04070586556658573,2011,2023,13,1.322219294733919
317788,24,747596000.0,86541000.0,0.47762839168893617,-0.7613217007332006,0.18352716051123166,-0.9641199819651973,2011,2023,13,1.380211241711606
1040971,33,1863981000.0,1242927000.0,,,,0.1730475638838865,2010,2023,14,1.5185139398778873
764622,5,3803835000.0,3495157000.0,0.6981692403660172,0.22374871983402808,,0.02093671339866928,2010,2023,14,0.6989700043360187
1587285,1,,,,,,,2015,2015,1,0.0
1609951,2,,,,,,,2014,2018,5,0.30102999566398114
1553588,20,82564000.0,64706500.0,0.2030071686916389,-1.5536485994585814,,,2013,2014,2,1.301029995663981
1027838,23,208057000.0,166621500.0,0.7618488352559641,0.00784708360233153,0.03778398135705406,0.008125645428890067,2016,2023,8,1.3617278360175928
1102541,209,1314104000.0,1176895000.0,0.5916690750359581,0.04428236122623907,,-0.12676687122756347,2010,2016,7,2.320146286111054
1022705,7,202529000.0,175547000.0,0.12866648849007287,-0.18258381134157295,0.07689555289822998,0.18454386287635602,2011,2016,6,0.8450980400142567
1424100,1,,,,,,,2012,2012,1,0.0
1411488,188,153408000.0,91557000.0,-0.09622479343826355,1.078857532237811,,0.7550549718634202,2013,2017,5,2.2741578492636796
1398805,8,67353000.0,2781273.0,-0.11453124961751095,-1.8988636010810784,,-2.081194659442208,2011,2023,13,0.9030899869919434
799233,1,1207458000.0,607336000.0,,0.16116622592799926,,0.12104529313265042,2010,2023,14,0.0
63754,286,6662200000.0,4296300000.0,0.41729006328599555,0.15073485759771202,,0.11238489402933972,2010,2023,14,2.4563660331290427
310568,62,1655000000.0,1012495000.0,0.49807717921520706,0.08084745776769106,,0.048307402674976886,2010,2017,8,1.7923916894982537
91928,53,1991996000.0,866220000.0,,0.1527337080685978,,0.03903056799362923,2010,2021,12,1.724275869600789
1860871,11,,,,,,,2022,2023,2,1.041392685158225
1280452,10,1821072000.0,470929000.0,0.5152101211773503,0.16203795687190103,0.26979297973431593,0.12051868193064957,2011,2023,13,1.0
1021270,49,136896000.0,113522000.0,,0.01553889417398436,,0.022942576594973473,2011,2021,11,1.6901960800285134
1300867,5,0.0,0.0,,NaN,NaN,NaN,2011,2013,3,0.6989700043360187
1274792,39,53064000.0,48921000.0,NaN,-inf,inf,-inf,2012,2023,12,1.591064607026499
1855485,1,NaN,NaN,,NaN,NaN,NaN,2022,2023,2,0.0
23111,29,392285000.0,358769000.0,,0.02214943713142271,,-0.010740625521568774,2011,2022,12,1.462397997898956
1780097,10,1269000.0,1080000.0,-2.546711646262809,-71.3545953567971,9.969659778533298,-33.30719245960388,2019,2022,4,1.0
1697412,1,3839242.0,5847.5,,-3.813900416758061,,-3.4850930759669514,2017,2021,5,0.0
861878,147,3580700000.0,2816404000.0,0.39669064314838487,0.11614764497315434,,0.0688670663920644,2010,2023,14,2.1673173347481756
1273988,4,53965.0,53965.0,-0.1785135167840461,NaN,,NaN,2013,2014,3,0.6020599913279623
1000694,148,1146290000.0,26367500.0,0.6062780797180469,-5.605676662295173,4.106565751911375,-5.907568657574863,2011,2023,13,2.170261715394957
1493182,4,,,,,,,2011,2013,3,0.6020599913279623
9326,104,922439000.0,553204000.0,0.32036837608540725,0.17119717029143444,0.012999424007097289,0.12698116366183598,2011,2023,13,2.0170333392987803
1085243,12,28302244.0,19087631.0,0.5599790562517215,0.05471859111129549,0.08163126464547002,0.08173415902212025,2017,2023,7,1.0791812460476247
885074,90,34576916.0,10928572.0,0.530282672609937,-0.920316389645216,0.18191905231354988,-1.190694890458277,2012,2019,8,1.9542425094393248
1321732,82,747590000.0,547405000.0,0.693853592061043,-0.009168182567824834,0.11104402743630658,0.03732314608641602,2015,2023,9,1.9138138523837167
891919,85,497946000.0,477323000.0,0.28258703337003743,0.003714195496140998,,-0.0018996297766178296,2011,2014,4,1.9294189257142926
32567,10,1864222.0,1793241.5,NaN,-inf,0.0036089159435789935,-inf,2012,2019,8,1.0
774569,1,2312000.0,2312000.0,,,,3.1496539792387543,2011,2020,10,0.0
1010552,104,1138050000.0,991110000.0,0.7739640425618025,0.06873466964455073,0.18421587109787121,0.0492210412242745,2010,2015,6,2.0170333392987803
1722969,14,NaN,NaN,NaN,NaN,NaN,NaN,2022,2023,2,1.1461280356782377
1839360,6,70021000.0,70021000.0,0.12819011439425315,-0.6950914725582326,,-0.5264991930992131,2021,2022,2,0.7781512503836435
1674862,109,4948000000.0,2493000000.0,0.3054709945093143,0.03244621215213493,0.024749321762937482,0.0288369748022225,2016,2024,9,2.0374264979406234
914475,391,1488700000.0,77413000.0,NaN,-inf,inf,-inf,2011,2023,13,2.5921767573958667
895456,55,615475000.0,260258584.0,0.3429194337656265,0.06648403786558955,,0.037518987966431654,2011,2023,13,1.7403626894942439
1568162,47,335156000.0,222704000.0,,-0.04967582469076766,,-0.22329160114731253,2013,2022,10,1.6720978579357173
716643,172,1291933000.0,427580500.0,0.5193895168848077,-0.02915378091235814,,-0.0769726370356559,2011,2024,14,2.2355284469075487
844985,14,6663000.0,2801000.0,0.0807315781684846,-1.7732971952184853,0.25435336801047703,-2.2261854904840086,2011,2014,4,1.1461280356782377
1412408,24,356299000.0,148677000.0,,-0.2875665182370585,0.19352410406188508,-0.418392587408957,2019,2023,5,1.380211241711606
1065078,20,36029000.0,16565000.0,0.74224679850316,NaN,,NaN,2011,2023,13,1.301029995663981
892553,7,1612400000.0,859177000.0,0.28685306581826164,0.08477854957529982,,0.06278550624466865,2010,2023,14,0.8450980400142567
1056923,3,380631000.0,319041000.0,0.31228006083169946,0.0462930555559014,,,2011,2015,5,0.47712125471966244
1456189,18,76335539.0,20139785.0,0.5085883373038745,0.09600462618408466,0.05933709260474924,0.08095724065632202,2012,2023,12,1.2552725051033058
1094285,81,5458600000.0,2498900000.0,0.3912443515381733,0.12144955973002416,,0.10064773043177028,2010,2023,14,1.9084850188786497
1820630,9,242860000.0,242860000.0,0.01974594416536276,-0.4027299678827308,0.1648542370089764,-0.7237873672074446,2021,2022,2,0.9542425094393249
1852707,5,NaN,NaN,NaN,,,NaN,2021,2023,3,0.6989700043360187
1419482,67,249744.0,249744.0,,-50.465377220028586,,-56.25706779438348,2011,2013,3,1.8260748027008262
1375576,1,35285.0,0.0,,-inf,,-inf,2012,2017,6,0.0
1069258,33,1037100000.0,519200000.0,0.43429697232354647,0.002887903175365542,0.03227432126014576,-0.07626124488916698,2011,2023,13,1.5185139398778873
1420030,9,8505667.0,6467084.0,0.6523276926782857,-0.5714429063706014,0.028368776951489934,-0.7671227329637207,2011,2015,5,0.9542425094393249
1600132,2,,,,,,,2015,2022,8,0.30102999566398114
1717452,3,,,,,,,2018,2020,3,0.47712125471966244
1671858,29,1316000.0,673000.0,,-1138.8272543059777,344.74842958459976,-919.2603850050659,2021,2023,3,1.462397997898956
1348334,82,83146000.0,65721000.0,2.914447414573611,-0.15137679356483172,0.7352741267687686,-0.26459090314225103,2013,2016,4,1.9138138523837167
912766,96,4291659000.0,1242271000.0,0.16234777906914633,0.03617706018090041,,-0.059968150574650846,2017,2023,7,1.9822712330395682
318833,45,1200211000.0,841127500.0,0.281013748401777,0.011427916973984415,,0.009478028561132027,2012,2023,12,1.6532125137753435
945114,26,3680600000.0,1170300000.0,0.24700672687882097,0.041971105441706597,,0.037354441677583096,2011,2023,13,1.414973347970818
1846288,1,,,,,,,2021,2021,1,0.0
1404804,2,1793556.0,1074213.0,1.8391831107083716,-2.5945970381274104,0.7169613239432381,-4.025915600156711,2011,2023,13,0.30102999566398114
1038205,17,,,,,,,2011,2016,6,1.2304489213782739
1651407,9,192000.0,192000.0,,-303.8177083333333,226.90625,-270.0364583333333,2016,2023,8,0.9542425094393249
1433270,3,7138436000.0,3954858000.0,,0.19363773647942065,,0.06360141101512165,2013,2023,11,0.47712125471966244
1411009,1,15365.0,15365.0,-21.201887406443216,-23.02011064106736,,-70.75971363488448,2011,2016,6,0.0
1052100,3,1597759000.0,1173805000.0,,0.21926874670177837,,0.13934292423368255,2010,2020,11,0.47712125471966244
719135,15,44510000.0,27681000.0,0.660452158824437,-0.46507806450785416,0.10031761688417994,-0.4204282344687238,2011,2023,13,1.1760912590556811
1805651,12,547899000.0,510040000.0,0.8264397039089427,-0.614870476204974,0.011908994768319137,-1.721975789107182,2020,2023,5,1.0791812460476247
700923,11,2498289000.0,2071159000.0,0.12850193172158264,0.035737961535587934,,0.028121980545906006,2011,2023,13,1.041392685158225
887730,4,1200181000.0,813788500.0,0.20524006572030543,0.07319204684608091,0.036054073024182745,,2010,2019,10,0.6020599913279623
1130888,20,70495597.0,68468193.0,0.3464694126699944,-0.034302267421553845,,0.006861696297903688,2011,2012,2,1.301029995663981
1770787,44,516409000.0,298845000.0,1.116931813570723,-1.0582534000504924,,-1.047154527343341,2019,2023,5,1.6434526764861872
1662244,6,,,,,,,2021,2022,2,0.7781512503836435
1847345,7,,,,,,,2022,2023,2,0.8450980400142567
1032033,89,,,,,,,2009,2016,8,1.9493900066449126
1368365,53,70601000.0,10145000.0,0.5651416894653709,-3.4232254522474204,0.23187665840321317,-4.514465909403374,2011,2023,13,1.724275869600789
1405495,26,665854000.0,333197500.0,,inf,inf,inf,2010,2023,14,1.414973347970818
859014,81,944549000.0,910554500.0,,0.1370662066201416,,0.07634282360407854,2010,2013,4,1.9084850188786497
1938569,1,NaN,NaN,,,,NaN,2023,2023,1,0.0
881695,34,80573235.0,72147060.0,,0.04707572254416634,0.2122674206433891,0.01999346819888039,2011,2012,2,1.5314789170422551
790179,15,0.0,NaN,,NaN,,NaN,2011,2023,13,1.1760912590556811
1175151,28,43165527.0,8206036.0,0.8875466344917733,-20.203785356398726,9.740311514478266,-22.020327183419553,2011,2023,13,1.447158031342219
1297336,10,474921000.0,454957000.0,0.47684162760153753,-0.023614517162144563,,-0.05307420267278756,2011,2015,5,1.0
75288,119,1571475000.0,997806000.0,0.5695977589188412,0.05650414878002557,,0.044247602292044184,2011,2023,13,2.0755469613925306
1344413,13,47839000.0,5660000.0,-4.139093233137184,-7.700549364513726,5.168440699411416,-5.600684377505557,2011,2015,5,1.1139433523068367
1364962,13,107563000.0,66894500.0,1.690699390628824,-0.48128971015434324,0.4836833690011175,-0.39048818488425024,2012,2017,6,1.1139433523068367
1027207,118,474470000.0,283326000.0,,0.08229982307231701,,0.03565322959884098,2011,2015,5,2.0718820073061255
1408100,23,690400000.0,540000000.0,,0.04793000494946753,,0.1013203902096339,2011,2023,13,1.3617278360175928
797542,50,79613000.0,96000.0,1.314903846153846,NaN,NaN,NaN,2011,2023,13,1.6989700043360185
874761,12,12668000000.0,10508500000.0,0.24517952968199253,,,0.01671083873208504,2009,2023,15,1.0791812460476247
1688852,2,270313000.0,155427000.0,0.9809099019030325,0.2986232648380383,,0.34677781873445745,2018,2022,5,0.30102999566398114
1002388,7,162526000.0,162526000.0,0.689517259422221,-0.15925084708145582,0.29921086697887495,-0.017327166787501538,2011,2013,3,0.8450980400142567
1577445,11,665000.0,391000.0,-0.8089122910264157,-10.175418737885503,3.217151298472062,-10.084182586396025,2013,2023,12,1.041392685158225
1603145,12,917000000.0,746500000.0,,0.4240825926303752,,0.013290252849333412,2014,2023,10,1.0791812460476247
1834376,14,763855000.0,693363500.0,,0.0031058258703159074,,-0.03740208094387929,2021,2024,4,1.1461280356782377
716634,42,309385000.0,255242000.0,,0.031595890739171344,,-0.023848400146816738,2011,2023,13,1.6232492903979003
1406796,1,4094617.0,4094617.0,0.9394077639007506,-0.003732461424352998,0.03791832056575743,-0.0812776872659885,2011,2011,1,0.0
318154,881,26323000000.0,20944000000.0,0.7937846435529994,0.35838052023834954,,0.2722193696666863,2009,2023,15,2.9449759084120477
894158,6,0.0,0.0,,,inf,-inf,2011,2023,13,0.7781512503836435
1039101,135,9210000000.0,6839000000.0,0.08757592189488343,0.12931210406722093,,0.048663321763352106,2016,2018,3,2.130333768495006
19446,17,918155000.0,493656000.0,0.46851179366996604,0.130858209218675,0.023905669795824414,0.08051558961144005,2012,2020,9,1.2304489213782739
1157758,10,3103111.0,3103111.0,-0.03579214536637587,-0.36664753532825606,,,2011,2011,1,1.0
1466815,13,160778000.0,148558000.0,0.7663965643830146,-0.10472677882734416,0.07202860642604057,-0.15624895673614178,2011,2017,7,1.1139433523068367
1119190,33,1372444.0,1189150.0,0.7775880673268347,-29.05374067768615,,-41.836549819412845,2022,2023,2,1.5185139398778873
1437596,4,30666.0,30666.0,NaN,NaN,,NaN,2011,2013,3,0.6020599913279623
350797,1,1702249000.0,1357503000.0,,0.30771842879999806,,0.17519226449386718,2010,2020,11,0.0
1582313,23,32166000.0,12505500.0,,-14.446521724424125,17.57763271701347,-20.732732107643052,2014,2023,10,1.3617278360175928
768710,49,70033580.0,47759553.0,0.7634572756578709,-0.006269064100276145,,-0.003049074369838498,2011,2019,9,1.6901960800285134
1571833,6,,,,,,,2013,2016,4,0.7781512503836435
100726,113,815758000.0,687121000.0,0.09539122295672388,0.02087753199974442,,0.009533850837718811,2012,2024,13,2.0530784434834195
1718500,3,27498539.0,1012711.0,1.5363030731282392,-0.05433610187726346,,-0.15986967506145172,2018,2024,7,0.47712125471966244
1893219,6,,,,,,,2022,2023,2,0.7781512503836435
1253689,7,15027004.0,3992649.0,,-1006.390531296441,936.4695405965693,-869.8009349771356,2014,2023,10,0.8450980400142567
1493712,4,95824.0,66190.5,0.3661465790975847,,19.538264469798545,NaN,2012,2024,13,0.6020599913279623
941604,89,2291586000.0,2291586000.0,,0.07369350310221828,0.0031410560197173486,0.019347735585747164,2010,2015,6,1.9493900066449126
1564863,71,1000.0,1000.0,,-33.361,,-32.361,2013,2014,2,1.851258348719075
1722287,39,1295112000.0,1138904000.0,-0.40507949559171913,0.14559914764278048,,-0.4196229288294604,2018,2019,2,1.591064607026499
1048685,2,573643000.0,530241500.0,,0.020521134037300166,,-0.009533410114827199,2011,2014,4,0.30102999566398114
355019,33,98645101.0,6922465.0,-0.13457413365440027,,0.5792690380938217,4.808674427659072,2012,2024,13,1.5185139398778873
1524083,2,NaN,NaN,,,NaN,NaN,2012,2013,2,0.30102999566398114
1388319,23,6700888.0,678146.0,0.02369451549262891,-34.992671941237404,11.448513575927716,-122.57546065418911,2011,2022,12,1.3617278360175928
1383183,32,12869000.0,6367000.0,0.39627521462754417,-5.7242181337603055,1.367253316383505,-8.911953923452401,2011,2016,6,1.5051499783199058
1733443,1,30532000.0,30532000.0,0.7509825756583257,-0.0922311017948382,,-0.11689375081881305,2023,2023,1,0.0
1338613,3,2521000000.0,2521000000.0,0.3692978976596588,0.01388337961126537,,-0.027370091233637445,2011,2014,3,0.47712125471966244
1438650,2,69595.0,69595.0,,-608.486989007831,0.024067820964149722,-82.85412745168475,2011,2011,1,0.30102999566398114
1569329,103,165696000.0,156597000.0,0.5727458159421995,-0.0008175950779160876,,-0.06381244702864114,2013,2019,7,2.012837224705172
1060749,21,1404527000.0,1162431000.0,,,,0.08191143520709424,2010,2012,3,1.322219294733919
1060990,10,,,,,,,2010,2014,5,1.0
1946563,1,223208.0,223208.0,-0.9900048385362532,-23.093182144009177,2.354588545213433,-27.69488548797534,2023,2023,1,0.0
865058,4,69392000.0,64857000.0,,,,,2011,2021,11,0.6020599913279623
8177,19,199554000.0,181114000.0,,0.005247946455734713,,0.028031258493846172,2011,2023,13,1.2787536009528289
1417663,6,20398000.0,965501.0,0.6836323142861143,-5.566313927237156,1.546687985739259,-6.649709423874395,2011,2023,13,0.7781512503836435
1111473,9,10822.0,NaN,NaN,NaN,,NaN,2011,2013,3,0.9542425094393249
1005276,62,1485350000.0,1364419000.0,,0.15915782561219297,,0.016016318301104948,2011,2022,12,1.7923916894982537
27419,5,109120000000.0,73301000000.0,0.2802665965865857,0.056966414689735706,,0.045071714847415706,2009,2023,15,0.6989700043360187
1368514,2,258215000.0,22760560.0,-0.05672102949047849,-2.5003240369782684,1.0360198561552993,-2.753241391034638,2012,2023,12,0.30102999566398114
826773,3,437596000.0,398949000.0,0.20118633613519313,-0.0004808975526199762,,-0.15974915670873172,2011,2013,3,0.47712125471966244
872912,36,3555000.0,1869500.0,inf,-inf,inf,-inf,2011,2023,13,1.556302500767287
1331301,1,461338000.0,321991000.0,0.463250723569726,-0.1304027092647259,,0.031390962927806326,2011,2014,4,0.0
1479915,3,,,,,,,2013,2023,11,0.47712125471966244
1359841,9,6803955000.0,5879874000.0,0.35129246089013405,0.11024318801816434,,0.04721938739852298,2010,2023,14,0.9542425094393249
1104265,1,6780591.0,0.0,0.23831987391198733,-0.32015226981330064,NaN,-inf,2011,2016,6,0.0
827809,43,138438000.0,90272000.0,0.6919519843831883,-0.8594399044135834,0.5772800658192985,-0.4927445027215713,2011,2018,8,1.6334684555795864
1819576,12,17488000.0,14394172.5,0.8761047016103096,-22.70117339281446,12.213554576840632,-17.985942191464257,2020,2023,4,1.0791812460476247
1975940,6,21774937.0,21774937.0,0.38069143437705466,0.14973898661566737,,0.08703685342465055,2023,2023,1,0.7781512503836435
12208,185,2922545000.0,2124286500.0,0.5536686500159498,0.10181552546051789,0.0945100645616528,0.20875534839566426,2010,2023,14,2.2671717284030133
1389772,6,,,,,,,2013,2017,5,0.7781512503836435
1747079,14,2449073000.0,523577000.0,,0.11633305672384012,,0.030426873222842044,2019,2023,5,1.1461280356782377
1561743,42,4256000.0,4256000.0,0.9540256892230575,-12.733401646919944,8.910447851571961,-17.124686159065007,2014,2020,7,1.6232492903979003
105016,38,6280192000.0,4113239000.0,0.24333200179660266,0.07834243036393858,,0.043427950606641695,2010,2023,14,1.57978359661681
1596967,6,,,,,,,2014,2023,10,0.7781512503836435
1270073,66,363468000.0,179804000.0,0.9767662334117645,-5.837755844856518,2.2134028731209816,-6.167651313152565,2012,2022,11,1.8195439355418683
1640266,28,250008000.0,17334000.0,,-3.101092411787016,3.448215696135497,-2.8696293565857447,2015,2023,9,1.447158031342219
1018281,84,222332.0,39900.0,NaN,,inf,-inf,2012,2023,7,1.9242792860618814
803014,9,692448000.0,663752500.0,0.597701544074304,-0.11814808388681802,0.38589323674846343,-0.24266670691909997,2010,2011,2,0.9542425094393249
910521,106,4287763000.0,1875197000.0,0.4756760337510545,0.15760893230808753,,0.1174472077535026,2010,2023,14,2.02530586526477
1837240,64,593312000.0,593312000.0,0.19370650770416775,-0.443000792181258,0.2752385970833547,-0.11370623394955916,2021,2024,4,1.8061799739838869
1116463,27,387479000.0,106924000.0,0.6420282808635543,-0.022843097582391506,0.12746907267309007,0.0001165874369032254,2011,2023,13,1.4313637641589871
1597131,1,9002000.0,6110500.0,,-2.9140306675835177,,-3.868332407440575,2014,2015,2,0.0
1048286,1208,23713000000.0,12879000000.0,,0.10993888284181011,,0.05032231468097727,2009,2023,15,3.082066934285113
1302707,17,,,,,,,2011,2014,4,1.2304489213782739
1505892,77,2791862.0,2395243.0,,-0.19182953133838282,,-0.48608714315564105,2011,2015,5,1.8864907251724818
721371,21,204979000000.0,133392500000.0,0.04528902958721966,0.009463190363659144,,0.0024139610438337865,2011,2024,14,1.322219294733919
1392091,3,316807000.0,152624000.0,,1.1689852015957718,,0.4198576959507436,2011,2021,11,0.47712125471966244
1815086,2,,,,,,,2021,2022,2,0.30102999566398114
1576778,4,3430177.0,3043081.0,0.6786136762337762,-0.4951226940816328,0.20085310995902816,-0.5774452431061251,2013,2014,2,0.6020599913279623
1662774,11,,,,,,,2019,2023,5,1.041392685158225
1872789,31,1129500000.0,1129500000.0,0.6912544718187963,0.25844784181076624,0.06855113274645723,0.21307397825536825,2022,2024,3,1.4913616938342726
1808834,2,2677920000.0,2581257500.0,,0.1015083944874725,,0.0447744695271583,2020,2023,4,0.30102999566398114
1501697,23,3500000.0,1500000.0,,-inf,inf,-inf,2018,2023,6,1.3617278360175928
1289848,177,1158961000.0,749758500.0,0.3320705572472369,0.06694940488313303,,0.014272996248095091,2010,2023,14,2.2479732663618064
1738177,52,335854000.0,278459000.0,0.5264754395034681,0.06358031863592378,0.16367143869928683,0.06489238042829501,2019,2023,5,1.716003343634799
32689,1,,,,,,,2011,2015,5,0.0
1047881,40,52447387.0,46430363.5,0.31820871247065374,0.0349715400268985,,0.0066874377657873295,2011,2016,6,1.6020599913279623
1760965,2,2830106000.0,2475916000.0,0.411370127512842,0.07806782640944573,,0.06663471637913577,2019,2023,5,0.30102999566398114
815093,16,30636000.0,24283500.0,0.6743118513599958,0.005122584475426804,0.11872533208617886,0.0011309784554820793,2011,2016,6,1.2041199826559246
710507,1,,,,,,,2011,2014,4,0.0
1513761,6,6462376000.0,4874340000.0,-3.4774301495952464,-0.27759130757043554,,-0.8251439950926929,2013,2023,11,0.7781512503836435
1110803,361,4526000000.0,2031998500.0,0.7775539529168858,0.17945019518426314,0.22128861606575362,0.2171460533273478,2010,2023,14,2.5575072019056577
1362988,3,917938000.0,818602000.0,,,,0.02870377070748374,2011,2023,13,0.47712125471966244
1841968,2,198360000.0,150534000.0,,0.1555985705196701,,0.15928279178974517,2021,2023,3,0.30102999566398114
1045425,2,289714000.0,220184000.0,,-0.19654890519079005,,-0.5321578699444129,2011,2018,8,0.30102999566398114
1290149,17,300000.0,300000.0,,-269.295,143.66000000000003,-281.9616666666667,2015,2021,7,1.2304489213782739
791915,83,2483840000.0,882445500.0,0.427428552733192,-0.01684245546683395,0.19767456351935056,-0.06241620432070355,2010,2019,10,1.919078092376074
886158,191,12215757000.0,11036582500.0,0.3781191858966787,0.07157199159124897,,-0.03318269108439951,2009,2022,14,2.281033367247727
749935,6,3640000.0,3444000.0,0.2929586006453511,-0.40487795136757976,0.04903734476905208,-0.14406345335869516,2011,2013,3,0.7781512503836435
1086303,10,2675789.0,193190.5,NaN,NaN,NaN,NaN,2011,2023,12,1.0
11199,36,5139200000.0,4343500000.0,0.2067904858773396,0.08343023828258492,0.009654722355143065,0.05013489211276338,2010,2018,9,1.556302500767287
912242,1,1105247000.0,880871000.0,,,,-0.13746398286894798,2010,2023,13,0.0
1667633,4,15678000.0,15678000.0,,-5.646893736445975,5.344559255007016,-5.588786835055492,2018,2019,2,0.6020599913279623
1010775,9,3188000000.0,3188000000.0,0.3472396486825596,0.20106649937264742,,0.625784190715182,2009,2009,1,0.9542425094393249
1636050,37,,,,,,,2015,2021,7,1.5682017240669948
1310067,1,44043000000.0,40710500000.0,0.17760177452805212,-0.028160339250352398,,-0.047123214474827285,2010,2017,8,0.0
1054833,52,14113363000.0,13903526000.0,0.9821509981930592,0.05535482324776362,,0.0316571046647421,2010,2012,3,1.716003343634799
1529463,67,1450400000.0,1450400000.0,,0.01033236045621172,,-0.07056053469891661,2018,2020,3,1.8260748027008262
1652842,1,12500.0,NaN,NaN,NaN,,NaN,2016,2020,5,0.0
1385830,15,8266000.0,8266000.0,0.9171304137430438,-2.619041858214372,1.641180740382289,-5.993830147592548,2011,2011,1,1.1760912590556811
1163370,8,5826000.0,5826000.0,,,,2.2572948849982835,2011,2023,13,0.9030899869919434
1272842,11,64273000.0,52780500.0,0.46901981886319766,-0.06295367166167881,0.17878771993730486,-0.040053540969331745,2016,2023,8,1.041392685158225
1838163,73,,,,,,,2021,2023,3,1.8633228601204557
1782223,1,,,,,,,2021,2023,3,0.0
775662,25,,,,,,,2011,2011,1,1.3979400086720375
1383088,3,94626.0,18074.0,0.2022536415866051,-153.7453341761203,159.06506015621247,-155.30382517075776,2011,2023,6,0.47712125471966244
1563190,215,6421000000.0,6018000000.0,,-0.09923986667639567,0.03074914255888019,-0.08831221548978829,2021,2023,3,2.332438459915605
1376231,44,5256137.0,3966777.0,0.47413272864915473,-0.07788936375053193,NaN,NaN,2011,2023,13,1.6434526764861872
867374,110,993260000.0,805103000.0,0.5179983560704847,0.08326786196596989,0.17405165889688354,0.05126131376543793,2011,2018,8,2.041392685158225
1447028,6,39019000.0,10988000.0,,-66.88093085044613,11.400208859721532,-31.508108818675456,2013,2023,11,0.7781512503836435
1031896,7,117052.0,63656.0,1.907692394429829,-40.40684682504838,,0.5665369136173268,2011,2015,5,0.8450980400142567
103730,23,3402045000.0,2633836500.0,0.2464985962848408,0.0954534847566573,,0.01202978406652661,2010,2023,14,1.3617278360175928
13033,6,568534.0,0.0,-1.1086724804497181,-inf,,-inf,2012,2014,3,0.7781512503836435
1676163,16,1436147.0,NaN,0.04218022249811475,-14.116928141757077,NaN,NaN,2017,2023,7,1.2041199826559246
1582554,2,3188000.0,149687.0,,NaN,NaN,NaN,2014,2023,10,0.30102999566398114
1889539,189,24697000000.0,24043500000.0,,,,0.1965492681950819,2022,2023,2,2.276461804173244
858877,37,56998000000.0,38029000000.0,0.708708807029943,0.26260023810788313,0.14366548610421292,0.20825354516717107,2010,2024,15,1.5682017240669948
1436161,44,562673.0,186557.0,NaN,-5.292631300571898,NaN,-7.181627828915145,2012,2018,7,1.6434526764861872
886128,63,145071000.0,99336500.0,-0.12369717197182561,-0.6765928371849856,0.20945135752914928,-0.8156125103401994,2011,2024,14,1.7993405494535815
30828,146,111237000.0,110520000.0,0.2969068734862814,0.03410779576967309,,-0.0321741220454554,2011,2013,3,2.1643528557844367
1451598,49,4492.0,4492.0,-2.622217275155833,-2819.5207034728405,441.4568121104185,-551.052983081033,2011,2011,1,1.6901960800285134
1029142,25,722683000.0,11251000.0,,-38.020736740488,20.632420518853376,-42.479312681897994,2011,2023,13,1.3979400086720375
1837014,1,110637000.0,52534000.0,-0.7805674028883048,-1.1251549488327524,0.2852026643027864,-0.7962653909240055,2021,2023,3,0.0
1825480,18,262077000.0,261839000.0,,-0.17997541594860136,0.0956046298766966,-0.1557994711440293,2020,2021,2,1.2552725051033058
1000298,23,297756000.0,76401000.0,,-0.3069791439492637,,0.8352451283541751,2011,2022,12,1.3617278360175928
1725160,13,,,,,,,2020,2023,4,1.1139433523068367
1506270,4,930729.0,930729.0,,-3.7185276816120743,,NaN,2011,2016,6,0.6020599913279623
1023128,116,22831700000.0,8678157000.0,0.2056601716736749,0.04992002458986387,,0.03544463278570857,2011,2023,13,2.064457989226918
1338095,2,,,,,,,2014,2015,2,0.30102999566398114
1519534,1,5000.0,2500.0,,,,-inf,2011,2012,2,0.0
77360,31,7039000000.0,3610750000.0,0.32479863582019636,0.1292193883856778,0.021799875666300872,0.08684285332819833,2010,2023,14,1.4913616938342726
1790982,69,7277000000.0,7277000000.0,0.006533860329156482,0.019043210792073755,0.006944156724957861,-0.020203812345415937,2020,2022,3,1.8388490907372552
1380846,2,,,,,,,2013,2021,9,0.30102999566398114
1529505,36,0.0,0.0,,,,NaN,2012,2012,1,1.556302500767287
1112920,42,34416000.0,26770000.0,0.8885871891184636,0.11280153142341663,0.11704930215725573,0.05594824448764505,2011,2019,9,1.6232492903979003
1571949,121,9168000000.0,5971000000.0,,0.40678424851158523,,0.35018639504211163,2013,2023,11,2.08278537031645
1341766,148,653604000.0,102936161.5,0.4834279451374769,-0.174624910104483,,-0.08969088352735685,2016,2023,8,2.170261715394957
1593195,24,1672820000.0,1015453000.0,,0.00790317460403266,,0.05760433236881411,2016,2020,5,1.380211241711606
1586609,23,NaN,NaN,NaN,NaN,,NaN,2014,2014,1,1.3617278360175928
1558465,5,18075327.0,9026962.0,0.22901959614384962,-0.49183935211852925,,-0.4754476408749735,2013,2020,8,0.6989700043360187
1590715,4,39474269.0,16744075.0,0.39441572148215087,-2.110847416465567,,-3.176305637808371,2014,2023,10,0.6020599913279623
791519,266,25022192000.0,23099019000.0,0.2712192057113935,0.04562514436515361,,0.009399399547134915,2009,2016,8,2.4248816366310666
1375195,150,89323.0,63668.0,,,NaN,NaN,2011,2023,13,2.176091259055681
1930313,40,,,,,,,2023,2023,1,1.6020599913279623
1907108,2,654000.0,654000.0,,-104.75993883792049,75.17125382262996,-90.63761467889908,2023,2023,1,0.30102999566398114
1707502,9,13620000.0,0.0,,-inf,inf,-inf,2018,2023,6,0.9542425094393249
831355,8,851561.0,851561.0,,-0.46795003528813556,,-1.175530584420846,2011,2016,6,0.9030899869919434
1393434,27,51494000.0,1956500.0,0.5161336332739748,-150.24907390858237,202.17324874325806,-311.61092725999436,2014,2023,10,1.4313637641589871
1117106,80,556284000.0,308825000.0,0.7776175117362747,-0.11786619713780888,0.19953300472167457,,2011,2015,5,1.9030899869919433
1065837,3,8000342000.0,3563311000.0,0.4861048085838785,0.0649569245257995,,0.0463735099702249,2011,2023,13,0.47712125471966244
1582054,22,8340831.0,1987312.0,,-13.444716931622004,,-14.2152019249393,2013,2015,3,1.3424226808222062
1388295,4,309382.0,187606.0,NaN,-4713.43166023166,NaN,NaN,2011,2023,4,0.6020599913279623
1332349,95,4976980000.0,3182787000.0,,-0.021280577102114864,,-0.05517131857580535,2010,2023,14,1.9777236052888476
1019695,32,,,,,,,2011,2018,8,1.5051499783199058
1236275,8,54516941.0,5275266.0,1.5017670459878296,0.009094056828271902,,0.1878776937672775,2011,2023,13,0.9030899869919434
89439,72,3982455000.0,2417797000.0,0.13713437956681507,0.09305002201015015,,0.05836653220223886,2010,2023,14,1.8573324964312683
1865200,36,,,,,,,2022,2023,2,1.556302500767287
1037949,335,12311000000.0,11730000000.0,0.6151863152641822,0.14785116584454736,,0.04577725408923816,2009,2012,3,2.5250448070368448
1400118,1,2000000.0,2000000.0,,-15.5275,9.8885,-13.938,2023,2023,1,0.0
1751143,6,538799000.0,538799000.0,0.4636837326407768,0.04799159124117061,,-0.01765315505655447,2019,2022,4,0.7781512503836435
1805526,3,2003155.0,2003155.0,,-0.8588426756791162,0.3954416907328689,-0.6298439212142845,2023,2023,1,0.47712125471966244
872248,2,108287000.0,108287000.0,,-0.047124770286368634,,-0.061290829000711075,2011,2018,8,0.30102999566398114
1473490,106,79500.0,67500.0,,-0.6546912211777098,NaN,-2.157644303557822,2011,2023,13,2.02530586526477
1434601,10,5745.0,552.0,,-inf,,NaN,2012,2024,12,1.0
1776197,6,749631000.0,497628500.0,,0.03569343270257638,,-0.1926825905054403,2021,2022,2,0.7781512503836435
925741,5,1352000.0,517000.0,0.02830037228640973,-38.31864988166254,22.911192972336657,56.99636246445178,2011,2023,13,0.6989700043360187
1283709,1,97701000.0,94158500.0,,-0.2658848955677663,,-0.12200981630635245,2011,2012,2,0.0
1692830,4,,,,,,,2019,2022,4,0.6020599913279623
1370637,54,2566111000.0,603693000.0,0.767937690910282,0.06738519914827872,0.15035090155396869,0.06743304196770991,2015,2023,9,1.7323937598229684
1770141,12,158803000.0,129998000.0,0.37938589561358577,-0.7577904033072805,0.04741634728716799,-1.045774939575354,2020,2023,4,1.0791812460476247
912093,140,1743200000.0,1164600000.0,0.5716972824049273,0.034242878564727505,0.17447287406085762,0.0008288984551630685,2011,2024,14,2.1461280356782377
1759774,2,53330000.0,39938000.0,,0.13806510828940716,,0.03407089544616066,2019,2023,5,0.30102999566398114
317889,2,18720762.0,3152302.5,0.3755787857122715,-49.447105897955424,,40.09643133503071,2011,2016,6,0.30102999566398114
1502629,26,0.0,0.0,,,,-inf,2013,2015,3,1.414973347970818
1035201,30,,,,,,,2010,2023,14,1.4771212547196624
1436304,57,,,,,,,2012,2014,3,1.7558748556724912
1517006,3,,,,,,,2020,2023,4,0.47712125471966244
1385157,58,15845000000.0,12843500000.0,0.30831196919836357,0.13932833214122517,,0.10103950675218343,2009,2024,16,1.7634279935629371
1656501,1,24930.0,24930.0,NaN,NaN,,NaN,2017,2023,7,0.0
1801602,3,26629000.0,26629000.0,0.7258815577002516,-0.4287055465845507,,-0.35348680010514855,2021,2023,3,0.47712125471966244
1360901,4,2442666000.0,1456790000.0,,,,0.10471358319884784,2011,2023,13,0.6020599913279623
1498157,10,NaN,NaN,,NaN,,NaN,2011,2011,1,1.0
1046568,104,1873369000.0,847273000.0,,0.03332546597992546,,0.020714668977148718,2010,2023,14,2.0170333392987803
104918,148,1710207000.0,1472562000.0,,0.1589738069648466,,0.08340202277548904,2010,2023,14,2.170261715394957
1398659,7,4371172000.0,2736929000.0,0.3964741768739311,0.13637046122481936,,0.10831267071587956,2010,2023,14,0.8450980400142567
1437578,113,1903182000.0,1515093000.0,0.25409819716561066,0.10723304284910103,,0.04981189610948551,2013,2023,11,2.0530784434834195
1775625,17,750428000.0,703604000.0,0.5603949913696098,-0.3560412304860978,,-0.1497168791838614,2019,2022,4,1.2304489213782739
1094032,43,6366154.0,2669868.0,0.3740807870720162,-1.3696677924253489,,-1.184530474953258,2011,2023,8,1.6334684555795864
353944,2,1260200000.0,904250000.0,0.5484056438085737,0.5029202790990824,0.21218230035286945,,2009,2014,6,0.30102999566398114
1638911,1,500000.0,NaN,NaN,NaN,NaN,NaN,2015,2023,9,0.0
1601046,398,5464000000.0,4262000000.0,0.5775653757723365,0.14541031781493588,0.1661207260526885,0.1934480234260615,2015,2024,10,2.5998830720736876
1394056,4,72421345.0,60145061.5,0.3122877229781564,-0.01612300440045934,0.08604584622900024,-0.017187125388749783,2018,2023,6,0.6020599913279623
60714,16,901711000.0,531838000.0,0.18367318612254369,0.005470406340859173,,0.025561889660513204,2011,2023,13,1.2041199826559246
1005699,1,143492000.0,113386000.0,0.7370270265754963,0.2465634332627709,0.03595127252859422,0.30935427015182493,2012,2017,6,0.0
1302573,19,44421000.0,31839000.0,,-1.9695637884159083,2.424146131798583,-1.8203727288849276,2013,2018,6,1.2787536009528289
1824920,36,22042000.0,11131000.0,,-inf,inf,-inf,2021,2023,3,1.556302500767287
1500122,5,13405499.0,0.0,0.4247426987960714,-inf,,-inf,2011,2020,10,0.6989700043360187
314227,16,25027637.0,5584612.0,0.611304372135323,-0.4544624523451787,-0.15948553624983883,-1.0460794648443879,2011,2023,13,1.2041199826559246
33213,19,12114168000.0,4709384000.0,0.6766334413113112,-0.228356142874107,,-0.14801535525393894,2009,2023,15,1.2787536009528289
1165880,5,748400000.0,720900000.0,,,,0.2813220909898493,2010,2014,5,0.6989700043360187
1135711,33,405413000.0,405413000.0,0.5138414407036774,-0.12220624400302901,0.1816197309903728,-0.13986231324599852,2011,2011,1,1.5185139398778873
1818644,11,3647000.0,3647000.0,-0.3595858933392468,-30.402817541886098,8.434236739529696,-27.62930587625874,2020,2023,4,1.041392685158225
1494891,8,44532000.0,17699501.0,0.7073854738133862,-0.008247779407361003,0.25874064210448233,-0.03268812092940253,2016,2023,8,0.9030899869919434
1325281,17,3315660000.0,1748162000.0,,0.09511571288018154,,,2011,2017,7,1.2304489213782739
1770561,1,2215748000.0,2148471000.0,0.45812448958253177,0.18717069761820254,,0.036117597137323966,2019,2023,5,0.0
1166380,8,34102994.0,18619051.0,0.30309199587808894,-5.7133107574053685,6.865376683195511,-3.869281560666753,2011,2014,4,0.9030899869919434
928465,3,2710981108.0,1308465940.5,0.06409043106013164,0.008952019501780106,,0.005347338965846201,2011,2024,14,0.47712125471966244
1678536,1,NaN,NaN,,NaN,,NaN,2017,2017,1,0.0
1354866,38,48036000.0,250227.0,0.37453123826565204,-20.350058532526365,-7.148557947900053,-23.18091372577138,2011,2023,13,1.57978359661681
1482541,19,15224454.0,7579863.0,0.46872296804212754,-737.9738044812045,638.8994048575387,-889.1365601618471,2011,2023,13,1.2787536009528289
1600641,42,84684000.0,81863000.0,0.8524053053643841,-0.21184573967756695,0.23084668365616148,-0.2596438721286019,2021,2023,3,1.6232492903979003
887733,329,3338588000.0,1941747500.0,0.29136386529769537,0.05966943510445983,,0.027692642179313148,2011,2024,14,2.517195897949974
1433660,140,1945700000.0,1350500000.0,0.27292930643387,0.07720681215351968,0.018529585150108805,0.051957620946825024,2011,2023,13,2.1461280356782377
1411658,3,,,,,,,2011,2011,1,0.47712125471966244
888504,26,1075624000.0,859283000.0,0.19032813906477694,,,-0.052811985215287786,2011,2017,7,1.414973347970818
1235468,18,404041000.0,257531000.0,,0.042357979905710434,,0.17091247522444106,2012,2024,13,1.2552725051033058
1582962,8,NaN,NaN,NaN,NaN,,NaN,2016,2018,3,0.9030899869919434
202058,103,17814000000.0,4136800000.0,0.41257624292119083,0.1309569030642439,,0.09174614089729477,2010,2023,13,2.012837224705172
1301787,78,4450214000.0,1916585000.0,0.1317688448639974,0.02102467821441822,,0.010615673749062261,2011,2023,13,1.8920946026904801
1075531,167,21365000000.0,8441971000.0,0.9069020534431294,0.25660275639236435,,0.22561726652673067,2010,2023,14,2.2227164711475833
1579541,6,0.0,NaN,,NaN,,NaN,2014,2016,3,0.7781512503836435
1312928,152,170698000.0,170698000.0,,0.08358035829359453,,0.11019461270782317,2012,2012,1,2.181843587944772
1528558,4,305384000.0,229557500.0,,0.15572662689269734,,-0.2377916123872289,2012,2015,4,0.6020599913279623
1508381,3,2153354.0,571945.0,0.6968623331173132,-74.63104215402285,31.791315955986022,-26.970296766373462,2011,2022,12,0.47712125471966244
739878,8,252610000.0,252610000.0,0.15626459760104508,-0.03359724476465698,,0.010230526635261214,2011,2013,3,0.9030899869919434
717423,18,20036150000.0,3033080000.0,0.9693006427568037,-0.22455656872579347,,0.06896969652767432,2009,2023,15,1.2552725051033058
1698990,2,1694493000.0,936142000.0,,-inf,,inf,2017,2023,6,0.30102999566398114
1965040,131,3057500000.0,3057500000.0,,0.03738348323793949,,-0.0011120196238757155,2023,2023,1,2.117271295655764
1668428,1,2113000000.0,1412000000.0,,0.12526466991892,,,2018,2019,2,0.0
1828478,152,,,,,,,2021,2021,1,2.181843587944772
1436426,3,NaN,NaN,,NaN,,NaN,2011,2011,1,0.47712125471966244
1401395,97,51744817.0,49720322.5,-0.15182647817806139,-2.2274038649758205,0.02865528316722002,-1.8754131629295947,2021,2022,2,1.9867717342662448
816159,80,1004773000.0,927792500.0,,0.17876121792154948,,0.10508249461838347,2010,2016,7,1.9030899869919433
1579157,50,375187000.0,288170000.0,0.4353048706203328,0.006203134790017845,,-0.04849922944236089,2013,2023,11,1.6989700043360185
1459482,2,3902403.0,2353331.0,0.547441229619963,-1.5588838171244295,,-1.443783541227128,2012,2019,7,0.30102999566398114
1690585,5,0.0,0.0,,-inf,inf,-inf,2018,2023,6,0.6989700043360187
932699,6,6287633.0,2633880.0,0.17470282127801953,-3.258801326426099,1.9878042179272433,-8.157679063082746,2011,2016,6,0.7781512503836435
1089819,23,1498146000.0,1231044000.0,,0.22521549297643384,,,2011,2023,11,1.3617278360175928
42228,7,137344716.0,131724721.0,0.4958158881056325,0.027391022320884032,,0.019379343544685654,2011,2016,6,0.8450980400142567
1563577,13,,,,,,,2019,2023,5,1.1139433523068367
1518587,14,4826400000.0,2857300000.0,0.09247176520456546,0.019748009739908427,,-0.020643446646535692,2013,2019,7,1.1461280356782377
1451512,42,52015000.0,16488000.0,-7.723805067221754,-23.519835729038377,,NaN,2011,2022,11,1.6232492903979003
84839,10,2424300000.0,2088348500.0,0.5664204526972866,0.19737692396958847,,0.15409529218605686,2018,2023,6,1.0
1335493,12,5014156.0,2794342.5,0.1269611397509595,-2.4778816319231147,0.18187874054987957,-2.196429117267653,2014,2017,4,1.0791812460476247
1129048,10,6176379.0,4738514.0,0.5033242856953347,-0.2327264785631895,,-0.23340810015901114,2012,2014,3,1.0
1436164,2,95165.0,95165.0,0.35477239936441657,-1.327074742467872,4.074533704618294,NaN,2011,2013,3,0.30102999566398114
1418175,5,375109000.0,375109000.0,,0.3845228986774511,,0.005083855625964719,2015,2015,1,0.6989700043360187
1597503,1,435821000.0,262879500.0,,,,0.12634389053162126,2014,2015,2,0.0
1689796,15,647770000.0,602723000.0,,0.23571268852438462,,-0.04095787846004623,2017,2023,7,1.1760912590556811
1385187,694,11852000000.0,10249000000.0,0.5844956147334234,0.20403491457120163,,0.15671309112459222,2009,2014,6,2.841359470454855
1353970,2,1311901681.0,1110685692.0,0.2289217243258324,0.1427232206809021,0.029844473088883376,0.09086804735998058,2011,2020,10,0.30102999566398114
713002,73,259338000.0,210103000.0,0.45049599416367814,-0.012591529116591588,0.04927184070853061,,2011,2013,3,1.8633228601204557
88790,6,116462000.0,68527000.0,0.2673285369202072,0.015714635088000615,0.0611685821150379,0.0032273749065669173,2011,2021,11,0.7781512503836435
1159297,399,5693000000.0,5406000000.0,,,,0.03748844205096907,2010,2014,5,2.600972895686748
1468780,6,48441459.0,17872083.0,-3.685452775689928,-14.985478708969895,9.25610857827174,-22.97102412692692,2011,2017,7,0.7781512503836435
1431936,1,6381.0,6381.0,,-19.64409967089798,6.160946560100298,-24.262341325811,2011,2011,1,0.0
865570,39,830841000.0,830841000.0,0.17538012688348312,-0.291450470065873,0.10775346907531044,-0.010852858729889354,2011,2011,1,1.591064607026499
936468,1581,67044000000.0,37817000000.0,0.12566464876711764,0.1311001348285353,,0.09326548025210998,2009,2023,15,3.198931869932209
810136,24,824549000.0,529741000.0,0.2811958707222148,0.15146962508165113,0.03354015700775758,0.06434872055685073,2011,2024,14,1.380211241711606
1861657,7,,,,,,,2021,2023,3,0.8450980400142567
1324736,53,197.0,98.5,-inf,,,-inf,2011,2022,7,1.724275869600789
1037038,33,7451000000.0,6652800000.0,0.6323293111004359,0.10114450599468516,,0.06397554789804516,2010,2023,14,1.5185139398778873
1563407,137,4741772000.0,4341795000.0,0.137436613986856,0.013225205694676789,,-0.00788964233250528,2014,2018,5,2.1367205671564067
1454742,139,109575.0,26215.0,-1.056574354195819,NaN,,NaN,2011,2023,13,2.143014800254095
1829794,15,3260988.0,448819.0,-14.961517593543121,-56.18930450777631,,-63.10051758242443,2021,2023,3,1.1760912590556811
851520,13,513293000.0,315076000.0,,0.21906148072323156,,0.14966411818511258,2011,2023,13,1.1139433523068367
1475065,12,0.0,0.0,-inf,NaN,,NaN,2011,2013,3,1.0791812460476247
1131903,8,182109.0,98323.0,NaN,NaN,NaN,NaN,2011,2023,13,0.9030899869919434
50493,45,5892781732.0,3943891141.5,0.23919057792501633,0.04122603566257458,,0.020598618093969512,2011,2024,14,1.6532125137753435
1437352,94,431892000.0,147094000.0,0.6985315693643052,-0.2460313169297932,0.2428926725691244,-0.28540740897760486,2016,2023,8,1.9731278535996983
1009379,2,368186000.0,368186000.0,0.17859994676603674,0.14967706539629427,,0.06169164498378537,2011,2011,1,0.30102999566398114
914329,30,709438000.0,670125000.0,0.6137984803405746,0.1650408202233571,0.1363864973487278,0.14949736102095137,2010,2015,6,1.4771212547196624
1299709,3,,,,,,,2012,2024,13,0.47712125471966244
1355128,17,333964000.0,238961500.0,0.0798831821836678,-0.08922598588165168,0.07402673120151712,-0.24968391436714,2011,2012,2,1.2304489213782739
1333248,7,110529000.0,11486000.0,0.1654160284683223,-4.8835779557337,0.5353602715292315,-4.26393252431624,2011,2013,3,0.8450980400142567
1487906,28,7975000.0,5311554.0,-1.0450669809492965,NaN,1.1758138056900602,NaN,2011,2016,6,1.447158031342219
1402479,83,43109000.0,718863.5,1.1837501746488726,-7.658568704267686,1.1924304574344402,-7.133011980264559,2011,2022,12,1.919078092376074
1068874,38,53061000.0,12017000.0,0.254917841628605,,0.3641783329277695,-1.7233932980393132,2013,2016,4,1.57978359661681
1850906,37,2911000.0,1455500.0,NaN,-inf,inf,-inf,2021,2023,3,1.5682017240669948
1581378,15,NaN,NaN,,NaN,,NaN,2014,2015,2,1.1760912590556811
1933359,2,21920.0,11560.0,,,,-0.26262165450121655,2023,2024,2,0.30102999566398114
1084463,1,354000.0,353517.0,15.400939361814329,-0.7507615630818112,,-0.8418300346339743,2012,2014,3,0.0
1479290,98,132565000.0,565000.0,,-188.96136238930575,100.13109012775132,-145.90617836629923,2014,2023,10,1.9912260756924949
1879851,253,,,,,,,2023,2023,1,2.4031205211758175
739708,11,6246884000.0,6241516000.0,,0.17392837817602322,,-0.17120524985889435,2011,2017,7,1.041392685158225
20232,22,23877000.0,23877000.0,0.9389179770813542,-0.17201158716971224,0.30185988306389855,-0.2391112189144826,2011,2013,3,1.3424226808222062
880641,2,,,,,,,2011,2023,13,0.30102999566398114
1168220,5,715861.0,280113.0,-0.3748472478853695,-18.076475659667167,4.006189461485984,-23.3061664439345,2011,2017,7,0.6989700043360187
1229195,27,5688000.0,5688000.0,0.10267229254571027,-0.19831223628691982,,-0.1831926863572433,2011,2011,1,1.4313637641589871
927417,48,1214862000.0,1214862000.0,0.2745233615011417,0.005900258630198327,,-0.09490542958788735,2014,2014,1,1.6812412373755872
1800667,23,280040000.0,178755000.0,0.9530689965659053,-0.25053718217087806,0.39439333868890025,-0.20411832475813235,2020,2023,4,1.3617278360175928
1740279,6,,,,,,,2021,2023,3,0.7781512503836435
1680873,36,796884000.0,388162140.5,0.20786366218647503,-0.08117600324008024,,-0.13142792187839544,2017,2023,7,1.556302500767287
1560293,22,2928000.0,1809500.0,-0.2519011510205373,-7.36073012304967,2.5864394775133848,-16.91849516223419,2022,2023,2,1.3424226808222062
1468929,10,4089000.0,1551000.0,-0.05052854841535043,-2.1028906556278866,0.12412286520609277,-2.968660332769846,2019,2023,5,1.0
1067701,220,11642000000.0,5817000000.0,0.4072747861579727,0.22323270803791118,,0.09869043867284599,2011,2023,13,2.342422680822206
1734750,22,,,,,,,2021,2023,3,1.3424226808222062
1758488,1,546259000.0,506685000.0,,-0.38737609942801166,,-0.15489619751236502,2019,2023,5,0.0
1590584,4,697052000.0,466692000.0,-0.10598991944233016,-1.4560348741836848,,-2.4468818296866846,2014,2023,10,0.6020599913279623
1120914,52,148549000.0,101453000.0,0.5730174099886424,0.11818836735985896,0.2664300687998847,-0.026284020877853764,2011,2023,13,1.716003343634799
939767,75,1611062000.0,185045000.0,NaN,inf,inf,inf,2011,2023,13,1.8750612633916997
1036478,1,803583.0,575984.5,0.36632179053088965,-2.3697534505131532,,-13.41320663100503,2011,2015,5,0.0
1479683,1,905214.0,NaN,0.11595158713851089,,,NaN,2011,2012,2,0.0
1524741,15,1577298000.0,990310000.0,0.26409993966878914,0.061695599851575876,,0.024677007488673283,2012,2023,12,1.1760912590556811
1816176,11,,,,,,,2021,2021,1,1.041392685158225
1818382,5,,,,,,,2021,2023,3,0.6989700043360187
1048268,70,2884358000.0,810744000.0,0.1539128880698876,0.009791933006540233,,0.005534324785662891,2011,2024,14,1.845098040014257
1728328,66,4135561.0,4135561.0,0.3924824560527527,,2.2375660747598194,-7.830852575396746,2021,2024,4,1.8195439355418683
1470099,3,193192000.0,156612000.0,0.833040104202289,-0.41589780116950087,0.4199733881918169,-0.5970145873366778,2014,2019,6,0.47712125471966244
1223389,1,1549813000.0,1117909000.0,0.36954743738809626,0.07459297001176185,,0.05005335671333615,2011,2023,13,0.0
108312,55,2914566000.0,2098685000.0,0.2715357258146644,,0.06063766670391925,0.08434629409633576,2010,2024,15,1.7403626894942439
1604738,1,644432000.0,195520000.0,1.0,-0.4697064932935286,,-0.047355741960426724,2015,2023,9,0.0
1657564,8,11000.0,11000.0,1.0,-0.002,,-0.002,2016,2016,1,0.9030899869919434
916529,50,103562349.0,90773590.0,0.2804030933853798,0.0005122832395083061,0.030413809005152448,-0.03705200028356478,2011,2018,8,1.6989700043360185
1578523,24,NaN,NaN,,,,NaN,2013,2016,4,1.380211241711606
1167178,13,73826000.0,73826000.0,-0.23621759271801263,-3.225611573158508,1.0419770812450897,-1.1619077289843687,2011,2011,1,1.1139433523068367
1011570,138,1302300000.0,986247000.0,0.36984035319957514,0.09365409450203907,,0.0497839846216883,2011,2020,10,2.1398790864012365
1470215,8,3481912000.0,3370681500.0,,0.13690084845253667,,0.0980210476624915,2012,2015,4,0.9030899869919434
1452804,24,,,,,,,2011,2022,12,1.380211241711606
880117,190,999686000.0,880092000.0,0.17579883405084298,0.07424739905776027,,0.04058848586968429,2012,2024,13,2.278753600952829
9984,92,1495889000.0,1212364500.0,0.30793855506907525,0.13948605378444598,,0.09368671360781708,2010,2023,14,1.9637878273455551
1497770,12,1259178000.0,575276000.0,,0.3200000295798077,,0.20513107679339415,2011,2023,13,1.0791812460476247
1868734,1,,,,,,,2021,2021,1,0.0
1143068,26,,,,,,,2011,2017,7,1.414973347970818
49600,1,570591000.0,227418500.0,,0.33770430597837087,,0.19809229840908826,2010,2023,14,0.0
1023131,36,2595130000.0,2236446000.0,,0.09953597274623235,,0.062162658121663085,2009,2013,5,1.556302500767287
804753,38,5764824000.0,1113874000.0,0.7099138438036817,0.44265291626376496,,0.32577164947087905,2010,2021,12,1.57978359661681
1524872,52,2204316.0,13511.0,NaN,NaN,NaN,NaN,2012,2023,12,1.716003343634799
1622822,31,88667000.0,78780000.0,0.5879302397681041,0.26164775230107223,,0.2755869272029023,2015,2017,3,1.4913616938342726
1040426,80,968612000.0,723903000.0,0.4195371385001,0.3061066122782576,,0.2582122517717936,2011,2017,7,1.9030899869919433
1545061,2,10313.0,NaN,NaN,,NaN,NaN,2013,2016,3,0.30102999566398114
819050,22,30018000.0,14531000.0,,-10.554678176545876,4.570900698260238,-6.708774355100595,2011,2023,13,1.3424226808222062
1301031,3,106614000.0,69912000.0,1.0405943275148928,-0.1723090268383795,0.2020866690521569,-0.10071916223608773,2012,2015,4,0.47712125471966244
353191,5,,,,,,,2011,2013,3,0.6989700043360187
1099668,1,,,,,,,2011,2011,1,0.0
873540,16,4395296.0,3939324.5,0.1792108849455161,-0.5463092808156784,,-0.8860953191819476,2012,2013,2,1.2041199826559246
1091171,32,450008000.0,348013000.0,0.2048962012585238,0.0435576760352769,,0.032011873449484585,2010,2015,6,1.5051499783199058
1107421,16,2922000.0,146000.0,,-inf,inf,-inf,2011,2023,13,1.2041199826559246
67279,40,50694000.0,39615716.0,0.7103455187128577,0.12674437493311483,0.07932694714298466,0.050500517908352034,2011,2016,6,1.6020599913279623
1297735,6,339729000.0,337435000.0,,0.0851598059230641,,-0.057694716548253464,2011,2015,5,0.7781512503836435
1639438,56,564119000.0,564119000.0,,-0.10594573130846506,,0.023541132278827693,2023,2023,1,1.7481880270062005
1465112,449,33260000000.0,24395500000.0,,0.15774235145457255,,0.09107210826459748,2009,2014,6,2.6522463410033232
1009891,65,80442000.0,54159000.0,0.16509250743162912,-0.017987205721325124,,-0.08239607189692921,2012,2023,12,1.8129133566428552
1376755,2,18429900.0,115387.0,0.6349683253682323,-0.3423177651914625,,-1.0443963421521298,2011,2014,4,0.30102999566398114
1142380,3,,,,,,,2011,2011,1,0.47712125471966244
1418452,1,1964706.0,1964706.0,NaN,NaN,,NaN,2012,2013,3,0.0
1855747,12,235201000.0,96029000.0,0.6525603140011987,-0.8022330621880919,0.8359061156435144,-3.7794982129344112,2021,2023,3,1.0791812460476247
915389,295,10580000000.0,9527000000.0,0.2239198480165621,0.12619017949046699,0.024645722690620795,0.09578714865109798,2009,2023,15,2.469822015978163
928340,1,94104972.0,65450702.0,0.3836004259194601,0.12863954044970066,,0.1082074533464951,2011,2023,13,0.0
1514946,86,799483.0,41425.5,NaN,-inf,inf,-inf,2011,2023,13,1.9344984512435675
760326,4,,,,,,,2011,2012,2,0.6020599913279623
1002037,183,127470000.0,107057000.0,0.4377848820752123,-0.06362995441836256,0.068513655837985,-0.06285579669371096,2012,2018,7,2.2624510897304293
1017480,19,1728887000.0,940852500.0,0.33990303573243236,0.09898119404892604,,0.06193912321752559,2010,2023,14,1.2787536009528289
230211,807,26193000000.0,25930000000.0,,0.046799187669729424,,0.014515294651788739,2012,2015,4,2.90687353472207
1610618,25,4335000.0,4335000.0,,-5.647750865051903,15.808996539792387,-5.289734717416378,2015,2023,9,1.3979400086720375
1756761,1,58113000.0,58113000.0,,,,-0.29936503019978317,2021,2023,3,0.0
1070985,107,1980689000.0,1840547500.0,,0.15685569701596003,,0.07187051965582751,2010,2023,14,2.0293837776852093
875657,18,154295000.0,87190000.0,0.2806373582380786,0.03813918443365559,0.06505881642041175,0.016277089576280122,2011,2023,13,1.2552725051033058
1764925,7,902610000.0,561577000.0,1.2243832069052611,-1.6595736546621846,0.5738139733792283,-0.39687664753541707,2019,2020,2,0.8450980400142567
1409916,9,285744000.0,130172000.0,1.0,0.22555854897402938,,0.11566267712354678,2014,2017,4,0.9542425094393249
1282637,7,2764799000.0,2138127000.0,0.2752409937013178,0.15227934995070866,0.06115033942822725,0.10532102078768531,2010,2023,14,0.8450980400142567
1435387,35,,,,,,,2011,2021,10,1.5440680443502754
352363,111,1518721000.0,1312099000.0,0.5109099608159535,-0.01372388259437519,,,2011,2016,6,2.045322978786657
1653482,66,252653000.0,252653000.0,1.0752885554259597,-0.8087757263778279,0.567861850246703,-0.8792370296667954,2021,2023,3,1.8195439355418683
1354217,47,343546000.0,343546000.0,0.7039332101175737,0.07151106328521271,0.18148144664655277,-0.05247114384919018,2011,2013,3,1.6720978579357173
1089319,1,1163860.0,1117743.0,0.4692388026379822,-22.822094419226463,,-17.13752950049093,2012,2018,5,0.0
889156,11,226329000.0,214238000.0,,0.35980551986559656,,0.061293775693247586,2011,2013,3,1.041392685158225
1062047,5,2950600000.0,2421000000.0,0.36013274068099405,0.05487929161520533,0.010888502444374492,0.02226083474563781,2010,2017,8,0.6989700043360187
1789940,30,601193000.0,342388000.0,,0.05268700524826094,,-0.023438204551936404,2021,2023,3,1.4771212547196624
729237,5,456701000.0,210496000.0,,-0.003072247766718792,,-0.3212059203684822,2011,2015,5,0.6989700043360187
1508363,11,0.0,0.0,,,,-inf,2011,2012,2,1.041392685158225
1450973,6,13536120.0,1535308.5,0.8827582143316685,-8.755911798374052,,-5.132647652498307,2011,2016,6,0.7781512503836435
1361955,4,13025008.0,13025008.0,NaN,NaN,,NaN,2011,2013,3,0.6020599913279623
351077,2,,,,,,,2011,2012,2,0.30102999566398114
1443089,9,1147099.0,1010946.5,0.4937121992732061,-4.526980229690372,NaN,0.5540234822205125,2012,2023,8,0.9542425094393249
1381105,64,6171523.0,59017.0,NaN,-63.53367688118151,0.2956827456640243,-99.62513312596059,2011,2018,8,1.8061799739838869
1477200,9,408641000.0,240605000.0,0.38860521365224404,-0.3621535469007715,0.18056063560994645,-0.38284178959636006,2013,2016,4,0.9542425094393249
1108320,11,386450000.0,220351000.0,0.10590812488005179,-0.004418060999560169,,-0.010543718179282492,2011,2020,10,1.041392685158225
1333513,42,481534000.0,388872000.0,0.5258446100972277,-0.0027022960822155875,0.09223685985679059,0.0007330334445387249,2010,2014,5,1.6232492903979003
844059,6,127514000.0,34646000.0,0.3518970218994274,0.17642505328037092,,1.0588233176748185,2011,2023,13,0.7781512503836435
1275712,3,464451000.0,441051500.0,0.1344930413793965,-0.06905660569542213,,-0.01688791051701419,2012,2013,2,0.47712125471966244
1131543,3,,,,,,,2013,2013,1,0.47712125471966244
1102934,22,1116270000.0,429053000.0,0.4350157184765766,0.1581988940318139,0.11660142603495897,0.10894987376738995,2010,2021,12,1.3424226808222062
1604464,44,8573000.0,8573000.0,,-32.72051790505074,31.789688557097865,-32.208795054240056,2014,2023,10,1.6434526764861872
1625278,24,538900000.0,379600000.0,0.9316517085272311,-0.0673179171845913,0.16338362571429932,-0.012791263969463096,2021,2023,3,1.380211241711606
1763329,1,0.0,0.0,NaN,-inf,,,2019,2023,5,0.0
1167294,16,87179000.0,76360000.0,0.8839541616366082,-0.18051122263980104,0.23284502984228644,-0.4083789460049876,2011,2014,4,1.2041199826559246
913165,103,248373000.0,230712500.0,0.6844836429192794,0.09832775355859198,0.0715031440088339,0.04720813197674013,2011,2016,6,2.012837224705172
879703,6,8981000.0,8689500.0,,0.008944507733541803,,-0.06415865132965352,2011,2016,6,0.7781512503836435
1704715,7,4092987000.0,2026047000.0,,0.09607690029916456,,0.00035216318081759496,2018,2023,6,0.8450980400142567
1857816,11,703831000.0,703831000.0,0.12729902490796796,0.15639833994240093,0.0,0.034059312533832695,2023,2023,1,1.041392685158225
1259045,284,3676200000.0,2832600000.0,0.3161153686552356,0.11089313404235782,,0.0207351958540046,2013,2014,2,2.4533183400470375
1528308,1,20599228.0,16473860.0,NaN,NaN,NaN,NaN,2012,2021,10,0.0
1085770,146,227033000.0,212009000.0,0.7862701918539025,0.013441695644456894,0.16237423508533969,-0.011336673569333953,2011,2013,3,2.1643528557844367
1676047,7,2085314.0,1750881.5,0.4362020972232862,NaN,NaN,NaN,2016,2023,8,0.8450980400142567
1387673,36,945509.0,400334.0,NaN,-inf,inf,-inf,2011,2014,4,1.556302500767287
1408356,20,255031000.0,209434000.0,0.28557404633080474,-1.1193788833167506,0.11299679068772188,-0.06078055680367283,2013,2016,4,1.301029995663981
81061,66,54942000000.0,32618759000.0,0.27409853863971584,0.07800593792516776,,0.0594114641901846,2009,2023,15,1.8195439355418683
947484,7,9614808000.0,4200073000.0,,,,0.19071548680392938,2010,2023,14,0.8450980400142567
1759509,214,3208323000.0,2364681000.0,0.2687370089449724,-0.49487086175155054,0.35228716537312726,-0.505365314770083,2019,2023,5,2.3304137733491905
907654,23,,,,,,,2011,2023,13,1.3617278360175928
1029023,7,27432000.0,8410000.0,,-0.855272401793886,,-1.8345269116326675,2011,2013,3,0.8450980400142567
1099132,8,1686000.0,401000.0,0.9572906233848905,NaN,NaN,NaN,2011,2023,13,0.9030899869919434
1636300,1,,,,,,,2015,2015,1,0.0
1594109,165,1312151000.0,493331000.0,,0.0933204554150481,,0.06904944587688412,2014,2020,7,2.217483944213906
1002135,38,147849000.0,81238000.0,0.35380918929449073,-0.20727411704548643,0.14306757192575262,-0.16003475480275384,2011,2020,9,1.57978359661681
1410187,4,6180.0,NaN,NaN,NaN,,NaN,2011,2023,13,0.6020599913279623
1665918,360,29487000000.0,25043080500.0,0.17978668451899857,0.018089314019636166,,0.01052581652356932,2016,2023,8,2.5563025007672873
52988,42,14092632000.0,11484158500.0,0.21735619537361545,0.04783532652238013,,0.03442044445464347,2009,2024,16,1.6232492903979003
1272830,9,1247934000.0,895072000.0,0.9479598805401668,0.04799192880511722,0.038523810725023554,-0.02155535372869695,2011,2021,11,0.9542425094393249
1434729,288,3587995000.0,3403983000.0,0.36148463134218184,0.0779948913296754,,0.04379604169916546,2011,2016,6,2.4593924877592306
1468679,14,1865364.0,338910.0,0.40605425031982534,-70.26926543174478,11.488378954754218,-51.98680423682661,2011,2021,11,1.1461280356782377
1679063,1,294406894.0,55363906.0,0.5689763000448801,-0.2452317613918953,,-0.1581515646939584,2017,2023,7,0.0
1381507,9,56017000.0,56017000.0,0.692771837120874,-0.17487548422800223,0.36417516111180537,-0.23608904439723655,2022,2022,1,0.9542425094393249
711665,5,224664000.0,75890000.0,NaN,NaN,0.020136596660730106,NaN,2011,2018,8,0.6989700043360187
62709,56,22736000000.0,16938000000.0,,0.1748991535150949,,0.12955459791974974,2009,2023,15,1.7481880270062005
1599617,11,4296000000.0,2829000000.0,0.13053579957390563,-0.055022109076797075,,-0.07293945206605539,2014,2023,10,1.041392685158225
1178697,58,116251000.0,69828000.0,0.19764828327891135,-0.21345130301226667,0.20908470811319338,-0.38663585983417353,2019,2023,5,1.7634279935629371
1627014,4,1551900000.0,1082800000.0,,0.2010955161427477,,0.11783248249708562,2015,2022,8,0.6020599913279623
1040161,37,80637000.0,59677000.0,0.5324392274094049,-0.22693682522009076,0.4264817208224968,-0.1902322013491007,2011,2023,13,1.5682017240669948
790703,37,36775011000.0,27246268000.0,0.05337543039631317,0.01001664728002644,,0.006772145924151972,2010,2019,10,1.5682017240669948
842633,25,1394860000.0,863980000.0,0.252437281288671,0.05631195885548532,,0.0473647118769569,2011,2023,13,1.3979400086720375
1576263,53,72092000.0,12926000.0,,-inf,inf,-inf,2013,2022,10,1.724275869600789
1730430,33,38544000.0,38544000.0,0.7639061851390618,-1.4879877542548776,2.884971288224713,0.3417998477929987,2018,2023,6,1.5185139398778873
716006,199,5121800000.0,4981600000.0,,0.022845734919084645,,-0.005255906444710923,2011,2022,12,2.2988530764097064
1852353,2,,,,,,,2021,2023,3,0.30102999566398114
889930,53,45659000.0,35380000.0,0.5073559231666547,-0.5098995121219639,0.1888603551989865,-0.535237308599322,2012,2014,3,1.724275869600789
1690820,66,10771000000.0,5586565000.0,0.18188795330136848,,,-0.12459933738790012,2017,2023,7,1.8195439355418683
915913,126,9617203000.0,2869005000.0,0.32000182732166704,0.15507761142224094,0.024975955765544722,0.13455714028309324,2010,2023,14,2.1003705451175625
880242,15,5884000.0,226106.0,0.7647601449909055,-29.876758590560414,3.6101951996378006,-74.64681617626007,2011,2023,13,1.1760912590556811
1637866,1,2682762.0,1868187.0,NaN,NaN,,NaN,2020,2023,4,0.0
895447,2,1175882000.0,976765000.0,0.3193825681529433,0.07297825930525922,,0.03841900312089046,2011,2023,13,0.30102999566398114
25743,66,69963000.0,16777713.0,0.9503319766214232,-4.159757066102689,1.1962931518706856,-4.5211249063718695,2011,2023,13,1.8195439355418683
1688757,7,165151000.0,87120500.0,0.47735080703043087,-0.3216311441934397,0.16462741746799106,-0.45660125336449936,2018,2023,6,0.8450980400142567
1626853,20,121768000.0,121768000.0,0.4470233629874573,-0.0211119012554933,0.16279655903565968,-0.01928207962910633,2015,2019,5,1.301029995663981
1635282,4,409662000.0,326780000.0,0.6264470150417075,0.09413068734385695,,-0.05572023152577536,2015,2023,9,0.6020599913279623
1822711,2,,,,,,,2021,2022,2,0.30102999566398114
1169652,7,145072000.0,100585000.0,0.7714589890153456,-0.08733825081552503,0.1684252461159178,-0.12236777724788632,2013,2021,9,0.8450980400142567
1496323,13,,,,,,,2019,2023,5,1.1139433523068367
1518715,7,,,,,,,2012,2023,12,0.8450980400142567
1803284,2,0.0,0.0,inf,-inf,NaN,-inf,2020,2020,1,0.30102999566398114
29006,63,492200.0,492200.0,0.09914668833807395,,,-0.7864689150751727,2011,2011,1,1.7993405494535815
1622536,41,,,,,,,2015,2015,1,1.6127838567197355
1442711,11,1133531.0,NaN,NaN,NaN,NaN,NaN,2011,2017,6,1.041392685158225
1138608,3,8491651.0,6077080.0,NaN,-inf,,-inf,2019,2022,4,0.47712125471966244
740664,49,85254000.0,32804000.0,0.37998930096230893,0.044077419488675176,0.039078414034205707,0.04523911755362951,2011,2023,13,1.6901960800285134
906192,264,1389214000.0,1389214000.0,0.23748392976172136,-0.19919825167324834,,-0.22839821654547104,2015,2015,1,2.421603926869831
59440,34,1903711000.0,1278824000.0,0.35119488246945973,0.15394116821682494,,0.062200714844029115,2010,2023,14,1.5314789170422551
1442836,25,42123000.0,10594000.0,,,197.48826879234966,-131.17935950159594,2017,2023,7,1.3979400086720375
1261436,2,73236500.0,73236500.0,,,,0.026369691206142937,2011,2013,3,0.30102999566398114
18255,34,1011091000.0,924685000.0,0.3725447659292494,,,0.039196598115782195,2011,2023,13,1.5314789170422551
1111711,1,6651600000.0,5053400000.0,0.6932162965083669,0.15683625025467654,,0.0663855565971091,2010,2023,14,0.0
1396033,7,1097702000.0,978776000.0,0.3807753373738802,0.02956721148931633,,0.020762115001549834,2011,2023,13,0.8450980400142567
1539029,27,29575000.0,923500.0,1.0,-527.7414302684912,119.26839396574691,-194.24101754483354,2016,2023,8,1.4313637641589871
1385818,55,107399000.0,7320357.0,0.43564149256739043,-14.126606660724187,6.194159077002052,-16.62091824568045,2012,2024,11,1.7403626894942439
1080667,11,7224000.0,7224000.0,1.611295681063123,-1.4660852713178294,1.4619324473975637,,2012,2012,1,1.041392685158225
1922858,2,12343745.0,12343745.0,0.3442422052626654,-0.15894317324280435,,-0.11820156686645747,2022,2023,2,0.30102999566398114
1000045,1,80515050.0,56245826.5,0.9998333846824906,,,-0.015343605942368155,2011,2023,13,0.0
48287,2,2429631000.0,2184400000.0,0.3579277932873549,0.04503503850395542,,0.033306351803274604,2010,2023,14,0.30102999566398114
277928,3,27437000.0,27437000.0,0.33691730145424065,-0.13598425483835697,0.094179392790757,0.08127710755549077,2011,2011,1,0.47712125471966244
1493566,8,745000.0,641500.0,NaN,-inf,inf,-inf,2014,2021,8,0.9030899869919434
1082754,62,,,,,,,2011,2015,5,1.7923916894982537
72903,106,11537000000.0,10612934500.0,0.6777325127849527,0.16848770406086588,,0.0898485288591165,2009,2023,15,2.02530586526477
1861645,3,,,,,,,2021,2021,1,0.47712125471966244
901491,216,2102103000.0,1619248000.0,,0.0636577238603879,,0.04034764562881117,2009,2023,15,2.3344537511509307
1335112,6,37910393.0,28657973.0,NaN,-inf,NaN,-inf,2011,2023,14,0.7781512503836435
1089063,157,12368198000.0,7596473000.0,0.3396827038689544,0.0969714311365875,,-0.009652243223454576,2010,2023,14,2.1958996524092336
1394872,1,240945.0,142136.0,0.23306816373563133,-14.423514237703307,,-inf,2011,2016,6,0.0
1277141,10,110457000.0,110457000.0,0.2821912599473098,-0.002082258254343319,0.08090025982961696,-0.02813764632390885,2014,2014,1,1.0
1114200,2,501641000.0,501641000.0,0.899448011625844,0.28323641807587496,,0.17345073468875152,2010,2010,1,0.30102999566398114
1514416,11,490907000.0,343113000.0,0.45394752036277847,0.0178788397328891,0.13247199687282943,-0.015709900263086128,2017,2023,7,1.041392685158225
1392380,29,64549000.0,28266000.0,-0.37497304860242103,-27.386753671237773,1.868796239267139,-14.536111425697698,2011,2023,13,1.462397997898956
908315,117,81410800.0,2750700.0,0.36109674172693507,9.327054467082517,,5.49571296881651,2011,2023,13,2.0681858617461617
1450708,72,0.0,NaN,,NaN,,NaN,2011,2016,6,1.8573324964312683
1801754,1,12104000.0,12104000.0,,,,1.6991810988791585,2020,2022,3,0.0
887343,16,85825000.0,85825000.0,,,,4.063093504223711,2011,2023,13,1.2041199826559246
1664998,75,174886000.0,174886000.0,1.2075466303763596,-0.037670253765309976,,-0.710880230550187,2021,2021,1,1.8750612633916997
55772,231,1203134000.0,687244000.0,0.3081885072080536,0.04243258700338331,,0.03819737515036602,2012,2022,10,2.363611979892144
68589,18,960900000.0,939250000.0,0.3917829119442023,0.12274723171198754,,0.06550380446513608,2016,2017,2,1.2552725051033058
1711438,31,NaN,NaN,,,,NaN,2018,2018,1,1.4913616938342726
1705126,4,NaN,NaN,,,,NaN,2017,2017,1,0.6020599913279623
1366561,20,766915000.0,468172500.0,0.6529567056392597,-0.2567442173365695,0.2493068037465936,-0.19455949371108713,2018,2023,6,1.301029995663981
1509432,36,291881000.0,237504000.0,0.4562490209978835,0.2051735897883738,,0.19646166876006435,2011,2017,7,1.556302500767287
1289592,34,1775790000.0,1462314000.0,,,,-0.06032481341890004,2010,2013,5,1.5314789170422551
935036,174,1452579000.0,1012964500.0,0.5215261305901436,0.1267015615803157,0.18256336952101637,0.0737708492528841,2010,2023,14,2.2405492482825995
1013934,48,1065480000.0,997137000.0,,0.08123040595306003,,0.04562586922162893,2010,2023,14,1.6812412373755872
110536,17,,,,,,,2011,2012,2,1.2304489213782739
355811,174,1858897406.0,1683557080.5,0.3558696370035911,0.2578307437567525,0.06659278454584396,0.194199889708911,2010,2023,14,2.2405492482825995
1543623,1,3634560.0,2503369.0,NaN,-0.41165224395540995,,NaN,2012,2023,12,0.0
1074909,2,110873419.0,3114496.0,2.0310507894139245,-1.7530221062230247,0.14816364738080834,-2.115432038580169,2011,2013,3,0.30102999566398114
1020475,10,629161.0,494093.5,,-20.357329024580125,,-25.086826736975357,2012,2015,4,1.0
889570,24,223400000.0,205950000.0,,0.06630227683820475,,,2011,2014,4,1.380211241711606
1866757,14,439882000.0,380189000.0,0.4542744334846424,0.03143927589109378,,NaN,2021,2023,3,1.1461280356782377
1383701,5,35376796.0,1032000.0,,-13.855216781801277,9.057057274202602,-17.27640560133962,2013,2022,10,0.6989700043360187
920465,39,33419000.0,10056000.0,0.941658714322894,-inf,inf,-inf,2011,2021,11,1.591064607026499
1800682,92,3137757000.0,1609369000.0,,-0.016463692474668834,,-0.1088354451809047,2020,2023,4,1.9637878273455551
1623715,2,,,,,,,2021,2021,1,0.30102999566398114
1533932,168,3579000000.0,2577203000.0,,0.13851276064759585,,0.05206029637292937,2012,2018,7,2.2253092817258624
727510,20,97865000.0,8377000.0,,-11.6422188599964,0.25887016389645023,-3.327232932538443,2011,2023,13,1.301029995663981
357097,1,337000.0,200000.0,-24.415177955345232,-inf,inf,-inf,2012,2018,7,0.0
1339947,49,14914000000.0,13619000000.0,0.4742581685733078,0.24344849205298666,,0.14181977929552378,2009,2019,11,1.6901960800285134
1302177,2,1532191.0,810147.0,4.083286868502826,-1.415292438666439,0.7928159898882466,-1.7083538154684428,2011,2013,3,0.30102999566398114
862831,2,,,,,,,2015,2023,9,0.30102999566398114
722830,60,3517739.0,2894630.5,0.6162515110498031,-72.96349178594198,121.3620480198422,-167.57401470471154,2012,2019,8,1.7781512503836434
748268,7,6428963.0,403940.0,NaN,NaN,NaN,NaN,2011,2024,12,0.8450980400142567
1754820,24,209023000.0,151053000.0,-0.1830180212133958,-2.2355364142584766,1.0893049456588948,-3.4185221687774736,2019,2023,5,1.380211241711606
1178727,1,12640000.0,1461399.5,0.8011310948699185,-6.791111473982308,0.26737968737229395,-11.490892241558408,2011,2022,12,0.0
1740797,48,NaN,NaN,NaN,NaN,,NaN,2018,2023,6,1.6812412373755872
1879726,79,6250780.0,6250780.0,-0.0014088469341156002,-2.3132772076652386,,-1.535991944255015,2021,2023,3,1.8976270912904412
1403256,1,1895923000.0,858337000.0,,,,-0.032507987744184,2011,2022,12,0.0
1496963,38,784038000.0,784038000.0,0.8851004710076977,-0.3184827451237106,0.22886201506074358,-0.3472029768929434,2021,2023,3,1.57978359661681
949699,46,492418000.0,9307000.0,NaN,inf,inf,-inf,2012,2014,3,1.6627578316815739
1084597,7,4054957.0,4012043.0,0.1304779692266746,-1.7545353613827488,0.33471645593940513,-1.9936067050813613,2011,2014,4,0.8450980400142567
93631,29,111406000.0,111406000.0,0.3058497746979516,-0.05765398632030591,,-0.15518463996553147,2012,2013,2,1.462397997898956
1519894,4,27417779.0,18471328.5,0.5489852553964469,-inf,,-inf,2011,2016,6,0.6020599913279623
1114483,83,1386778000.0,1215012000.0,0.3130800565692866,0.07559275069504343,,0.05963417261519489,2011,2023,13,1.919078092376074
1114995,53,190283000.0,132111500.0,0.5716077882809838,-0.17291939400523607,0.2830858838944039,-0.1520831527358328,2016,2023,8,1.724275869600789
1636422,43,241926000.0,154941000.0,,-0.6133253636393581,0.33599438560175343,-0.5154375425345866,2019,2023,5,1.6334684555795864
1381531,183,5850000000.0,5342500000.0,0.21741758640720438,0.03951016364736072,,0.04231072892659798,2010,2023,14,2.2624510897304293
1144834,3,2312000.0,2312000.0,-2.7774653979238755,-4.5192474048442905,,-3.570069204152249,2011,2012,2,0.47712125471966244
813298,78,521815000.0,442221000.0,0.45158657801822205,0.019624973997843485,,0.007066939608203083,2011,2023,13,1.8920946026904801
838879,1,231662.0,231662.0,0.8000319430895011,-43.03849142284881,0.49846759503069127,-372.03887128661586,2011,2011,1,0.0
1852633,27,118724000.0,118724000.0,,-0.18349280684613054,,-0.06338229844007952,2022,2024,2,1.4313637641589871
1845437,15,580000.0,580000.0,0.5258620689655172,-86.25,,-94.4448275862069,2021,2023,3,1.1760912590556811
1024626,9,73702.0,40401.0,0.562884594623772,-3041.628303999801,NaN,-3247.8488497313047,2011,2016,6,0.9542425094393249
1607281,8,930.0,200.0,,-1001.9140053763441,,-26381.682670250895,2014,2016,3,0.9030899869919434
1434110,18,204796.0,91000.0,NaN,-inf,0.40424111400775736,-inf,2011,2017,7,1.2552725051033058
854852,1,34047000.0,33789000.0,0.2919572328091867,-0.009538188561376058,0.0400700610504746,-0.023784860438592837,2011,2014,4,0.0
1347218,1,2577515000.0,1521443000.0,,0.007284976987712924,,0.21700453584183899,2011,2014,4,0.0
1853044,255,53099000.0,53099000.0,0.407559464396693,0.04389913181039191,,0.03212866532326409,2022,2023,2,2.4065401804339546
922621,4,6271000000.0,2555637500.0,,0.14775259121927634,,0.08728701164281326,2010,2023,14,0.6020599913279623
1424151,1,NaN,NaN,,,,NaN,2011,2016,6,0.0
755003,34,137624000.0,137624000.0,0.16205385688542695,-0.0017547811428239302,,0.13609908155554262,2011,2012,2,1.5314789170422551
73124,166,4432600000.0,3995000000.0,,,,0.3852912958044173,2009,2023,15,2.220108088040055
1101020,16,194481635.0,181850054.5,0.11606001415016373,0.04773908607337282,,,2011,2012,2,1.2041199826559246
1605057,1,147950.0,147950.0,0.8795088446887948,-9.960420127606215,,-5.3246551265495015,2021,2023,3,0.0
1058299,68,559984000.0,457198000.0,0.3361449003556882,0.022399685799746678,0.013195446521310236,0.011279474242662768,2011,2015,5,1.8325089127062362
1323885,38,399245000.0,155109000.0,0.7536599031487532,-0.120046344238071,0.19265518981170635,-0.11837971709888984,2011,2023,13,1.57978359661681
1071411,36,150530557.0,61496620.0,0.3673167471933739,-0.07164410716950531,,-0.08947450154338044,2011,2017,7,1.556302500767287
849213,25,,,,,,,2011,2015,5,1.3979400086720375
1570827,3,890265000.0,775351000.0,,0.2852570195579966,,0.15107325105468045,2017,2023,7,0.47712125471966244
882508,5,26072000.0,18956000.0,0.4610854062280023,-0.8583280872358274,0.6703377271295629,-0.8543240372422912,2011,2023,13,0.6989700043360187
1996192,1,12872891.0,12872891.0,0.28866530447589434,0.019179607750892943,,-0.01749816727260411,2024,2024,1,0.0
1444310,9,3300472.0,2602464.0,0.5718293684070413,-0.2398372118117499,0.23509305347058587,-0.7156549239329757,2012,2015,4,0.9542425094393249
1883835,4,7452129.0,7452129.0,0.058882770279473154,-0.028141353967436687,0.13602354441261014,-0.04357318559568682,2022,2023,3,0.6020599913279623
1357671,17,4796474.0,152412.5,0.5132101400957051,-22.49743221666483,2.0540793474732046,-24.6344446149985,2011,2022,12,1.2304489213782739
1850266,2,1678000.0,1108000.0,0.13491344360209312,-83.4496656933595,32.7568301350076,-59.387933058916836,2022,2023,2,0.30102999566398114
778946,104,738320000.0,691297000.0,0.977525721183811,,,0.06195074327255607,2011,2020,6,2.0170333392987803
1522690,5,124371000.0,33064774.0,,,,33.82543725390094,2012,2020,9,0.6989700043360187
1080602,156,0.0,0.0,NaN,,inf,-inf,2011,2013,4,2.1931245983544616
1492298,3,405647000.0,134780000.0,,,,0.5585100983344147,2011,2023,13,0.47712125471966244
1746618,19,1101416000.0,580649000.0,0.7228364851907623,0.1237533353152187,,0.09176420242142885,2019,2023,5,1.2787536009528289
49615,24,40958000.0,28521500.0,0.6527720961559412,-0.35735676664374927,0.20796603859303936,-0.2870180999381685,2011,2018,8,1.380211241711606
880555,18,397639000.0,315783500.0,,0.10632000846832634,,-0.15414428094186478,2012,2015,4,1.2552725051033058
1094238,18,,,,,,,2012,2013,2,1.2552725051033058
740694,15,463988000.0,460120000.0,0.3697455057558634,0.18581124904102464,,0.06915217143924789,2010,2012,3,1.1760912590556811
1766140,5,951000.0,NaN,,NaN,NaN,NaN,2021,2023,3,0.6989700043360187
100378,29,355870000.0,271375000.0,0.2739639189589656,0.025843567392414158,,0.0028544872710467854,2012,2024,12,1.462397997898956
352825,60,655057000.0,561899000.0,0.2066039874335009,0.001051503782492219,,0.027046071098016145,2011,2023,13,1.7781512503836434
1855509,1,33425912.0,15774170.0,0.4230448825277735,-0.13876834301427202,0.023317931208363174,-0.06834006887191738,2021,2023,3,0.0
1811999,5,41344.0,16691.0,0.9042978267225417,-49.913073988385584,,-42.24035647874383,2020,2023,4,0.6989700043360187
708819,8,6705000000.0,3070275000.0,-0.03955828355416529,-0.07162261781004178,0.005105936824298851,-0.09819926712720523,2009,2019,11,0.9030899869919434
1597033,37,3866956000.0,2530280500.0,0.32661272152472054,-0.13889071401273412,,-0.21666239891417957,2014,2023,10,1.5682017240669948
1600847,19,1784000.0,1784000.0,0.18497757847533633,-40.940582959641254,23.930493273542602,-35.31165919282511,2021,2023,3,1.2787536009528289
725876,2,17985000.0,13907000.0,,NaN,,NaN,2011,2016,6,0.30102999566398114
314808,71,2053200000.0,1705400000.0,0.19566999305040025,-0.7523540569473132,,-0.5379395228992597,2010,2023,14,1.851258348719075
842023,58,1136702000.0,563003000.0,0.6576230571877798,0.30998228954806534,,0.24312889170724275,2011,2024,13,1.7634279935629371
81100,66,3092700000.0,3092700000.0,,0.18684353477543894,,0.09238788113945744,2015,2015,1,1.8195439355418683
1373561,20,,,,,,,2011,2016,6,1.301029995663981
1275477,10,17930750.0,16150685.0,,,,-0.5442420409571033,2013,2023,10,1.0
768216,9,222758.0,222758.0,NaN,NaN,,NaN,2011,2023,13,0.9542425094393249
1616156,2,83454.0,NaN,,NaN,NaN,NaN,2015,2024,10,0.30102999566398114
1230276,96,1384826000.0,389484000.0,0.5522102295114514,-0.08779561398034733,,-0.10119476667577774,2011,2017,7,1.9822712330395682
1108109,38,14155000000.0,12289500000.0,0.8222286615524633,0.05495751694135381,,0.0020436304459212386,2010,2023,14,1.57978359661681
1530979,23,344365000.0,313651000.0,0.2716015145960286,-0.07759328648337971,0.02119589844111498,-0.11558915687774403,2021,2023,3,1.3617278360175928
1628369,118,9493700000.0,9069850000.0,,0.018888440371821757,,0.003601305975203369,2018,2023,6,2.0718820073061255
1020416,110,993644000.0,890032500.0,,0.019090505583684424,,-0.07582132312566546,2010,2015,6,2.041392685158225
726513,12,2010460000.0,1978832000.0,,0.10593479163042364,,0.040864025716336946,2015,2018,4,1.0791812460476247
1158419,5,8321991.0,7424269.0,,-0.08902437016162386,,-0.1288237844844665,2011,2016,6,0.6989700043360187
842517,1,,,,,,,2011,2023,13,0.0
1057379,19,293742000.0,278809000.0,0.33284390285219945,0.10408962844117017,,0.07616664900153955,2011,2023,13,1.2787536009528289
1822250,36,2541000000.0,2134500000.0,0.44339662395729307,-0.31925274017496597,0.13513270983282227,-0.29560471601261784,2020,2023,4,1.556302500767287
1271833,3,54020000000.0,44688000000.0,,0.1423536056811116,,0.08019986784442874,2016,2023,8,0.47712125471966244
82166,86,406668000.0,406175000.0,0.27120303407969865,0.11003677894424609,0.041902554238404444,0.09459109709018321,2011,2020,10,1.9344984512435675
1649338,20,6824000000.0,6824000000.0,0.6955597889800703,0.20669695193434937,0.29213071512309496,-0.003443728018757322,2016,2017,2,1.301029995663981
1830214,67,477706000.0,313837000.0,,-14.466427329582876,2.615711798741934,-4.291544297725755,2021,2023,3,1.8260748027008262
890264,3,65447000.0,48868000.0,0.6826857181016589,0.0025683092358285836,0.35514108575692843,-0.050617755309894985,2012,2016,5,0.47712125471966244
1390478,3,9319000.0,1450000.0,NaN,-inf,6.567368421052631,-inf,2011,2023,13,0.47712125471966244
1487999,5,198915000.0,184197000.0,,,,0.03018884128641699,2011,2012,2,0.6989700043360187
1114936,3,183503.0,175153.0,,-1.3781877584171678,0.4616732739498215,-2.280148085025912,2011,2012,2,0.47712125471966244
1295961,12,0.0,0.0,inf,-inf,,-inf,2018,2021,3,1.0791812460476247
357294,12,3004918000.0,2300072500.0,,,,-0.10429733897684411,2011,2024,14,1.0791812460476247
1532158,2,537325.0,245763.0,NaN,NaN,,NaN,2012,2019,7,0.30102999566398114
1587732,3,2578005000.0,1652730000.0,0.699377619515866,0.17688624734497332,,0.10291436265749702,2014,2023,10,0.47712125471966244
1166568,52,,,,,,,2012,2014,3,1.716003343634799
742126,3,563070000.0,324268500.0,0.4315742842448088,0.21372301463601176,,0.07781290723187329,2011,2018,8,0.47712125471966244
1110607,20,29593000.0,21881500.0,0.3441977955101339,-0.15487434520743779,,-0.12554592935157755,2011,2023,12,1.301029995663981
1307748,2,1437395000.0,251809000.0,,0.0051410640332393105,,0.16148653772717864,2011,2023,13,0.30102999566398114
1335282,1,69201.0,69201.0,0.2529732229303045,-11.124651377870261,,,2011,2011,1,0.0
1360565,38,25135000.0,1709397.0,2.1368451042285095,0.2159203193092463,,0.2311043804432404,2011,2023,13,1.57978359661681
1070494,169,726437000.0,42135000.0,0.9436200677067885,-117.26438667181255,21.257394939584803,-117.42981722619759,2011,2023,13,2.2278867046136734
751978,14,399079000.0,250733000.0,0.4325946128861614,0.01743919944322013,0.17061524614438206,0.02923095515163065,2011,2023,13,1.1461280356782377
878828,7,52788000.0,36723237.0,0.44584141847678355,0.0034534165982871377,0.09929358130189632,0.015456995717063693,2011,2022,12,0.8450980400142567
1470915,16,4813048.0,4375141.0,0.47693242433029504,-0.4839770250246742,,-0.661062137507979,2012,2013,2,1.2041199826559246
802967,132,1184969000.0,1159515000.0,0.22089779914146027,-0.12190770440256288,,-0.15340319378925996,2013,2015,3,2.1205739312058496
28917,225,6780129000.0,6420342000.0,0.3664279184000313,,,0.05615533521582608,2010,2023,14,2.3521825181113623
1287151,15,586960000.0,542932000.0,0.3831380668346579,0.07348916293763041,0.016846176621934404,-0.06396258617694446,2011,2017,7,1.1760912590556811
2178,1,3945969000.0,1944279000.0,,0.0028978211771359336,,0.0037035364133703795,2011,2023,13,0.0
1790625,6,176846000.0,167757000.0,0.27719559627379264,-0.04115382078911789,,-0.12030055789068242,2020,2022,3,0.7781512503836435
1206264,4,4921200000.0,2872100000.0,0.451605434628148,0.15315240638069,,0.08385198465814493,2010,2023,14,0.6020599913279623
1760903,15,2876273.0,1539471.5,0.49197063807029523,,,-59.333090129117366,2020,2023,4,1.1760912590556811
1817004,27,23216423.0,15044721.0,0.12051457641775577,-0.9579410590026033,,-0.6925090138079283,2021,2023,3,1.4313637641589871
1005229,85,936240000.0,744530500.0,0.319533321784031,0.08090132949794983,0.01666084760178323,0.049800264889344616,2012,2023,12,1.9294189257142926
1577526,140,310582000.0,217988000.0,0.6106901750571487,-0.7148662715340001,0.5206179351896354,-0.5499458652679239,2021,2024,4,2.1461280356782377
1383097,10,2859884.0,639107.0,0.09965921968729982,-5.427649044615597,,-4.173417714603436,2013,2017,5,1.0
1421665,2,4643974.0,2964872.0,NaN,-0.7202877234450858,,-2.4809852821554355,2011,2012,2,0.30102999566398114
1178879,63,329233000.0,18411000.0,1.4485425699075865,-53.968847714313036,,-49.30420156223579,2011,2023,13,1.7993405494535815
896400,359,54539000.0,38952000.0,0.5350168892504403,-0.05017465052062642,0.4542139850823305,-0.3637784709476666,2011,2014,4,2.555094448578319
1430960,2,64575450.0,29531783.5,0.08540263394177046,0.024055754401062918,0.0018028938579607442,0.014245181199623288,2011,2016,6,0.30102999566398114
1429775,3,,,,,,,2010,2012,3,0.47712125471966244
1723648,5,102545000.0,51272500.0,0.5514359549466088,-inf,0.23431664147447462,-inf,2019,2022,4,0.6989700043360187
1174940,14,1444447.0,986079.5,NaN,NaN,NaN,NaN,2011,2023,13,1.1461280356782377
1585755,2,NaN,NaN,,NaN,,NaN,2015,2017,3,0.30102999566398114
1361470,47,101308000.0,101308000.0,0.36944268961977333,-0.15613278319579896,0.22745982548268645,-0.20533916373830302,2013,2014,2,1.6720978579357173
922487,1,,,,,,,2011,2016,6,0.0
892482,63,71155000.0,25013000.0,0.9922077363789691,-1.1517089886963108,0.4825446239709256,-0.6123194064998589,2011,2021,11,1.7993405494535815
1543272,2,106859.0,1517.0,0.5564458772775339,-2260.680006755279,,-2434.1059396755672,2012,2017,6,0.30102999566398114
897067,31,538625000.0,534209000.0,0.3078903460342758,0.15339751358455903,0.177564052172686,0.1292154267998651,2010,2012,3,1.4913616938342726
1874138,10,,,,,,,2022,2023,2,1.0
1860657,4,,,,,,,2021,2023,3,0.6020599913279623
850261,34,151856000.0,14672500.0,0.11935989053423281,-6.010701001836985,3.0852071487577435,-4.891222397288542,2011,2022,12,1.5314789170422551
1096950,1,5349012.0,1708682.0,1.2832191265215849,-0.1791591443557564,,-1.2129615926628359,2014,2021,8,0.0
884217,34,3496271000.0,2770649500.0,0.44038446072572307,0.05680125708302941,,0.017815283459105966,2010,2019,10,1.5314789170422551
1397016,5,25890000.0,18222000.0,0.20229699706812468,0.021712559874116574,,0.04660187604235226,2012,2024,13,0.6989700043360187
1821175,6,19045529.0,13463158.5,0.5805370420205467,-1.1600012114671001,0.49390455065064276,-1.8937725493025037,2020,2023,4,0.7781512503836435
1119643,7,1432056.0,203290.0,0.019645007621571953,-12.310345520419144,0.2552115182751599,-25.288157172653953,2011,2021,11,0.8450980400142567
1495850,1,NaN,NaN,,,,NaN,2011,2014,3,0.0
1603345,4,28375.0,2250.0,NaN,NaN,NaN,NaN,2015,2023,8,0.6020599913279623
731012,19,1866131000.0,1840778000.0,0.16546302846063568,,,0.04236068590431582,2010,2023,14,1.2787536009528289
921847,11,,,,,,,2009,2014,6,1.041392685158225
891288,8,509292000.0,115131000.0,0.7549052370923247,1.4739012294007292,0.17022313842980566,0.5129646861980234,2011,2013,3,0.9030899869919434
1960262,7,NaN,NaN,NaN,NaN,,NaN,2023,2023,1,0.8450980400142567
920522,11,1460155000.0,503823000.0,,15.649247047554857,,0.2001961715593106,2010,2023,14,1.041392685158225
1738758,5,,,,,,,2018,2019,2,0.6989700043360187
1935092,1,85356.0,85356.0,0.2049065092084915,-46.1455785182061,,-50.88223440648578,2023,2023,1,0.0
1805833,6,688389000.0,650309000.0,,-0.43938808635347015,,-0.4299050497056537,2020,2023,5,0.7781512503836435
1667011,43,53666000.0,37864000.0,0.919996788511965,-0.5988974376867406,0.8210521146459002,-0.5042615876501125,2021,2023,3,1.6334684555795864
871763,151,21034300000.0,20793950000.0,0.16104734535616075,0.02101375786897325,,0.021094117702989877,2010,2023,14,2.1789769472931693
9389,202,15349000000.0,8735700000.0,0.22857142857142856,0.08748358302105345,,0.050838794233289644,2010,2023,14,2.305351369446624
1213106,8,NaN,NaN,NaN,NaN,,NaN,2012,2013,2,0.9030899869919434
1703057,8,375203000.0,233155000.0,,2.3288317441521262,1.720190300930607,1.752570894470311,2021,2023,3,0.9030899869919434
1411179,8,497486.0,497486.0,0.12553769924171213,-1.4116005274520287,,-7.518128252130874,2011,2014,4,0.9030899869919434
1365135,161,5607200000.0,5524300000.0,0.43654315094189555,0.19634890913051636,,0.09482309346241029,2010,2023,14,2.2068258760318495
1599117,1,6010438.0,4576214.0,NaN,NaN,,NaN,2014,2023,10,0.0
837173,4,2571358000.0,2399895000.0,,0.1224412890758964,,0.13170555740647014,2009,2014,6,0.6020599913279623
1793659,4,592212000.0,488105000.0,0.3030426654892508,-0.3091190896011913,,-0.04711253019790258,2020,2023,4,0.6020599913279623
1501989,22,100362000.0,53163000.0,,-3.3798042687969247,5.768842501559575,-5.590023601674864,2015,2023,9,1.3424226808222062
1323974,213,2260279000.0,1489500000.0,0.1453515577511918,0.05618311758363515,,,2011,2014,4,2.3283796034387376
860518,31,16424000.0,13542000.0,0.36267253346212314,0.07757562569143953,,0.023614368194279655,2012,2016,5,1.4913616938342726
1676580,52,7546437.0,7546437.0,NaN,NaN,0.047942566704478724,NaN,2016,2022,7,1.716003343634799
1840563,15,766277.0,766277.0,0.5837432155734806,,0.5562518514845154,-2.3493697448833775,2023,2023,1,1.1760912590556811
1552743,8,2268504.0,NaN,0.15619193543789808,NaN,,NaN,2013,2022,10,0.9030899869919434
1411685,2,1342200.0,1064000.0,,-inf,inf,-inf,2011,2023,13,0.30102999566398114
1191857,5,59284000.0,54002500.0,0.25281331574003607,0.039169045423412575,,0.03344615603830416,2011,2012,2,0.6989700043360187
45947,121,6603000000.0,3362000000.0,,,,0.10430545689753813,2011,2018,8,2.08278537031645
1533998,39,27656000.0,6282000.0,-inf,-inf,inf,-inf,2013,2023,11,1.591064607026499
1844505,14,0.0,0.0,,-inf,,-inf,2021,2023,3,1.1461280356782377
1616707,689,14145156000.0,5079767000.0,0.3094293208142601,-0.04565259750607173,,-0.04500791557111698,2014,2023,10,2.8382192219076257
853816,99,7436562000.0,3646364000.0,,0.06356127256816227,,0.05135843885863426,2010,2023,14,1.9956351945975497
1321655,74,2225012000.0,1541889000.0,0.7204209321805783,-0.21119267408060616,0.21818649111959942,-0.5167815496218261,2020,2023,4,1.8692317197309762
769520,2,3250792000.0,2047225000.0,0.3724196325706525,0.17231008688946173,,0.11383068470406224,2010,2023,14,0.30102999566398114
945436,14,2715500000.0,2006050000.0,0.10474588551999814,-0.18300055995980766,0.0332586010822323,-0.13272987976774872,2009,2014,6,1.1461280356782377
1517709,1,,,,,,,2012,2013,2,0.0
1039399,42,769674000.0,383881000.0,0.292460749180005,-0.20060564092010688,0.19379226886064313,-0.10075659077380897,2011,2023,13,1.6232492903979003
1207074,36,1247863000.0,478986000.0,0.3263319691346932,0.07764276504837034,,0.001156710111221157,2011,2019,9,1.556302500767287
788816,17,2130137000.0,1432244000.0,,0.14626304155408218,,0.03687875323291575,2011,2023,13,1.2304489213782739
922475,3,1596529000.0,1195752500.0,,0.23237798545819585,,0.11962370091987111,2010,2015,6,0.47712125471966244
1108630,2,488018.0,488018.0,0.8856599551655882,-1.0926748603535115,,-32.23589498747997,2018,2022,5,0.30102999566398114
1058811,83,110979000.0,30456000.0,-inf,NaN,inf,NaN,2011,2023,13,1.919078092376074
1318484,49,991595000.0,683791000.0,0.3562104168054588,0.026259237331090483,,,2011,2023,13,1.6901960800285134
1627041,2,,,,,,,2016,2022,7,0.30102999566398114
1163698,2,,,,,,,2011,2012,2,0.30102999566398114
1611702,2,928600000.0,703500000.0,,0.06698803856514922,,0.10016526690944656,2014,2018,5,0.30102999566398114
1337619,59,1186517000.0,683679000.0,0.635592910834388,0.0056422966922487225,,0.03481570390732664,2011,2023,13,1.7708520116421442
1580670,11,2304455000.0,1504400000.0,-0.11178368385697329,0.18744246018674246,,0.14504178819317978,2013,2023,11,1.041392685158225
1503993,1,9586.0,9586.0,,-26.908408095138743,,-27.025558105570624,2012,2012,1,0.0
1015328,75,207172000.0,156989000.0,,,,2.228016661376225,2010,2023,14,1.8750612633916997
72573,158,700966000.0,567953000.0,0.5685830657246053,0.08106736452947841,,0.04062625982527306,2011,2023,13,2.1986570869544226
1328571,25,545684000.0,455231500.0,0.2173974569685082,0.3084497806948456,,0.17349191493922547,2010,2015,6,1.3979400086720375
1441693,79,38374000.0,13715000.0,0.41176458463143184,-2.320480924635048,,-3.2244761070424266,2013,2021,9,1.8976270912904412
928421,25,184947000.0,178404000.0,0.27068378450621433,-0.09274278973994368,0.1362138433138349,-0.1329242463638161,2011,2015,5,1.3979400086720375
1514732,14,98670000.0,98670000.0,-0.011533394142089794,-0.19772980642545862,,-0.33857302118171684,2011,2019,9,1.1461280356782377
1674365,1,4962000.0,1564000.0,,-36.134010679388254,27.78254822117382,-35.37606061820767,2018,2022,5,0.0
1294133,25,336015000.0,250522500.0,0.5592940821077799,0.014615631690395975,0.03883497648576088,0.037850257605243555,2014,2023,10,1.3979400086720375
55135,4,5513900000.0,5142050000.0,0.17496832435414758,0.0003580932197063697,,0.005500596152102987,2011,2023,13,0.6020599913279623
1411688,119,990088000.0,852503500.0,0.5765747999630529,0.01324676057550701,,-0.01627996091361674,2013,2023,10,2.0755469613925306
1516551,4,,,,,,,2013,2023,11,0.6020599913279623
1408300,14,NaN,NaN,,NaN,,NaN,2011,2013,3,1.1461280356782377
823546,1,203199.0,0.0,,NaN,NaN,NaN,2011,2022,12,0.0
1470129,9,,,,,,,2011,2012,2,0.9542425094393249
1553788,2,18087486.0,1012291.0,0.42001763472125614,-0.9949667625478124,,NaN,2012,2023,11,0.30102999566398114
750004,3525,3363000000.0,879600000.0,0.3465986457029432,0.2292284777444558,0.09890254378039741,-0.08255172838648288,2010,2023,14,3.547159121327417
720002,4,,,,,,,2011,2016,6,0.6020599913279623
107815,7,4070300000.0,3711700000.0,0.6398227080832384,0.17566024370973599,,0.094811996146765,2011,2023,13,0.8450980400142567
797468,48,25956000000.0,19312000000.0,0.8562616459405342,,,0.008938379187699642,2009,2023,15,1.6812412373755872
907562,95,39783000.0,22884000.0,0.8828111689556357,-0.9885605671109329,1.8732879216141718,-1.599399708963141,2011,2014,4,1.9777236052888476
35214,78,2155792000.0,1145292000.0,0.25301277708841974,,,-0.003957211368585418,2011,2021,11,1.8920946026904801
1707919,2,8941835.0,8759333.5,0.21392044929129167,-3.770920682842111,0.5597512662094323,-9.448428391016211,2022,2023,2,0.30102999566398114
761648,5,152020000.0,135538000.0,,-0.08535665848159892,,-0.16924197754520393,2011,2023,13,0.6989700043360187
3116,20,985076000.0,555048000.0,0.5091836711130119,0.0675053621513822,0.05779492823113059,0.08199786798425626,2011,2019,9,1.301029995663981
1273813,39,1994000000.0,1642500000.0,,,,inf,2010,2023,14,1.591064607026499
1095277,268,364136000.0,246642000.0,-4.291183491490283,-274.58215694402645,,-278.28725629119845,2011,2017,7,2.4281347940287885
1158324,6,940922000.0,520193000.0,0.5726983424220103,0.15857567602651812,,,2011,2023,13,0.7781512503836435
1626115,9,1045008000.0,575729000.0,,,,0.04593630763274956,2015,2023,9,0.9542425094393249
1498068,23,805776000.0,805776000.0,,0.12112485355731617,,-0.006604813248346936,2016,2019,4,1.3617278360175928
26324,1,2845373000.0,1964740000.0,0.3773653145142107,0.13583574342484822,0.03194900235468117,0.08932355500719842,2010,2023,14,0.0
1391127,14,230194000.0,180236000.0,0.4158846473384325,-0.13507987409457026,0.14097622082260983,-0.19559946304094308,2011,2022,12,1.1461280356782377
1364099,76,862399000.0,806164500.0,0.20106891606915883,0.12384843206223906,0.004474966149800295,0.06980931076695268,2011,2018,8,1.8808135922807911
1707925,206,33364000000.0,28228000000.0,,0.1471893364981509,0.005420395598116798,0.09648945799749593,2018,2023,6,2.3138672203691533
1597313,13,102206000.0,34042000.0,-0.24344092851856003,-inf,1.0098445687519715,-inf,2014,2022,9,1.1139433523068367
1644378,12,832503000.0,607238000.0,,0.22739241457136578,,0.06987269028782593,2016,2024,9,1.0791812460476247
60667,2,89597000000.0,56223000000.0,0.3429357007274065,0.09817179814675374,,0.05559278052923703,2009,2023,15,0.30102999566398114
1535031,134,527194000.0,462872500.0,0.5867230616629705,0.1628028367306294,,0.0704623280529462,2012,2015,4,2.1271047983648073
1419536,2,,,,,,,2018,2023,6,0.30102999566398114
1817760,9,40000.0,40000.0,0.8638888888888888,-520.9972222222221,268.5083333333333,-508.73148148148147,2021,2023,3,0.9542425094393249
1800,1810,43653000000.0,29527552000.0,0.5671585092821783,0.1507419968902168,0.07044113181014519,0.12704678144450648,2009,2023,15,3.257678574869184
1397403,16,33687000.0,9661000.0,,-2.807312884412268,,-10.245104171427567,2011,2019,9,1.2041199826559246
1424657,64,74650000.0,593000.0,0.5861298151309472,-31.24027210208338,,-72.26876928099847,2011,2023,13,1.8061799739838869
36146,8,,,,,,,2010,2023,14,0.9030899869919434
1023024,56,486816000.0,128622000.0,0.6805208969395401,0.059177773591386255,8.548004391412077,0.03369776742374921,2011,2023,13,1.7481880270062005
1023313,43,537787000.0,347624000.0,0.5746819224633355,0.05132825738439877,,0.054671052650259414,2011,2023,13,1.6334684555795864
1133416,4,,,,,,,2011,2023,13,0.6020599913279623
1724979,6,,,,,,,2021,2022,2,0.7781512503836435
1711754,7,374000.0,96000.0,,NaN,NaN,NaN,2018,2023,6,0.8450980400142567
1029199,18,2995500000.0,1811382500.0,0.3923458923627227,0.08901748915209888,,0.04284099562916856,2010,2023,14,1.2552725051033058
1680689,6,0.0,0.0,,NaN,,NaN,2017,2024,8,0.7781512503836435
1000209,3,,,,,,,2018,2023,6,0.47712125471966244
912263,4,1141250000.0,1141250000.0,,0.027545235487404163,,0.00947645125958379,2011,2011,1,0.6020599913279623
1296205,32,538231000.0,269311000.0,0.3817891716035722,0.11535107933635229,,0.1374688120346489,2011,2019,9,1.5051499783199058
919864,7,,,,,,,2011,2023,13,0.8450980400142567
828146,30,11886000.0,7493000.0,0.5320967719227084,0.047639554003270045,0.13714690425641343,0.08920053321074468,2016,2023,6,1.4771212547196624
1427030,13,15500.0,4588.0,1.3445794827085151,-431.5870502760825,40.694709677419354,-453.49240162743394,2011,2013,3,1.1139433523068367
1452477,1,38235000.0,38235000.0,,,,0.6790898391526089,2021,2023,3,0.0
1648960,60,46214.0,46214.0,,-264.5675552862769,11.142878781321677,NaN,2021,2023,3,1.7781512503836434
1552451,43,33558000.0,16779000.0,,-inf,inf,-inf,2015,2019,5,1.6334684555795864
1534120,5,27813137.0,6750351.0,NaN,-inf,inf,inf,2015,2023,9,0.6989700043360187
1673475,2,4356303.0,333558.0,inf,NaN,,NaN,2017,2024,8,0.30102999566398114
64463,27,28547000.0,7061000.0,0.5678286350417205,-0.17564059222413997,0.25164473645149643,-0.39698059555540427,2011,2023,11,1.4313637641589871
1672909,17,61436858.0,55800886.5,,0.1200536121915882,,0.0942360988117926,2016,2023,8,1.2304489213782739
1433714,17,156404000.0,143308000.0,0.5621788829818939,-0.35344966517166326,0.4002443010369406,-0.29601545455162454,2014,2020,7,1.2304489213782739
1323468,5,19589608000.0,13081730000.0,0.04231474986352955,0.013030537708215769,,-0.0033053458102885367,2011,2023,13,0.6989700043360187
1365832,10,1800654.0,1800654.0,0.7809295955802725,-0.07934506018368881,0.13477047783749682,-0.1156257670824045,2011,2011,1,1.0
1761918,10,,,,,,,2021,2023,3,1.0
1851484,1,NaN,NaN,,,NaN,NaN,2022,2024,3,0.0
1605301,166,51031000.0,43591500.0,,,,0.10305408649392844,2014,2023,10,2.220108088040055
1475274,40,280421000.0,237259500.0,0.8990341062358982,0.13827216619648358,0.1483723805696257,0.10228006206517656,2013,2016,4,1.6020599913279623
1506744,5,,,,,,,2011,2011,1,0.6989700043360187
1481443,2,0.0,0.0,NaN,-inf,,-inf,2019,2023,5,0.30102999566398114
1529133,2,NaN,NaN,,NaN,NaN,NaN,2012,2015,4,0.30102999566398114
928022,9,3230964000.0,1033147000.0,,-0.09821555094983798,,-0.7388922926587179,2011,2023,13,0.9542425094393249
106532,24,351737000.0,298375000.0,0.39922888081280566,0.07257551041673568,,0.05963840728647126,2011,2023,13,1.380211241711606
1387054,3,,,,,,,2011,2014,4,0.47712125471966244
1316644,292,39214000.0,19612000.0,0.4041106261776782,-0.09054062512694062,0.024851609591761817,-0.2717783305524513,2011,2019,9,2.465382851448418
357020,35,369347000.0,207831000.0,0.6572186762709646,-0.010865095192162406,0.363573909456392,0.0641945226850535,2012,2017,5,1.5440680443502754
1273685,2,,,,,,,2011,2023,10,0.30102999566398114
80424,1377,83680000000.0,76694000000.0,0.49693848463789003,0.19593453656495005,,0.13460419541927351,2010,2024,15,3.138933940256923
56978,85,1517664000.0,627192000.0,0.4228859744107121,0.15177146409232783,0.13904774628369646,0.19472854506564627,2011,2024,14,1.9294189257142926
1462418,7,1078916000.0,838202000.0,0.266410564490882,0.03744585304108488,,,2011,2023,13,0.8450980400142567
1840572,96,911705000.0,911705000.0,0.3873362248196121,0.24547775028068877,,0.05295975133861507,2022,2024,3,1.9822712330395682
1084133,2,60453.0,5546.0,-15.213087405578525,-98.14005837149223,,4.995307649468733,2021,2023,3,0.30102999566398114
1206133,3,131849.0,NaN,,NaN,,NaN,2011,2015,5,0.47712125471966244
1530425,2,0.0,0.0,NaN,-inf,,-inf,2012,2024,13,0.30102999566398114
1388486,4,NaN,NaN,NaN,NaN,NaN,NaN,2011,2017,6,0.6020599913279623
1301704,3,NaN,NaN,,NaN,,NaN,2012,2014,3,0.47712125471966244
1326380,87,9550500000.0,8886700000.0,0.28178381184000334,0.008309284034075406,,0.007162375470430451,2009,2023,15,1.9395192526186182
1163573,3,25692.0,25692.0,-92.64384491481401,-860.4864472885847,,-844.6159855329101,2011,2013,3,0.47712125471966244
889353,4,8820348.0,4411163.5,214.68130477129213,-584.5833807380759,,-193.68737008562817,2022,2023,2,0.6020599913279623
106535,161,10933000000.0,7254000000.0,0.25419796342766793,0.12230566464124142,0.0035875264310230126,0.12265075242805638,2009,2023,15,2.2068258760318495
1126741,113,67558000.0,43343000.0,0.5726107549175742,-0.17614474049657536,0.43546914790435187,-0.20522066476703904,2011,2023,13,2.0530784434834195
1492691,9,7428582000.0,4229322000.0,,0.13490261470953507,,0.0885994340512099,2011,2023,13,0.9542425094393249
912382,2,,,,,,,2011,2011,1,0.30102999566398114
74145,15,0.0,0.0,-inf,inf,,inf,2010,2019,10,1.1760912590556811
1515250,19,4351200.0,4351200.0,0.38715136054421767,-0.6884130814487958,,-0.6099852914138628,2011,2012,2,1.2787536009528289
4828,8,1479095000.0,1479095000.0,0.7512411305561847,0.3845500120005814,,0.5441374624347997,2012,2012,1,0.9030899869919434
1483935,1,4467485.0,3000451.0,0.5129079084760402,-0.14926906113297764,0.015354300539380573,-0.2555776042551441,2011,2014,4,0.0
798081,49,159000000.0,99011000.0,0.3417520004782031,0.05346139816346957,,0.03263307189832666,2011,2024,13,1.6901960800285134
1346655,7,8125196.0,7231069.0,0.35535452403666234,-0.1836337675866444,,0.002772709056599296,2011,2023,9,0.8450980400142567
1338929,8,50223.0,4806.0,NaN,NaN,inf,NaN,2011,2023,13,0.9030899869919434
1316016,11,120784000.0,100795500.0,0.6086394668010677,-0.021291860739132983,0.4580887078179373,-0.06343951777317616,2017,2018,2,1.041392685158225
1103795,7,240000.0,0.0,NaN,-inf,NaN,NaN,2011,2023,13,0.8450980400142567
1564408,439,4601847000.0,2506626000.0,0.20442883469924503,-2.8138168893689146,0.9807793373675474,-0.7115737250687196,2017,2023,7,2.6424645202421213
727207,28,12059000.0,1121166.0,0.45063863866631165,-140.66241451231903,95.09385096921112,-137.04087130472112,2012,2023,13,1.447158031342219
1622867,1,96822.0,96822.0,0.6409803557042821,-6.289221457933114,,-4.352275309330524,2015,2017,3,0.0
1852767,86,,,,,,,2022,2022,1,1.9344984512435675
1163165,212,244813000000.0,55517000000.0,0.5033587703297235,,,0.06741350531971715,2009,2023,15,2.326335860928751
1438576,119,NaN,NaN,NaN,NaN,NaN,NaN,2011,2013,2,2.0755469613925306
1469367,77,2259813000.0,532542000.0,0.3433909511420566,-0.4401406502537173,0.03234963413879085,-0.03117653772038217,2015,2023,9,1.8864907251724818
1527698,2,2250.0,2250.0,8.771555555555556,-650.3997777777778,,-369.5648888888889,2013,2014,2,0.30102999566398114
65100,454,,,,,,,2011,2012,2,2.6570558528571038
1138400,6,14742.0,14742.0,,-2344.5630172296837,1430.9746981413648,-1435.179351512685,2011,2011,1,0.7781512503836435
1070336,3,66122000.0,8803500.0,,-30.141867692176547,25.451767443640165,-30.5017506690865,2011,2018,8,0.47712125471966244
43196,93,3676000000.0,812465000.0,,0.31237432600105947,,0.07089158678110698,2011,2023,13,1.968482948553935
105076,13,1055688000.0,583635500.0,0.13800574128427698,0.025522940172265404,,,2011,2014,4,1.1139433523068367
1018332,10,358139000.0,358139000.0,0.2988783684547061,-1.4921496960677278,0.062291456669058665,-0.011721705818132066,2010,2010,1,1.0
783412,27,67709000.0,43978000.0,,-0.015145413173094103,,0.4169685201836931,2011,2024,14,1.4313637641589871
1011109,1,432.0,432.0,,,,-4023.5486111111113,2011,2016,3,0.0
98246,24,4442100000.0,4068015000.0,0.5905469536363211,0.17404804993507939,,0.10349666965354402,2010,2019,10,1.380211241711606
1180079,52,224310000.0,208964000.0,0.6686034735610631,-0.2080785405321871,0.3950658847911422,-0.27281326317347726,2013,2016,4,1.716003343634799
927355,11,752565000.0,533295100.0,0.2199238502865142,0.015056378329104357,,0.0019008752580422,2012,2022,11,1.041392685158225
1411057,12,248841.0,248841.0,0.8167544737402599,-1.953616968264876,,-2.617514798606339,2024,2024,1,1.0791812460476247
1292519,28,,,,,,,2011,2022,12,1.447158031342219
107687,188,4957700000.0,1985674000.0,0.14772736530199596,0.08167560986430687,,0.043261963895953895,2012,2024,13,2.2741578492636796
1767042,5,606375000.0,606375000.0,,0.36626015254586686,,0.29843413729128015,2023,2023,1,0.6989700043360187
1320461,3,3618126000.0,3090542000.0,0.13002194769071945,0.025989278279429328,,-0.006287468028980058,2012,2023,12,0.47712125471966244
1672013,171,2381995000.0,1622945000.0,0.4937042651736788,0.10115400389970843,0.02840005199057124,0.06521950657530148,2016,2023,8,2.2329961103921536
1499268,6,456361000.0,450011500.0,,0.08817636625628103,,-0.016051819343740184,2011,2015,5,0.7781512503836435
1000623,45,1440000000.0,839900000.0,0.29285196384847056,0.089256870906977,0.016764866885606564,0.08328371031691921,2011,2023,13,1.6532125137753435
101295,13,15416893.0,13599084.0,-26.935968607307647,20.933225311145275,3.284339672386827,18.97224659522997,2011,2023,13,1.1139433523068367
1003130,3,102983000.0,101493000.0,0.500470854958912,-0.1557653244958061,,-0.045250702635240815,2011,2013,3,0.47712125471966244
1351636,74,58155000.0,40752000.0,0.6533960991396384,-0.11688346434799758,0.17715662854223885,-0.150718154905205,2017,2023,7,1.8692317197309762
1013857,105,1317845000.0,750266000.0,0.6433004885473778,0.04755484822373053,0.18771982449172672,0.01205520718524482,2011,2023,13,2.021189299069938
1389034,2,,,,,,,2011,2021,11,0.30102999566398114
1134982,6,0.0,NaN,NaN,NaN,inf,NaN,2012,2023,12,0.7781512503836435
1415624,35,177779000.0,162191000.0,0.4269333118503171,0.005004157695600475,0.03241436573129625,0.0021148763687485216,2013,2016,4,1.5440680443502754
1633070,16,,,,,,,2019,2022,4,1.2041199826559246
1698514,4,,,,,,,2017,2017,1,0.6020599913279623
1612253,1,0.0,0.0,NaN,-inf,inf,-inf,2015,2015,1,0.0
1830503,7,4297122.0,4297122.0,0.276088274896547,-1.8243640743734992,,-1.23296383021008,2022,2023,2,0.8450980400142567
1842939,25,,,,,,,2021,2023,3,1.3979400086720375
891166,14,1391582000.0,685289000.0,,,,0.11086720095312982,2011,2023,13,1.1461280356782377
1011657,5,1151500000.0,1004350000.0,0.17962133831402122,0.1542965322068701,,0.03510411869198589,2010,2011,2,0.6989700043360187
1500435,117,1194651000.0,1148337000.0,0.4211683510393042,0.013081205582415076,0.1775632551439275,0.004419307614827034,2014,2023,10,2.0681858617461617
863894,19,42592060.0,25936875.5,0.5930809215374765,-0.6522346324674152,0.5651418395119681,-0.7381643679468521,2011,2024,14,1.2787536009528289
1753945,16,53000.0,53000.0,-8.716981132075471,-201.73584905660377,39.094339622641506,-189.67924528301887,2022,2022,1,1.2041199826559246
1434893,2,,,,,,,2011,2011,1,0.30102999566398114
1402366,42,3223400000.0,3138150000.0,0.6569852953796604,-0.10897174121400936,0.047929831106853824,-0.12740585827546527,2013,2014,2,1.6232492903979003
1307989,1,27014.0,27014.0,0.023654401421485154,-14.851077219219665,,-161.89672021914564,2011,2011,1,0.0
1409175,11,238716.0,32845.0,inf,-inf,,-inf,2012,2022,11,1.041392685158225
1022899,4,0.0,0.0,,NaN,NaN,NaN,2014,2023,10,0.6020599913279623
911635,6,,,,,,,2011,2014,4,0.7781512503836435
1513818,12,40000000.0,6563500.0,,-7.257900479821803,1.3210875,-5.343030805241706,2014,2022,9,1.0791812460476247
1101026,34,82725.0,0.0,NaN,-inf,inf,-inf,2011,2023,13,1.5314789170422551
1022652,49,402862000.0,219496000.0,0.28625563682047206,-0.15686315767461684,0.16386538615740512,-0.2162662606205931,2011,2023,13,1.6901960800285134
1037976,140,19367000000.0,7368100000.0,,0.06261982956545752,,0.03776212898669682,2010,2023,14,2.1461280356782377
1479320,9,,,,,,,2014,2014,1,0.9542425094393249
277595,5,1738650000.0,1440420000.0,,0.24915806073454375,,-0.11278324176574943,2009,2017,9,0.6989700043360187
1460602,26,36025000.0,8243000.0,NaN,-inf,inf,-inf,2011,2023,13,1.414973347970818
849636,47,3114605.0,3114605.0,,NaN,NaN,NaN,2011,2022,12,1.6720978579357173
1378140,33,5738506.0,1682000.0,-0.13041629916152492,-11.113755265333815,,-9.710150103083722,2012,2024,13,1.5185139398778873
1445918,12,6579106.0,5861798.5,,NaN,,NaN,2011,2015,5,1.0791812460476247
1610532,13,121944000.0,46048000.0,3.0191705790509094,-2.3383003651464525,2.9201922408202634,-3.4219847229921725,2015,2017,3,1.1139433523068367
1676479,1,25034000.0,12762500.0,,,,1.518529215946745,2016,2023,8,0.0
64978,1487,23643200000.0,23643200000.0,0.7635345469310415,,0.20324236989916764,0.13853454693104147,2009,2009,1,3.1723109685219537
1054905,26,1948800000.0,1012300000.0,0.33183933694900547,0.10442084170850362,0.025439427569842635,0.0785652871288415,2011,2023,13,1.414973347970818
102212,13,,,,,,,2011,2023,13,1.1139433523068367
350199,39,224210000.0,224210000.0,0.3801119624702232,-0.07804113721360993,,,2011,2013,3,1.591064607026499
1081745,4,16886381.0,2535955.0,0.6757916667015956,-inf,,NaN,2011,2023,13,0.6020599913279623
97210,79,3702881000.0,1584132000.0,0.6871191713702584,0.19132993061264375,,0.1594135388493619,2010,2023,14,1.8976270912904412
1666487,3,3338706.0,3338706.0,0.8894197332739091,,,0.5708967785722971,2016,2017,2,0.47712125471966244
1030896,20,93444000.0,87333000.0,0.34561120041677995,-0.03696020018248479,,-0.08360018626738923,2011,2012,2,1.301029995663981
831641,69,3504048000.0,3213513000.0,0.1682044714736654,0.07686474314766363,,,2010,2024,15,1.8388490907372552
1049108,2,1546249000.0,1546249000.0,,,,0.10318519203569412,2011,2011,1,0.30102999566398114
814361,17,1285876000.0,1285876000.0,0.4688803586037845,0.10442997614077874,,0.07514099337727743,2010,2010,1,1.2304489213782739
1623013,1,38404891.0,38404891.0,0.73553493486025,0.6269457710477554,,0.7034122294475461,2015,2015,1,0.0
1051627,16,137393000.0,88374000.0,0.3366573452449114,0.06223013878855585,0.05565648812272246,0.05559037487039483,2011,2023,13,1.2041199826559246
1699136,51,688369000.0,586274500.0,,0.2598513094868134,,0.10177596751936178,2018,2023,6,1.7075701760979363
1320854,2,598518000.0,364754000.0,0.0321628241844865,-0.09644196555885041,,-0.09588488362810255,2011,2023,13,0.30102999566398114
1728117,7,,,,,,,2019,2023,5,0.8450980400142567
1750155,35,95226000.0,74139000.0,0.41724894563976805,-1.4119380099119063,,-0.481060123830887,2021,2023,3,1.5440680443502754
1170650,92,68563300000.0,64889400000.0,0.10285254291270736,,,0.021231475147783143,2009,2011,3,1.9637878273455551
1803901,9,150045000.0,119567000.0,0.5943860793906198,-0.8514018422999423,0.11456799323204686,-0.299618131590329,2020,2023,4,0.9542425094393249
64996,1,3993357000.0,3321822500.0,,,,0.05522196416942797,2010,2023,14,0.0
1465062,1,6646000.0,3493000.0,0.2978734545972956,-0.7948184886647964,,-0.824779808711178,2011,2013,3,0.0
1813452,1,119493435.0,108999302.5,0.4282589245138333,,,-0.39623862333382265,2022,2023,2,0.0
72162,45,166562000.0,112035000.0,0.29724180409440865,-0.19754034907347431,,0.42463503508397693,2011,2023,13,1.6532125137753435
1292653,12,268284000.0,220508000.0,0.587012601849503,0.2960589919605626,,0.18071256087432097,2010,2015,6,1.0791812460476247
1107332,25,213511000.0,130734000.0,-0.31345136277424174,-226.46573669920258,113.3785057755987,-991.9429848070914,2010,2013,4,1.3979400086720375
92122,134,29279000000.0,18467000000.0,,0.228217447578211,,,2009,2023,15,2.1271047983648073
1744489,103,88898000000.0,74055000000.0,,,,0.08154989896662053,2019,2024,6,2.012837224705172
1399249,1,153579000.0,112511000.0,,0.450119162581766,,0.060484687673996465,2011,2021,11,0.0
1281774,7,485392000.0,470225000.0,,0.035585290709365586,,-0.026620408758610832,2011,2019,9,0.8450980400142567
1725872,236,94705000.0,66437000.0,,-0.1547625981218078,,-0.1685802620202921,2018,2023,6,2.3729120029701067
109563,185,4479406000.0,2556587000.0,0.30126175979114506,0.07361505901628239,,0.045013312420018256,2011,2024,14,2.2671717284030133
1235912,22,39295000.0,22469000.0,0.9247965450142758,-2.4216834449713773,0.6087739091270573,-3.360824955889521,2021,2023,3,1.3424226808222062
1476170,3,14841000.0,2743000.0,6.2484226985435,-115.03601658300374,47.12655925681232,-80.53881842576527,2012,2016,5,0.47712125471966244
927066,280,11618797000.0,11396665000.0,,0.14410834273163012,,0.050928029898788106,2009,2023,15,2.447158031342219
1088033,151,767097000.0,767097000.0,0.8175198182237708,0.13160525983024313,0.1941305988682005,0.11010732671357078,2010,2011,2,2.1789769472931693
33002,31,549999000.0,431837000.0,0.28977271113802594,0.08883737107887889,,0.053813565881982446,2011,2023,13,1.4913616938342726
56701,58,37865767.0,23515441.0,0.2981004607191797,-0.13301237283597103,,0.125631925508373,2012,2024,13,1.7634279935629371
1693256,63,1528930000.0,1291589000.0,0.03611163965826109,-0.08772982760974858,,-0.12173161626376262,2017,2023,7,1.7993405494535815
1073349,99,471403000.0,330889000.0,3.9989811787872895,0.05742554262194581,0.9026447402572689,-0.1513661857056837,2011,2021,10,1.9956351945975497
1597846,1,4484822.0,3213722.0,0.7623867567163629,-0.5373288289103767,,-4.0186440739480975,2014,2023,10,0.0
74303,296,6946100000.0,5654300000.0,0.21331208408634308,0.08437327519211528,,0.08494595903077193,2010,2023,14,2.4712917110589383
1530163,1,649000.0,649000.0,0.5559817162863642,NaN,NaN,NaN,2012,2023,13,0.0
908598,38,40553000.0,25631527.0,NaN,NaN,0.24650851183425818,NaN,2011,2018,8,1.57978359661681
1166708,16,8577372.0,1924445.0,0.3971422167894255,-0.32859223760799006,0.01568436461691028,-0.4961186862015042,2011,2023,13,1.2041199826559246
1577368,10,446510000.0,217789000.0,,0.7312585308755831,,0.2782699410222137,2013,2020,8,1.0
1532390,1,63777289.0,16287914.5,0.3231360726764815,-inf,,-inf,2012,2022,10,0.0
1286139,124,660727000.0,619979000.0,0.6876170399625249,-0.12705449323347265,,-0.04551538008080829,2021,2023,3,2.093421685162235
1518403,6,616207000.0,359217500.0,0.8792831001647741,-0.576448804200859,,-0.9808293866953899,2011,2018,8,0.7781512503836435
732834,20,8731741000.0,2900497500.0,,0.4175833691000479,,0.13411045071703534,2010,2023,14,1.301029995663981
1112551,1,,,,,,,2011,2011,1,0.0
876378,19,24102000.0,1519000.0,-2.9550061809392436,NaN,NaN,NaN,2011,2023,13,1.2787536009528289
1782107,10,NaN,NaN,NaN,NaN,NaN,,2022,2023,2,1.0
1425565,13,101342000.0,61425500.0,0.27872470780028297,-0.46612034396741014,,-0.6292410965301994,2011,2018,8,1.1139433523068367
797721,78,4283758000.0,770642500.0,0.3093697016730224,0.02738732246360767,0.07808925919804544,0.06558272051136507,2010,2023,14,1.8920946026904801
103379,55,12282161000.0,10879855000.0,0.5083460694186668,0.12155781261969131,,0.08059875488599748,2009,2023,15,1.7403626894942439
1235010,19,138882000.0,54772000.0,,-1.287077887412251,2.4302611905923306,,2011,2019,9,1.2787536009528289
29989,69,15416900000.0,14584500000.0,0.17486843783945918,0.13055868269599738,,0.07903843110567187,2009,2023,15,1.8388490907372552
1616817,13,2790700000.0,2753850500.0,0.13256154934479777,0.07476567847833476,,0.030655828591304366,2015,2016,2,1.1139433523068367
1502659,2,69600.0,0.0,NaN,-inf,,-inf,2013,2017,5,0.30102999566398114
1090403,16,2894380000.0,2718879500.0,-0.3393308964520347,0.048938687686285356,,0.02990045084690729,2010,2011,2,1.2041199826559246
1397772,54,1529727000.0,1529727000.0,,-0.03476829525791203,,-0.10132526914933188,2011,2011,1,1.7323937598229684
1324105,1,110394000.0,110394000.0,0.20555464970922332,-0.054595358443393666,,,2011,2011,1,0.0
1581545,13,2318749.0,571638.0,NaN,-5.110404239348304,,-inf,2014,2019,6,1.1139433523068367
1463972,22,13164933.0,5537753.0,0.16649715576719468,-3.0321726499479564,1.0921948982729854,-3.58283495603789,2011,2023,13,1.3424226808222062
723125,158,30758000000.0,18340000000.0,0.35932705070667964,0.1923905245856201,0.10594122702849161,0.22883522379068408,2011,2024,14,2.1986570869544226
1414043,10,401905.0,167079.0,,NaN,23.144973977633743,NaN,2011,2021,11,1.0
1452965,21,52103000.0,52103000.0,0.5543346832236148,-0.44420666756232846,0.08413143197128764,-0.3812352455712723,2021,2022,2,1.322219294733919
1095146,2,0.0,0.0,,-inf,,-inf,2011,2013,3,0.30102999566398114
1872066,1,16850.0,16850.0,0.3774480712166172,-50.284094955489614,,-50.499228486646885,2023,2023,1,0.0
1632275,1,5592820.0,195540.0,0.9963529496931478,-inf,,-inf,2015,2020,6,0.0
1163302,200,21065000000.0,12250000000.0,-0.009230097908280631,0.04688144250200086,,-0.050193977300060894,2009,2023,15,2.301029995663981
1775194,50,80676509.0,40513345.5,0.3987568267596714,-0.08155428186303389,,-0.1970663916622824,2021,2024,4,1.6989700043360185
737300,4,20478430.0,16910268.5,0.3897285270119147,-0.012067994596565663,0.07060979639129443,0.02748658133990154,2011,2014,4,0.6020599913279623
1350073,16,14745261.0,9852638.5,0.2975146235221659,-0.9015692097833178,,NaN,2011,2022,7,1.2041199826559246
65770,24,12849000.0,2500000.0,0.6459742136671905,-18.70490627868742,13.307435363163773,-15.886079313748063,2011,2023,13,1.380211241711606
1122897,97,,,,,,,2013,2015,3,1.9867717342662448
1359931,11,2948000.0,NaN,,NaN,NaN,NaN,2014,2023,10,1.041392685158225
1011395,1,686815.0,486883.0,0.30307462536101093,-6.694211091658659,,-6.6413434990627325,2015,2018,4,0.0
18172,69,1270368000.0,841672000.0,,-0.05437862705035775,,-0.07113161031936924,2011,2020,9,1.8388490907372552
1858257,36,316350000.0,248409000.0,,-0.3187038456501996,0.20113829148387394,-0.6037976674166057,2021,2023,3,1.556302500767287
1145197,81,1305300000.0,324225000.0,0.6098351134382832,-0.04667784004284593,0.1570490216506652,-0.12445620224211759,2011,2023,13,1.9084850188786497
806888,10,11531000.0,6793125.5,0.22136100066091435,,5.179926231487823,-11.663963640584743,2011,2015,5,1.0
1650648,15,18038000.0,5044500.0,,-17.325923628488432,,-19.46730465622697,2020,2023,4,1.1760912590556811
1644488,35,131389906.0,34424314.0,0.6254160583719397,-0.38235461054500963,NaN,NaN,2016,2023,9,1.5440680443502754
91440,426,4842500000.0,3315250000.0,0.45942179155454055,0.21181596257635027,,0.1361360678695388,2010,2023,14,2.629409599102719
931148,27,1895910000.0,1264757000.0,0.36074747662395357,0.27966051859237256,0.006624562262127895,0.144154597829548,2009,2023,14,1.4313637641589871
1366868,40,148504000.0,20241000.0,0.2772108535603585,-2.6778472345233837,,-5.960977521547969,2011,2023,13,1.6020599913279623
1688126,34,434552.0,14400.0,NaN,-330.0708874498501,,-790.9354585903959,2016,2023,7,1.5314789170422551
834285,2,7755000.0,5918000.0,,,,0.6714702930854817,2011,2021,11,0.30102999566398114
1732845,10,21256500000.0,17933900000.0,0.21614950422471393,0.05456420455792697,,0.050265176819584055,2018,2023,6,1.0
1628104,15,195074.0,6500.0,inf,-inf,inf,-inf,2015,2018,4,1.1760912590556811
1828377,4,74379000.0,74379000.0,0.44037033104728085,,,0.19472067640141158,2021,2023,3,0.6020599913279623
1552189,12,2384956.0,852.0,NaN,-inf,inf,-inf,2015,2023,9,1.0791812460476247
93676,10,260148000.0,222175000.0,0.29299794244428273,0.022366039255314538,,0.008224723560262834,2012,2023,12,1.0
918581,35,920087000.0,877293000.0,,0.006109310231366942,,-0.04891644294091517,2011,2015,5,1.5440680443502754
25895,78,87360000.0,79164000.0,0.2700630729563399,0.10618416848490983,,0.0782823446157021,2011,2023,13,1.8920946026904801
1171662,43,3702438000.0,2669044000.0,,,,0.018713669823287465,2011,2020,10,1.6334684555795864
718924,140,76146423.0,60086185.5,0.34138605668031197,0.09255256651711391,0.017938260234388118,0.06836247321120291,2011,2016,6,2.1461280356782377
1739410,3,,,,,,,2021,2023,3,0.47712125471966244
1606498,3,1684000000.0,690850000.0,0.484841767726797,-0.09526056216730901,0.04393506539399734,-0.11223967973218403,2014,2023,10,0.47712125471966244
1403161,7,32653000000.0,14481000000.0,,0.562999330355507,,0.3934252319399757,2009,2024,16,0.8450980400142567
1130808,20,,,,,,,2011,2014,4,1.301029995663981
1317945,11,125487000.0,93278000.0,0.5837858485126055,0.23342099126355192,,0.15757981208062263,2011,2023,13,1.041392685158225
1018963,36,5309700000.0,4046600000.0,0.11670953831671842,0.046789308365789026,,0.03317664674679067,2009,2023,15,1.556302500767287
1845580,10,,,,,,,2021,2021,1,1.0
1439222,97,203196000.0,34917000.0,-inf,-inf,inf,-inf,2013,2023,11,1.9867717342662448
1653247,5,191675000.0,69273000.0,,-2.4140184177958774,0.06345702698793317,-2.909587775704496,2016,2022,7,0.6989700043360187
1823000,3,,,,,,,2021,2023,3,0.47712125471966244
899297,4,50625000.0,25432500.0,,-5.475837037037037,,-6.382196913580247,2011,2013,2,0.6020599913279623
1532926,1,4901.0,NaN,NaN,NaN,,NaN,2012,2017,6,0.0
1549346,161,827826000.0,698332500.0,0.593653963180048,0.08238170864395618,0.09052885253607873,0.07000955022329862,2012,2023,12,2.2068258760318495
1525221,26,1185204000.0,331222000.0,,-0.07537413805177813,,0.003525176753900025,2013,2023,11,1.414973347970818
1589149,6,35667982.0,21650.0,0.9125302823158625,-240.45639633118233,,-1195.143307260187,2014,2023,10,0.7781512503836435
1019737,43,1032327000.0,844641000.0,0.35641545508798606,0.08771509809725243,,0.04589421794033144,2010,2018,9,1.6334684555795864
866121,235,4842264000.0,4615064000.0,0.2012924424677176,0.09727177075407789,0.01713121603170297,0.05353596144496159,2010,2017,8,2.371067862271736
936528,6,27507000.0,25904000.0,,,,8.098370028271024,2010,2024,14,0.7781512503836435
1575793,39,1154009.0,327350.0,0.17612927593834324,-inf,inf,-inf,2014,2023,10,1.591064607026499
921582,135,377334000.0,122382000.0,1.2052089524178904,0.2769121304585519,0.08816276274633662,0.20049517838610673,2011,2023,13,2.130333768495006
1039280,14,65366268.0,53656915.0,0.5076358386267861,-0.020517150028871018,0.01852457126740987,-0.023964600947843934,2012,2024,12,1.1461280356782377
1737927,148,546649000.0,398772000.0,-0.06795173579044209,-3.6199779786527286,,-2.762833048810137,2019,2023,5,2.170261715394957
858803,32,105441000.0,53883297.0,0.903973424359354,-1.638953712372731,0.8080996226220266,-1.8608667161371182,2011,2014,4,1.5051499783199058
1084752,17,18583000.0,4888302.0,0.4566366613671068,-2.149789952057606,0.024699994618737557,-6.395140143166008,2012,2016,5,1.2304489213782739
1339605,15,1469216000.0,987756000.0,0.34181829615526527,0.12559692020808852,,0.047270951551322854,2011,2023,13,1.1760912590556811
1133818,3,37000.0,0.0,,NaN,inf,NaN,2011,2023,13,0.47712125471966244
107833,8,1682300000.0,1499200000.0,0.6093070258911533,0.17689543696111604,,0.10988903059154817,2011,2023,13,0.9030899869919434
1173514,62,4118300000.0,2789650000.0,0.1510080623668823,0.02969024071521342,,0.022907354375230376,2012,2023,12,1.7923916894982537
1356093,33,45166000.0,13673000.0,0.5582166066312355,-0.4686355947651234,0.12205523982549907,-0.4441100516661172,2011,2023,13,1.5185139398778873
1802156,4,155079000.0,155079000.0,,-0.077345678324849,,-0.1412950046612985,2021,2023,3,0.6020599913279623
1393744,46,1815514000.0,1815514000.0,0.06573571447530731,,,,2011,2013,3,1.6627578316815739
1062506,10,0.0,0.0,,,,NaN,2011,2023,13,1.0
1412212,2,,,,,,,2011,2011,1,0.30102999566398114
1532286,17,832937000.0,593382000.0,,-0.1116757124912187,,-0.28987528207705043,2018,2023,6,1.2304489213782739
1482080,2,5178000.0,3319000.0,0.5493085869087868,,6.502662608401192,-10.697125086641586,2013,2014,2,0.30102999566398114
1285701,2,463097.0,453048.0,10.081312042715485,-25.129596870934893,,-32.23685025286428,2011,2015,5,0.30102999566398114
1760233,16,86661944.0,45553269.5,0.12093650934024744,-0.6519061594556403,,-0.19185811231060942,2022,2023,2,1.2041199826559246
1613685,1,111.0,NaN,NaN,-1274.3783783783783,,NaN,2015,2023,9,0.0
1816736,17,,,,,,,2021,2023,3,1.2304489213782739
1347858,9,62111000.0,12279979.0,38.03881437404702,-32.107261445792055,14.82602715197401,-120.2378362460027,2011,2023,13,0.9542425094393249
764667,6,,,,,,,2012,2012,1,0.7781512503836435
1004434,5,2412400000.0,2239600000.0,,,,0.18840290613639057,2010,2023,14,0.6989700043360187
1716583,17,3726000.0,3726000.0,,28.3781378600823,0.9766103059581326,31.24343129361245,2020,2023,5,1.2304489213782739
1282980,28,1000.0,1000.0,,NaN,,NaN,2019,2023,5,1.447158031342219
1606757,4,1349535000.0,1065732000.0,0.08474898268930632,0.039515654030813425,,0.028351595332417028,2015,2024,10,0.6020599913279623
1429260,3,75743000.0,36629000.0,0.6555947741517227,-inf,inf,-inf,2011,2023,13,0.47712125471966244
799165,99,156532000.0,91473000.0,-0.006380620134093007,-0.39176392507178437,,-0.37866442950569695,2011,2023,13,1.9956351945975497
919745,1,1886507.0,53629.0,-0.5473942153050811,-108.88674819077823,28.593903623771514,-101.88196109931744,2011,2014,4,0.0
723533,9,41137.0,41137.0,1.9509152992506877,NaN,,NaN,2011,2023,10,0.9542425094393249
1487990,4,655048000.0,651095000.0,0.5647488463614785,0.035415409890310216,0.12773383512955155,-0.0823827201503621,2012,2013,2,0.6020599913279623
1261487,2,0.0,NaN,,NaN,,NaN,2011,2014,4,0.30102999566398114
1752474,34,317432000.0,312054000.0,0.4874252385080009,0.005248593587154479,0.028318664378401814,-0.16380220498947123,2019,2023,5,1.5314789170422551
1710155,104,2126468000.0,1536854000.0,0.5436161801248794,0.04560425205350786,,0.034038145361702146,2017,2023,7,2.0170333392987803
1324772,2,68607000.0,68607000.0,0.5000218636582273,-0.5443759383153323,0.34424329878875337,-0.6315973588700862,2015,2016,2,0.30102999566398114
746967,5,679489.0,670047.0,,-1.7630670533577861,,-2.6467585505218065,2011,2013,3,0.6989700043360187
1072343,208,1377400000.0,1377400000.0,0.32989690721649484,,,0.0341948598809351,2010,2010,1,2.3180633349627615
1038363,8,1098700000.0,1098700000.0,0.09283698916901793,0.12314553563302084,,0.013561481751160462,2011,2011,1,0.9030899869919434
1274057,208,4092100000.0,3987150000.0,0.3509689463805039,0.07523053589360656,0.06979587961429218,,2009,2014,6,2.3180633349627615
1410402,3,0.0,0.0,,-inf,,NaN,2011,2014,4,0.47712125471966244
1232524,112,3659374000.0,1477261000.0,,0.2530363346349956,0.08909602093210883,0.215529258234484,2011,2023,13,2.049218022670181
1091862,67,2606000000.0,2213500000.0,,0.0518249241541841,0.016235535937772123,0.05173913043478261,2011,2016,6,1.8260748027008262
1068148,6,1659700000.0,1378700000.0,0.16038969936690092,0.0496126639043684,,0.02270649854217913,2011,2023,13,0.7781512503836435
1971543,32,,,,,,,2023,2023,1,1.5051499783199058
1556801,4,49187.0,0.0,,-inf,,-inf,2013,2024,11,0.6020599913279623
1646188,1,15691430.0,1200110.0,-0.04185242299084205,-15.892674343027581,6.746180936215677,-17.894176588300077,2016,2023,8,0.0
1749723,5,1978645000.0,145500000.0,0.03126390295821444,-0.30436934396824855,,-0.5998465199420402,2019,2023,5,0.6989700043360187
1570937,13,,,,,,,2013,2023,10,1.1139433523068367
1232241,14,428436000.0,398654500.0,,0.1394247735275362,,0.0815423295887388,2011,2014,4,1.1461280356782377
1409970,1,604234000.0,206352000.0,,,0.3527255552442421,-0.3535190611606838,2011,2023,13,0.0
6769,98,6423000000.0,6411000000.0,0.9572900996076702,,,,2018,2023,6,1.9912260756924949
1352952,4,24104624.0,5800622.0,NaN,NaN,0.20394206339468274,NaN,2011,2023,13,0.6020599913279623
884887,557,10950661000.0,7823959000.0,0.1059794290623438,-0.09166135510461514,,0.120569590459127,2010,2023,14,2.745855195173729
1659559,1,5100.0,5100.0,NaN,NaN,,NaN,2016,2021,6,0.0
1094348,18,42097000.0,30885000.0,0.565873648001754,-0.4830521709645958,0.36914313027758294,-0.4214389677911673,2011,2017,7,1.2552725051033058
1351541,5,8726700000.0,7952500000.0,-0.04864106290895415,0.02274687212074619,,0.018985423920104137,2011,2016,6,0.6989700043360187
1048477,104,2096039000.0,1113617500.0,0.7847564140111788,-0.08221873321489594,0.5308537979554862,-0.0895011353650785,2010,2023,14,2.0170333392987803
732712,63,133974000000.0,113557500000.0,0.13914431222840168,0.5738599938946096,,0.3268478729722242,2009,2023,14,1.7993405494535815
1565700,20,475952.0,0.0,0.35586781860355665,,,NaN,2013,2015,4,1.301029995663981
1860782,16,100387000.0,54522000.0,0.9382749398230373,-3.6909763231315793,4.317732489374637,-2.360657207844176,2021,2023,3,1.2041199826559246
1355855,1,,,,,,,2011,2012,2,0.0
320575,40,1055223000.0,582944500.0,0.32036156019623463,-0.03014729396113382,,-0.06348692350822237,2011,2020,10,1.6020599913279623
1570562,27,202085000.0,99673000.0,0.6534100101782729,-1.376109937188536,0.08525141416679739,-1.1008550186340178,2018,2023,6,1.4313637641589871
704532,117,788899000.0,214877000.0,0.5527652246750528,0.072983163921978,0.15681545582574935,0.1163615517662231,2011,2023,13,2.0681858617461617
1509477,3,3750894.0,2458785.0,0.3175167920626298,-inf,,-inf,2011,2017,7,0.47712125471966244
1908984,2,9587523.0,6937304.0,0.892941325929544,0.2640681487553617,0.014980575379307852,0.3003748315541443,2022,2023,2,0.30102999566398114
1101169,23,1204102000.0,1044578000.0,,0.062027150615889495,,-0.06190740982047156,2011,2014,4,1.3617278360175928
1579214,3,382800000.0,360900000.0,0.6828140766932664,-0.31152015077040013,,0.07245430809399478,2017,2023,7,0.47712125471966244
856984,9,1414421.0,1243186.0,0.4622558826129948,NaN,NaN,NaN,2011,2023,13,0.9542425094393249
1487198,39,76694366.0,8453669.0,0.5414315060260655,-inf,,-inf,2011,2022,12,1.591064607026499
922237,20,8572000.0,764500.0,-1.8392805022340795,-6.70810894364222,0.9524555265081265,-3.866846078464104,2011,2014,4,1.301029995663981
702165,43,12745000000.0,11245000000.0,,0.28848919327253836,,0.2769700531055257,2009,2023,15,1.6334684555795864
1410384,4,498720000.0,193978000.0,0.4767217118383738,-0.2242185823574562,0.19890888524312067,-0.2328014967752145,2014,2023,10,0.6020599913279623
1004702,13,,,,,,,2011,2023,13,1.1139433523068367
1750777,3,3020672.0,0.0,NaN,NaN,,NaN,2019,2024,6,0.47712125471966244
1161706,1,405878.0,154674.5,0.4572691252229342,-13.459888212088808,0.411577139163694,-9.071904184034745,2011,2016,6,0.0
1880319,15,339577000.0,339577000.0,0.4618251271247373,0.21974431043051915,,0.14376252896666805,2021,2023,3,1.1760912590556811
1454311,2,0.0,NaN,NaN,NaN,,NaN,2011,2012,2,0.30102999566398114
18169,359,6778521000.0,5732689500.0,0.09470379079101807,0.027715686082773066,,0.006921639162048729,2011,2012,2,2.555094448578319
1642380,87,2198000.0,1850500.0,NaN,NaN,NaN,NaN,2016,2023,8,1.9395192526186182
1039828,5,3689961000.0,2220282000.0,,,,0.11392176658468617,2011,2023,13,0.6989700043360187
1452575,12,4409300000.0,3789150000.0,0.6447611315164689,,0.02555311865546495,0.16287119804304837,2011,2016,6,1.0791812460476247
1404593,56,,,,,,,2011,2011,1,1.7481880270062005
1078723,12,704189.0,346179.5,-0.31340168057533674,-6.065663419722769,NaN,-5.933848761492195,2011,2015,4,1.0791812460476247
1849894,10,,,,,,,2023,2023,1,1.0
1753162,5,345226000.0,330230000.0,0.05349578089657043,-0.052746614016305024,,-0.04547855991104955,2020,2023,4,0.6989700043360187
1423746,1,156603.0,79333.0,1.2596268832070527,-18.957169099055697,,-38.263361408474424,2012,2014,3,0.0
1317436,9,2229325000.0,2229325000.0,0.21183856099940565,-0.012132371906294506,,-0.020797326545030446,2011,2011,1,0.9542425094393249
1418372,8,44197003.0,37492812.0,,-0.0275499436506693,,-0.03345297455425329,2011,2023,12,0.9030899869919434
1691303,13,1738738000.0,1268309000.0,0.4980171437202497,0.27644430262780456,,0.19298973800983482,2017,2023,7,1.1139433523068367
1157377,32,768348000.0,520012500.0,0.45653603813302457,0.057065025153711445,,0.06274282385381115,2011,2016,6,1.5051499783199058
1679379,8,1324305.0,1324304.5,-0.018957450426113888,-7.926155470308302,1.3759886793409368,-8.39246487496009,2022,2023,2,0.9030899869919434
1624826,4,2233000000.0,2233000000.0,0.2239140170174653,0.0922525750111957,0.028660994178235557,-0.07299596954769369,2018,2018,1,0.6020599913279623
1870997,28,735307000.0,735307000.0,,0.12318256184151653,,0.10231100751114841,2021,2021,1,1.447158031342219
1056087,1,1471584000.0,1146552000.0,,-0.024212683533832283,,0.023920029951816493,2011,2019,9,0.0
883943,69,435754000.0,418584000.0,0.33225625418105587,-0.06275651709566683,,-0.05798741813258575,2011,2019,9,1.8388490907372552
92521,1,1933200000.0,1773095000.0,0.46461824953445063,0.14279935342520161,,0.06356425184680951,2011,2023,13,0.0
1324245,94,,,,,,,2011,2015,5,1.9731278535996983
1512499,6,421500000.0,254425000.0,0.2450958978976831,NaN,,NaN,2013,2023,11,0.7781512503836435
39263,32,93504000.0,86137500.0,,,,4.929385837338704,2010,2023,14,1.5051499783199058
1273801,2,443956000.0,443956000.0,,,,,2011,2011,1,0.30102999566398114
1630212,11,1546305.0,1377762.0,0.2845207443165047,NaN,0.759899823481292,NaN,2015,2023,9,1.041392685158225
1324272,8,468026000.0,360156000.0,,0.09256873964855043,,0.05829557404441022,2011,2022,12,0.9030899869919434
1338042,21,158373000.0,158373000.0,NaN,NaN,NaN,NaN,2011,2015,5,1.322219294733919
1269871,73,78523000.0,78523000.0,0.45361231741018554,0.02878137615730423,,-0.015243941265616444,2011,2011,1,1.8633228601204557
745544,314,524896000.0,524896000.0,,,,,2011,2011,1,2.4969296480732144
320340,21,69765000.0,13290000.0,0.44082272015074114,-0.5145088133485892,1.1700990792930752,5.1655547171921805,2011,2023,13,1.322219294733919
1561660,18,483000000.0,329831000.0,0.22155034023101577,0.1521469894182666,0.0010873318196637511,-0.07368337766608093,2013,2019,7,1.2552725051033058
1554818,7,110924.0,0.0,,-inf,inf,-inf,2020,2023,4,0.8450980400142567
1412486,1,2014000.0,2014000.0,,NaN,NaN,NaN,2011,2023,13,0.0
921082,22,768007000.0,768007000.0,,,,,2019,2023,5,1.3424226808222062
1286225,222,1158484000.0,829549500.0,0.6519169250639705,0.08337525307390262,0.12128447897987533,0.028813888505596665,2011,2020,11,2.3463529744506384
1537258,2,0.0,NaN,,NaN,inf,NaN,2013,2018,6,0.30102999566398114
88948,71,1467644000.0,1286350000.0,0.06603194554135672,0.03652334611585231,,0.028733925781676353,2011,2023,13,1.851258348719075
857737,1,439997000.0,343188500.0,,0.15642923541521303,,-0.07556808996337348,2010,2020,11,0.0
1434768,1,22068.0,8908.0,0.18522383916450214,-5.5701141064926825,,-2.485974689491004,2011,2013,3,0.0
1373150,2,23015.0,23015.0,,,,-5.402563545513796,2011,2011,1,0.30102999566398114
1483646,21,NaN,NaN,NaN,NaN,,NaN,2017,2023,7,1.322219294733919
886206,502,287233000.0,185256000.0,9.357109667880305,1.451752938190833,,0.5738737902267796,2012,2024,13,2.700703717145019
1512886,12,92014.0,NaN,0.0789011480415614,NaN,,NaN,2011,2022,10,1.0791812460476247
1021604,11,22899000.0,19868000.0,0.47373229397369787,-0.2367288876380639,0.21280710737536152,-0.2657216941978845,2013,2021,9,1.041392685158225
822370,14,23167000.0,18390000.0,0.9069485634029185,-9.376486661674612,0.12660834417987146,-13.566955725007594,2012,2023,12,1.1461280356782377
354260,3,5009000.0,569710.0,2.512796125245802,-0.14977492609888748,0.7533704163318671,-0.04531814713021004,2012,2015,4,0.47712125471966244
1064090,10,237241000.0,234737000.0,0.13339849781784086,0.03598390162513941,,-0.05899014211521279,2012,2013,2,1.0
1629137,62,2108000.0,2108000.0,0.6707779886148008,-102.79996837444655,79.73339658444023,-88.23260594560405,2015,2021,7,1.7923916894982537
1781726,3,102002.0,34992.0,,-2.9426413345932247,,-2.946420087449107,2019,2023,5,0.47712125471966244
1628908,38,1352013000.0,877170000.0,0.513650386497763,-0.16963287736529842,,-0.08648585870008937,2015,2023,9,1.57978359661681
921299,31,256577000.0,176319000.0,0.9082902128635598,-0.857316641494418,1.2523089080647596,-0.6681878091524216,2015,2023,9,1.4913616938342726
1099728,4,2207450.0,NaN,NaN,NaN,,NaN,2011,2015,5,0.6020599913279623
922612,2,14437022.0,12134506.0,0.5014013961192118,-0.24726253099477563,0.023245196362508304,-0.16687070986131505,2012,2022,11,0.30102999566398114
1361113,37,473634000.0,235777000.0,0.83357586350926,-0.16155086567173801,0.31057555629780553,-0.20671668160464374,2014,2023,10,1.5682017240669948
925661,11,0.0,0.0,NaN,-inf,NaN,-inf,2011,2020,10,1.041392685158225
788920,8,53844000.0,23262500.0,0.3016538451018457,0.04124437422185234,0.09036089170750583,0.05780026272371117,2012,2024,12,0.9030899869919434
1819496,30,,,,,,,2021,2021,1,1.4771212547196624
1503579,137,1352135000.0,1256137000.0,,0.1688902159436789,,-0.001942999826722458,2012,2016,5,2.1367205671564067
1390844,5,3831000000.0,2710800000.0,0.29061463378865676,0.1189729430092247,0.04253684987182985,0.11674105018665641,2010,2019,10,0.6989700043360187
1617898,3,1340900000.0,1310200000.0,0.7912687791850702,0.14736879770422984,,-0.18303124122611505,2015,2017,3,0.47712125471966244
1088206,29,425842.0,378420.0,0.9282801883229992,-3.324557184827692,1.7801667581994072,-4.528874952360846,2012,2013,2,1.462397997898956
1821586,9,,,,,,,2021,2023,3,0.9542425094393249
1555074,7,423298000.0,19991000.0,,,,-0.9538003263003607,2013,2023,11,0.8450980400142567
794172,101,317896000.0,196082000.0,0.6463623502423032,0.2400438239166175,0.06824834036196681,0.1709449953556631,2010,2022,13,2.0043213737826426
54480,1,2947300000.0,2394050000.0,,0.3142501262665753,,0.17963989908224368,2009,2022,14,0.0
1549084,24,13334000.0,11246000.0,0.39271813657149546,-inf,0.8078613759827069,-inf,2012,2023,11,1.380211241711606
1846235,4,,,,,,,2021,2023,3,0.6020599913279623
722723,108,1120488000.0,1006625000.0,,0.040475831645890394,,-0.020824207605224878,2011,2021,10,2.0334237554869494
730708,20,,,,,,,2011,2023,13,1.301029995663981
1735828,5,436301000.0,375329000.0,0.498612749586985,0.049416550510363144,,0.1199510277173966,2018,2019,2,0.6989700043360187
1649094,6,,,,,,,2020,2023,4,0.7781512503836435
1141788,3,1519000.0,781975.5,,-9.53551859680607,0.0,17.87390586185654,2011,2020,7,0.47712125471966244
1321646,124,2011675000.0,1423122000.0,0.2456208468520182,0.05166293037557238,0.02396805146172972,0.031720038789024026,2011,2021,11,2.093421685162235
1505952,43,308645000.0,210180000.0,0.6475127754633704,-0.6352513623537545,0.43593925362109304,-0.6714584892039824,2018,2023,6,1.6334684555795864
1862068,21,675388000.0,675388000.0,0.040948314154234305,-0.37502591103188093,0.05544960822519796,-0.0932241911316162,2022,2023,2,1.322219294733919
1627857,20,288515000.0,217488000.0,0.9233818418689754,0.012523127813860092,0.3135225923957167,0.006220159604921576,2018,2021,4,1.301029995663981
1899287,2,9053000.0,5912500.0,-1.5914041911915544,-2.912535570949909,0.3734958507133477,-3.816142680055195,2022,2023,2,0.30102999566398114
81362,187,1943585000.0,765860000.0,0.37218816021695483,0.08286915339934661,,0.04549641124062047,2011,2023,13,2.271841606536499
895516,33,7406043000.0,7304107000.0,0.00740546524046334,-0.00008939660743780486,,0.0005562338158219712,2012,2013,2,1.5185139398778873
2011641,513,28566000000.0,28566000000.0,0.3169152138906392,0.09871875656374711,,0.06612756423720507,2024,2024,1,2.710117365111816
1604643,202,1464429000.0,1429456000.0,0.3078846170824354,0.052234372754470404,0.011643249983406252,0.0442793634161322,2018,2022,5,2.305351369446624
1486159,12,3646794000.0,2321947000.0,,-0.08788715133846758,,0.14033341161809545,2011,2023,13,1.0791812460476247
1564902,1,1731237000.0,1371004000.0,,0.21942270324121316,,-0.05619925622533879,2013,2023,11,0.0
1439725,62,54506000.0,41884500.0,,-0.8929691540041637,0.2560802350884083,-1.0805415412529324,2020,2023,4,1.7923916894982537
1449574,3,391872.0,2499.0,254.054942662835,-2483.3400761645503,649.0974332723542,-8131.007550690864,2011,2018,8,0.47712125471966244
1565337,35,62968000.0,40766000.0,,-0.7860342350763014,0.4541868416324282,-1.5728160239209366,2013,2015,3,1.5440680443502754
1515003,168,494632000.0,419408000.0,0.297314417399884,0.10328768690348125,0.035105664652248667,0.012868492830513181,2012,2016,5,2.2253092817258624
100122,1,1875448000.0,1382838000.0,0.6569857139760911,0.18595009522892472,,,2014,2023,10,0.0
1024075,2,450360.0,450360.0,0.15714317434940936,-6.962310151878497,2.4661826094679813,-7.274091837640999,2011,2011,1,0.30102999566398114
1492426,5,3226410000.0,639037500.0,0.9833175419143062,-1.9764142856846265,0.6872949610145298,-1.4124936755864674,2011,2022,12,0.6989700043360187
1334478,156,,,,,,,2011,2016,6,2.1931245983544616
1821160,7,,,,,,,2020,2023,4,0.8450980400142567
1651562,36,415287000.0,293511000.0,0.812542062274226,-0.6024160831549111,0.5607869791409843,-0.47911617604661005,2021,2023,3,1.556302500767287
1005214,27,11645709.0,11645709.0,0.30148452103689005,-0.30752150856594473,0.07281763609240108,-0.28479828922395367,2011,2011,1,1.4313637641589871
1080709,117,92163000.0,16976500.0,NaN,-inf,inf,-inf,2011,2021,10,2.0681858617461617
1803737,8,1078200000.0,1074650000.0,,0.042304040449854696,,-0.05631311922980935,2022,2023,2,0.9030899869919434
833079,23,,,,,,,2011,2023,13,1.3617278360175928
808326,36,200928000.0,122895000.0,0.29644796192639966,-0.1771393775573084,0.15818749479584693,-0.1605312281622811,2011,2023,13,1.556302500767287
1649749,4,,,,,,,2016,2023,8,0.6020599913279623
1735438,8,37701000.0,25496478.0,,-3.8218474212385796,1.9930616098161105,-3.893352057101132,2018,2023,6,0.9030899869919434
1419051,14,1837480.0,63244.5,0.6233510747248934,-87.40944749845158,5.794103796379884,-123.33827279844859,2011,2023,13,1.1461280356782377
1737287,33,38489000.0,95000.0,,-inf,inf,-inf,2018,2023,6,1.5185139398778873
1816581,15,83279000.0,41029000.0,0.1512847779234704,-5.587383235642669,1.5482974184762626,-3.1891443872064484,2021,2023,3,1.1760912590556811
1398987,105,7983000000.0,5706000000.0,,,,0.003554369550577188,2011,2023,13,2.021189299069938
886328,45,4727151.0,2235803.0,1.2125240761014298,-0.5703382632548575,1.16513234619056,0.7130779257427676,2011,2015,5,1.6532125137753435
836658,5,3687700000.0,1661000000.0,,,,-0.06421623103665851,2011,2017,7,0.6989700043360187
74818,2,31041000.0,29438000.0,0.36583833034963714,,,0.06789959219267429,2011,2013,3,0.30102999566398114
829325,4,1597000.0,1077832.0,12.234224835674866,-140.16740867756772,NaN,-150.76448404542177,2011,2021,11,0.6020599913279623
1227930,14,240628000.0,216123500.0,0.6791584154021195,0.07740314960301986,0.4542172508644627,-0.15590089904808546,2011,2014,4,1.1461280356782377
1311538,13,77269131.0,60180425.5,0.3632526708510133,-0.02090350877964446,,-0.11078015556098719,2011,2018,8,1.1139433523068367
64040,429,8297000000.0,5313000000.0,0.6636394566944428,0.40843022500092074,,0.26266605961753686,2009,2023,16,2.632457292184724
1540947,2,1495098000.0,1113685000.0,,0.5680034874417371,,0.6599909633242043,2012,2019,8,0.30102999566398114
1818844,14,NaN,NaN,,NaN,NaN,NaN,2021,2023,3,1.1461280356782377
945841,5,5295584000.0,2363139000.0,0.3007132600961468,0.10953132741195873,,0.06908554129866407,2010,2023,14,0.6989700043360187
1663641,2,10000.0,5000.0,NaN,NaN,,NaN,2016,2019,4,0.30102999566398114
898770,40,76424000.0,34545000.0,0.3028061940273893,0.024073863250800253,,-0.016819060325941795,2012,2021,10,1.6020599913279623
1833769,17,6814000.0,1496000.0,-0.28734630442619186,-24.048251228073482,10.625510901588267,-23.686132788894835,2021,2023,3,1.2304489213782739
1405260,127,0.0,NaN,,NaN,,NaN,2011,2012,2,2.103803720955957
1305253,11,13484000.0,13484000.0,0.8887238836300521,-5.941157853986731,4.86380780722556,-4.392358638604327,2014,2023,10,1.041392685158225
355948,35,262658000.0,158867000.0,0.3024109803033688,-0.004394107653449051,,0.03814736488748065,2012,2024,13,1.5440680443502754
1122388,15,417042000.0,131691000.0,0.872867332287272,0.1276157513661445,0.2138193080729473,0.15230702806953905,2011,2018,8,1.1760912590556811
700733,1,,,,,,,2011,2015,5,0.0
353230,27,6417615000.0,6166209000.0,0.22861587588693116,0.05559562315712,,0.009943360427730016,2010,2014,5,1.4313637641589871
886346,4,904739000.0,414126000.0,0.40832831020374194,0.12859062127947787,0.0181200888486852,0.08784329610729598,2011,2023,13,0.6020599913279623
1426506,110,52113827.0,6474268.0,inf,inf,,inf,2011,2022,12,2.041392685158225
1822479,12,1049288000.0,931478000.0,0.5236618259540294,0.24256881891376936,,-0.062186745189155936,2021,2023,3,1.0791812460476247
1381668,25,,,,,,,2010,2024,15,1.3979400086720375
1349436,10,1983388000.0,1056775000.0,0.970230980416729,-0.5731043209997477,,-0.3927227198994691,2009,2023,12,1.0
1029744,35,36000000.0,16773000.0,1.1353817870899907,-0.10883141084778808,0.28142451018000636,-0.13867304916134743,2011,2023,13,1.5440680443502754
1400431,49,749100000.0,749100000.0,0.21265518622346816,0.02556401014550794,0.0,,2012,2013,2,1.6901960800285134
1106942,54,447318000.0,447318000.0,,0.04230770950420059,,-0.004328017204762607,2010,2010,1,1.7323937598229684
1605810,93,3382586.0,296735.0,1.1462139424287625,-inf,,-inf,2014,2021,8,1.968482948553935
1811856,72,101328000.0,62641500.0,-4.213200335116342,-8.891637796462478,1.7834770231290888,-8.206900225988232,2021,2022,2,1.8573324964312683
1313911,33,63766000.0,56687500.0,1.0332126108330049,-0.45547139519288493,0.2709681025444589,-0.20136144384367882,2013,2014,2,1.5185139398778873
1301838,24,0.0,NaN,NaN,NaN,,NaN,2011,2020,10,1.380211241711606
1895262,47,2589018000.0,2001432500.0,,0.06569377983909314,,0.07944273694383062,2022,2023,2,1.6720978579357173
1474735,5,4564737000.0,1460919000.0,0.3665282218786009,0.18477594057518865,0.024980371335369525,0.0937314866004922,2011,2023,13,0.6989700043360187
1828791,49,222934000.0,165251000.0,0.4380378284367367,-0.2368219483438546,,-0.04482877079136822,2021,2023,3,1.6901960800285134
1544597,1,48620.0,33074.0,0.7579349702341353,-8.509272319355928,,-1.1238609002786224,2012,2014,3,0.0
1200375,71,138590000.0,68458000.0,0.7301842947647821,-0.27035324044513664,0.594475957844371,-0.3562729208392615,2011,2023,13,1.851258348719075
1810546,1,,,,,,,2020,2023,4,0.0
1411158,26,20686000.0,13984000.0,0.9576048137012836,-0.600055875005305,3.6852532932676185,,2011,2015,5,1.414973347970818
1265131,91,131737000.0,131737000.0,,,,-0.04957604924964133,2011,2023,13,1.9590413923210932
1729427,13,,,,,,,2019,2023,5,1.1139433523068367
1557340,26,91105.0,28420.0,2.1752953812840476,,,1.2761954901063877,2015,2018,4,1.414973347970818
1651958,17,2289543.0,652547.0,0.9543414463287914,-0.14116603830839927,,-0.23510904486336912,2016,2023,8,1.2304489213782739
882800,18,41991172.0,1605786.5,0.18755592343637967,-0.14997867297514833,,-inf,2011,2022,11,1.2552725051033058
97216,29,8387000000.0,4517200000.0,0.1798221958455933,0.048173849570906695,,0.004760844040485425,2009,2023,15,1.462397997898956
924717,80,132584000.0,51182500.0,0.7566929814000148,0.22915183829657346,0.6136465335377445,-0.07243956985401878,2011,2024,14,1.9030899869919433
1070235,205,1040000000.0,893000000.0,0.7134939363633681,-0.09778516680099557,0.2567885916483489,-0.6823480395697221,2019,2023,5,2.311753861055754
1401708,12,127262000.0,110818500.0,0.5728956317154641,-0.6780735132851802,0.4466451190064656,-0.752945286752231,2013,2022,10,1.0791812460476247
1103384,13,0.0,0.0,,,,NaN,2011,2013,4,1.1139433523068367
1375365,77,5196099000.0,2484929000.0,0.17899093801774915,0.05212518215355521,0.055921704033590224,0.034925824540510526,2012,2023,11,1.8864907251724818
1235007,20,70353483.0,3000000.0,,-118.25031813883446,137.60775072351962,-133.61021190911194,2011,2017,7,1.301029995663981
1631650,10,,,,,,,2015,2019,5,1.0
1459417,38,963080000.0,674602000.0,,-0.21430936286491964,,-0.3452959236002628,2014,2023,10,1.57978359661681
1084755,24,338972000.0,312338500.0,0.6423884086066648,0.037478120321399855,0.14023723912422315,0.038508353938516794,2010,2011,2,1.380211241711606
1568832,2,2102195000.0,1494345000.0,,,,0.001467013350329105,2013,2014,2,0.30102999566398114
1888447,6,1158963000.0,794903000.0,,0.22182668886771856,,,2022,2023,2,0.7781512503836435
849502,7,65617000.0,65617000.0,0.49784354664187636,-0.03023606687291403,0.27867778167243246,-0.026807077434201503,2011,2011,1,0.8450980400142567
1274563,30,1301000.0,1301000.0,0.04765564950038432,-4.648731744811683,14.03228285933897,-14.425826287471176,2011,2011,1,1.4771212547196624
914374,1,,,,,,,2011,2016,6,0.0
1758009,2,358000.0,NaN,NaN,NaN,NaN,NaN,2018,2023,6,0.30102999566398114
92232,1,563000000.0,563000000.0,,0.5488454706927176,,0.369449378330373,2011,2011,1,0.0
1321268,23,168068000.0,135653500.0,,,,0.06365998774939716,2011,2012,2,1.3617278360175928
1051871,1,,,,,,,2011,2011,1,0.0
1015155,73,43089024.0,29168128.0,0.4156356316629691,-0.08235060619506826,0.0010235213772939067,-0.10811824277056195,2011,2023,13,1.8633228601204557
1432133,8,168811000.0,165016000.0,0.6202285570962686,-0.16609763389330356,0.34492275173617987,-0.27902003364297934,2021,2023,3,0.9030899869919434
1145057,9,224404000.0,167546000.0,1.1234826410801955,-0.564854053940863,0.21436659116718518,-0.5331402456100657,2017,2019,3,0.9542425094393249
1444307,10,0.0,NaN,,NaN,NaN,NaN,2012,2022,11,1.0
1707910,2,5508139.0,4374331.0,0.9924265311494471,-0.8079349915565874,,-0.8712016009657988,2017,2023,3,0.30102999566398114
1489136,31,2122579000.0,1705324000.0,0.3001723263778143,0.041683605691721984,,0.0066787630564567515,2011,2018,8,1.4913616938342726
1537663,2,6283923.0,59811.0,39.563215041080376,0.25347364211149853,,6.2423626936623124,2015,2019,5,0.30102999566398114
1385613,1,765089000.0,545396000.0,,,,0.022692699297826614,2011,2023,13,0.0
746598,46,1331863000.0,1157792000.0,0.5098948128725103,0.09987192583636635,0.037482170955868345,0.06721451967051564,2011,2024,13,1.6627578316815739
1531744,15,1140606000.0,680147000.0,0.15101539909395414,,,-0.05532285938938425,2012,2014,3,1.1760912590556811
1800227,17,4365235000.0,3699627000.0,0.7463291591151382,-0.06559550383324497,0.06884905295158007,0.07620888525666979,2020,2023,4,1.2304489213782739
1424812,1,223588.0,223588.0,,NaN,NaN,NaN,2011,2015,5,0.0
85408,4,2137000000.0,1579284000.0,,0.24254145497380342,,0.18141131943689978,2009,2018,10,0.6020599913279623
1265521,1,NaN,NaN,NaN,NaN,,NaN,2023,2023,1,0.0
1527844,6,3183142.0,864426.0,0.3379809977583361,-1.1001543082739302,,-1.0082397301513462,2015,2018,4,0.7781512503836435
1035216,3,501875000.0,468518500.0,0.5693794929656417,0.23293503965769424,,,2011,2016,6,0.47712125471966244
1363343,1,NaN,NaN,,NaN,,NaN,2011,2018,8,0.0
1467652,25,27132000.0,9154000.0,-1.0592806149159668,-15.014086716779431,7.070381500872406,-23.770793773222465,2015,2019,5,1.3979400086720375
1901297,3,31519187.0,31519187.0,NaN,NaN,NaN,NaN,2021,2023,3,0.47712125471966244
1580905,8,1968700000.0,1187304500.0,0.31507327287393416,0.08944631755668289,,0.056798599323279186,2014,2023,10,0.9030899869919434
1835579,2,30985000.0,15618000.0,,-3.7877381977586695,3.6829463053135663,-4.315217397160115,2021,2023,3,0.30102999566398114
1796949,7,28942.0,17088.0,-10.400331168004076,-88.3303782961813,0.0,-147.29115834919446,2020,2024,4,0.8450980400142567
1499274,9,18230.0,18230.0,NaN,-80.4016456390565,,-647.2456390565003,2012,2014,3,0.9542425094393249
1522214,2,NaN,NaN,,,,NaN,2012,2012,1,0.30102999566398114
1043219,12,,,,,,,2009,2023,15,1.0791812460476247
1393726,9,1397752000.0,581798000.0,,,,0.033141308860165926,2012,2023,12,0.9542425094393249
862861,27,72773000.0,40577500.0,NaN,-inf,,inf,2011,2023,14,1.4313637641589871
924095,4,127087.0,NaN,180.953125,,,NaN,2017,2023,7,0.6020599913279623
1651577,16,75978.0,53118.0,0.7220671004532778,,NaN,-0.8346597528646831,2017,2018,2,1.2041199826559246
1504776,31,669765000.0,598112000.0,0.6447542804797021,-0.26467045898348524,,-0.13534471970823156,2021,2023,3,1.4913616938342726
923571,29,1742101000.0,1707361000.0,,0.022715618581759404,,0.003926059246195675,2018,2022,5,1.462397997898956
1335258,130,22749073000.0,6866964000.0,,-0.13542691433759255,,-0.0718607436692152,2011,2023,13,2.1139433523068365
831001,752,78462000000.0,75338000000.0,0.8871523571063188,,,0.13370252964662735,2009,2023,15,2.876217840591642
1607939,32,629097000.0,515657000.0,0.6032381377434215,-0.1908777403629094,0.13939469511872551,-0.16395876076057977,2021,2023,3,1.5051499783199058
310354,73,868382000.0,716180000.0,0.3386044378661096,0.11471048560637971,,0.0685337047593959,2012,2024,13,1.8633228601204557
1237746,31,1145291000.0,926228500.0,0.4146313240195503,-0.0024365421254859757,,-0.11549604946522034,2013,2019,7,1.4913616938342726
87802,12,11400500.0,8481400.0,0.4450409985099566,-0.1357686646995541,0.0864324605779651,-0.13908990885381237,2012,2023,12,1.0791812460476247
1103021,16,156471000.0,34922000.0,-17.093746620050904,-139.46339217618163,143.42082858116603,-198.62106266152907,2011,2021,11,1.2041199826559246
1771910,42,74908000.0,74908000.0,0.9662385859988252,-2.2158647941474876,2.4891466866022323,-2.0976130720350294,2023,2023,1,1.6232492903979003
1592603,1,14601.0,11845.0,NaN,-inf,,-inf,2014,2021,8,0.0
1583513,19,0.0,0.0,,-inf,,-inf,2014,2016,2,1.2787536009528289
1115055,40,,,,,,,2011,2023,13,1.6020599913279623
1447362,44,219788000.0,94085000.0,0.7096892392778408,-0.162368759108222,0.25628743607829013,-0.09997389967628266,2019,2023,5,1.6434526764861872
1746466,2,15759000.0,15759000.0,,-3.93908242908814,2.366457262516657,-2.403801002601688,2018,2023,6,0.30102999566398114
1341293,2,NaN,NaN,,NaN,NaN,NaN,2011,2011,1,0.30102999566398114
797465,32,137012000.0,58993500.0,0.2507817064474501,-0.0881972954176707,,0.24824528937356324,2011,2023,13,1.5051499783199058
1580149,2,NaN,NaN,NaN,NaN,NaN,NaN,2014,2024,11,0.30102999566398114
1003124,2,1470570000.0,1470570000.0,,0.12746894061486364,0.01137858109440557,0.12751450117981464,2010,2010,1,0.30102999566398114
799698,5,250000.0,NaN,,NaN,NaN,NaN,2011,2023,13,0.6989700043360187
1687221,40,2638000000.0,2356450000.0,0.10909383504415479,0.024569390460497092,0.0019724946797945084,0.002445989653207466,2017,2024,8,1.6020599913279623
1003642,12,824429000.0,581692000.0,0.4875139491006522,0.04565024957708878,0.13253103432778132,0.014425120127834349,2011,2017,7,1.0791812460476247
1755237,11,4507000.0,2296000.0,,-33.74537409813998,20.297769000866662,-51.382737992890576,2019,2023,5,1.041392685158225
1809519,40,766554000.0,747844500.0,,-0.26887606659641217,0.1116804468725862,-0.265645424653264,2020,2023,4,1.6020599913279623
896159,160,43166000000.0,19261000000.0,,,,0.15861935040485345,2009,2023,15,2.2041199826559246
1171838,1,NaN,NaN,NaN,NaN,,NaN,2010,2023,13,0.0
928659,11,17544000.0,17544000.0,0.05027359781121751,0.3602371181030552,,0.23768809849521202,2012,2012,1,1.041392685158225
1730984,1,,,,,,,2018,2023,6,0.0
1645155,3,6739.0,NaN,NaN,NaN,,NaN,2018,2023,6,0.47712125471966244
1683553,6,0.0,0.0,,-inf,inf,-inf,2020,2023,4,0.7781512503836435
1716166,46,16024000.0,13433500.0,0.8477790703046151,-1.498119187019251,,-1.2992188192330076,2020,2023,4,1.6627578316815739
1748824,5,807000000.0,594600000.0,,0.24577081664324396,,1.0212148895708917,2019,2023,5,0.6989700043360187
1356090,226,160574000.0,41879000.0,NaN,-inf,inf,-inf,2013,2023,11,2.3541084391474008
1553404,50,130138574.0,130138574.0,NaN,NaN,NaN,NaN,2012,2022,10,1.6989700043360185
72207,4,5101000000.0,4256000000.0,1.0,-0.06424148542252525,,0.0549049084817312,2009,2019,11,0.6020599913279623
835729,237,2172000000.0,2021950000.0,,0.23251383219142252,,0.15907321374859565,2009,2012,4,2.374748346010104
720005,97,12992000000.0,5309680000.0,,,,0.10579515860932633,2010,2024,15,1.9867717342662448
1341439,148,49954000000.0,38275000000.0,0.7078353253652059,1.1894000576939059,0.2914212431177585,0.2324197099041107,2010,2024,15,2.170261715394957
850660,16,496130000.0,487428000.0,0.35753020882544234,0.0899122405843571,,0.015022193648209883,2011,2013,3,1.2041199826559246
40987,82,23090610000.0,15280044000.0,0.2993814698011065,,,0.0425323329727562,2009,2023,15,1.9138138523837167
773840,946,40534000000.0,31362000000.0,0.2608633026772708,,0.03635917298565272,0.1270926352639536,2009,2023,15,2.9758911364017924
1104855,54,82991000.0,70751500.0,0.2878751983516181,-0.13913707038415124,0.07837139051759331,-0.11618330818169072,2011,2020,10,1.7323937598229684
1145986,33,121622000.0,110610500.0,0.10461306897912837,-0.27308526473383593,0.0725063054008593,-0.3580260405633605,2014,2023,10,1.5185139398778873
1636509,2,303197.0,NaN,NaN,NaN,,NaN,2015,2019,5,0.30102999566398114
1593222,1,180485000.0,142890500.0,,0.15669857646169202,,0.3003580433549714,2014,2023,10,0.0
827187,231,2184949000.0,1444497000.0,0.5715926318205171,0.07934914300737132,0.016175575139340148,0.055014292174975804,2011,2023,13,2.363611979892144
895126,85,23125000000.0,11629000000.0,,-0.12440512731264786,,-0.14065825818670624,2009,2023,15,1.9294189257142926
1228454,2,,,,,,,2011,2023,13,0.30102999566398114
1932213,1,NaN,NaN,,NaN,,NaN,2024,2024,1,0.0
1446159,19,1505459.0,951559.0,0.5218187295964313,-15.31075734790945,,-16.555866341188693,2011,2023,13,1.2787536009528289
701221,10,2966000000.0,1623000000.0,0.14517923433943436,,,0.9588987478243107,2009,2017,9,1.0
812128,2,3440258000.0,2580475000.0,0.022872232589835582,0.06090149186446531,,0.04602496349280384,2011,2021,11,0.30102999566398114
354647,2,,,,,,,2011,2023,13,0.30102999566398114
1065754,9,8041048.0,8041048.0,0.1974941574779805,-0.3033227758371794,0.1738662671830836,-0.30308002141014456,2011,2011,1,0.9542425094393249
1669792,68,1568259000.0,1568259000.0,0.22596650170666963,0.048511757305394074,,-0.024194345449316725,2016,2016,1,1.8325089127062362
1410098,24,329327.0,190936.0,-inf,-inf,inf,-inf,2011,2023,13,1.380211241711606
1534525,3,3000000.0,274864.0,0.5,-inf,inf,-inf,2012,2023,13,0.47712125471966244
851205,115,1006090000.0,485655000.0,0.8819330653869667,0.2719514454895163,0.16210037909108818,0.266147905394551,2010,2023,14,2.0606978403536114
1777921,53,271825000.0,232339000.0,0.5418460097583859,-0.2352480017849696,0.1435218630071534,-0.16408736296670126,2020,2023,4,1.724275869600789
1501745,2,2364000.0,0.0,,-inf,,-inf,2011,2014,4,0.30102999566398114
1120295,24,361923000.0,330315000.0,0.7643530434078102,0.02276699198771029,0.3333176449694076,0.1024754607519019,2011,2016,6,1.380211241711606
918965,69,3846260000.0,3249799000.0,0.10255403402544999,0.0259784510102349,,0.014012481046146458,2011,2024,13,1.8388490907372552
1172052,5,884911000.0,819822000.0,,,,0.0760643665505891,2011,2023,13,0.6989700043360187
1000230,58,83523330.0,67090136.5,0.33348960613543166,-0.024554474542117507,,-0.012954004292692672,2011,2024,14,1.7634279935629371
916863,10,7499800000.0,4685900000.0,0.6129393200401664,0.07157647332722286,,,2010,2014,5,1.0
948708,90,130501000.0,43346000.0,0.8425271330849419,-0.33823371655897605,0.387493231886637,-0.4271386631531847,2011,2023,13,1.9542425094393248
862480,196,268357000.0,242561500.0,0.34246353382024386,-0.26682707043334175,,-0.22214004806805823,2011,2012,2,2.2922560713564755
1526796,1,837185000.0,450279000.0,,-0.014108086358258179,,,2012,2016,5,0.0
315189,438,61251000000.0,29737850000.0,0.2011085506665783,,0.045704100802013745,0.09479759546192654,2009,2024,16,2.6414741105040993
1570279,15,169653.0,66731.5,-0.7320442639839974,-57.315742427169944,187.7780270534826,-253.07750762973657,2014,2019,6,1.1760912590556811
1628738,6,,,,,,,2016,2018,3,0.7781512503836435
1494650,11,76276000.0,41874000.0,0.8276263318937582,-5.480054523313233,1.17564432504666,-6.219041629692019,2017,2023,7,1.041392685158225
730464,106,2182371000.0,1523052500.0,0.5165997740333476,0.11999943900305089,,0.07954134725185114,2011,2024,14,2.02530586526477
792987,145,1274500000.0,1039328500.0,0.21317304162413064,0.04311938683083805,0.023003705971113602,0.023464604886375678,2010,2023,14,2.1613680022349744
1586300,4,1764979000.0,1743847000.0,,-0.043995080983421704,,-0.1414289324061595,2014,2016,3,0.6020599913279623
1042418,1,0.0,0.0,,NaN,NaN,NaN,2013,2023,11,0.0
1268671,20,522490000.0,522490000.0,,0.09266588834236061,0.07275545943463033,,2011,2011,1,1.301029995663981
1370804,1,5445206.0,4306759.0,0.29362289225572347,-0.004841940935103577,,-0.029960879700276853,2011,2017,7,0.0
1165002,2,123021000.0,84079000.0,,0.09908473148777286,,0.17030919460412594,2011,2023,13,0.30102999566398114
275880,224,4195272000.0,3660771000.0,0.13108981216499943,0.03981986602437548,,0.031638237715549064,2019,2023,5,2.3502480183341623
1497130,2,34.0,34.0,,NaN,,NaN,2012,2016,5,0.30102999566398114
885551,8,45882000.0,45882000.0,0.20565799224096595,-0.19617715008064165,0.07881086264766139,-0.2775162373043895,2011,2011,1,0.9030899869919434
40570,4,165112000.0,123159000.0,0.3637612261883985,-0.010907676138152961,,-0.00241056506515339,2011,2024,14,0.6020599913279623
1579717,12,NaN,NaN,,,,NaN,2014,2022,3,1.0791812460476247
8868,659,11112000000.0,5897100000.0,0.6032115000329412,0.049440652617842376,,-0.020727802603106797,2009,2022,14,2.8188854145940097
1130144,1,,,,,,,2011,2023,13,0.0
1787740,3,1840000.0,1508000.0,0.20837585034013606,-5.824073868677906,0.9422434191067731,-5.81325421472937,2022,2023,2,0.47712125471966244
1871149,27,141588000.0,90286000.0,0.08113458168815427,-0.26200235392768445,,-0.23837977205127536,2021,2022,2,1.4313637641589871
1016504,4,63559000.0,46954000.0,0.13951373813503373,0.03307287753037196,,0.028913878708721977,2012,2024,12,0.6020599913279623
910560,271,282366000.0,276458500.0,0.6576002916082504,0.006543694544506089,,,2011,2012,2,2.4329692908744054
826154,1,,,,,,,2011,2023,13,0.0
1084267,12,9717796.0,2672615.0,0.423857416411766,-4.261489514258454,,-12.080545125021379,2011,2023,13,1.0791812460476247
1823143,13,,,,,,,2021,2021,1,1.1139433523068367
1309442,8,21830928.0,18670138.0,0.15197027866415413,-0.1985531608069242,,-0.06422099589671185,2011,2019,9,0.9030899869919434
1490711,4,50000.0,50000.0,0.3862,,,,2011,2011,1,0.6020599913279623
39677,2,143700000.0,73501000.0,,,,-1.282880471536186,2011,2017,7,0.30102999566398114
1877788,1,86259.0,73208.0,0.6673476830870058,-34.84559727353875,,-70.9641860386374,2021,2022,2,0.0
1167905,13,66916423.0,64098544.5,0.11688413920638921,-0.20419893227096453,,-0.35130477168063634,2011,2013,3,1.1139433523068367
1069157,1,,,,,,,2011,2023,13,0.0
1468164,2,843172.0,776700.5,2.2896410260853837,,,-0.9850870601848496,2012,2016,5,0.30102999566398114
1904286,73,NaN,NaN,,,NaN,NaN,2023,2023,1,1.8633228601204557
1430174,1,127234.0,0.0,inf,,,-inf,2011,2015,5,0.0
1093800,1,,,,,,,2011,2011,1,0.0
1316656,49,2219800000.0,1639800000.0,0.41348174918654645,0.17916276135271592,0.01604847434209053,0.082224981754209,2010,2014,5,1.6901960800285134
1811210,9,27111000.0,3976000.0,-19.82536435585715,-181.82471686994327,98.85594812960733,-311.36374259413094,2021,2023,3,0.9542425094393249
1534254,48,,,,,,,2022,2023,2,1.6812412373755872
1726822,2,296597.0,14830.0,0.89826733951332,-201.65819686254147,0.05509337860780985,-200.6519254037233,2018,2022,4,0.30102999566398114
721693,9,75605538.0,24355500.0,2.2089443027907536,NaN,,NaN,2011,2023,13,0.9542425094393249
1888012,3,,,,,,,2022,2023,2,0.47712125471966244
1701756,2,10349636.0,4956105.0,,-1.1425905134168792,,-3.0437112886973723,2017,2023,7,0.30102999566398114
1004440,247,15598800000.0,14340000000.0,,-0.024336296417770766,,,2009,2011,3,2.392696953259666
1637655,3,690450000.0,649200000.0,0.23683416280547576,-0.0765512007341846,,0.026833332668765596,2015,2021,7,0.47712125471966244
1158172,84,419482000.0,382534000.0,0.49579092140821096,-0.41738109837089526,0.14552065733019473,-0.3316190320910983,2011,2023,11,1.9242792860618814
40704,562,20094200000.0,16865200000.0,0.3521135752529431,0.15938717964147842,,0.10695139813113394,2010,2024,15,2.7497363155690606
1750149,8,698468.0,260501.0,,-73.4960882770031,48.32522662128623,-80.15835979275771,2021,2023,3,0.9030899869919434
1425205,169,1189000.0,0.0,-8.045416316232128,NaN,NaN,NaN,2011,2023,13,2.2278867046136734
1467027,2,,,,,,,2011,2012,2,0.30102999566398114
1131457,23,241649000.0,241649000.0,,-0.027475801679295177,0.0131182003649922,0.020757379504984505,2011,2012,2,1.3617278360175928
64472,25,103479000.0,73705500.0,0.23675490141832736,0.052486515717585704,0.03654628727204682,0.08439851401330112,2012,2023,12,1.3979400086720375
728249,10,23825000.0,18169500.0,0.42552964162363405,-0.09785565670299826,0.20740207591378784,-0.22153786687021332,2011,2014,4,1.0
26172,307,34065000000.0,19110000000.0,0.2423081595798134,0.10884466530120122,0.03652489967094896,0.07047010980440768,2009,2023,15,2.487138375477186
813828,220,30154000000.0,14060000000.0,,0.039245272843303064,,0.10201558568073436,2009,2023,15,2.342422680822206
802681,2,,,,,,,2011,2020,10,0.30102999566398114
1509745,7,1500000.0,1500000.0,,-21.889777777777777,19.06911111111111,-22.444666666666667,2017,2023,7,0.8450980400142567
1682639,26,14000000.0,2000000.0,0.5214285714285714,-1681.7235875612623,886.9083546353974,-1804.8205069984485,2017,2023,7,1.414973347970818
1835856,55,,,,,,,2021,2023,3,1.7403626894942439
880177,4,107771000.0,107771000.0,0.5628786964953466,0.08042980022455021,0.3012034777444767,0.06747640831021333,2012,2013,2,0.6020599913279623
1258602,133,,,,,,,2011,2023,13,2.123851640967086
1761540,1,NaN,NaN,,NaN,,NaN,2019,2021,3,0.0
1117297,89,582099000.0,403021000.0,0.12382118938010327,-0.03813398017029896,0.050040502903539376,-0.011476852349959253,2012,2024,13,1.9493900066449126
926423,18,112834000.0,48276000.0,0.35600073694706846,-0.31655506707499903,0.07545513190050564,-0.301394274947477,2011,2023,13,1.2552725051033058
826675,4,,,,,,,2011,2023,13,0.6020599913279623
866273,18,1311917000.0,992063500.0,0.08090033109103438,-0.020135414515697114,,0.011835740583002482,2012,2024,12,1.2552725051033058
1137855,2,121401.0,0.0,-inf,-inf,,-inf,2011,2017,6,0.30102999566398114
1644509,96,0.0,0.0,,,,,2016,2016,1,1.9822712330395682
1532828,2,219385.0,219385.0,,,,-8.346015565765994,2012,2014,3,0.30102999566398114
1364885,20,7863100000.0,6004450000.0,0.049682466896406395,0.054384340359827935,0.007695669194117178,0.02423753755371259,2010,2023,14,1.301029995663981
1740547,50,,,,,,,2018,2019,2,1.6989700043360185
872448,125,1644060000.0,1399890500.0,0.43046397228658306,0.05298021300223677,0.17325375982230318,-0.00965038634203995,2010,2015,6,2.0969100130080562
1083743,10,66337000.0,5024000.0,0.05457131509804565,-3.527898945510792,0.7836818290193677,NaN,2011,2023,12,1.0
1571759,4,7539.0,2952.0,0.3719264950462722,-25559.31822522881,94.20274062056791,-16548.87212611715,2013,2015,3,0.6020599913279623
1519177,7,182321.0,90535.5,NaN,-inf,,-inf,2011,2022,5,0.8450980400142567
1327273,2,1558000.0,1363000.0,,-73.72475900725335,32.434352002978656,-52.80859605066684,2020,2023,4,0.30102999566398114
734543,1,6592274.0,6006543.0,,,,0.014985166972425568,2011,2015,5,0.0
1839530,18,,,,,,,2021,2023,3,1.2552725051033058
20286,26,10013000000.0,5295500000.0,,,,0.12917236971897558,2010,2023,14,1.414973347970818
4962,414,,,,,,,2009,2023,15,2.6170003411208986
1756574,38,NaN,NaN,,NaN,,NaN,2019,2021,3,1.57978359661681
1385720,58,2636600000.0,2636600000.0,0.5326458317530153,0.17305696730637943,,,2011,2011,1,1.7634279935629371
1835597,9,,,,,,,2022,2023,2,0.9542425094393249
1351285,85,215590000.0,180919000.0,2.601542969394302,-0.3872624614349964,0.38069066401635904,,2011,2019,9,1.9294189257142926
1534248,2,,,,,,,2019,2022,4,0.30102999566398114
713425,19,127553000.0,106286000.0,0.566252803004187,0.10099435463621245,0.11413714283564004,0.10012845822614541,2012,2024,13,1.2787536009528289
1102741,18,354183000.0,308059000.0,0.4907743832649003,-0.13009601413735042,0.17243840488824844,-0.1466973051410288,2010,2012,3,1.2552725051033058
1555214,2,NaN,NaN,,NaN,,NaN,2013,2023,6,0.30102999566398114
1104188,4,1860962000.0,1400274000.0,0.5318595424757376,0.13374943442136822,0.17476863764868802,-0.009939268286283795,2010,2017,8,0.6020599913279623
1285043,1,887587000.0,887587000.0,0.03403610012314286,-0.0065717501495628034,,,2011,2011,1,0.0
1391636,45,116582000.0,78501500.0,0.7757091540598012,,0.3004886751862281,-0.6785395013395898,2013,2014,2,1.6532125137753435
1819493,27,36376000.0,36376000.0,0.004399156817289214,-8.216380270478327,2.9991200909146403,1.5866443627013587,2021,2023,3,1.4313637641589871
866374,104,30948575000.0,26147916000.0,0.055726631692198526,0.03007008256464813,,0.01760020455458873,2009,2023,15,2.0170333392987803
812149,10,39987861.0,0.0,NaN,-inf,,-inf,2011,2018,8,1.0
1504222,2,55143.0,28312.0,NaN,-1257.0155300472654,NaN,NaN,2012,2015,4,0.30102999566398114
1041379,534,108300000.0,71350000.0,,0.7407322377123199,,0.43077055059697983,2011,2016,6,2.727541257028556
1140859,82,293958599000.0,146849686000.0,0.03012829791910626,0.007007841533612471,,0.006632162445138513,2009,2024,16,1.9138138523837167
864683,25,291557998.0,236411574.0,0.965261284515857,0.2964608791035227,0.1669246363080638,0.19797927202922325,2012,2015,4,1.3979400086720375
1835591,129,2042500000.0,1862800000.0,0.1763826028607698,0.022527487985869298,0.01786037582983731,0.02203208943118909,2021,2023,3,2.110589710299249
225263,102,560054000.0,560054000.0,0.49482451247831466,0.014606509766716241,0.09615872988878939,0.0646821858062663,2011,2015,5,2.008600171761917
1763657,112,62340.0,62340.0,,,,-18.516778954122554,2022,2022,1,2.049218022670181
1337905,2,6500000.0,600000.0,,-inf,inf,NaN,2012,2015,4,0.30102999566398114
1062613,11,,,,,,,2014,2016,3,1.041392685158225
1517224,35,1766588000.0,1766588000.0,0.184117066344841,0.09279073558747145,,0.00808847337353135,2013,2013,1,1.5440680443502754
1445635,10,,,,,,,2011,2011,1,1.0
1758021,2,422957000.0,422957000.0,0.3061219068087142,0.07750751299436975,,0.06398524378985475,2021,2023,3,0.30102999566398114
758004,472,811871000.0,811871000.0,0.8884096118718368,0.005882707967152417,0.2234135718605542,-0.010771415655935488,2010,2010,1,2.6739419986340875
1322554,64,,,,,,,2015,2016,2,1.8061799739838869
738214,4,211949000.0,186717000.0,0.04538987769745279,-0.08983410365012773,0.0058583103961852585,-0.33831861653527306,2011,2023,13,0.6020599913279623
1476840,65,169495000.0,142835000.0,0.7442887637197594,-0.03049993115682946,0.07803370356291794,-0.0750814808616908,2021,2023,3,1.8129133566428552
351789,5,9029000.0,7174000.0,0.5494272856084073,0.045744406737478024,0.0950060079037445,0.06534705211516102,2011,2023,13,0.6989700043360187
1525852,7,2315513.0,50000.0,NaN,-7315.791394508049,NaN,NaN,2012,2021,11,0.8450980400142567
1657573,10,463406000.0,218336000.0,0.5633150467425073,-0.23586735925145905,0.0697542109508214,,2021,2023,3,1.0
1866692,45,238067000.0,167261000.0,0.7125427814392747,,0.20278523069796275,-0.3427860124830316,2021,2023,3,1.6532125137753435
1370914,1,,,,,,,2011,2011,1,0.0
97472,30,647003000.0,621813000.0,0.1105520778555803,,,-0.015168002086568386,2011,2013,3,1.4771212547196624
895650,221,0.0,NaN,,NaN,NaN,NaN,2011,2014,4,2.34439227368511
819220,30,1725554000.0,788628500.0,0.195404087643476,0.08136517175484043,,0.0428881873606866,2011,2018,8,1.4771212547196624
1399761,2,1768321.0,1768321.0,,,,0.025983970104975284,2011,2011,1,0.30102999566398114
1365022,1,,,,,,,2011,2011,1,0.0
1156871,3,2588426000.0,2550732500.0,0.8378935086368003,0.3523739909891185,,-0.18418581819230867,2011,2012,2,0.47712125471966244
1157806,84,8019000000.0,4443000000.0,,-0.8957479360808134,,-0.19396611488881108,2016,2018,3,1.9242792860618814
1489300,1,NaN,NaN,,NaN,,NaN,2011,2024,11,0.0
1562151,5,74244000.0,64108000.0,0.47752176239249633,0.06111780104790254,,0.014453126188680094,2013,2023,11,0.6989700043360187
110471,109,2761100000.0,2311850000.0,0.3747930772680644,0.07272969799872431,,0.034620093078102224,2010,2023,14,2.0374264979406234
791963,5,1198667000.0,1004464000.0,,0.1348510214079961,,0.022071176789323486,2011,2023,13,0.6989700043360187
1713683,32,1616952000.0,302836000.0,0.8688856659473945,-0.253897564772078,0.2871296285552927,-0.19991118492210985,2018,2024,7,1.5051499783199058
1522327,1,904000.0,904000.0,,,,15.392699115044248,2014,2018,5,0.0
1310094,22,4160095.0,3603270.0,0.5356828521272563,-6.019391963051785,0.6342323524200407,,2011,2012,2,1.3424226808222062
1183765,9,13285000.0,8340000.0,,-88.4274029334889,78.46824964512344,-106.12791939647319,2011,2023,13,0.9542425094393249
1357531,1,955311.0,NaN,NaN,NaN,,NaN,2011,2013,3,0.0
1419554,3,NaN,NaN,NaN,NaN,NaN,NaN,2011,2023,13,0.47712125471966244
73088,26,1257910000.0,1204863000.0,0.7465819243717459,0.177861334611294,,0.11384509464395126,2010,2022,13,1.414973347970818
1251769,50,67790000.0,50713000.0,0.5912050114834072,-0.6317401584671315,0.6340851979152822,-0.4949877860460862,2011,2022,12,1.6989700043360185
763744,8,4472697000.0,1678898000.0,0.22552507873170635,0.08365305045561663,,0.06799869089226446,2011,2023,13,0.9030899869919434
1060910,2,0.0,0.0,,-inf,,-inf,2012,2014,3,0.30102999566398114
1262279,7,44446000.0,40712500.0,,,,-1.0820273575505028,2012,2015,4,0.8450980400142567
1459003,3,804772.0,804772.0,-0.07927462685083476,-2.080697390068243,,-3.5660112429358874,2011,2011,1,0.47712125471966244
1622879,70,172447786.0,9442555.0,0.6337338921521947,-1.2841924287365103,,-1.3528624426751137,2015,2023,9,1.845098040014257
32621,114,156975000.0,17635000.0,0.17489281748360713,-0.22123630226322247,,-0.22304976737863902,2011,2023,13,2.0569048513364723
1522860,23,17263000.0,12213500.0,-1.113193008126149,-7.911263450995633,3.962740987181486,-13.780863077394452,2020,2023,4,1.3617278360175928
1365555,38,5450456000.0,2697895000.0,,0.15455951796772877,,0.13332238016644885,2011,2017,7,1.57978359661681
1667154,10,1331800000.0,1331800000.0,,0.41447664814536717,,,2016,2016,1,1.0
1058290,266,19428000000.0,13487000000.0,,0.17973431786151034,,0.13816362487269004,2009,2023,15,2.4248816366310666
1261734,43,,,,,,,2011,2016,6,1.6334684555795864
1034594,2,,,,,,,2011,2019,9,0.30102999566398114
1268659,1,0.0,NaN,,NaN,inf,NaN,2011,2012,2,0.0
315213,106,6461444000.0,5937351500.0,0.40706834799198366,,,0.07744717275786618,2010,2023,14,2.02530586526477
1640147,123,2065659000.0,428398500.0,1.2121955669005602,-0.9554700681602204,0.5776720701336766,-1.1481248415853331,2020,2023,4,2.0899051114393976
1590364,12,708411000.0,335583000.0,0.6455927420663993,,,0.060804106148464133,2015,2023,9,1.0791812460476247
1537118,10,10725752.0,10725752.0,0.0745648417006099,0.027312583770350087,,-0.02383180218972059,2012,2014,3,1.0
704562,7,119597000.0,53621000.0,0.12035319586793627,-0.8166677998296111,1.4839717814855768,-0.9378144648104239,2012,2024,13,0.8450980400142567
1635077,77,60444.0,60368.0,-0.08040696550034487,-70.49542384892234,16.081169978396844,-81.68010057799884,2022,2023,2,1.8864907251724818
22701,76,131319510.0,82322618.0,0.4117887733728516,-9.884079694278435,,-12.558694096286086,2011,2023,13,1.8808135922807911
794619,100,2066200000.0,947045000.0,0.19379090123168136,0.05050698157158169,,0.032164717794179586,2012,2024,13,2.0
854775,444,388225000.0,203582500.0,0.5355659380739058,0.05936917479744298,,0.04025780340489648,2011,2024,14,2.6473829701146196
1479094,3,707835000.0,444680500.0,,,,0.19825103271302313,2012,2023,12,0.47712125471966244
99780,55,6170000000.0,2509100000.0,0.24249301974680507,0.17368882802737437,,0.05096501157244763,2010,2023,14,1.7403626894942439
1660280,34,683191000.0,404245000.0,0.9947105683289038,-0.1742901359239328,0.25738415970869816,-0.18533602035019234,2018,2023,6,1.5314789170422551
1262976,7,3291856000.0,1788044000.0,0.5452298591464173,0.06132362892126055,,0.035733283362743715,2011,2024,14,0.8450980400142567
1415404,2,19818678000.0,621495000.0,-2.3049164348853437,0.27472850933813014,0.0980000023308461,0.5595772384616461,2010,2023,14,0.30102999566398114
828944,36,,,,,,,2011,2023,11,1.556302500767287
1634038,13,878059000.0,831965500.0,,,,0.036287688869549264,2019,2020,2,1.1139433523068367
1783879,190,1815143000.0,1815000000.0,,,,-1.0286664017591287,2021,2023,3,2.278753600952829
1416172,5,1494881.0,NaN,0.6562522368001199,NaN,NaN,NaN,2016,2017,2,0.6989700043360187
1072379,6,2410000.0,1005000.0,NaN,-inf,inf,-inf,2011,2023,13,0.7781512503836435
1447380,15,13255887.0,8174884.0,0.4794331939811942,-1.5802608972564727,0.30617054916067543,-1.8126514201953674,2011,2023,13,1.1760912590556811
931336,151,12361311000.0,9145491500.0,0.23175302859097813,-0.04341251799341976,,0.00017807318764862662,2010,2019,10,2.1789769472931693
720672,11,5159280000.0,2218415000.0,,,,0.09159194178073213,2010,2023,14,1.041392685158225
1025835,1,,,,,,,2011,2023,13,0.0
1501257,39,400465.0,377046.0,0.604897682706917,-6.126346464243542,,-20.70966444957746,2013,2018,5,1.591064607026499
1086411,2,2636782.0,2636782.0,,,,-1.1323803029601993,2011,2011,1,0.30102999566398114
798528,14,8036658.0,1943709.0,-4.408459539885244,-317.7120822035188,,-347.2969423229649,2011,2023,13,1.1461280356782377
814549,9,625609000.0,281888000.0,0.5679965236815802,0.3117533744303977,0.09240835267793257,0.25066520358683747,2011,2022,12,0.9542425094393249
933974,118,780848000.0,485557000.0,0.41477830655524084,-0.1055848007798746,0.09581241496371913,0.3643275243090696,2011,2024,14,2.0718820073061255
1938046,14,731493.0,731493.0,0.006630275340980707,-2.7226261905445437,,-12.593992013594114,2023,2023,1,1.1461280356782377
1467858,2149,166380000000.0,145588000000.0,0.12232376565749448,0.04509001897788784,,0.05046480958624078,2011,2023,13,3.332236415491443
1850079,22,27509000.0,27435000.0,0.5786144744967014,-2.7868021316679368,1.125193268609204,-2.080118387457471,2021,2023,3,1.3424226808222062
1645569,1,1125000.0,1125000.0,,-42.31377777777778,24.92711111111111,-43.51911111111111,2021,2022,2,0.0
1443611,2,26319863.0,2016416.0,0.28934529415537374,-8.208054130070987,,-10.257461912151152,2018,2023,6,0.30102999566398114
1662382,32,489202.0,265747.0,NaN,-inf,inf,-inf,2016,2022,7,1.5051499783199058
1526543,1,1446365.0,1130693.0,0.17875175509823982,-3.672954767430689,,-3.876839572813205,2012,2014,2,0.0
74208,5,818046000.0,562094000.0,,15.592561252419038,,14.333365163799805,2010,2023,14,0.6989700043360187
1009829,1568,810060000.0,706603000.0,0.28502693649278865,0.006153349596346605,,-0.049681059333144345,2011,2023,13,3.1953460583484192
1327607,12,107934000.0,87649000.0,,,,0.1579577818987369,2018,2023,6,1.0791812460476247
1552800,4,394702000.0,324607000.0,0.6930098806217337,0.08363417596374279,,-0.023924209368762103,2012,2023,12,0.6020599913279623
1459450,9,185000.0,137500.0,,-353.2597597597598,195.24834834834834,-365.45510510510513,2012,2013,2,0.9542425094393249
1090061,56,1125500000.0,838000000.0,0.2213447076156777,,,-0.014260682796907743,2011,2019,9,1.7481880270062005
906553,466,3369810000.0,2487426000.0,,0.04980541447417182,,-0.0020961813866749676,2011,2023,13,2.6683859166899997
1389305,13,51951000.0,51951000.0,8.319916844719062,1.5359665838963639,,-1.4151026929221766,2011,2011,1,1.1139433523068367
1337298,35,435499000.0,303681000.0,0.19281529144765253,0.17623150805435936,0.012234702612042434,0.18982131195107535,2011,2023,13,1.5440680443502754
862668,2,25575276.0,11461531.0,0.4586581957935846,-0.04551420097927383,0.08993693549644848,-0.023389185230172773,2012,2024,13,0.30102999566398114
1357204,1,1321617000.0,112276000.0,0.28024845977645274,2.080127553331303,,0.8121365692247234,2011,2019,9,0.0
1592365,7,NaN,NaN,,NaN,,NaN,2014,2014,1,0.8450980400142567
869986,6,29495000.0,29041000.0,0.3871477732403455,-0.0791272337157565,0.20663156992303802,-0.0959762539639089,2011,2013,3,0.7781512503836435
1358633,3,42966.0,35418.0,NaN,NaN,,NaN,2012,2023,12,0.47712125471966244
1401521,15,825116000.0,357569000.0,,0.015100010453867831,,-0.016623607780838247,2011,2023,13,1.1760912590556811
862510,36,4364441000.0,4223495000.0,,,,,2010,2011,2,1.556302500767287
927653,403,276711000000.0,190884000000.0,0.05478161760492912,0.011455069319755857,0.0023666066701185564,0.006774839167096113,2009,2023,15,2.605305046141109
821995,7,32688000.0,19693000.0,0.9196649825768127,0.10082726087435652,0.17097716773126662,0.4799041421439261,2011,2017,7,0.8450980400142567
1880343,10,1826190.0,1763198.5,0.17546911388454697,-8.650985303483262,,-7.377114883190685,2022,2023,2,1.0
1944048,1093,15054000000.0,15054000000.0,0.5741331207652451,0.17769363624285905,,0.137106416899163,2023,2023,1,3.038620161949703
1455380,1,94745.0,94745.0,0.13745316375534328,,,-1.8958573011768431,2011,2011,1,0.0
885721,116,24748900000.0,24722300000.0,0.09625735537181497,0.07154120674866082,,0.042999107411210956,2009,2011,3,2.064457989226918
1719406,26,,,,,,,2018,2023,6,1.414973347970818
1691077,9,12558427.0,8575270.0,0.358494090382786,-0.9257170897553185,0.010369412068061615,-1.0896108406526803,2019,2022,4,0.9542425094393249
818479,599,4231000000.0,2928429000.0,0.5252327253394145,0.08403181556830855,0.036075265357928904,-0.02678558672714787,2009,2023,15,2.777426822389311
1254699,755,11472000000.0,9887000000.0,0.36044001397310715,0.11456657653887353,,0.06775750789793232,2013,2023,11,2.877946951629188
751085,103,117610000.0,109772500.0,0.33527633206396423,-0.015367084738910096,0.03435593333194492,0.060550334919903734,2011,2014,4,2.012837224705172
1807846,7,340745000.0,171075000.0,,-0.22222861191704937,,-0.5739521504852273,2021,2023,3,0.8450980400142567
1528115,15,,,,,,,2020,2023,4,1.1760912590556811
1393631,14,9772966.0,NaN,NaN,,NaN,NaN,2011,2013,3,1.1461280356782377
1261654,26,607408000.0,354910000.0,,0.017127800449578217,,0.0002479040515597983,2011,2024,14,1.414973347970818
750686,6,,,,,,,2011,2023,13,0.7781512503836435
911421,3,5861205000.0,5538407000.0,,,,0.1802032907676503,2010,2015,6,0.47712125471966244
864749,341,3798700000.0,1738700000.0,0.5901164424382286,0.11295827003045056,0.1583744409969985,0.10692512530900435,2010,2023,14,2.5327543789924976
1300734,1,35206852.0,27452333.0,-0.12059441426777717,-3.0176018125755335,0.24678460096352975,-4.525498775708736,2016,2024,8,0.0
908259,3,1740855.0,948427.5,,NaN,NaN,NaN,2011,2023,13,0.47712125471966244
230557,83,3558062000.0,2284270000.0,,,,0.058177025274245515,2010,2023,14,1.919078092376074
1383312,62,6506800000.0,3519800000.0,0.28086119902604595,0.15290735415247794,,0.09796409820230763,2011,2024,14,1.7923916894982537
1514128,32,3501785000.0,2108659500.0,,,,-0.00010541287840697365,2011,2016,6,1.5051499783199058
1159167,140,1564987000.0,616778000.0,0.4592132930713169,0.049386598303696745,0.11598418620674561,0.04243547300515555,2011,2023,13,2.1461280356782377
51253,761,12440000000.0,3116350000.0,0.41394031910281154,0.11700641076895249,0.0757517545069322,0.10868760488984089,2010,2023,14,2.8813846567705728
1826457,6,,,,,,,2021,2023,3,0.7781512503836435
1578845,885,16088900000.0,13062300000.0,0.6791536169455158,-0.2003081308355625,0.17522165359697103,0.03866844486867671,2013,2019,7,2.946943270697825
1816233,60,412815000.0,328805000.0,,-0.17329309166830012,,-0.2156496584323143,2021,2023,3,1.7781512503836434
70415,31,515160000.0,490559000.0,0.16683584958658676,0.07771238583919624,,0.03706326926884756,2011,2020,10,1.4913616938342726
1331275,19,1149624.0,1149624.0,0.2635548666346562,-0.24170946326799023,,-0.3254203113365761,2012,2012,1,1.2787536009528289
812301,2,14797013.0,12130246.0,0.6511484784287191,-0.18043896454296887,0.034286550930716475,-0.04873500665844191,2011,2012,2,0.30102999566398114
61986,2,3913300000.0,2037300000.0,0.18031606264979264,0.0022271594383776877,,-0.059931178955988304,2010,2023,14,0.30102999566398114
1531152,343,19315165000.0,14837324500.0,0.22720947314063192,0.027342166479203896,,0.021627879887634177,2018,2023,6,2.53529412004277
1037131,3,87913.0,9347.0,0.30822517716378695,-409.5882346515374,,-651.3949769494726,2011,2017,7,0.47712125471966244
1362703,15,781050.0,567905.0,0.848361197593556,NaN,NaN,NaN,2011,2023,13,1.1760912590556811
81157,26,9009000.0,16000.0,0.8404255319148937,,,-241.55334405425455,2011,2022,12,1.414973347970818
1359425,1,1286973000.0,1150122500.0,0.095734999149209,0.018327988491836568,,-0.00017674165412079985,2011,2012,2,0.0
1083243,42,0.0,0.0,NaN,NaN,,NaN,2011,2016,6,1.6232492903979003
1333493,2,582774000.0,189541000.0,0.9840867099643236,0.02166066101681372,,-0.009769214792554557,2011,2023,13,0.30102999566398114
864240,10,110121000.0,82346000.0,0.32099525428143405,-0.1712136154262154,0.042696132160170784,-0.16968895263796924,2011,2023,13,1.0
944695,4,5993500000.0,4962350000.0,,,,0.05084671808587563,2010,2023,14,0.6020599913279623
1386858,69,113584000.0,77894000.0,0.8904800770542142,-0.39709869476464366,0.16223247933096818,-0.4097614911308443,2012,2014,3,1.8388490907372552
71829,16,983953000.0,747763000.0,0.13578003441342415,0.04066353208760804,,-0.0050787670191117795,2011,2023,13,1.2041199826559246
1676238,57,471800000.0,355426000.0,0.42239102673719414,-0.22060066267466652,0.19474964236595207,-0.17069860147708601,2021,2023,3,1.7558748556724912
914139,59,25000000.0,144000.0,NaN,,36.095,-100.12544994594595,2011,2023,13,1.7708520116421442
1142512,24,85149000.0,85149000.0,0.2767714757230873,-0.1348317693434384,0.10630649858748092,-0.12351388537177815,2011,2013,3,1.380211241711606
1065049,28,249761000.0,228226000.0,-2.17384217788278,-0.7658328901199692,,-1.5864688374701852,2010,2013,4,1.447158031342219
1091907,2833,974207000.0,671789500.0,0.35486171582202186,0.08940028538725359,,0.04637736273769558,2011,2022,12,3.4522465745204367
858470,3,9514000000.0,1746278000.0,,0.16870690135173458,,0.25080786031712987,2009,2023,15,0.47712125471966244
1783328,9,21049000.0,13535000.0,,-17.639802298047627,16.23124322020293,-10.706266443262903,2021,2023,3,0.9542425094393249
1770121,3,,,,,,,2021,2023,3,0.47712125471966244
1679817,4,16629450.0,1411432.0,0.17399110635652626,-8.026111210265496,1.0218092021352985,-11.530144767482819,2017,2023,7,0.6020599913279623
880460,24,575857000.0,541964000.0,0.42413323105651807,-0.00499095025672872,,-0.03459045119584628,2011,2016,6,1.380211241711606
1652539,5,1604606.0,754334.0,-0.2818564079819485,-10.873520444553199,,-26.90824606881768,2017,2023,7,0.6989700043360187
1603494,150,23750.0,2520.0,,-inf,inf,-inf,2014,2018,5,2.176091259055681
1168081,4,7741915.0,1251809.0,,-inf,,-inf,2011,2023,13,0.6020599913279623
1574540,7,526635000.0,440125000.0,,,,,2013,2023,8,0.8450980400142567
1718852,36,3129000.0,2179000.0,,-49.75183907803869,48.97010004574129,-63.6041339827088,2021,2022,2,1.556302500767287
1711933,32,96633000.0,74859000.0,0.5463533850143468,-0.7116514346384926,0.258838919095807,-0.7468102296334216,2021,2023,3,1.5051499783199058
1135152,116,6335700000.0,5198200000.0,0.25300108010313793,,0.018313009373866315,0.0894009540992179,2009,2015,7,2.064457989226918
1360214,29,130193000.0,41372000.0,0.532705857547205,-1.5268802650673856,0.07702615359456667,-1.3005979651035262,2011,2023,13,1.462397997898956
807707,104,835577000.0,635920000.0,0.26745559630247395,-0.013513302211917653,,-0.007353554247106926,2011,2023,13,2.0170333392987803
1568100,11,370793000.0,292174500.0,0.955228657551472,-0.32381110964386156,0.29834086141323823,-0.3052370347686671,2019,2024,6,1.041392685158225
1723059,1,985757.0,958700.0,0.37688638677581904,-1.0650348592432217,,-0.9155167907197909,2021,2023,3,0.0
810208,1,76175350.0,76175350.0,0.0015057889461617176,-0.02707356119794658,0.009546972872458086,-0.029392014608400224,2011,2011,1,0.0
1378992,304,13850000000.0,7095000000.0,0.2137030985041078,0.06941724319453196,,0.02542089924709321,2012,2024,13,2.4828735836087534
1445305,13,537875000.0,324742500.0,0.7881421245969947,-0.15069701102881716,0.2953876906524788,-0.16512648905448493,2014,2023,10,1.1139433523068367
1607549,18,197554.0,197554.0,1.101788231468145,-13.395319760673031,,NaN,2014,2018,5,1.2552725051033058
1377149,58,9684618.0,5973985.0,,-2.5515371735331365,0.3518320867136007,-6.471370466181836,2011,2023,13,1.7634279935629371
899723,5,1544400000.0,1514535000.0,0.20274881454092628,0.031143739463829256,,0.02513317152741027,2010,2014,5,0.6989700043360187
1532346,22,,,,,,,2019,2022,4,1.3424226808222062
1170534,79,1104000000.0,824200000.0,0.4879394864962608,0.024773893710372048,0.10883926913409224,0.01916706258984394,2012,2017,6,1.8976270912904412
63296,250,1762403000.0,1480464000.0,0.3628576422886754,0.05925637850765405,,0.0358643362522537,2010,2024,15,2.397940008672037
903129,68,1204656000.0,917600000.0,0.36776113745876376,0.0785249627988136,0.10757948997174585,0.06937109318724839,2011,2023,13,1.8325089127062362
792130,31,41678000.0,30221000.0,,-0.22086639830551097,,-0.264500261222338,2012,2018,7,1.4913616938342726
1837607,3,,,,,,,2021,2023,3,0.47712125471966244
1584618,1,0.0,0.0,,-inf,,NaN,2014,2016,3,0.0
1387998,8,0.0,0.0,,NaN,,NaN,2011,2021,11,0.9030899869919434
1388686,5,86787000.0,86787000.0,0.04670054270800927,-0.04630877896459147,,-0.0836991715349073,2011,2011,1,0.6989700043360187
1637715,4,,,,,,,2021,2023,3,0.6020599913279623
1500861,2,66624.0,55192.0,0.9582208059211887,-inf,,NaN,2011,2019,9,0.30102999566398114
7332,36,15002000000.0,3038000000.0,,0.21134646696936746,,-0.2611372061217715,2009,2023,15,1.556302500767287
1563536,56,0.0,0.0,,NaN,NaN,NaN,2012,2020,9,1.7481880270062005
1855447,10,145233000.0,145233000.0,0.1705604098242135,-0.006169396762443797,0.06538458890197131,-0.048453175242541294,2021,2023,3,1.0
1098972,62,156314000.0,22573303.0,-inf,-inf,inf,-inf,2011,2023,13,1.7923916894982537
95052,67,1238273000.0,1238273000.0,0.4917582101823294,-0.040872638675166884,,-0.0006855180136066341,2012,2016,5,1.8260748027008262
1139463,45,,,,,,,2012,2012,1,1.6532125137753435
1580560,9,201149000.0,201149000.0,,-0.12758691947029357,0.18784874200009938,-0.229036467760917,2021,2023,3,0.9542425094393249
1419995,6,1191688.0,1168461.0,0.09026438061740827,-7.672177655084977,,-11.966974146681922,2011,2013,3,0.7781512503836435
1620179,46,1586222000.0,1292562000.0,0.25333016008914716,-0.040062425878799275,,-0.1711929868818098,2015,2023,9,1.6627578316815739
1598674,147,497000000.0,497000000.0,0.5108350100603621,-0.1850301810865191,,-0.18019114688128773,2020,2020,1,2.1673173347481756
1056239,109,7586000000.0,7516000000.0,0.13545658291723733,0.1878289403019254,,0.09536037406223795,2009,2015,7,2.0374264979406234
1327467,3,,,,,,,2013,2015,3,0.47712125471966244
1882963,26,,,,,,,2022,2023,2,1.414973347970818
1739940,157,195265000000.0,104525500000.0,0.6093635276786292,0.07799636470089115,,,2018,2023,6,2.1958996524092336
30302,16,492595000.0,482767000.0,0.30034005160419713,,,-0.0014115993456046327,2011,2013,3,1.2041199826559246
1503636,10,153145110.0,153145110.0,0.0,-0.3048213357906106,,-0.22365028174912016,2012,2012,1,1.0
1846253,41,59077000.0,46620500.0,,-0.6155373354895408,1.1593009228823679,-0.5557353315097968,2021,2023,3,1.6127838567197355
1482512,26,896835000.0,812626500.0,,,,,2011,2023,13,1.414973347970818
1488139,30,1824422000.0,717152000.0,0.18541546492960365,0.05480671015418824,,0.03329301021681393,2011,2023,13,1.4771212547196624
1326160,264,24598000000.0,18321500000.0,,0.18728267068646745,,0.09873377313475865,2009,2023,15,2.421603926869831
1478320,86,154344000.0,98382000.0,0.7433274499623612,-1.487174885468482,0.9111026379513083,-1.0328304802407124,2019,2023,5,1.9344984512435675
866970,62,127111351.0,91284860.0,-0.043573014705228,-0.8444485539662129,0.11685529299048066,-0.9996046965939517,2011,2016,6,1.7923916894982537
1546640,62,3309000000.0,3309000000.0,0.5876901380074545,0.20822000604412208,,0.10365669386521607,2013,2015,3,1.7923916894982537
1694617,1,3283041.0,2180600.5,,-0.9630808669122027,,-1.9586542113127818,2018,2023,6,0.0
200406,5697,93775000000.0,71312000000.0,0.6870562075815541,,0.0,0.17701072049898195,2009,2023,15,3.7556462194566795
1772720,8,79859000.0,21766000.0,0.26283905411642167,-1.2364176265104636,0.25174614716420696,0.2944759077204122,2020,2023,4,0.9030899869919434
1502034,52,2683298000.0,2480962000.0,0.34417340355633524,0.11190926157587995,,0.04293791126450872,2011,2019,9,1.716003343634799
1412126,3,320719.0,NaN,NaN,NaN,1.249029332242569,NaN,2011,2023,13,0.47712125471966244
895930,1,2566884000.0,2094416500.0,,0.17937081417689063,,0.05415246814015483,2010,2015,6,0.0
766701,1,,,,,,,2010,2020,10,0.0
1787297,3,,,,,,,2020,2023,4,0.47712125471966244
1474777,27,,,,,,,2015,2015,1,1.4313637641589871
1071840,90,0.0,NaN,,NaN,NaN,NaN,2012,2024,13,1.9542425094393248
885322,1,,,,,,,2011,2015,5,0.0
912463,122,2776530000.0,2407667000.0,0.40929420704341923,0.07807139289170509,,0.06555889383792049,2010,2023,14,2.086359830674748
1671927,37,4078000.0,4078000.0,0.7329573320255027,-42.81191760666994,40.10421775380088,-12.884502206964198,2023,2023,1,1.5682017240669948
1718224,4,12601169.0,8451870.0,,0.006177872069579858,,0.039095214341203575,2019,2023,5,0.6020599913279623
1609809,55,32100000.0,21766000.0,,-inf,inf,-inf,2015,2023,9,1.7403626894942439
943117,32,248053000.0,248053000.0,,0.05471814491257917,,,2011,2011,1,1.5051499783199058
844143,72,188755000.0,133954500.0,0.6295542863046266,-0.09546821463916955,,-0.039488694468075874,2011,2018,8,1.8573324964312683
855683,16,11281886.0,9622076.0,0.6203789600105843,-0.4710449438772928,0.057840368805395524,-0.5547960820069301,2011,2023,13,1.2041199826559246
1356576,70,667238000.0,258620500.0,0.9331142419479203,-33.512930028098815,24.63745304195966,41.649710408018045,2012,2023,12,1.845098040014257
1227025,2,371163000.0,306177000.0,0.2612392464850892,-0.04276499344472087,0.14419267505092848,-0.05425985382610324,2011,2021,11,0.30102999566398114
1409375,29,150841000.0,77383000.0,0.25533476888436757,-0.13224219780748206,0.023956021060616464,-0.13273044685311872,2011,2023,13,1.462397997898956
1455365,1,,,,,,,2021,2023,3,0.0
1159036,1,443310000.0,53392000.0,0.49735110071343797,-9.139948467622823,13.872267401156485,-10.480885920015938,2011,2023,13,0.0
6284,53,526725000.0,509527000.0,0.4223086569939355,0.06476793718138854,0.13330147660931682,0.05329671802940088,2012,2017,5,1.724275869600789
1088638,8,5229465.0,4264922.0,0.72505798419098,NaN,,NaN,2011,2023,13,0.9030899869919434
1316835,4,19893856000.0,6367284000.0,0.24459982823571597,0.049612057549732046,,0.009586311109488314,2011,2023,13,0.6020599913279623
786110,10,1275664000.0,1252202000.0,0.37571914399281264,-0.02866857194282657,,-0.1191222511568011,2011,2016,6,1.0
1565248,8,78130.0,42565.0,,-16.059964162293614,,31.49990833958055,2013,2014,2,0.9030899869919434
1400732,1,,,,,,,2011,2012,2,0.0
1143155,2,,,,,,,2011,2016,6,0.30102999566398114
1042773,4,6257000000.0,4901000000.0,,0.0941189311488263,,-0.06624165710796291,2011,2017,7,0.6020599913279623
1483173,1,2355492000.0,2355492000.0,0.2690270228045776,0.02921894873767349,,0.0024759158596165897,2011,2011,1,0.0
779152,69,1942884000.0,1354646000.0,3.9399183829482896,2.107483551589678,0.51622326838688,1.3893044720781005,2011,2024,13,1.8388490907372552
1041177,10,612075461.0,612075461.0,0.0794104694439,0.04056093332693197,,,2012,2014,3,1.0
1085869,25,906541000.0,485261000.0,0.3214466945376973,0.10246776397359461,,0.061700212555812275,2011,2023,13,1.3979400086720375
2488,308,23601000000.0,6494000000.0,0.38242697019929317,0.0007540117560033537,0.21550485545900472,0.005839346719175885,2010,2023,14,2.488550716500444
1127703,51,1124410000.0,812202500.0,,,,0.16480888069245128,2010,2023,14,1.7075701760979363
1402057,205,23748700000.0,12988700000.0,0.16834356810099896,0.05498642524050842,,0.026550785007254964,2011,2023,13,2.311753861055754
1538217,12,35763047.0,9881000.0,0.5875287584192168,-0.9915944240047458,,-1.4377090078841945,2012,2022,11,1.0791812460476247
1130591,24,41996000.0,14019000.0,0.8103840725829313,-8.573806738934389,3.635741226325529,-8.654947180026705,2010,2015,6,1.380211241711606
1589361,256,14715217.0,1103975.0,NaN,NaN,inf,NaN,2014,2022,9,2.408239965311849
1504937,2,20000.0,NaN,,NaN,,NaN,2011,2013,3,0.30102999566398114
844965,94,998775000.0,376346500.0,0.2648419890272246,0.3207525606777046,,-0.09713559111698201,2010,2023,14,1.9731278535996983
2491,4,997039000.0,887615000.0,0.728133166749343,0.242472633138588,0.11117645873897684,0.13474413659583995,2011,2014,4,0.6020599913279623
1317630,148,1562000000.0,1286000000.0,,0.5554672025032323,,0.2833149221811966,2010,2023,14,2.170261715394957
1325618,2,53303145.0,35055430.5,0.8021843244031872,0.3024963659803669,0.05933541910244353,0.17663215291593753,2014,2023,10,0.30102999566398114
55067,268,14792000000.0,13198000000.0,0.3585017933140521,0.12185647169949365,,0.08618086941406304,2009,2023,15,2.4281347940287885
1036044,12,112915000.0,78142000.0,0.4133658758010711,-0.14093737284553692,0.09467094164016984,-0.22528772367970545,2011,2023,13,1.0791812460476247
1001871,2,84885390.0,84885390.0,,-0.012361034483187665,,0.004315135973340053,2011,2013,3,0.30102999566398114
70793,119,3226124000.0,3081387000.0,0.4420488681365273,0.11890490843004356,,,2012,2015,4,2.0755469613925306
1405073,7,105349000.0,105349000.0,,0.011476141206845817,,-0.18900037019810345,2011,2018,8,0.8450980400142567
6281,302,12305539000.0,4271297500.0,0.6047249554789302,0.30417661993593414,0.18645694222667092,0.21721357348799566,2009,2024,16,2.4800069429571505
1000278,47,6914818.0,6914818.0,0.4320465122870913,-0.1099602332266735,0.0005784678642301214,-0.11011453952945688,2011,2011,1,1.6720978579357173
93456,138,619170000.0,560643000.0,0.34010264623594805,-0.018352426952165577,,-0.05609805545758229,2011,2013,3,2.1398790864012365
895665,33,12881675.0,2507500.0,-2.438910338778211,-14.217806885062593,1.3168319663886507,-14.560183088666022,2011,2022,12,1.5185139398778873
714530,3,,,,,,,2011,2014,4,0.47712125471966244
849547,13,188998000.0,176819000.0,1.765558542774111,0.025302058441817266,,-0.600086283981656,2011,2017,7,1.1139433523068367
1819133,5,37042000.0,24860000.0,,-3.5022131763225466,3.284229739924424,-3.368623919599923,2021,2023,3,0.6989700043360187
1129260,33,234185000.0,70667000.0,0.9427511013377428,-0.15456792682704534,0.2478326062910973,-0.10843744684628236,2012,2021,10,1.5185139398778873
1521476,3,5955704.0,1686985.0,46.140915966151546,-36.361015394693744,0.06368631220414996,-10.838029700771822,2011,2014,4,0.47712125471966244
1037649,15,2513456.0,2116780.0,0.44609705629960855,-3.053751880649822,0.5994752973213576,-2.920932143928559,2011,2016,6,1.1760912590556811
1131907,14,21918000.0,21918000.0,,-2.253490281960033,2.2527146637466924,-2.2866593667305413,2011,2011,1,1.1461280356782377
1407038,23,3683000.0,2570000.0,0.5195570226689625,-296.4229590637917,147.06055667837134,-326.26180396235225,2011,2015,5,1.3617278360175928
1035267,21,6222200000.0,1919600000.0,0.7698784390840532,0.3752542840838185,0.10191660552231094,0.30160293138565597,2009,2023,15,1.322219294733919
1564822,142,3144002000.0,2591183000.0,0.2790609723164357,0.15248150299738977,0.004766948473670221,0.07574023262422888,2013,2017,5,2.1522883443830563
93751,151,12131000000.0,10693000000.0,,,,0.13875904542817422,2009,2023,15,2.1789769472931693
1505732,7,1090000.0,1072000.0,,,,20.506142797515242,2014,2023,10,0.8450980400142567
1471261,3,,,,,,,2011,2017,7,0.47712125471966244
1357326,120,614498000.0,548141000.0,1.2013644588477992,0.1505313273082747,0.2363987178087162,0.10617382524498242,2010,2014,5,2.0791812460476247
1144879,3,165575000.0,55392000.0,NaN,-inf,,-inf,2022,2024,3,0.47712125471966244
1365216,28,128796000.0,47561000.0,3.686016781976324,0.34642175621255245,1.4242969158825574,0.1241339682833799,2011,2016,6,1.447158031342219
749647,15,500000.0,500000.0,,-41.51844533333334,23.175815999999998,-44.39465633333334,2011,2023,13,1.1760912590556811
1562738,5,3587.0,0.0,0.4424310008363535,-inf,inf,-inf,2013,2015,3,0.6989700043360187
1106213,1,23761.0,NaN,,NaN,NaN,NaN,2011,2023,12,0.0
835887,124,69429000.0,14048000.0,NaN,-1.8253209152204464,2.8307553420245952,-1.8599716928030863,2011,2019,9,2.093421685162235
1745999,4,51844000.0,21000.0,,-7777.587060594176,9382.442983866127,-4203.361288459395,2020,2023,4,0.6020599913279623
888228,2,12530000000.0,8359850000.0,0.7582601755786114,0.22625186639208053,,0.1492183914226514,2010,2013,4,0.30102999566398114
35527,204,600000000.0,562000000.0,,,,4.0469787482330295,2009,2023,15,2.3096301674258983
1502555,2,NaN,NaN,NaN,NaN,,NaN,2012,2017,6,0.30102999566398114
1636286,5,,,,,,,2015,2020,6,0.6989700043360187
1637736,27,6812446.0,4456608.0,-2.4587010312168354,-21.967842603794118,5.684605805283907,-33.6674818000183,2022,2023,2,1.4313637641589871
1052595,1,159304000.0,137307000.0,,0.025798317153328653,,-0.050700067667003273,2011,2019,9,0.0
1414475,16,2248356000.0,1403570000.0,0.5958411390367006,0.25093457983738854,,0.18284687679202113,2011,2018,8,1.2041199826559246
1263872,11,12664851.0,202636.0,NaN,-inf,,-inf,2011,2018,8,1.041392685158225
1050606,103,266536000.0,256072500.0,,0.10998630518013676,,-0.015402680820249039,2011,2022,12,2.012837224705172
1777835,10,648652000.0,631507000.0,,-0.07044370122927657,,-0.0012931622576317179,2020,2023,4,1.0
1053369,2,34155114.0,7568508.0,0.43833686377608216,-0.4963439417096784,0.8530254025423705,0.10943185704646255,2011,2023,13,0.30102999566398114
355627,2,18298569.0,16969053.0,0.7603938063543715,-0.029192354902250573,0.15560936196818098,-0.04646607722406546,2011,2014,4,0.30102999566398114
1728951,1,286506000.0,163228500.0,,0.5260278820921396,,0.2722319937634287,2018,2023,6,0.0
1260990,13,6673000.0,3845000.0,0.8849093361306759,-11.74490763381425,,-11.082400236555989,2011,2023,13,1.1139433523068367
1495231,54,41095937.0,20467926.0,0.5649673521780186,-0.4138586037869968,,-0.36799622962664025,2011,2023,13,1.7323937598229684
1368458,57,3952618000.0,3815565000.0,0.4965036201115242,0.11766609005740772,,0.054899413240367304,2010,2024,15,1.7558748556724912
1518171,21,NaN,NaN,,NaN,,NaN,2011,2019,9,1.322219294733919
916789,706,2223355000.0,1489747000.0,0.40755431714201973,0.10907837075249133,,0.07084639628765498,2011,2023,13,2.8488047010518036
1335190,2,391469000.0,66455000.0,,-1.0873009560550768,,-1.6784296988109966,2011,2015,5,0.30102999566398114
1397183,40,4468279.0,3225697.0,0.2967873612356275,-1.8144116134582278,,-2.413864091094834,2011,2023,8,1.6020599913279623
1557376,29,6491008.0,767187.5,0.7235653324826613,-4.0441325561412365,,-4.8884622223445975,2012,2023,12,1.462397997898956
85974,18,2140755000.0,1000825000.0,,,,,2010,2014,5,1.2552725051033058
1535469,1,1267028.0,NaN,0.44238564577894096,,,NaN,2012,2013,2,0.0
1671284,18,751163000.0,48013000.0,,-3.603149332721635,,-13.209992884140524,2021,2023,3,1.2552725051033058
1393935,4,1509286.0,802162.5,0.9485612226557432,-471.40160096801145,,192.15340447586283,2011,2014,4,0.6020599913279623
1368637,1,6847800.0,1173060.0,NaN,-inf,,-inf,2011,2022,12,0.0
1261249,9,19593000.0,2425000.0,-1.972617216581933,-33.890632601517225,6.4562662303131075,-33.8076756803507,2014,2023,10,0.9542425094393249
1420239,4,0.0,0.0,,NaN,,NaN,2011,2013,3,0.6020599913279623
1568139,2,0.0,0.0,,-inf,,NaN,2013,2021,9,0.30102999566398114
1419581,86,7434000000.0,6786000000.0,0.15772996011283005,0.014873593190367008,,-0.0013405281381993022,2011,2016,6,1.9344984512435675
1580185,20,,,,,,,2013,2017,2,1.301029995663981
895421,63,32403000000.0,26145000000.0,,,,0.07043310459718133,2009,2023,15,1.7993405494535815
829224,648,36176200000.0,21851350000.0,0.5657198562682438,0.12106886206622676,,0.10469751915575665,2009,2024,16,2.811575005870593
933036,2,4583451000.0,3019461500.0,0.6110279208474481,0.024235964876537206,,0.02944546319584582,2010,2023,14,0.30102999566398114
861459,27,3562459000.0,294205000.0,0.6837243868173962,0.08694137108200682,,0.07464883597106328,2010,2023,14,1.4313637641589871
1556179,25,2777950.0,1430338.0,NaN,-inf,,NaN,2013,2022,10,1.3979400086720375
1561032,26,381612000.0,302566000.0,,-0.08019908828097558,,-0.13662520872489398,2013,2023,11,1.414973347970818
1847590,4,261714000.0,149970000.0,0.3201391488229919,0.007313826875477569,,0.018315896157932325,2021,2023,3,0.6020599913279623
50863,688,79024000000.0,59387000000.0,0.5803097274459229,0.23991731045778694,0.18312523579019582,0.18525715212429567,2009,2023,15,2.8375884382355108
1203957,28,265000.0,265000.0,,-61.37358490566038,55.25283018867925,-0.21132075471698114,2011,2011,1,1.447158031342219
1815974,2,,,,,,,2021,2024,4,0.30102999566398114
1550695,3,255302000.0,155937000.0,,0.03167608081603333,,0.013167785558356038,2012,2023,12,0.47712125471966244
1006837,69,1774100000.0,980400000.0,0.21446532164168838,-0.02970008411949306,,-0.022964800091781395,2012,2023,12,1.8388490907372552
1180145,65,258973000.0,181544000.0,0.7805730023870585,-0.13989328729035366,0.14199134382819675,-0.12222164441056785,2012,2022,11,1.8129133566428552
920448,14,17554000.0,11513500.0,0.7267412616446822,-0.9347038908361224,0.692545512509655,-0.8897119631150279,2011,2018,8,1.1461280356782377
1168054,8,2362969000.0,1918249000.0,,0.17180054584860938,,-0.0060483077720125174,2009,2020,12,0.9030899869919434
1420108,7,313229.0,3505.5,NaN,NaN,NaN,NaN,2011,2016,6,0.8450980400142567
909724,41,83430912.0,76229000.0,0.6110790735647803,0.07773736181896537,,0.043405823702163136,2011,2023,13,1.6127838567197355
1141982,91,6521300000.0,5069600000.0,0.32375833995541015,0.10171583855391524,,0.12832888455290273,2009,2011,3,1.9590413923210932
1561550,29,2128359000.0,362780000.0,0.9024076424425139,-0.0445758939726017,0.2863675498489756,-0.04646124523607721,2019,2023,5,1.462397997898956
1806837,93,491624000.0,433144500.0,0.6153906679707819,-0.08528704958549037,0.10109471369701856,0.020507011573489976,2020,2023,4,1.968482948553935
1828318,27,6202000.0,3101000.0,-inf,-inf,inf,-inf,2021,2023,3,1.4313637641589871
58592,243,14478000.0,4100000.0,-inf,inf,,-inf,2011,2014,4,2.3856062735983117
1271214,8,109142000.0,79631000.0,0.7367656193434486,-0.47021418529222114,0.2470190363716454,-0.49393239233565567,2014,2021,8,0.9030899869919434
1504008,68,23402000.0,21682000.0,,,,16.936327640157693,2011,2023,13,1.8325089127062362
1603652,41,148508000.0,148508000.0,0.25507716755999676,-0.33505265709591403,0.11267406469685134,-0.6463086163708353,2023,2023,1,1.6127838567197355
1526689,5,5214992.0,4565216.5,1.1135677504085464,-9.880332460406004,4.474247592568045,-10.597935065264506,2012,2019,8,0.6989700043360187
277905,20,NaN,NaN,,NaN,,NaN,2011,2017,5,1.301029995663981
1615165,84,149728000.0,49648000.0,0.848547963438305,-1.924920958473206,0.6802911350191351,-2.026877313933567,2017,2023,7,1.9242792860618814
1554875,4,68652000.0,68652000.0,0.7831381460117695,-2.1771543436462157,0.6289547281943716,-2.296495367942667,2017,2017,1,0.6020599913279623
89800,289,23051900000.0,11129533000.0,0.4415132996799226,,,0.07778771000251232,2009,2023,15,2.4608978427565478
932372,1,38120000.0,35609000.0,0.46221845664775796,-0.13541433351668627,0.016543051759163187,-0.19862934269097893,2011,2014,4,0.0
1600347,1,197073.0,69915.0,NaN,-inf,inf,-inf,2014,2023,10,0.0
717954,66,2427431000.0,1529502000.0,0.34164585788988994,0.11282249340370962,,0.07326991869931618,2011,2024,14,1.8195439355418683
1421981,1,1785.0,493.5,,-inf,,-inf,2011,2014,4,0.0
743758,3,9738638.0,2931089.0,0.48221705065681236,-0.6506072053342629,NaN,-1.0916010826110063,2012,2023,11,0.47712125471966244
1360604,3,767073000.0,371505000.0,,0.1917124342978505,,-1.8050065888977125,2011,2023,13,0.47712125471966244
1805387,7,,,,,,,2020,2023,4,0.8450980400142567
1617669,14,175288000.0,152489000.0,0.1951946453518322,0.0355547293710063,,0.00019054710114720444,2015,2021,7,1.1461280356782377
1484504,32,215235000.0,101717000.0,0.923072479713427,0.12012325875213319,0.2871029032941762,0.01621951445804716,2013,2016,4,1.5051499783199058
1023459,61,59577000.0,19972079.0,0.8143978188319998,0.316269580850257,0.07305615228055677,0.260529960630166,2012,2024,13,1.785329835010767
20212,294,1597200000.0,1325600000.0,,0.14070852527920888,,0.23613149159108118,2011,2023,13,2.468347330412157
1369786,7,288983000.0,183615000.0,0.15454694494879676,-0.01551294920480264,0.09369818164113337,-0.026123493735243968,2011,2015,5,0.8450980400142567
316300,2,1490258000.0,585835000.0,,-0.6390542221111942,,-0.5895778368121074,2010,2018,9,0.30102999566398114
1069878,78,1196952000.0,479616000.0,0.35309875178668937,0.16942464959927092,,0.11149351239152164,2011,2023,13,1.8920946026904801
1722684,178,2053000000.0,1317000000.0,,0.26865111457432617,,0.10470838834729773,2018,2023,6,2.2504200023088936
934739,1,,,,,,,2015,2015,1,0.0
858452,1,94307000.0,94307000.0,0.5266311090375052,0.21775690033613623,,0.20187260754769,2011,2011,1,0.0
1088120,1,220978.0,220978.0,-14.820208346532233,1.2999438858166876,3.7227552064006373,-5.460679343645069,2011,2011,1,0.0
751365,53,231064000.0,173417000.0,0.3450669376874221,0.025254762879305052,,-0.003447454901988767,2011,2023,13,1.724275869600789
1486957,163,3291359000.0,1894920000.0,0.23058820566002847,0.14680847711965553,0.015612332220902398,0.10894568202501431,2011,2023,13,2.2121876044039577
1813744,5,14515175.0,8383179.0,27.31883872330782,0.4096954654801514,NaN,-2.6956874703499345,2020,2023,4,0.6989700043360187
69891,34,1138013000.0,975734000.0,0.36533484853669973,0.17801877276703787,,0.10501441107551582,2012,2024,13,1.5314789170422551
1625285,13,5600.0,0.0,,-inf,,-inf,2016,2023,8,1.1139433523068367
1269127,8,20043977.0,17771090.5,0.5356919511768965,0.028006852351347707,0.0352877108788787,-0.1495850818613757,2011,2015,5,0.9030899869919434
14177,9,265898000.0,140063000.0,0.31379084984632893,0.1765826772905358,,0.0505740419824942,2011,2023,13,0.9542425094393249
1519472,15,44718030.0,44718030.0,0.16730470908490377,0.010820042832834989,,-0.15370261167587213,2023,2023,1,1.1760912590556811
915735,84,127476277.0,127476277.0,0.6464270210840877,0.04568473552141784,0.06069462634212325,0.032290486487929045,2011,2011,1,1.9242792860618814
1383145,4,NaN,NaN,NaN,NaN,,NaN,2011,2014,4,0.6020599913279623
1428397,4,4654489.0,70575.0,NaN,-inf,inf,-inf,2011,2015,5,0.6020599913279623
840883,100,81607000.0,76128000.0,0.36569780215018527,-0.05322350344886682,0.09368777688497311,-0.15494163782208556,2011,2013,3,2.0
1553023,11,1205700000.0,529100000.0,0.5971142124092456,0.09899226255925078,,-0.030868048031758532,2014,2021,8,1.041392685158225
1776909,27,78043000.0,48255000.0,,-1.2802988734328848,,-1.2469144225739215,2020,2023,4,1.4313637641589871
844161,74,29365000.0,24444000.0,5.251401727534475,0.16230561698563778,,,2011,2019,9,1.8692317197309762
733269,283,1130624000.0,700747000.0,0.4767590117415054,-0.15023637022563127,0.2282214786176822,0.6576470134384232,2010,2023,14,2.45178643552429
911147,34,550206000.0,164455000.0,0.9414776578193862,0.08859903971295803,,0.03212353375973023,2011,2023,13,1.5314789170422551
915324,54,19337000.0,17713000.0,1.2982006460270208,0.17381186326731138,0.23685163158711278,,2011,2012,2,1.7323937598229684
1850838,19,2073000.0,1108500.0,,-123.64439118025406,92.7125994934877,-260.5826097443319,2021,2023,3,1.2787536009528289
1349365,1,NaN,NaN,NaN,NaN,NaN,NaN,2011,2011,1,0.0
95552,74,1385283000.0,822172000.0,0.09611956689692919,0.03870718085855296,,-0.021519695662705778,2011,2023,13,1.8692317197309762
1411861,25,17620000.0,17620000.0,3.2703745743473327,-2.059194097616345,0.9997446083995459,-2.021509648127128,2011,2012,2,1.3979400086720375
1274644,8,8538000.0,213000.0,,-2.4428137173118882,52.00719700558927,-157.30316543039504,2011,2016,6,0.9030899869919434
1082198,12,120023466.0,73762148.0,0.10941812475900208,0.01767579307122106,,-0.02783386423945618,2011,2015,5,1.0791812460476247
1556593,4,4920801000.0,3116701000.0,,,,,2020,2023,4,0.6020599913279623
1176316,1,,,,,,,2011,2017,7,0.0
878522,70,516097000.0,501238000.0,0.19316988981887007,0.15613769738702193,,0.05392936233762137,2011,2012,2,1.845098040014257
1389067,7,262.0,234.0,3.0011566042100397,NaN,7176.210149370381,NaN,2011,2022,12,0.8450980400142567
746515,58,17071284000.0,6564721000.0,,0.10390883973000867,,0.06824580890693958,2009,2023,15,1.7634279935629371
1428522,36,238645000.0,238645000.0,,-5.32256561679663,2.6124940905768264,-5.314714858332665,2011,2021,11,1.556302500767287
1615942,13,,,,,,,2015,2018,4,1.1139433523068367
1092562,12,0.0,0.0,,-inf,inf,-inf,2011,2011,1,1.0791812460476247
787253,94,178520000.0,121946000.0,0.17457915783259603,0.055460381387358225,,0.032894785867348064,2012,2024,12,1.9731278535996983
701811,127,1244133000.0,1156373000.0,0.8257763239065772,0.08147353819164113,,0.08781593142821187,2010,2016,7,2.103803720955957
1785424,3,247200000.0,221588000.0,0.2406755381259882,-0.05284405740919113,,-0.04716996087342241,2020,2023,4,0.47712125471966244
1641398,1,23191354.0,NaN,NaN,NaN,,NaN,2016,2023,8,0.0
1179484,67,1755000.0,977500.0,,,,,2013,2014,2,1.8260748027008262
13239,40,4890000000.0,4140000000.0,0.14284781346445738,0.04698941161677681,,-0.030546551468295224,2011,2020,10,1.6020599913279623
1401667,6,250991000.0,225110000.0,0.7579616150298378,-2.488002370271232,4.535559799110223,-3.7011161849659824,2011,2023,13,0.7781512503836435
1422109,3,12470718.0,6938804.0,0.3384877315613176,-2.1483760371816887,,-2.015784418773191,2011,2014,5,0.47712125471966244
1586988,84,2335323.0,633615.0,0.3188129925960449,-3.388188324198012,,-4.073479449149059,2014,2016,3,1.9242792860618814
101462,4,3730925000.0,3706089000.0,0.15117512164524025,0.05160302603015478,,-0.001350279258440217,2012,2016,4,0.6020599913279623
1512931,16,,,,,,,2022,2023,2,1.2041199826559246
1205181,1,3672353.0,1052541.0,NaN,NaN,0.013222994787936222,NaN,2011,2021,11,0.0
1559865,37,694709000.0,407144000.0,,0.2445213282832321,,0.19051532462593865,2013,2023,11,1.5682017240669948
1660134,69,2263000000.0,492660500.0,0.7125140537181848,-0.4331328104164481,0.3891540545978218,-0.5482931117732855,2017,2023,7,1.8388490907372552
941548,117,10381000000.0,6959000000.0,0.34530187529090905,,,0.07904897173489123,2009,2015,7,2.0681858617461617
923601,4,52919228.0,41418304.0,0.23327293851166037,0.004568993369944598,,-0.014320338133639195,2011,2023,13,0.6020599913279623
1703647,29,36984000.0,32965500.0,,-2.3700923930846036,1.5462531122337526,-1.9304432469149229,2019,2023,5,1.462397997898956
352736,14,4203000000.0,3422000000.0,,,,0.16802448419210386,2011,2019,9,1.1461280356782377
1357615,1,12105000000.0,7147500000.0,0.11452960507352578,0.05935094855079302,,0.03443697305803803,2009,2023,15,0.0
1091883,7,1013470000.0,797810000.0,0.3262320074947792,0.0383855576075873,,-0.02968287919015895,2011,2022,12,0.8450980400142567
795551,35,80683000.0,80683000.0,0.40706220641275115,0.06968630318654487,0.020407025023858806,0.03224347136323637,2011,2012,2,1.5440680443502754
1047340,14,4493900000.0,4056500000.0,0.08197583427341483,0.03295463180026669,,0.01904939630046412,2010,2023,14,1.1461280356782377
1595262,83,2921000000.0,2682000000.0,,0.10805614851899585,,-0.024645659481925666,2014,2015,2,1.919078092376074
1287098,81,44261500.0,44261000.0,0.8649706592376356,-0.5825746399848183,0.5314638535712003,-0.5372041417319543,2021,2023,3,1.9084850188786497
351569,7,,,,,,,2011,2023,13,0.8450980400142567
1370450,50,353755000.0,272252000.0,0.40995143383294297,0.03237744186938683,,-0.023880934545094767,2011,2023,13,1.6989700043360185
1708527,9,47390000.0,45036000.0,0.43512735057500534,-0.6770015687955162,0.15454423907410128,-0.6965035905328557,2020,2023,4,0.9542425094393249
902739,491,23812000000.0,20201000000.0,,0.1248204844923976,,0.10836171012898202,2010,2012,2,2.691081492122968
1630391,1,0.0,NaN,,NaN,,NaN,2015,2016,2,0.0
1725134,46,427935000.0,381442000.0,0.3103906825650091,-0.04786050784536475,,-0.07017399657141932,2018,2023,6,1.6627578316815739
728303,53,113521000.0,108397500.0,0.17075255699575703,0.006388197040264401,,-0.007595455484235589,2011,2014,4,1.724275869600789
1077771,4,83312000.0,83312000.0,,,,4.543475129633186,2019,2022,4,0.6020599913279623
1326428,2,4983303000.0,1176372000.0,,0.12795415264259075,,-0.6624842755469829,2010,2018,8,0.30102999566398114
1517498,2,6833768.0,460874.0,2.7639972539128457,-2.178203486597357,,-1.0511579021817834,2013,2021,9,0.30102999566398114
888981,12,4627200.0,1951900.0,0.7368532100984535,0.2638664937191448,0.09082388142072007,0.22041898004373728,2011,2023,11,1.0791812460476247
1068717,24,783273000.0,600637500.0,0.21459346214564248,0.05596879792659144,0.005508611854748934,-0.028676444900178517,2011,2014,4,1.380211241711606
1168325,1,343453.0,230599.0,NaN,-26.64593991933994,,-25.278061732413462,2011,2015,5,0.0
100548,12,1381260000.0,1041581000.0,,0.21726615636457686,,0.10597542631599757,2011,2018,8,1.0791812460476247
1055355,16,305974000.0,305974000.0,0.7080928444900547,,0.13419114042369612,0.003595076705863897,2011,2011,1,1.2041199826559246
1113513,47,3452888.0,2197079.0,0.6864265369534668,-2.9358343976398924,1.0888392924735724,-9.395956739203552,2011,2021,11,1.6720978579357173
31347,76,152699000.0,107441000.0,0.47806780585886893,-0.27765936653605233,0.22320294723795892,-0.21263656922057958,2011,2017,7,1.8808135922807911
1446847,65,442735000.0,273957000.0,0.955675386887582,-55.63465153671405,77.62385257685334,-153.627999520118,2011,2023,13,1.8129133566428552
1419852,487,2541672000.0,1007337000.0,0.3965113649592743,0.05913584784220967,,,2011,2015,5,2.687528961214634
1381871,2,201675.0,NaN,NaN,NaN,14.86825,NaN,2012,2023,13,0.30102999566398114
1260996,3,,,,,,,2011,2011,1,0.47712125471966244
86144,847,44206500000.0,42340100000.0,0.2683504874133998,0.026486159673080396,,0.012856088561001192,2009,2014,6,2.9278834103307068
1817713,2,8083000.0,3637000.0,,-inf,inf,-inf,2021,2023,3,0.30102999566398114
1539551,26,7045892.0,3225277.0,-0.04969714679951766,-0.497172111068407,0.009538949771417265,-inf,2012,2018,7,1.414973347970818
1651235,3,478412000.0,385166000.0,0.42444267576780687,0.12575308616876385,0.2418268663157434,0.13664613405755216,2016,2020,5,0.47712125471966244
50104,84,,,,,,,2010,2017,8,1.9242792860618814
1210677,207,763761000.0,472369000.0,,0.07145267788114884,0.07542906495931186,0.0860336458054685,2021,2023,3,2.3159703454569174
866729,1358,2139100000.0,1644850000.0,0.5125113823826223,0.030350688053451758,,0.038519475973964976,2011,2024,14,3.1328997699444825
104889,84,4684041000.0,2889121000.0,,0.0727074127288413,,0.0674923869875489,2010,2023,14,1.9242792860618814
1342505,6,478793000.0,478289000.0,0.27904820432170646,0.13018465171529597,0.0051379704769831305,-0.05123058905434512,2011,2012,2,0.7781512503836435
1002517,91,1939362000.0,1839185500.0,0.5736796697892982,0.024745177034611696,0.12287447177466876,0.03429603867436848,2010,2021,12,1.9590413923210932
82473,1,17068036.0,7484398.0,,-0.1548594112747363,,-0.03861311315771736,2011,2023,13,0.0
14272,5009,46385000000.0,19484000000.0,0.699676861250257,,0.2648191581855237,0.22310427188460763,2009,2023,15,3.699751031689514
1514113,1,,,,,,,2013,2018,4,0.0
930803,3,44640360.0,44640360.0,0.28953014715831143,-0.10265152431566411,0.0857658405980597,-0.05697646703566011,2012,2013,2,0.47712125471966244
741114,32,10507038.0,9513606.0,0.6119834653217121,,,-0.04933412789256245,2012,2014,3,1.5051499783199058
1624326,39,2452000.0,NaN,NaN,NaN,NaN,NaN,2016,2023,8,1.591064607026499
1839998,4,1279185000.0,1279185000.0,0.17586822859867807,0.0007121722033951304,,,2021,2023,3,0.6020599913279623
1092699,48,450875000.0,158518000.0,0.7171220814954307,0.07773696390602639,0.10513886715938654,0.09191410192062643,2011,2023,13,1.6812412373755872
1329548,2,4712299.0,4712299.0,0.22124933074068517,-0.30444714989435095,,-8.807933452440093,2011,2011,1,0.30102999566398114
1823587,4,1845000.0,1845000.0,,-10.221138211382113,,-8.072357723577236,2021,2023,3,0.6020599913279623
1015593,4,,,,,,,2011,2014,4,0.6020599913279623
1476638,14,3253436.0,2608809.0,0.9465612827316353,-2.595608909557264,0.6793065000670552,-3.7007172313704024,2011,2013,3,1.1461280356782377
1054274,5,19565000.0,2024117.0,0.322095021721342,-3.639459274048653,0.07910218314502727,-5.817816718028066,2011,2018,8,0.6989700043360187
849401,6,5271231.0,3485992.0,0.4555318083749429,-0.10745223503532626,0.09247379306375499,-0.045168157859289154,2011,2023,13,0.7781512503836435
711377,146,924222000.0,361594000.0,0.545535357963449,0.17747382021325006,0.03665888451314517,0.15446049043516943,2012,2024,13,2.1643528557844367
1254595,4,,,,,,,2011,2016,6,0.6020599913279623
1353283,77,2673664000.0,949955000.0,1.1174594476257627,-0.27863654226328705,0.25756225407919864,,2012,2022,11,1.8864907251724818
1607716,30,290321000.0,73034500.0,0.36662136631358494,-21.533859674676695,0.33528326764846933,0.9502174615686139,2014,2019,6,1.4771212547196624
1038280,9,16896000.0,16002500.0,3.3789737362413934,1.2621546704584312,,,2011,2012,2,0.9542425094393249
1774155,9,108569000.0,108569000.0,0.33798782341183947,-0.451491678103326,0.3358969871694498,-0.2100323296705321,2020,2021,2,0.9542425094393249
1743745,47,185006000.0,138304000.0,0.19732759871149425,-0.6521559557428516,,-0.1646979031007496,2019,2023,5,1.6720978579357173
1109196,6,366368.0,231114.5,,-inf,inf,-inf,2011,2017,7,0.7781512503836435
1520118,1,6550133.0,380288.5,NaN,NaN,NaN,NaN,2011,2024,13,0.0
1609151,8,170468000.0,142117000.0,0.5280775121771213,-0.5571841043398054,0.32165675869886434,-0.44752626008029606,2021,2023,3,0.9030899869919434
858339,9,8818600000.0,8516000000.0,,0.0285986392398107,,-0.009483499317324277,2011,2019,9,0.9542425094393249
1366246,80,411381000.0,236523000.0,0.49461137928993376,-0.1268592676047933,0.3044844482082204,-0.061436323941887826,2011,2020,10,1.9030899869919433
1862935,22,,,,,,,2022,2023,2,1.3424226808222062
836429,3,75019000.0,62796000.0,0.5216058239329925,0.07273555991439826,0.05670972671654138,0.06791213988452524,2012,2015,4,0.47712125471966244
1378453,89,7995724000.0,6784529500.0,0.22148852397109975,0.0075847648038230575,,0.00037869535882167226,2011,2022,12,1.9493900066449126
1852407,1,,,,,,,2022,2022,1,0.0
1820190,2,46743000.0,42388500.0,0.8040126159064735,-0.8468578543101547,0.2277973509270012,-2.385408175067517,2021,2023,3,0.30102999566398114
1094810,1,,,,,,,2011,2019,9,0.0
766421,9,10426000000.0,5764500000.0,,0.10008212639110999,,0.06353433365956364,2010,2023,14,0.9542425094393249
1404123,12,623315000.0,296450500.0,0.2956155234659888,-0.18076055066451419,,-0.23440197394822512,2019,2022,4,1.0791812460476247
51143,3794,79591000000.0,41875000000.0,0.985934803147984,,0.13722211558821507,0.15072955012574404,2009,2023,14,3.5790973265526436
1649904,47,23638000.0,3154000.0,0.6811874302398384,-39.30530970475925,24.017376518422225,-35.9043523902567,2017,2023,7,1.6720978579357173
15615,12,7951781000.0,5727839000.0,,,,0.0277694415663666,2011,2023,12,1.0791812460476247
1205922,3,724000.0,546500.0,-0.14617290176732192,-145.71672006177565,99.89895794548123,-163.07904933625485,2018,2023,6,0.47712125471966244
1125345,52,157742000.0,77447000.0,0.9866858501090956,-1.0153839985879343,1.7255269960338218,-1.0222266928093218,2013,2023,11,1.716003343634799
68709,20,892518000.0,492315500.0,0.4476162281157191,0.06506456926307118,0.04647247557154105,0.04453872075590703,2011,2020,10,1.301029995663981
766829,6,620698000.0,564526000.0,,0.19524359165261726,,0.09602914562389016,2011,2023,13,0.7781512503836435
1438231,143,44375000.0,25213000.0,0.7131570231088826,-0.753441707819596,0.5997333490389335,-0.7882128060374629,2011,2023,13,2.1553360374650614
1254419,40,,,,,,,2010,2014,5,1.6020599913279623
1314727,54,1752336000.0,1326328000.0,0.4440292276881717,-0.011371457510092595,0.1553883432998862,0.013347757876465022,2018,2024,7,1.7323937598229684
1805890,5,1461000.0,1461000.0,,-57.78235274545593,42.47704150505742,-58.73897682333257,2020,2023,4,0.6989700043360187
1084577,7,38391000.0,37389500.0,0.5601094940235203,-0.4897151904710724,0.4576902290164757,-0.5547118877940893,2018,2021,4,0.8450980400142567
1575189,53,1330661000.0,1118110000.0,0.7812242190586308,0.22980182703314517,0.06979425027059293,,2015,2019,5,1.724275869600789
1542013,21,54388.0,54388.0,NaN,-2.6200448628373905,,NaN,2012,2016,4,1.322219294733919
1163609,8,703148409.0,397228087.0,0.046382548642350016,0.04076510273345982,,0.034122530154926785,2011,2023,13,0.9030899869919434
1375151,46,81690000.0,13643000.0,-inf,NaN,inf,NaN,2011,2021,11,1.6627578316815739
1041061,112,11833000000.0,7971000000.0,0.39127469415412475,0.2386374389539745,,0.1665494624738221,2009,2023,15,2.049218022670181
887936,89,3489242000.0,1781972000.0,0.35902313074280484,0.10280477456225874,,0.050036763454979094,2010,2023,14,1.9493900066449126
1317880,1,359143.0,226020.5,-4.6487057713870925,NaN,,NaN,2012,2015,4,0.0
23082,313,16740000000.0,14888500000.0,,,,0.011432428021274234,2009,2016,8,2.4955443375464483
1021917,6,107760.0,NaN,,NaN,,NaN,2012,2024,7,0.7781512503836435
1062292,184,25420000.0,18406000.0,inf,inf,inf,0.31748691234288173,2011,2017,7,2.2648178230095364
1507277,1,,,,,,,2011,2016,6,0.0
1408443,11,,,,,,,2019,2023,5,1.041392685158225
1748232,1,,,,,,,2018,2023,6,0.0
1062822,66,130014000.0,2222000.0,NaN,NaN,inf,-inf,2011,2023,13,1.8195439355418683
906163,7,8951025000.0,7350298500.0,,,,0.14695369121258453,2010,2023,14,0.8450980400142567
1120370,20,241268000.0,178220000.0,0.06521748695033894,-0.11121895978757065,,0.004526955918266663,2011,2023,13,1.301029995663981
1056903,5,491528000.0,466908000.0,0.8854103709541448,0.2500276881569192,,0.14966066452640422,2011,2023,13,0.6989700043360187
1346346,39,2561260.0,2084734.5,0.32961255664242817,-0.3548603209585038,0.0972532069272874,-0.27797791200585087,2011,2014,4,1.591064607026499
796343,695,15785000000.0,3342843000.0,1.4589819790389857,0.4097620589398366,,0.3024563746130496,2009,2023,15,2.8419848045901137
1447669,70,3826321000.0,892267500.0,0.7513477589953781,-0.2928278784924715,0.4670773296271369,-0.40646713488235253,2016,2023,8,1.845098040014257
352998,28,65904000.0,37800500.0,0.21433135226290498,-0.48418712608028863,0.29911037429654785,-0.49682351864343455,2011,2020,10,1.447158031342219
1617553,51,904649000.0,429559000.0,1.0472448054250494,0.08228634148827947,0.15315484155228568,0.023754395584051107,2021,2023,3,1.7075701760979363
1723580,1,160833000.0,57790000.0,,-0.7330630222921826,,-0.998241539600015,2018,2023,6,0.0
1372954,13,NaN,NaN,,NaN,,NaN,2011,2020,3,1.1139433523068367
1527469,9,26320000000.0,11776000000.0,,,,0.14582087538645797,2016,2023,8,0.9542425094393249
1411879,148,23990000.0,735717.0,0.38831943480672876,-3.752619897250832,inf,-inf,2011,2018,8,2.170261715394957
1996210,1,33229000.0,33229000.0,0.5459086942128863,-5.561708146498541,,-0.42523097294531886,2023,2023,1,0.0
720154,16,572425000.0,16938500.0,0.880157431860243,-0.1171834380111413,0.06610783741255795,-0.09455600483377953,2011,2024,14,1.2041199826559246
1323653,27,867356000.0,867356000.0,0.12670575865042727,0.06074091837722919,,0.02360334164979547,2011,2012,2,1.4313637641589871
1057058,8,2117287000.0,1505366000.0,0.4369562745095325,0.1963909146254643,,0.10280900159019647,2010,2015,6,0.9030899869919434
1158863,65,476095000.0,267832000.0,0.6748464067045442,0.08686688978602923,,0.05546379102627822,2012,2018,7,1.8129133566428552
857005,247,2097053000.0,1255631000.0,0.7588334640011869,0.1059486982745145,0.18708836281757787,0.08953249018325714,2010,2024,15,2.392696953259666
1559356,7,16197.0,NaN,NaN,NaN,NaN,NaN,2013,2023,11,0.8450980400142567
883902,20,5583137000.0,1684928000.0,0.24157094444245414,-0.0356102921494122,,0.017170426370374844,2011,2023,13,1.301029995663981
1496818,5,4765650.0,2833855.0,0.1871485456881379,-5.716718439154753,0.011133207085503218,-26.556727313414623,2012,2018,7,0.6989700043360187
1608249,28,2604000000.0,1347100000.0,,0.12536950602281,,-0.0548420607895806,2015,2019,5,1.447158031342219
1372299,14,6036000.0,0.0,,-inf,inf,-inf,2015,2023,9,1.1461280356782377
1412665,3,,,,,,,2011,2023,13,0.47712125471966244
861441,1,,,,,,,2011,2023,13,0.0
910638,215,646069000.0,442198000.0,0.5919228224016039,-0.06258360750543274,0.148530035283314,-0.18734028602848898,2011,2023,13,2.332438459915605
1102414,4,,,,,,,2011,2013,3,0.6020599913279623
1422222,1,2880248.0,0.0,NaN,-inf,,-inf,2011,2016,4,0.0
1546381,40,164830000.0,102577500.0,0.28051381391501157,-0.2549081351591397,,-0.38077968045065924,2014,2017,4,1.6020599913279623
1609550,32,624799000.0,115381000.0,0.7892282839359778,-0.384804263445426,0.17816529925500132,-0.4389781950653433,2018,2023,6,1.5051499783199058
92679,9,397562000.0,323376000.0,0.17857929333905584,0.03412415766755902,0.004942820957497847,0.008002533276914598,2012,2018,6,0.9542425094393249
1069899,273,942261000.0,823988500.0,0.3126663428253599,0.09385029624542954,,0.06486086448257551,2014,2024,10,2.436162647040756
1498372,5,85769.0,34700.0,inf,-inf,1.763399363406359,NaN,2012,2023,6,0.6989700043360187
1875746,72,0.0,0.0,,-inf,,-inf,2022,2022,1,1.8573324964312683
1324424,531,12067000000.0,5481242500.0,0.8093217589096664,-0.026846007522983613,,0.008380682118556188,2010,2023,14,2.725094521081469
312257,12,78904175.0,35172388.0,0.2611089570981709,0.016149289965813593,,-0.0609702403462786,2011,2023,13,1.0791812460476247
5513,63,13162100000.0,10731300000.0,,,,0.08174398343222548,2009,2023,15,1.7993405494535815
1384101,80,219514000.0,65085000.0,0.6100124452775301,-0.5275282939782316,0.2347250781334016,-0.2376444746996843,2013,2023,11,1.9030899869919433
1125699,5,3552440.0,1254154.5,0.9609749366258963,-1.563819252529372,0.3856436751508419,-1.4206487932782652,2011,2022,12,0.6989700043360187
1134765,53,26424000.0,6121097.0,0.39677381409915646,-2.0121378703922512,0.05249591432253801,-1.7070174408659804,2011,2023,13,1.724275869600789
1294157,4,3654600.0,2932930.0,,-1.0613606271235119,,-1.2228156866336788,2011,2014,4,0.6020599913279623
1043121,43,1847186000.0,1547057000.0,,0.35085229981928306,,0.2088541026346072,2009,2014,6,1.6334684555795864
707179,16,,,,,,,2010,2023,14,1.2041199826559246
714256,38,45842845.0,5906297.0,0.6585225755186812,-0.3270001307225594,0.03496970125452687,-1.4086504958430697,2011,2023,12,1.57978359661681
105770,178,2886900000.0,1554100000.0,0.3213058296792487,0.16054898299285109,0.02464962979746228,0.1556683561355767,2010,2023,14,2.2504200023088936
1595140,6,89878.0,45939.0,0.40028794588219585,-4.8285,,-3.2313409455039053,2014,2015,2,0.7781512503836435
1453814,168,458493000.0,458493000.0,0.910399940675212,0.10618700830765138,,0.06108926417633421,2011,2018,8,2.2253092817258624
1113784,9,12169000.0,10845000.0,7.581146192625962,-4.068781333923535,0.4836535961278928,,2011,2012,2,0.9542425094393249
1981535,4,4952725.0,4952725.0,0.26573512561266777,-1.7956179678863655,,-2.8758273475712866,2023,2023,1,0.6020599913279623
1706946,22,3781000.0,3292000.0,-2.418670979818575,-82.2586918763765,61.65331126794776,-113.55706453133539,2018,2023,6,1.3424226808222062
1465470,1,446301.0,0.0,-3.479246063692495,-inf,NaN,NaN,2011,2023,13,0.0
1788717,230,125220000.0,103766500.0,0.6640501453122167,-0.8838216137069388,,-1.8823797622168241,2021,2022,2,2.3617278360175926
730000,8,83172000.0,72086000.0,0.6420473646159293,0.05079665563678823,0.2110083520383988,0.11276117396065669,2011,2012,2,0.9030899869919434
1290504,28,372107.0,372107.0,0.19915508173724225,0.13223615787931967,,0.03173818283450728,2014,2014,1,1.447158031342219
1466292,1,,,,,,,2013,2015,3,0.0
1717310,6,,,,,,,2023,2023,1,0.7781512503836435
1041954,6,449714000.0,432280000.0,0.48392644316462785,0.02227165268570664,,,2011,2012,2,0.7781512503836435
1024126,19,175850000.0,84872000.0,0.6631750632310212,-0.20864733317060885,0.030603393692808473,-0.3302097980771877,2011,2017,7,1.2787536009528289
319200,16,2046.0,NaN,,-inf,,NaN,2011,2017,7,1.2041199826559246
1412659,2,NaN,NaN,,NaN,NaN,NaN,2011,2021,11,0.30102999566398114
1828723,5,101163000.0,71800000.0,,0.29847832525738655,,0.028130591315847206,2021,2023,3,0.6989700043360187
1797768,4,,,,,,,2021,2023,3,0.6020599913279623
1493144,28,1396097000.0,1396097000.0,0.18888229113020083,0.17324440923517492,,0.13594829012597262,2013,2013,1,1.447158031342219
879796,25,,,,,,,2012,2016,5,1.3979400086720375
912844,3,105987.0,88500.0,,-5.5220004088764965,,51.729667608286256,2011,2013,3,0.47712125471966244
1677703,20,6408000000.0,4467000000.0,0.21251007054059623,,0.003458843485737618,-0.07578267377362743,2016,2023,8,1.301029995663981
1571116,21,544475000.0,492702000.0,0.46132392942895056,-0.4795424434862385,,-0.48946398614323744,2013,2015,3,1.322219294733919
1432967,2,9403758.0,8165470.0,0.24061945624974493,-0.8328167689018761,,-0.5095091718967584,2011,2013,3,0.30102999566398114
837852,3,377742872.0,22887000.0,-0.5700088978473972,-5.293962548974952,0.06918651637969238,-6.344016989942783,2011,2023,14,0.47712125471966244
1006045,23,56972000.0,41757000.0,0.4628608600243569,-0.07122671636187425,0.10982096208692137,-0.0665707404926448,2011,2023,13,1.3617278360175928
893691,340,2830695000.0,1973964000.0,0.20521505281137645,0.05987841686889516,,0.027244090240134026,2013,2023,11,2.531478917042255
1487371,8,70481000.0,38059000.0,0.15088795414853137,-2.42406980045448,1.242757182088471,-2.5206919381002164,2011,2020,10,0.9030899869919434
1364954,157,776265000.0,321084000.0,2.000661127530736,-0.7638749251646059,0.8586368010903926,-0.7433934729268968,2014,2023,10,2.1958996524092336
1056757,11,10910067.0,4847147.0,0.39064001255413605,0.0030445597312024264,,-0.03487094272573531,2011,2019,9,1.041392685158225
1459188,2,780146.0,NaN,0.0335193668877364,NaN,,NaN,2011,2023,4,0.30102999566398114
48898,641,4591000000.0,3432300000.0,0.3257515791286907,0.1459760450841763,,0.0878518548845871,2010,2023,14,2.8068580295188172
1819928,40,452418000.0,332741000.0,0.8805612916203028,0.13227139460537096,0.17997849556617895,0.07890383126344959,2021,2023,3,1.6020599913279623
911650,2,495770000.0,296187000.0,0.11348546017202754,-0.03377907712215557,,-0.09000507230526196,2011,2014,4,0.30102999566398114
1141964,1,NaN,NaN,,NaN,,NaN,2022,2023,2,0.0
1468492,15,5150.0,5150.0,1.844854368932039,-1069.4338834951457,530.3300970873786,-1085.6844660194174,2023,2024,2,1.1760912590556811
4611,55,201628000.0,201628000.0,0.20650405697621363,0.020041859265578194,,0.2835370087487849,2011,2011,1,1.7403626894942439
1121793,3,47481800.0,42357250.0,0.20249094849046095,0.02322713382697112,,0.012123401255076268,2011,2014,4,0.47712125471966244
65270,48,1163600000.0,881100000.0,0.2375818269617201,0.10827195068266296,,0.08816367062975076,2012,2024,13,1.6812412373755872
1436126,40,748586000.0,682252000.0,0.9987081220883588,0.2570532507584955,0.018737981875573195,0.12942921206232536,2012,2023,12,1.6020599913279623
1591698,60,1281680000.0,447752000.0,0.5389450622517576,0.05735817065416468,0.10329323801669954,0.05880397135576436,2014,2024,11,1.7781512503836434
1104358,33,378154000.0,315363000.0,0.4038645631144983,0.03932371064017877,,-0.03747183350095358,2011,2016,5,1.5185139398778873
1373835,38,5903000000.0,5292500000.0,,0.30002494999010426,,0.16601528963458884,2009,2016,8,1.57978359661681
355999,80,5369022000.0,5045397000.0,0.1501090903028597,0.03525211501392001,,0.01994041605953542,2010,2017,8,1.9030899869919433
949158,6,601294000.0,467881000.0,0.49250045735488157,0.0011305235922725717,0.241329521828162,0.05129359156967174,2011,2018,8,0.7781512503836435
1301106,13,625725000.0,568926000.0,,,,0.06439436919551386,2011,2015,5,1.1139433523068367
1439133,12,1764358.0,237237.0,-0.7237748724586582,-7.327554438303173,0.8892546521048994,-5.169150990454818,2012,2014,3,1.0791812460476247
1144980,37,15433800000.0,6456500000.0,0.16682323438099583,0.052564092374749,,0.024787625838348943,2011,2023,13,1.5682017240669948
1448324,4,,,,,,,2011,2011,1,0.6020599913279623
1792781,2,1297271000.0,1278794000.0,0.36883346851715954,0.05331253387903399,,0.013672973984877141,2021,2023,3,0.30102999566398114
1843764,84,,,,,,,2021,2021,1,1.9242792860618814
1619917,75,209720000.0,209720000.0,,,,0.04965668510394812,2015,2015,1,1.8750612633916997
1605888,64,329495.0,329495.0,NaN,NaN,NaN,NaN,2021,2023,3,1.8061799739838869
1327318,131,353880000.0,254602500.0,,-0.2093259531985633,,-0.12291408357567524,2014,2023,10,2.117271295655764
1463258,39,3244050000.0,1498138000.0,0.09400622663121855,0.021405599792570982,0.0043889527584617515,-0.022949989336908574,2011,2021,11,1.591064607026499
1003410,2,1083964000.0,1065407500.0,,0.2288180350128278,,,2011,2015,2,0.30102999566398114
1961,18,415856.0,NaN,NaN,NaN,,NaN,2011,2023,13,1.2552725051033058
1534701,323,196088000000.0,111468500000.0,0.11063191267165866,,,0.046162458766618696,2012,2023,12,2.5092025223311025
1499807,72,258031000.0,211653000.0,0.6491444360381607,-0.20202957535879268,0.08159756606167495,-0.18336752707110843,2014,2017,4,1.8573324964312683
1823593,150,6261000.0,4052000.0,-1.4237554600593134,-61.12366081599802,46.35297563753881,-142.26889724546004,2021,2022,2,2.176091259055681
1124827,6,,,,,,,2010,2014,5,0.7781512503836435
718332,2,59953000.0,12234500.0,0.6676604320524673,0.018635560925736594,,-0.024671111821757945,2012,2024,12,0.30102999566398114
1228627,13,39850000.0,NaN,,NaN,NaN,NaN,2011,2023,13,1.1139433523068367
1268984,7,312331000.0,312331000.0,0.2500776419887875,0.10853869772773116,,,2011,2011,1,0.8450980400142567
1784254,41,43091000.0,39261000.0,,0.06606706750504002,,0.19670696045314046,2019,2023,5,1.6127838567197355
1168197,30,,,,,,,2013,2013,1,1.4771212547196624
1369774,27,101117821.0,75294512.0,0.11269519095007888,-0.007286580698591341,,0.0029619615399729,2011,2015,5,1.4313637641589871
1819142,12,,,,,,,2021,2023,3,1.0791812460476247
1330849,7,,,,,,,2011,2014,4,0.8450980400142567
1101723,1,,,,,,,2011,2014,4,0.0
1502966,2,2839916.0,2225386.0,NaN,NaN,1.437764237751803,NaN,2012,2023,12,0.30102999566398114
1757932,93,8974000.0,8731000.0,-1.0305772467198673,-4.164101834034314,0.9164125333695184,0.11020008425219197,2019,2021,3,1.968482948553935
1401914,37,10000000.0,80000.0,,-7.158087332153561,419.76829135676417,-937.4514566327025,2014,2023,10,1.5682017240669948
859917,2,21834.0,13198.5,1.8956147777411014,-173.99824428324968,4.459238473047211,-753.1821647706136,2013,2014,2,0.30102999566398114
1560258,12,8592000.0,3495832.0,0.6235498480277245,-12.039012913896459,3.3641739437868243,-14.236729765219238,2018,2023,6,1.0791812460476247
1661039,2,11094170.0,7573287.5,-0.1158783546649667,-1.3812296396658963,0.02253435813584973,-4.324944635194769,2018,2023,6,0.30102999566398114
4977,3,25364000000.0,22147000000.0,,,,0.14372212184948147,2009,2023,15,0.47712125471966244
837465,1082,3133447000.0,967656000.0,0.44425112182543086,0.003541679547109739,0.03435245621435957,0.023114575170800775,2011,2023,13,3.03422726077055
1711269,23,5508200000.0,4913400000.0,,0.21128530877356064,,0.11511588515524246,2018,2023,6,1.3617278360175928
1595893,20,30829000.0,27914500.0,,-3.1375364494469493,4.107575801355866,-4.3322013461351325,2019,2021,3,1.301029995663981
1282224,9,40505558.0,9367222.0,-0.7654127651472112,-3.346995884014307,,-5.020411745800642,2011,2023,13,0.9542425094393249
1313938,2,1073831.0,207316.0,NaN,-inf,,-inf,2012,2016,5,0.30102999566398114
898437,30,147794000.0,105555000.0,0.663574336114277,0.280014256621619,0.14263015246165756,0.19934398760458136,2011,2023,13,1.4771212547196624
1532063,8,104098800000.0,101751800000.0,0.0911267470897415,0.04409711535068938,,0.024325600029569544,2012,2017,6,0.9030899869919434
1937653,12,412482000.0,219581000.0,,2.2788326395517533,4.1513545920248305,-3.5275117208876323,2022,2023,2,1.0791812460476247
1650696,26,36810953.0,30917395.0,0.2282632942632938,-0.4468232184938386,0.016573905396936366,-0.649925789452264,2020,2023,4,1.414973347970818
1133062,3,316863000.0,83391500.0,0.2981075568637545,0.01590836830432165,,0.005501347929171891,2011,2024,14,0.47712125471966244
76149,16,25702303.0,23734441.0,0.24857606948683986,0.041190947859376485,,0.029955697088555246,2011,2018,8,1.2041199826559246
1074871,3,0.0,0.0,NaN,-inf,NaN,-inf,2012,2023,11,0.47712125471966244
1328003,7,,,,,,,2011,2011,1,0.8450980400142567
914142,2,40372000.0,38837000.0,,-0.006473020973574783,,-0.01771699366074054,2012,2013,2,0.30102999566398114
1439288,27,2082000000.0,1933650000.0,0.37414233636747984,0.11853602773207744,,0.05502339811810933,2011,2023,12,1.4313637641589871
1626199,7,23443000.0,1740000.0,,-inf,inf,-inf,2015,2023,9,0.8450980400142567
883241,236,6127436000.0,2422532000.0,0.7793296871051503,0.139124780149424,0.31607185849250036,0.14455300358654247,2010,2024,15,2.3729120029701067
924515,7,3597000.0,89500.0,-0.4436197386046401,-51.56336915065131,10.718634110817716,-70.17169750023793,2011,2023,13,0.8450980400142567
1036848,26,43599100.0,29358100.0,-4.880753138075314,,,-7.778166708642782,2011,2023,13,1.414973347970818
1591165,29,8346858.0,1611518.0,NaN,NaN,NaN,NaN,2015,2022,8,1.462397997898956
1806310,3,15451000.0,8976500.0,,-34.80758173863472,29.317768114160536,-38.48701512545708,2020,2023,4,0.47712125471966244
1823575,20,233300000.0,140366500.0,0.48823794094603484,-1.0518779335544641,0.20187783586890612,-1.1688231060846455,2021,2023,3,1.301029995663981
1144215,29,4006100000.0,3483050000.0,0.39923111222407076,0.12410573545980967,,0.07574926569821087,2011,2024,14,1.462397997898956
1386301,19,45498526.0,31756345.0,0.2709803945382425,-0.0333958266228474,,-0.04484416534157181,2012,2024,12,1.2787536009528289
1133470,16,1195777000.0,935679000.0,0.10085605550541839,0.024546062697580563,,0.013406350116472577,2011,2023,13,1.2041199826559246
1080099,50,948171000.0,783779000.0,0.9814047215414069,0.19973039507646279,,0.1882241050219785,2010,2014,5,1.6989700043360185
1135971,198,7039000000.0,4878000000.0,,0.11694569576542864,,-0.0061636661492565584,2011,2015,5,2.296665190261531
821483,6,7321785000.0,2443066000.0,0.03991887817234554,-0.03818502966382451,,-0.2428910439707731,2011,2023,12,0.7781512503836435
1405049,13,,,,,,,2011,2013,3,1.1139433523068367
1758730,115,1188781000.0,892659000.0,,0.2882538262485886,,0.1798027500841844,2019,2023,5,2.0606978403536114
1581760,20,228305000.0,228305000.0,0.4683603074834103,-0.2774205558353956,0.307938941328486,-0.1351875780206303,2022,2023,2,1.301029995663981
875357,74,,,,,,,2010,2023,14,1.8692317197309762
1376339,45,359111000.0,217765000.0,0.918368279205982,-0.14378915360510194,0.09090588097355756,-0.14381722107074227,2011,2023,12,1.6532125137753435
1314102,31,41404000.0,7539000.0,,-3.68468336451521,1.9456529223224164,-4.732458380239534,2012,2023,11,1.4913616938342726
766704,48,5860615000.0,3601686000.0,0.3499875422151789,,,,2010,2023,14,1.6812412373755872
1889123,50,,,,,,,2022,2023,2,1.6989700043360185
1367416,8,5933206.0,5933206.0,0.6475006212395772,-0.4076584224778159,,-0.709776266229831,2011,2014,3,0.9030899869919434
912061,33,197563000.0,60005000.0,0.9822177571603935,0.13302129395945642,,0.09272173869661673,2011,2023,13,1.5185139398778873
1309082,2,32054323.0,499238.5,0.5748636775139503,-8.203608766434066,,-104.98934955029517,2011,2023,13,0.30102999566398114
1857951,6,1586459000.0,1555859500.0,0.33666402561618314,-0.03664599157531202,,-0.007547329817538327,2021,2022,2,0.7781512503836435
1109357,304,36347000000.0,26158500000.0,,0.14083085369730447,,0.11212296558621597,2010,2023,14,2.4828735836087534
1213809,27,2898806.0,2042453.5,0.08918707258125587,-5.438312983382652,2.504778600554745,-4.0991081555037745,2018,2023,6,1.4313637641589871
789132,24,270823000.0,149548000.0,0.707750824996265,-0.060561097046126104,,-0.046636610140790895,2011,2016,6,1.380211241711606
1405424,3,764157.0,26545.0,0.6608560573839429,-126.89394006245227,11.149422590678377,-183.4688326255909,2010,2013,3,0.47712125471966244
1847986,4,78000000.0,71196000.0,0.3372641417471831,-0.1715294040349016,0.047233141718512575,-0.07948048013608952,2021,2023,3,0.6020599913279623
1685316,4,22200000.0,22200000.0,,-2.549864864864865,0.48243243243243245,-2.3864414414414417,2022,2022,1,0.6020599913279623
1454189,12,,,,,,,2014,2014,1,1.0791812460476247
745732,414,18916244000.0,11939999000.0,0.30832174777650173,,,0.073224261242241,2010,2023,14,2.6170003411208986
1603756,23,273702000.0,145912500.0,0.6852164129730426,-43.024889581746436,25.619442042768302,-24.118339914965755,2018,2023,6,1.3617278360175928
1489744,2,200.0,200.0,,-10799.66,,-87.51,2012,2012,1,0.30102999566398114
863436,38,2838976000.0,2468150000.0,0.08067336651349725,0.03191398494112256,,0.021213134413725823,2010,2023,14,1.57978359661681
1534969,21,268000.0,268000.0,,-166.60508433442544,80.22551874772479,-169.30357359543746,2021,2023,3,1.322219294733919
1130713,826,2756446000.0,1497103000.0,0.215138009413329,0.002531295032763085,,0.0074138663603468165,2011,2023,13,2.916980047320382
1380412,77,,,,,,,2011,2015,5,1.8864907251724818
1138951,341,581288000.0,518214000.0,0.37342429084260786,0.05638400256263458,0.0691326181940953,0.06817481092230226,2011,2014,4,2.5327543789924976
1318008,13,1183867000.0,836268000.0,0.3431916353466973,0.09002598733962855,,0.051115728085386815,2011,2023,13,1.1139433523068367
1578732,2,1301710000.0,716906000.0,0.45195356988571656,0.13018373911143383,,0.10088112549104998,2013,2023,11,0.30102999566398114
1875493,11,,,,,,,2022,2023,2,1.041392685158225
1671013,4,1507599000.0,1345243000.0,0.3512863241993803,0.0848564862152947,,0.034376462784821246,2016,2020,5,0.6020599913279623
1611747,4,,,,,,,2022,2022,1,0.6020599913279623
1892922,36,,,,,,,2023,2023,1,1.556302500767287
1408351,16,1865626.0,21162.0,0.08679448027911665,-548.2959776742614,0.6194444444444445,-3056.262733962001,2011,2016,6,1.2041199826559246
1819404,1,193399000.0,140664000.0,0.6187200664995353,-0.4511763818880358,,-0.1531274753402498,2020,2023,5,0.0
788965,12,634480000.0,247666000.0,0.28429094509237973,0.06117646417411666,,0.028576829088355408,2011,2023,13,1.0791812460476247
1407041,1,NaN,NaN,,NaN,,NaN,2012,2016,5,0.0
1456455,1,2981865.0,31503.0,0.1460178217551284,-119.3993855115335,,-15.312167962237918,2011,2015,5,0.0
802851,4,1404700.0,1404700.0,0.5421086352957927,-0.8015234569659002,0.7102584181675803,-0.7720509717377376,2011,2011,1,0.6020599913279623
866291,20,973653000.0,709381500.0,0.4318767956505054,0.19119093058341907,0.1662855504698083,0.06775377827508842,2020,2023,4,1.301029995663981
1038277,6,12267385.0,8955204.0,0.5079627303111631,-0.10326776763587417,0.04606591906764197,-0.18390715944151456,2011,2023,13,0.7781512503836435
3545,5,153126000.0,95549500.0,0.12733488159154752,-0.03791414288137311,,0.21522452009050733,2011,2024,14,0.6989700043360187
1590418,8,1460370.0,337496.0,0.4221362439493884,-3.081549554951493,0.5077437605164468,-2.7713665322488046,2013,2023,11,0.9030899869919434
890547,871,2564500000.0,1914300000.0,0.6467760135762639,0.0726485938616573,,0.004872715443117672,2011,2020,10,2.940018155007663
1632323,20,576.0,576.0,NaN,NaN,,NaN,2015,2017,3,1.301029995663981
1710340,29,21251000.0,959000.0,NaN,NaN,NaN,NaN,2018,2023,6,1.462397997898956
5272,1159,96004000000.0,54450000000.0,,,,0.062254562055732404,2009,2023,15,3.0640834359635956
1911545,1,428187.0,428187.0,1.6945259898128622,-12.661582439448186,,-21.686576192177718,2023,2023,1,0.0
1556727,3,,,,,,,2015,2023,8,0.47712125471966244
1056358,112,412678000.0,173558000.0,0.7317154418683124,0.00770949939954168,,-0.015080777998271988,2009,2023,15,2.049218022670181
886912,32,848828.0,848828.0,0.4717622415848676,-0.807157633819808,,0.311128991974817,2011,2011,1,1.5051499783199058
749251,131,5475846000.0,2303798000.0,0.6508128665624776,0.13378252919772224,,0.09003289781255239,2010,2023,14,2.117271295655764
1619250,6,20245000.0,19171000.0,0.5792303203300586,-9.518960461478903,0.3172015978454862,-10.266341634018213,2015,2018,4,0.7781512503836435
1504389,1,115000.0,0.0,,NaN,NaN,NaN,2011,2017,7,0.0
1506503,3,NaN,NaN,NaN,,NaN,NaN,2012,2015,4,0.47712125471966244
1374535,45,1899800000.0,775903500.0,0.36604695173191076,0.09518429845839864,0.024071631990919534,0.05369228523969616,2011,2022,12,1.6532125137753435
1481199,4,,,,,,,2011,2011,1,0.6020599913279623
820027,354,16096000000.0,11839000000.0,,,,0.1538602724943759,2009,2023,15,2.5490032620257876
803649,9,197022000.0,4377000.0,,0.05856706357665641,,50.15176686805,2010,2023,14,0.9542425094393249
1598665,4,662460000.0,480171000.0,,0.09888644705990869,,0.048311598271673646,2014,2023,10,0.6020599913279623
1290900,37,981553000.0,839743000.0,0.12067958793321633,0.0365394111414355,,0.024164622037213316,2011,2023,13,1.5682017240669948
45876,97,1889065000.0,683298000.0,0.27718069551657964,0.07739068348095472,0.005789494225148699,-0.024914730517037523,2010,2023,14,1.9867717342662448
1411730,1,30110.0,0.0,-0.8010959814015277,-inf,NaN,-inf,2012,2014,4,0.0
1013238,89,33561000.0,23429000.0,,-4.572127852731841,2.7967073829271007,-4.853145824587155,2011,2017,7,1.9493900066449126
1057689,1,162343000.0,162192500.0,,,,-0.08356198948034183,2011,2012,2,0.0
752431,29,35083000.0,35083000.0,0.4762135507225722,-0.707978223071003,0.5476156543055041,-0.5085939058803409,2011,2011,1,1.462397997898956
1745317,13,101398000.0,98380000.0,0.2784755794225746,-1.1472536641760271,0.7324027980653207,-1.373199269915563,2019,2021,3,1.1139433523068367
726865,19,18601000000.0,16192000000.0,,,,0.08242647228639356,2017,2023,7,1.2787536009528289
1399529,51,164307000.0,184000.0,,-178.71167232736153,inf,-inf,2014,2020,7,1.7075701760979363
1400482,107,52947000.0,35396000.0,,-0.45629164366019975,0.881130961404368,-0.4117688598527061,2014,2016,3,2.0293837776852093
1883085,35,685414000.0,685414000.0,0.25746483147411636,-0.36693881362213204,0.22020705734052703,-0.13298677879354667,2023,2023,1,1.5440680443502754
1828443,43,1801500000.0,1801500000.0,0.49586455731335,0.04746044962531224,0.07005273383291702,-0.11762420205384402,2021,2021,1,1.6334684555795864
1620280,6,1128847000.0,916032000.0,,,,-0.008241794095235183,2016,2023,8,0.7781512503836435
925173,1,,,,,,,2011,2011,1,0.0
310158,320,59283000000.0,42294000000.0,0.6630284591974667,,0.22145594755251327,0.19299156252219082,2009,2023,15,2.505149978319906
1744659,4,,,,,,,2019,2023,5,0.6020599913279623
1029125,3,973813.0,973813.0,0.355423967471816,0.20571018732997723,0.28731491569736695,0.008626230875454147,2012,2023,12,0.47712125471966244
890821,5,48593712.0,42998280.0,0.16668822250881368,-0.14582749042243076,,-0.1324460022143466,2011,2023,13,0.6989700043360187
1643988,12,31642293.0,2794081.0,0.4981011397796752,-3.4864273308643754,,-51.05508147310423,2016,2024,9,1.0791812460476247
314606,4,763729000.0,660931500.0,,0.007886689048311385,,-0.1564244237098636,2011,2012,2,0.6020599913279623
1433607,16,5171000.0,3411000.0,0.311929230856502,-4.217835284291611,1.1706374293585255,-3.906508055750163,2011,2023,13,1.2041199826559246
104207,1467,72217000000.0,71633000000.0,0.2806980547689827,0.05129583160961708,,0.03285912973162159,2010,2014,5,3.1664301138432824
1321828,1,671814.0,580226.0,0.7193423343420388,-0.6507458752071875,,-0.1357631993517025,2011,2023,13,0.0
89270,178,212331000.0,199862000.0,0.30942912167438186,0.06862001481818628,,0.036248762431498174,2011,2015,5,2.2504200023088936
1674440,1,10804214.0,9160424.0,NaN,NaN,NaN,NaN,2017,2024,8,0.0
1727263,39,1780000000.0,1474000000.0,0.4686579858637412,,,0.09597121827650575,2018,2023,6,1.591064607026499
722104,7,9565000.0,4028000.0,-1.3979541622996923,-13.288667150126843,7.890810795939142,-17.65937551964615,2010,2012,3,0.8450980400142567
1787306,23,0.0,0.0,-inf,-inf,inf,-inf,2020,2023,4,1.3617278360175928
1071739,420,140095000000.0,31683500000.0,0.9593757167183655,0.027297435307771456,,0.01716482269723273,2010,2023,14,2.6232492903979003
205402,20,10534400000.0,6385032000.0,0.195342466001673,0.027459250580003775,,0.016659738599792393,2011,2023,13,1.301029995663981
1104349,32,429390000.0,421890000.0,,0.1557787115746578,,0.10950762439144981,2010,2017,8,1.5051499783199058
1527728,3,42769.0,42769.0,NaN,NaN,NaN,NaN,2011,2024,13,0.47712125471966244
2016167,2,NaN,NaN,NaN,NaN,NaN,NaN,2024,2024,1,0.30102999566398114
1571283,5,161355000.0,33598500.0,,,,92.15001002989513,2014,2023,10,0.6989700043360187
1160858,8,419798000.0,391756000.0,0.6255869307008648,0.17940275806408593,,,2011,2012,2,0.9030899869919434
1621221,1,NaN,NaN,,NaN,,NaN,2015,2023,9,0.0
1839608,20,72680000.0,67873500.0,,-2.0406407908401594,0.365405865615098,-1.8626220050033013,2021,2023,3,1.301029995663981
885307,1,57501543.0,45945530.0,0.22893450062507387,0.04313781802595886,,0.04345241231993939,2012,2024,13,0.0
899881,17,,,,,,,2009,2010,2,1.2304489213782739
6314,4,179170000.0,173979500.0,0.3279823946842765,0.10626295983757036,0.07603639786869613,0.08263472319495158,2012,2013,2,0.6020599913279623
1746109,42,,,,,,,2018,2023,6,1.6232492903979003
1379245,1,580574.0,6648.0,NaN,-inf,,inf,2011,2020,10,0.0
793952,44,5647224000.0,4942582000.0,0.34639134054953363,0.18558401409139105,,0.10129620987326084,2009,2023,15,1.6434526764861872
1504678,18,153000.0,0.0,,,inf,NaN,2011,2023,13,1.2552725051033058
1626696,1,0.0,0.0,NaN,NaN,,NaN,2015,2019,5,0.0
1051514,19,36161000.0,26472500.0,-0.8238760540580751,-17.139103709364992,5.396786464004712,-20.19304398278319,2011,2023,13,1.2787536009528289
14930,559,6401400000.0,3838700000.0,0.22701497056815548,0.09022887810763848,0.030573849720343178,0.055431001766992706,2011,2023,13,2.747411807886423
1010612,34,1614762000.0,1393780000.0,0.35029646425984506,0.04982294927673049,,0.03231442113226725,2011,2020,10,1.5314789170422551
1512922,293,917162.0,115586.0,NaN,NaN,NaN,NaN,2011,2023,13,2.4668676203541096
46129,8,403516000.0,232434000.0,0.32958660110135224,0.08331303320454925,,,2011,2023,13,0.9030899869919434
830656,3,2457871.0,1729343.0,0.4604586778874357,1.6846098969858476,0.6791435384326217,-6.097729393071149,2011,2023,13,0.47712125471966244
1324948,3,942900000.0,597472000.0,0.39596058018398944,0.20232115542479362,,0.11597961394617017,2010,2023,14,0.47712125471966244
1321834,22,4427174.0,3890943.0,NaN,NaN,NaN,NaN,2014,2023,10,1.3424226808222062
1528410,17,581244.0,581244.0,0.9930080998685578,-3.1881086084329473,,-3.657577540585365,2012,2012,1,1.2304489213782739
78239,86,9656800000.0,7827650000.0,0.5697346279689337,0.06785621017586531,,0.04628864565324802,2010,2023,14,1.9344984512435675
1077866,8,27634000.0,21662500.0,0.37405343389081513,-0.45779713482163337,0.3677816720540056,-0.49273771141870465,2011,2014,4,0.9030899869919434
1664710,6,20100000.0,5000000.0,,-inf,inf,-inf,2020,2023,4,0.7781512503836435
1514131,1,,,,,,,2013,2017,4,0.0
1720671,3,475889000.0,320769000.0,0.8376297435085819,-0.5961785747896088,0.36032135814354715,-0.33437694270704316,2021,2023,3,0.47712125471966244
1580063,21,74313000.0,776000.0,-0.06368916122794123,-3982.180944255669,1532.167111795822,-2637.7086832920654,2020,2023,4,1.322219294733919
1001082,7,17881106000.0,13621302000.0,0.8838067535837187,0.15476177234341618,,0.07957113648476355,2009,2023,15,0.8450980400142567
1435224,8,2491391.0,0.0,0.2047742458974215,-inf,,-inf,2011,2017,7,0.9030899869919434
1245791,3,2255000.0,1316000.0,-inf,-inf,inf,-inf,2014,2020,7,0.47712125471966244
1517653,4,0.0,0.0,,,,-inf,2011,2012,2,0.6020599913279623
1452751,3,322114000.0,112812000.0,1.0140389573285182,-0.5090902128609479,0.48845289514614815,-0.5437365572819934,2014,2016,3,0.47712125471966244
1515673,93,363329000.0,53163000.0,0.9924812030075187,-720.5976902127047,516.0387508465244,-616.8567227605762,2014,2023,10,1.968482948553935
4447,103,41063000000.0,6535500000.0,,,,0.10800102632626596,2010,2023,14,2.012837224705172
1403739,2,,,,,,,2011,2012,2,0.30102999566398114
1358651,57,4839331000.0,4705993000.0,,0.0435964969211823,,-0.03011476266053545,2012,2018,6,1.7558748556724912
949039,15,3544057000.0,2419393000.0,,0.012066888893997969,,-0.016481941423268375,2009,2023,15,1.1760912590556811
1510326,1,6671000.0,4413500.0,0.6260541849096788,-0.3363132145923332,,-0.37479850759344085,2012,2013,2,0.0
1605331,414,3300467.0,440955.0,NaN,NaN,NaN,NaN,2015,2024,10,2.6170003411208986
59527,31,4191636000.0,2832997500.0,0.3050363536389184,0.11804588719062735,,0.09672490692391718,2010,2023,14,1.4913616938342726
926617,142,9154000.0,2853000.0,0.7312234848875404,-9.9863466547597,2.1334133565426887,-10.153020579444636,2011,2023,13,2.1522883443830563
776008,35,6188000.0,1244000.0,NaN,-inf,inf,-inf,2011,2015,5,1.5440680443502754
1373707,2,18904000.0,10486000.0,,-5.314177501799112,4.893261403281769,-5.273876368387498,2013,2019,7,0.30102999566398114
1760689,4,204495000.0,151976000.0,0.034182690646484624,-0.8601115082298052,0.208491569731424,-1.3586553139969468,2019,2023,5,0.6020599913279623
887150,27,117560000.0,105054000.0,0.18693791014582492,-0.15167020568668987,,-0.1456933559152348,2011,2014,4,1.4313637641589871
1176325,45,5660930.0,5660930.0,0.3159774100721966,-1.1855313526222724,,-1.3541688379824517,2011,2011,1,1.6532125137753435
1158223,24,47720000.0,47720000.0,,-1.6232676725342277,1.9919740150880134,,2011,2013,3,1.380211241711606
1108967,16,96789000.0,60610353.0,0.30655871266978346,-0.2794634395463744,0.015702063415073568,-0.2684695621071238,2011,2022,13,1.2041199826559246
1814140,2,,,,,,,2021,2022,2,0.30102999566398114
1626556,2,25798115.0,5308412.0,0.34157392485773297,-3.572032388897527,0.0,-3.0967855287573816,2015,2020,6,0.30102999566398114
1448431,21,71521506.0,12127422.0,0.693732011578162,-1.6730432241110251,,-0.14798729517203174,2011,2023,13,1.322219294733919
1292055,6,360830000.0,359046000.0,0.2125662897485642,0.015025187877812226,0.011379421943282647,0.008041403700659535,2011,2013,3,0.7781512503836435
1877461,8,67907.0,34069.0,0.4275824147578359,-336.8914535246413,,-119.13186313914285,2021,2023,3,0.9030899869919434
1297965,16,NaN,NaN,,NaN,,NaN,2011,2013,3,1.2041199826559246
912183,11,926359000.0,753972000.0,0.7521078975819357,0.1999917668754826,0.2743071686395632,,2010,2013,4,1.041392685158225
1108827,44,1206200000.0,965300000.0,,-0.4137565954330749,,0.044472542059290396,2011,2020,10,1.6434526764861872
1377789,16,357500000.0,243858000.0,0.40564510706463325,-0.02603131700838768,0.09948811968490134,-0.04539001838148096,2012,2024,12,1.2041199826559246
822662,5,17021000.0,17021000.0,,,,2.338052993361142,2011,2018,8,0.6989700043360187
1501796,28,,,,,,,2021,2023,3,1.447158031342219
1802749,28,24413000.0,16750500.0,-0.5341011190102768,-2.2540175066728763,0.26892133500579524,-1.760882783477892,2020,2022,3,1.447158031342219
1535079,89,3987199.0,1117432.0,1.1105439313988588,-1.3655780840155947,,-0.8505314073509408,2012,2023,12,1.9493900066449126
1668673,30,932528000.0,528614000.0,0.2309148106750661,0.0158568574957876,,-0.019097017855564162,2017,2023,7,1.4771212547196624
1569187,1,413131000.0,168067000.0,0.38372565404216386,0.22975221758477818,,0.1306060893689479,2013,2023,11,0.0
877212,250,5627000000.0,3139500000.0,0.5498495937153987,0.12509885012675298,0.11155209096702472,0.10065918492980765,2010,2023,14,2.397940008672037
840889,6,,,,,,,2011,2013,3,0.7781512503836435
1401923,8,54166000.0,54166000.0,,-0.6028504966214969,0.6214784181959162,-0.4764797105195141,2011,2011,1,0.9030899869919434
67887,140,3319122000.0,2610311000.0,0.27880236123468605,,0.04636973344389482,0.04967548329752851,2010,2024,15,2.1461280356782377
1575975,50,,,,,,,2013,2018,6,1.6989700043360185
43920,2,6349500000.0,4248200000.0,0.19136731501891932,0.08602799779146214,,0.041656112751268716,2010,2024,15,0.30102999566398114
1378706,4,8556917.0,6910038.0,0.0926953518429628,-0.5908413017257854,,-0.6935592278123798,2011,2016,6,0.6020599913279623
1831828,9,,,,,,,2021,2023,3,0.9542425094393249
708781,34,148266000.0,117206000.0,,,,0.2140270745280126,2011,2023,13,1.5314789170422551
1109354,16,2964500000.0,1611400000.0,0.47916813140839754,0.12136135962010772,0.09847736793363825,0.07544806505731365,2011,2023,13,1.2041199826559246
1031203,110,16222100000.0,10851800000.0,0.1542729352289531,0.036940946601850544,,0.02192733514426272,2011,2023,13,2.041392685158225
721083,211,,,,,,,2009,2009,1,2.3242824552976926
753568,28,162050000.0,122026000.0,0.4640967341149066,-0.20814547726320914,0.29147317092967806,-0.12003045526579696,2011,2015,5,1.447158031342219
73020,35,1037855000.0,773076000.0,0.47457513317972777,0.14814660314857486,,0.0562664824726767,2010,2017,8,1.5440680443502754
1574135,53,509436000.0,509436000.0,0.35709686790882467,-0.33035749338484127,0.2986086574172222,-0.3209726049984689,2018,2018,1,1.724275869600789
1618732,86,1862895000.0,1274910500.0,0.733776150202603,-0.4295667522298735,0.47766398184163644,-0.4317537900543024,2017,2024,8,1.9344984512435675
1087423,206,3362069000.0,1534615000.0,0.8941482789101488,0.1619800434462431,0.2020642755459932,0.11572051477533571,2010,2018,9,2.3138672203691533
896841,282,559907000.0,395531000.0,0.8428848568273734,0.07902556651708002,0.22535492044416722,0.02530713559428387,2011,2022,11,2.450249108319361
1870143,19,,,,,,,2022,2023,3,1.2787536009528289
1323891,86,5030698000.0,3050240000.0,,0.01679132015516399,,-0.0018695532362716107,2011,2014,4,1.9344984512435675
1524358,29,3622000000.0,1830463000.0,,,,0.04928355427516659,2011,2023,13,1.462397997898956
920990,189,74703.0,74703.0,1.0,27.40189818347322,0.0,-44.736891423369876,2022,2022,1,2.276461804173244
1645590,3,28871000000.0,26982000000.0,0.31118467400212685,0.041574054949740084,0.08131621513075359,0.06651838341102814,2015,2024,10,0.47712125471966244
1721484,8,5629000.0,1306000.0,0.26569076165884237,-15.375723787617737,7.073835637473306,-15.427021045992449,2021,2023,3,0.9030899869919434
1022408,7,2225302000.0,1372673000.0,0.1768969934781157,0.0634601296822371,,0.04289590645633653,2011,2023,13,0.8450980400142567
793547,36,1443157000.0,917564000.0,,,,0.06667126930641715,2010,2018,9,1.556302500767287
1468516,731,3245800000.0,2471950000.0,0.38260024070330395,0.04128451842319204,,0.23486649843853358,2011,2014,4,2.86391737695786
930553,15,156525000.0,156525000.0,0.5326305701964542,0.00012138636000638876,0.1591055741894266,-0.36897620188468294,2011,2011,1,1.1760912590556811
1350773,6,23557000.0,11820687.5,0.349322918877616,-2.0017908864079086,,-1.8689315748248143,2011,2013,3,0.7781512503836435
1020214,29,186797000.0,39275000.0,0.48537683405569815,-0.8999224326813574,,-0.991895994958013,2011,2023,13,1.462397997898956
1313536,5,87343220.0,87343220.0,,0.14317460473749422,,,2014,2014,1,0.6989700043360187
1779020,6,58749000.0,53218000.0,0.14763595801088483,-2.324358845861262,0.3657777175923108,-1.72626898717755,2020,2023,4,0.7781512503836435
1751882,2,509832.0,509832.0,0.49731676316904394,-0.4579057414991605,,-0.42652677744825745,2018,2018,1,0.30102999566398114
1265572,1,169523000.0,163232500.0,0.6898663200417989,-0.10645615282051185,,-0.13844548569630832,2011,2018,8,0.0
14707,313,2834846000.0,2579388000.0,0.4092259152399486,0.02318349839102779,,0.02691418373912161,2011,2023,13,2.4955443375464483
787250,2,861000000.0,724300000.0,0.5843536538213687,0.13727918025650984,,-0.0521254894203167,2010,2023,10,0.30102999566398114
1656472,44,87241000.0,46719000.0,-0.14337664739867045,-8.447525178884854,0.3969297362107982,13.760003627958628,2019,2023,5,1.6434526764861872
1524471,12,3596000000.0,2479500000.0,0.3333701693366792,0.20306139244213944,0.03305570618567932,0.15427800333616593,2011,2014,4,1.0791812460476247
1383571,1,800773000.0,673703500.0,0.15929221999476112,0.06786067766393772,0.00012595482850355478,0.025835551146610986,2012,2015,4,0.0
1537169,12,46131.0,NaN,NaN,NaN,,NaN,2012,2015,4,1.0791812460476247
947440,1,,,,,,,2011,2011,1,0.0
1037390,12,37578000.0,24870500.0,-0.16028779124654022,0.8641631787565215,,-1.6158357771260996,2011,2022,12,1.0791812460476247
1578735,44,5552285000.0,3553386000.0,,,,0.05033019269033414,2014,2020,7,1.6434526764861872
882291,10,1230004.0,574245.0,,-inf,,-inf,2011,2023,13,1.0
1823855,23,,,,,,,2021,2021,1,1.3617278360175928
1169245,3,10831000.0,1514500.0,,-42.43423447805191,61.94326818752823,-44.386176296365434,2018,2021,4,0.47712125471966244
1593538,66,,,,,,,2014,2023,10,1.8195439355418683
800240,48,16096000000.0,11021000000.0,0.2506828033720002,-0.009623836964301961,,-0.0113658155306806,2009,2023,15,1.6812412373755872
1396814,38,666823000.0,284342000.0,0.57849862021802,-0.44782288931464004,0.3300081766822695,-0.5439585348770388,2011,2023,13,1.57978359661681
1595527,2,62399000.0,2851000.0,,-1.4539255659903627,,-2.139380615909774,2014,2023,10,0.30102999566398114
822418,10,83964000.0,83964000.0,,0.0666714306131199,,0.038587966271259114,2011,2012,2,1.0
716605,1,1534000.0,1327000.0,,,,9.68955337314434,2018,2023,6,0.0
1096385,27,2657300000.0,2279000000.0,,0.14588750602966666,,0.0697135862600145,2010,2017,8,1.4313637641589871
1527624,3,,,,,,,2011,2012,2,0.47712125471966244
2098,194,193962357.0,130550349.0,0.3477441906214946,0.05635759215761645,,0.03909818314426351,2011,2023,13,2.287801729930226
1494582,3,96253736.0,9014345.0,0.5463554613444169,-0.6533924659187057,,-0.3867443064774935,2012,2023,12,0.47712125471966244
1362468,146,2324397000.0,1137046000.0,,0.0743683306660311,,0.09931724306193303,2011,2023,13,2.1643528557844367
1378950,80,661604000.0,289467000.0,0.34200692833367086,-0.02036519283366456,,-0.03890691967430508,2011,2023,13,1.9030899869919433
1355096,33,14177000000.0,10499000000.0,0.37150402207316974,0.06248896847716837,,0.25849661511918753,2009,2023,15,1.5185139398778873
1637873,17,481234000.0,421529000.0,,-0.26897715014840995,,-0.19823566560743608,2021,2023,3,1.2304489213782739
1534814,13,545820000.0,497530500.0,0.2848813423212689,0.09236398731845927,,0.024011916035257316,2012,2013,2,1.1139433523068367
825410,35,152400000.0,22852500.0,2.1564943299614483,-0.11697321786904669,,0.35681593032844,2011,2016,6,1.5440680443502754
1562214,12,155357000.0,30836000.0,,,,-0.2461761591411178,2013,2017,5,1.0791812460476247
1822691,33,6780000.0,6780000.0,,-24.17684365781711,,-16.56489675516224,2021,2022,2,1.5185139398778873
354707,5,3682166000.0,3046434000.0,,0.10749371100522113,,0.058854927697374465,2010,2023,14,0.6989700043360187
1851657,2,66000.0,66000.0,-28.348484848484848,-1192.0984848484848,516.6439393939394,-872.5681818181818,2021,2023,3,0.30102999566398114
1830033,9,,,,,,,2021,2023,3,0.9542425094393249
1106838,4,41432863.0,29843434.0,,NaN,76.07987457544596,NaN,2011,2024,14,0.6020599913279623
1844452,4,79521000.0,79521000.0,,-0.7071968410860024,,0.7897788005684033,2021,2023,3,0.6020599913279623
752294,2,2190258.0,1708830.0,0.5502654606634625,-0.08587988294953715,,-0.07284888681325595,2011,2023,13,0.30102999566398114
859747,4,NaN,NaN,NaN,NaN,,NaN,2015,2016,2,0.6020599913279623
1545312,3,0.0,0.0,,-inf,,-inf,2012,2015,4,0.47712125471966244
1604950,11,13593000.0,13593000.0,0.7196351063047156,-2.6599720444346353,1.142720517913632,-4.03222246744648,2018,2023,6,1.041392685158225
99250,2,2909135000.0,154821500.0,0.33317732546850265,4.739756458460797,,4.0808240668184865,2011,2023,13,0.30102999566398114
1634291,1,1261.0,NaN,NaN,,,NaN,2015,2017,3,0.0
1823584,4,1158722000.0,1129602500.0,,-0.029008235434368326,,0.014430740295262723,2021,2024,4,0.6020599913279623
1826600,6,148127000.0,148127000.0,,0.026083894906917537,,0.03873313982933067,2021,2023,3,0.7781512503836435
914398,8,30484000.0,25365000.0,0.32651330926713706,0.08158189194003208,0.058408140819334736,0.05200968827656314,2012,2014,3,0.9030899869919434
1657642,2,,,,,,,2016,2023,7,0.30102999566398114
1016546,2,8348000.0,5226000.0,-0.07022218330092007,-3.0748797977305014,1.1922044079543808,-3.570363166063416,2011,2016,3,0.30102999566398114
1861622,3,21862728.0,21862728.0,-0.008166089794466638,-0.353835349367197,0.006279088318713017,-0.3539449880179637,2022,2023,2,0.47712125471966244
1470719,68,,,,,,,2011,2012,2,1.8325089127062362
1609258,35,1550.0,83.0,,-inf,,-inf,2014,2023,9,1.5440680443502754
1016281,5,370174000.0,242502000.0,0.2992211041243515,0.18206760579263542,,0.062142234548908146,2011,2023,13,0.6989700043360187
1566826,45,17116511.0,10022115.0,NaN,NaN,NaN,NaN,2013,2023,11,1.6532125137753435
891482,119,241060000.0,161267000.0,,0.15253110396685082,,-0.013239709438986585,2011,2023,13,2.0755469613925306
1285785,14,19125200000.0,9762550000.0,0.20851554983668197,0.1963284870016709,,0.13303764919156466,2011,2023,13,1.1461280356782377
1678105,1,600.0,577.0,NaN,-431.80589254766033,,-inf,2016,2023,8,0.0
1690666,5,406133000.0,279437000.0,0.9851759558951976,0.004767151958536324,0.22999892069374245,0.07093171770604077,2016,2019,4,0.6989700043360187
1002910,29,7957000000.0,6174000000.0,,0.17685468458137193,,0.07750914750891895,2009,2023,15,1.462397997898956
1571804,1,1276722.0,86650.0,0.11820861995162577,-4.210047577531273,,-7.962096391200304,2013,2021,9,0.0
1173431,44,,,,,,,2010,2019,10,1.6434526764861872
912603,40,3485815000.0,2108319500.0,0.04758170944033647,0.025303601777786185,,0.025383919005398048,2011,2024,14,1.6020599913279623
1096343,47,15803630000.0,5251825000.0,,0.13120086028076905,,0.07808175466655472,2010,2023,14,1.6720978579357173
1128361,4,,,,,,,2011,2023,13,0.6020599913279623
924396,248,81179.0,17942.0,0.4801464631497399,-4014.194103708676,112.4677211719685,-inf,2021,2024,4,2.394451680826216
773141,12,5254668000.0,3597232000.0,,-0.07583986220950628,,0.03215656175764603,2010,2023,14,1.0791812460476247
931059,6,16003443.0,3088216.0,-0.2613414949131467,-21.38655821603308,0.7092574655257301,-14.314358035597614,2011,2022,12,0.7781512503836435
944314,3,1038166000.0,326080000.0,,1.1731097040454543,,0.8065969385060824,2010,2022,13,0.47712125471966244
1826889,1055,863582000.0,863582000.0,0.6252130766115481,-0.23594577060337163,,-0.20603172724206154,2021,2023,3,3.0232524596337114
1555280,62,8544000000.0,5307000000.0,0.6661046816720266,,,0.16745273427239393,2013,2023,11,1.7923916894982537
1378590,10,26296000.0,16556000.0,0.5498576486669672,-0.20587301380269837,0.13312738118572393,-0.22341467696550296,2011,2024,14,1.0
919013,22,36139015.0,27447652.5,,-0.43397604102031173,0.6049050009930336,,2011,2014,4,1.3424226808222062
1615055,75,16761000.0,13574000.0,0.5220660027372059,-6.693775346681711,1.634682331679406,-3.5540836669399694,2021,2022,2,1.8750612633916997
725394,2,19267613.0,625154.5,2.2194280873998364,-5.7703793201447455,0.6096975248298994,-12.925796185995818,2019,2023,4,0.30102999566398114
1078271,69,1312454000.0,733926500.0,0.548247638506783,-0.044807423213739685,0.18560879280409323,-0.044494416547731876,2012,2024,12,1.8388490907372552
1495240,12,89236000.0,66174500.0,,,,0.05116174941427417,2013,2023,11,1.0791812460476247
1355242,11,,,,,,,2011,2011,1,1.041392685158225
1023364,74,156684000.0,78361000.0,0.31817407766550876,-0.06985351418480855,,-0.0015301316603823563,2011,2021,11,1.8692317197309762
878004,1,224688669.0,224688669.0,,0.02146920457301743,,0.026920467449117337,2011,2019,9,0.0
1706431,15,1615797000.0,76368000.0,0.9418876004132407,-13.872740445295719,9.513114578439025,-4.068798077973513,2019,2023,5,1.1760912590556811
1849820,4,11434959.0,10013249.5,-0.3808772350475002,-1.8732643206855133,0.3095825443746546,-2.11608868941829,2021,2023,3,0.6020599913279623
1818201,40,866378000.0,688288000.0,0.7034414247056521,0.018899040581146758,0.1686340607817848,-0.05100010555438581,2021,2023,3,1.6020599913279623
1416083,82,1694800000.0,1694800000.0,0.27820391786641496,0.11871607269294313,,-0.03186216662733066,2012,2013,2,1.9138138523837167
65011,1099,2848600000.0,1594176000.0,,0.11234947304113162,,0.044049443221175516,2011,2021,11,3.04099769242349
793306,8,487504000.0,340761000.0,0.03629289351090149,NaN,,NaN,2011,2023,13,0.9030899869919434
71180,11,,,,,,,2013,2014,2,1.041392685158225
1967649,1,2687005000.0,2687005000.0,,0.07154545674459109,,0.05272747910777985,2024,2024,1,0.0
1478454,10,,,,,,,2012,2023,12,1.0
1468748,21,,,,,,,2018,2023,6,1.322219294733919
1454725,2,36000.0,36000.0,0.0,,,-2.004472222222222,2012,2013,2,0.30102999566398114
1709682,6,1573086000.0,302739000.0,0.32257788466009335,0.048708732087940514,,-0.1101674488196134,2018,2023,6,0.7781512503836435
1404644,6,25000000.0,25000000.0,,-2.04476,1.13528,-2.02054,2014,2023,10,0.7781512503836435
1518832,6,3882000000.0,2477000000.0,,-0.03678349445291791,,-0.33889037088329294,2012,2019,8,0.7781512503836435
883107,37,37317000.0,12129000.0,0.26136799759293167,-0.1267379573034878,0.13517055874556266,-0.14193285448784085,2011,2023,13,1.5682017240669948
1615153,4,0.0,0.0,inf,-inf,,-inf,2015,2016,2,0.6020599913279623
1709542,1,1137865.0,715782.5,0.22361410764970788,-inf,,-inf,2018,2023,6,0.0
1388430,231,432098000.0,227589000.0,0.7337698350799762,0.45774843968206,,0.41199092721557024,2011,2020,10,2.363611979892144
1406243,5,308991.0,114946.0,-0.018307320265276022,-10.538582594706494,,-23.744233680780507,2012,2014,3,0.6989700043360187
1383803,6,,,,,,,2011,2014,4,0.7781512503836435
899866,90,4991100000.0,2233733000.0,0.8898614293436137,0.2477810190578805,0.25845325680953574,0.18699639623927478,2010,2020,11,1.9542425094393248
351834,83,1346731000.0,1082076000.0,0.11812817479762719,-0.0005898204458016215,,0.0007950745298534745,2011,2023,13,1.919078092376074
1448056,33,785521000.0,479225000.0,0.8257731436517767,-0.20505893699333091,0.2306047194498001,-0.24194476917824265,2014,2022,9,1.5185139398778873
1786255,6,7802000.0,4709000.0,,-26.469684166410747,16.18939863096794,-10.125451934132148,2021,2022,2,0.7781512503836435
1404281,13,0.0,0.0,,-inf,inf,-inf,2014,2023,10,1.1139433523068367
1592386,1,796213000.0,529845000.0,,,,0.36550684431741165,2015,2023,9,0.0
315374,18,300671000.0,219383000.0,0.32313554050741816,0.06468780933095399,,0.05715060136634809,2011,2023,13,1.2552725051033058
1371781,8,34677115.0,31778837.0,0.5964323773035495,-0.06008487929714923,,0.04853269645848252,2011,2013,3,0.9030899869919434
834071,61,,,,,,,2011,2023,12,1.785329835010767
1087432,10,25630000.0,5407000.0,-0.2735883766805375,-23.199384369086733,14.017367721495498,-17.202301116722655,2011,2013,3,1.0
1710072,6,,,,,,,2021,2023,3,0.7781512503836435
1062128,3,3748000.0,2518000.0,NaN,NaN,NaN,NaN,2011,2022,11,0.47712125471966244
1095858,5,28255317.0,23802160.5,0.4420900114907995,-0.08706091528255253,0.0673279899716193,-0.07097990042172354,2011,2014,4,0.6989700043360187
1674416,85,914963000.0,23080500.0,,-75.7752463792094,51.732428233635666,-24.82837565155033,2016,2023,8,1.9294189257142926
1368622,132,540536000.0,194996000.0,0.493441958541487,0.06684068473757374,0.1642839015382229,,2012,2024,13,2.1205739312058496
920707,77,16994000.0,16994000.0,0.853683653054019,0.008179357420265976,0.2989878780746146,0.0298929033776627,2011,2012,2,1.8864907251724818
1368765,1,57049000.0,57049000.0,0.824414100159512,0.05179757752107837,0.004575014461252608,0.25937352100825606,2012,2012,1,0.0
1842356,4,54865000.0,54865000.0,,,,-0.4089856921534676,2021,2023,3,0.6020599913279623
766561,1,52219000.0,52219000.0,0.14602466352787116,0.39180103665970883,,0.23466470727525132,2011,2013,3,0.0
1836833,79,220696000.0,131209000.0,0.37813945313907676,-0.9532780471833027,0.6457199577448223,-0.9390182664002119,2021,2023,3,1.8976270912904412
1826892,13,,,,,,,2021,2023,3,1.1139433523068367
3146,2,,,,,,,2014,2014,1,0.30102999566398114
1557644,1,6500.0,6500.0,0.15384615384615385,,,-5.834307692307692,2013,2016,4,0.0
1488934,12,881748.0,793341.0,-0.9728037760486246,-5.036431314580877,,-5.967860018279161,2011,2015,5,1.0791812460476247
1459200,71,842559000.0,420494000.0,0.5248302508952913,0.11763526833974142,0.3137418480821741,0.10329755788845643,2015,2023,9,1.851258348719075
1084961,5,1129967000.0,316419000.0,,1.7157569482201505,,1.050025164979761,2011,2023,13,0.6989700043360187
1434524,16,2403000.0,374000.0,-inf,-inf,inf,-inf,2012,2023,12,1.2041199826559246
1704287,3,249040.0,NaN,NaN,NaN,NaN,NaN,2021,2023,3,0.47712125471966244
1591588,11,9699039000.0,6989624000.0,0.013575828469812715,,,0.010638762189227376,2014,2024,10,1.041392685158225
1820175,13,,,,,,,2021,2023,3,1.1139433523068367
1080224,6,27769000.0,19463000.0,0.6429365911209728,-0.08563777236726199,0.12643090059051063,-0.10643671166777065,2009,2011,3,0.7781512503836435
1635881,29,2144610000.0,1317440000.0,0.3426016934013593,,,-0.03689751256004225,2015,2021,7,1.462397997898956
1463913,35,20914058.0,12019071.5,,,,-0.10787958038302542,2016,2023,8,1.5440680443502754
1841156,91,497001000.0,395524000.0,0.2667348764415791,0.027157118857209405,0.08211720947481847,0.033597885726787666,2021,2023,3,1.9590413923210932
1616862,108,4696000000.0,4416200000.0,0.34741219017779457,0.09678095105567489,0.014382238398345057,0.040614308179820875,2016,2023,8,2.0334237554869494
1335982,20,1199188000.0,962122000.0,0.16565795522120275,-0.012954213364739887,,-0.0283196511561254,2014,2015,2,1.301029995663981
1625288,3,0.0,NaN,,,NaN,NaN,2015,2024,10,0.47712125471966244
1709164,183,745357000.0,640949000.0,0.22769638090410144,0.053203289113427775,,0.02960261280902121,2017,2023,7,2.2624510897304293
1696195,114,55950.0,10350.0,NaN,NaN,,NaN,2017,2023,7,2.0569048513364723
904978,60,,,,,,,2011,2011,1,1.7781512503836434
1063197,16,60000.0,39000.0,NaN,NaN,NaN,NaN,2011,2019,9,1.2041199826559246
1415684,236,177389000.0,67055000.0,0.2817163885007752,-0.759425891971415,0.017620398093024126,-1.221494324519191,2010,2021,11,2.3729120029701067
1431934,1,0.0,0.0,,NaN,NaN,NaN,2012,2018,7,0.0
826083,779,52337000000.0,49954000000.0,0.2249396033372032,0.06701571307251675,0.015185858722025103,0.04584454234944332,2009,2012,4,2.8915374576725643
1008817,112,1305232000.0,1161548000.0,,0.08081678268498974,,0.06260831457414144,2010,2013,4,2.049218022670181
885590,34,10292000000.0,8065300000.0,0.729303811269275,-0.009021897557929981,,-0.08760769674627795,2010,2023,14,1.5314789170422551
1439404,547,2800500000.0,861390000.0,0.632000531238076,-0.10725640693975144,0.4962449611489972,-0.12918801551246456,2012,2021,10,2.7379873263334304
1276591,33,16720000.0,12303000.0,0.2073093590101973,-2.1153559226584218,1.1161777673602984,-2.8792899986053375,2011,2015,5,1.5185139398778873
29644,145,3306600000.0,2493248000.0,0.33260139858407817,0.12805553042472184,0.02300021015723089,0.09349544032169399,2011,2024,13,2.1613680022349744
1448705,9,168654.0,168654.0,NaN,NaN,,NaN,2011,2023,13,0.9542425094393249
1357874,20,115529000.0,48727000.0,,-2.0879221755282864,2.0463218522942954,-1.7472623130370042,2019,2023,5,1.301029995663981
1517650,78,117708000.0,92786000.0,1.7559176800548664,0.1845854850333594,0.43369463087134885,0.07499040597370778,2011,2015,5,1.8920946026904801
1317639,3,7024000.0,7024000.0,0.4085990888382688,-0.24715261958997722,0.22892938496583143,-1.3744305239179955,2011,2011,1,0.47712125471966244
1324189,30,164494000.0,108596500.0,0.19069331967329406,0.07908463154251785,,0.0983149025669906,2011,2018,8,1.4771212547196624
1652923,4,,,,,,,2016,2017,2,0.6020599913279623
945764,21,2456472000.0,1242872000.0,,,,-0.4377549999707849,2009,2022,14,1.322219294733919
704440,34,28517666.0,12293655.0,0.6267465696905609,0.01300783174131986,0.05505994907535272,-0.027568748475222084,2011,2023,13,1.5314789170422551
1070423,16,57342000000.0,26223000000.0,0.08595395473761441,0.01927845614218077,,0.02614467515324387,2009,2023,15,1.2041199826559246
1829247,6,10000.0,NaN,NaN,NaN,NaN,NaN,2022,2023,2,0.7781512503836435
843006,16,33378000.0,12628000.0,0.7043010492683508,0.045599487255387317,0.05116069663503502,0.029769841753532537,2009,2023,15,1.2041199826559246
19411,116,5838583000.0,4565613000.0,0.7613940358442209,,,0.013217987223244161,2010,2020,11,2.064457989226918
60849,23,645643000.0,645643000.0,0.3548901186628189,0.15687831374865435,,0.07344963701188817,2010,2012,3,1.3617278360175928
1371489,49,286267000.0,267658500.0,0.3952153397807842,0.05399386500617426,,0.029131931017477682,2011,2023,13,1.6901960800285134
1355790,22,11089000.0,7165000.0,0.6338547973338351,-1.3409494668154358,0.614945226889215,-0.9717682799919376,2011,2023,13,1.3424226808222062
1484769,20,1008696000.0,964141.0,0.6420770629400373,NaN,NaN,NaN,2012,2023,12,1.301029995663981
1831840,18,307675000.0,188001000.0,0.7361729926271047,-0.14739339047982433,0.10421628587006088,-0.13945497239639446,2021,2023,3,1.2552725051033058
1533924,4,794183000.0,340144000.0,0.9222639023443898,-0.3120952321554279,,-0.027371972984769635,2012,2023,11,0.6020599913279623
941685,39,4404000.0,2192000.0,1.5299482937198625,-3.560488684968925,2.3484789846031426,-4.261567405338789,2011,2021,11,1.591064607026499
1511737,148,1940512000.0,865268000.0,0.4239910512674695,0.25673103109450796,0.06113294594076424,0.25126771677147763,2012,2024,13,2.170261715394957
1534287,5,14942960.0,2665237.0,-0.6321770500423315,-21.15767136707161,10.980774852620565,-25.245702210192526,2013,2017,5,0.6989700043360187
1035422,2,,,,,,,2011,2014,5,0.30102999566398114
1449488,7,386128000.0,123040000.0,0.08299745116561895,,,-0.05722195748560063,2011,2023,13,0.8450980400142567
1008653,2,424391.0,NaN,NaN,,,NaN,2018,2023,6,0.30102999566398114
1610607,42,1733041.0,1733041.0,,NaN,,NaN,2015,2017,3,1.6232492903979003
1769624,31,31080227.0,31080227.0,,-0.27178446927044647,,3.103694287689726,2019,2023,5,1.4913616938342726
1739104,40,4417000000.0,3172000000.0,0.5201412216626929,,0.0903442475023481,-0.05400769477738524,2018,2023,6,1.6020599913279623
15511,74,22714000000.0,20747000000.0,,0.3278083678254965,,0.27895217170890885,2013,2017,5,1.8692317197309762
1421204,9,,,,,,,2011,2022,12,0.9542425094393249
1444275,8,777110.0,NaN,0.24305439384385738,NaN,,NaN,2012,2013,2,0.9030899869919434
1444570,5,461430000.0,461430000.0,,-0.14390481763214355,,-0.40717768675638777,2011,2011,1,0.6989700043360187
1476034,2,26851000.0,26851000.0,,,,2.4115787474812307,2017,2023,7,0.30102999566398114
13156,151,27789084.0,10951670.0,0.9895773611871521,0.08553509728313531,0.045065710175387734,0.0632579121548835,2011,2023,13,2.1789769472931693
1123270,5,,,,,,,2011,2016,6,0.6989700043360187
1814215,66,2085532.0,2085532.0,-1.7309257302213537,-6.711855296394397,2.179806879012166,-9.928586087386815,2021,2023,3,1.8195439355418683
87347,26,45266000000.0,30440000000.0,0.026248412084435367,,0.05154970524910036,0.021527583071294574,2009,2023,15,1.414973347970818
1516912,2,,,,,,,2018,2023,6,0.30102999566398114
830052,11,28447967.0,26813972.0,0.5192572948283095,-0.015426347546094605,,-0.005140371014528286,2011,2014,4,1.041392685158225
101382,133,,,,,,,2010,2023,14,2.123851640967086
1070081,100,937822000.0,194392000.0,0.9882273961891436,-1.2868495748758277,1.255017434689289,-1.2431805200291137,2013,2023,11,2.0
1012771,121,774681000.0,674239500.0,,,,0.2049639554915633,2011,2020,10,2.08278537031645
714310,1,,,,,,,2010,2023,14,0.0
1082526,9,101932000.0,66465000.0,0.797412322036523,-0.01273914484994625,0.19492041420339143,-0.004926910892163688,2011,2015,5,0.9542425094393249
1282266,2,5852900000.0,182600000.0,0.16344323152334345,4.253089320509158,,0.7434732740936099,2009,2019,11,0.30102999566398114
1695963,2,9862033.0,2772776.0,0.6511724891472331,-1.849510753720839,,-1.0547883156429658,2017,2023,7,0.30102999566398114
1388320,35,1144000.0,NaN,NaN,NaN,NaN,NaN,2011,2023,13,1.5440680443502754
1707092,130,4849000000.0,4849000000.0,0.1924116174750828,0.08469749056714347,,0.04231690869570772,2017,2019,3,2.1139433523068365
803578,27,15033504.0,7478384.0,0.2727306381521597,-0.14640012154825627,,-0.03599682685101094,2011,2023,13,1.4313637641589871
1216596,38,2526100000.0,2287900000.0,0.32446998157776874,0.0312974548433605,,,2012,2015,4,1.57978359661681
1031927,11,447211.0,27600.0,,-inf,inf,-inf,2011,2015,5,1.041392685158225
1347022,4,5359000.0,75000.0,NaN,-inf,inf,-inf,2011,2017,7,0.6020599913279623
1021435,3,7516500.0,4001300.0,0.8998056182557274,-0.341486234729066,0.5150839554966042,-0.29216352644120586,2011,2022,12,0.47712125471966244
1602381,5,7915.0,676.0,,-993.08835877922,,-1125.549258578407,2014,2016,3,0.6989700043360187
1613665,6,,,,,,,2015,2021,7,0.7781512503836435
1718108,15,87570000.0,15360000.0,,-inf,inf,-inf,2018,2022,5,1.1760912590556811
1084869,285,2207885000.0,1210823500.0,0.4060161474387605,0.029993069682798943,,0.029342138770708598,2012,2024,12,2.45484486000851
895329,2,109906454.0,107041856.0,0.06589010466024776,-0.002787547165879128,,-0.0018432049309667078,2011,2013,3,0.30102999566398114
891024,282,6499405000.0,4700438000.0,0.2707902937095378,0.06901058705842496,,0.035008988343754696,2011,2024,14,2.450249108319361
908837,2,,,,,,,2011,2013,3,0.30102999566398114
1001115,17,236912000.0,82558500.0,0.40897913270533665,0.013333397824351374,0.19562381702329498,-0.1919533154162029,2011,2024,14,1.2304489213782739
1626878,20,43997000.0,11202000.0,0.954813330921907,-4.828846579656203,4.535549543433669,10.270238064988682,2015,2023,9,1.301029995663981
840264,3,,,,,,,2011,2012,2,0.47712125471966244
871344,150,,,,,,,2012,2015,4,2.176091259055681
1703975,19,,,,,,,2017,2017,1,1.2787536009528289
1325279,2,NaN,NaN,,,NaN,NaN,2012,2013,2,0.30102999566398114
1495925,28,291646000.0,247193000.0,,,,0.059231212628746165,2011,2013,3,1.447158031342219
1068875,209,885200000.0,342362000.0,0.5123903713550263,0.1405068215539527,,-0.0367879904439906,2011,2022,12,2.320146286111054
786947,17,20466000.0,662000.0,,inf,inf,-inf,2011,2021,11,1.2304489213782739
772263,3,4224.0,4224.0,-1.098248106060606,-104.92424242424242,,-195.79024621212122,2023,2023,1,0.47712125471966244
1421636,3,2232646.0,602636.0,0.6291973480919576,NaN,0.36443480599687844,NaN,2011,2023,13,0.47712125471966244
1099160,2,261554114.0,206143861.0,,0.16731799474080364,,0.07065759166007847,2011,2023,13,0.30102999566398114
1084765,34,805018000.0,716176000.0,0.40173506082471416,0.05632921529151259,,0.04773312248801511,2011,2024,14,1.5314789170422551
1014763,18,3519627.0,58395.0,NaN,NaN,NaN,NaN,2011,2023,13,1.2552725051033058
1131675,2,73498940.0,51689114.5,0.2352926125800219,0.00850860119535849,,-0.013345865743016853,2011,2014,4,0.30102999566398114
1424768,1,1509330.0,1250292.0,0.8995699459626351,-1.270315128434015,NaN,-1.6049091262230197,2011,2023,13,0.0
1401688,132,382744000.0,260523000.0,0.23080873180160189,-0.014870634774112665,,-0.0625332261305659,2011,2013,3,2.1205739312058496
1368265,2,425159000.0,344065000.0,0.26334410119572793,-0.1580040063503249,,-0.07884491515229114,2011,2023,13,0.30102999566398114
1552979,6,29738.0,NaN,-1.1187369695339298,NaN,,NaN,2013,2022,6,0.7781512503836435
1474459,2,NaN,NaN,,,,NaN,2012,2013,2,0.30102999566398114
1326732,33,275111000.0,139697000.0,,-0.5466376771113703,1.1002009940297552,-0.8737917077933264,2014,2023,10,1.5185139398778873
1680237,2,0.0,0.0,NaN,NaN,,NaN,2017,2022,6,0.30102999566398114
32166,37,248731000.0,241137000.0,0.7060670917241054,0.1298219037208727,,0.06821660663310303,2012,2016,5,1.5682017240669948
1690881,2,127580000.0,115691500.0,0.14949096972410433,0.044745413217664856,0.01705944788331211,-0.13157111646981126,2017,2018,2,0.30102999566398114
906345,33,876447000.0,9614000.0,-45.22738355211952,,,27.52506850834719,2011,2023,13,1.5185139398778873
1692819,58,13728000000.0,11943000000.0,,0.015337564090385525,,0.008558149749631856,2018,2023,6,1.7634279935629371
719955,639,8245936000.0,4891265500.0,0.37988340051676156,0.12150001001961966,,0.07640923208432766,2010,2023,14,2.8055008581584
1423723,3,18317677.0,NaN,NaN,,,NaN,2011,2020,4,0.47712125471966244
1609702,155,2220200000.0,1976500000.0,0.44228227913276374,0.23485921124422865,,0.14876274915245039,2015,2021,7,2.1903316981702914
1037676,3,2451787000.0,2251197000.0,0.29838837851095124,0.057402970731193326,,0.1777712245130378,2009,2023,14,0.47712125471966244
1271024,239,2218767000.0,522189000.0,,0.05501346219501265,0.30627178624640666,0.025730960451675715,2011,2015,5,2.3783979009481375
1420811,29,350950000.0,291317000.0,0.5378696532121081,-0.006549652480536682,,-0.0154301060983901,2015,2019,5,1.462397997898956
1050550,2,155986000.0,155986000.0,0.5896907414767991,0.1589405459464311,0.23196633031169464,0.1573346325952329,2011,2012,2,0.30102999566398114
922717,1,85413000.0,NaN,NaN,NaN,,NaN,2011,2013,3,0.0
919865,4,,,,,,,2011,2011,1,0.6020599913279623
1100202,6,15892000.0,15892000.0,0.5504592799581953,-0.7861890254987522,0.14703071163157286,-1.447151571625952,2011,2013,3,0.7781512503836435
1871638,7,,,,,,,2022,2023,2,0.8450980400142567
1474167,121,55406337.0,37083882.0,1.6625834253395797,1.1800346914365951,,0.9289390410753152,2012,2023,13,2.08278537031645
1020646,2,107000.0,102000.0,24.75303891026816,-35.39576079653045,,-57.97807097917049,2011,2013,3,0.30102999566398114
1001907,1,23995000.0,513000.0,1.2511535129871736,-37.888672972609264,16.588316716807128,-22.977090945831243,2012,2024,13,0.0
744455,50,2775920000.0,2403825000.0,,,,,2011,2017,7,1.6989700043360185
1809987,44,717800000.0,717800000.0,0.36830484446000283,0.016207353780594156,0.035353859317368924,-0.26859126695958263,2020,2023,4,1.6434526764861872
1089061,2,380553.0,248121.5,0.4293053082291875,-4.470741418295022,0.6413981362201279,-3.0661277051768376,2011,2018,6,0.30102999566398114
1677897,5,1458809.0,1229392.0,0.6981279891388417,-0.16965463269326234,,-0.17936418179862196,2016,2023,8,0.6989700043360187
1825079,11,80757000.0,77443000.0,-0.014017139067723006,-1.8266147601812925,0.5416054831948003,-0.3074238638408527,2021,2023,3,1.041392685158225
1497649,3,0.0,NaN,,NaN,,NaN,2011,2023,13,0.47712125471966244
352915,19,12642117000.0,10591071500.0,,0.12167266635063112,,0.07317424889566437,2010,2023,14,1.2787536009528289
1689657,25,85388000.0,64303000.0,0.6909404323395449,-0.8807992995895292,0.7030644873911992,-0.5852061335559248,2020,2022,3,1.3979400086720375
1602658,4,,,,,,,2014,2023,10,0.6020599913279623
1566469,70,89464000.0,73172000.0,1.8666751562977446,-3.022856932896423,2.249872418086434,-5.92583821349703,2016,2022,7,1.845098040014257
1598323,15,0.0,0.0,,-inf,,-inf,2014,2016,3,1.1760912590556811
1057758,4,1366891000.0,1320031000.0,,0.12534500599057027,,0.06940646631094953,2010,2013,4,0.6020599913279623
1632127,46,1706043000.0,1072295000.0,,0.2713888913243612,,0.19893968752413874,2015,2023,9,1.6627578316815739
929008,30,21420100000.0,7598754000.0,0.1125057259201161,0.05320482277405581,,0.030546372600445366,2010,2023,14,1.4771212547196624
1297989,105,1412044000.0,883112000.0,0.38339530068144145,0.1033185366403283,,0.08150396470079226,2011,2023,13,2.021189299069938
1334589,23,0.0,NaN,,NaN,,NaN,2011,2018,9,1.3617278360175928
1529628,4,295973000.0,174841000.0,0.2627684607319401,0.12125702632590371,,0.04202925977297426,2016,2023,8,0.6020599913279623
1974640,4,,,,,,,2023,2023,1,0.6020599913279623
886171,25,514783000.0,436664000.0,0.3357547507375574,0.060807804941771494,,,2011,2017,7,1.3979400086720375
1392902,29,NaN,NaN,,,NaN,NaN,2011,2017,7,1.462397997898956
1099800,296,6004800000.0,2963700000.0,0.7037695178218364,0.27224453538693505,0.15797252960697802,0.253447242206235,2010,2023,14,2.4712917110589383
1388195,57,2091100000.0,1867850000.0,0.15382449937744036,0.022268125376320013,,0.011037363879415814,2011,2016,6,1.7558748556724912
1093649,8,10222000.0,6951000.0,0.7482755085694898,-6.479755095537299,8.7711947360549,-6.680282136887197,2011,2013,3,0.9030899869919434
874238,3,1972229000.0,672230000.0,0.075469549007351,0.0092486442708477,,-0.036594193580446736,2011,2023,13,0.47712125471966244
942650,52,1883504.0,1586927.0,0.79511517645597,-0.023310073616976276,,0.5124087095421079,2011,2014,4,1.716003343634799
1827821,12,69821000.0,69602000.0,0.8375522649836917,-1.9401933412657424,,-1.452185888766522,2021,2023,3,1.0791812460476247
916459,34,2370903000.0,1895104000.0,0.3226972858297886,0.07809611179611872,,0.10356098918795448,2010,2012,3,1.5314789170422551
1489137,2,527696000.0,436221500.0,0.32326857141587706,-0.6759526389232582,0.05920618515875125,0.4144195239299652,2011,2014,4,0.30102999566398114
707388,34,106559000.0,29956000.0,0.5669698213504855,-0.06761191804042353,0.17125230213606024,0.020440431408527658,2011,2023,13,1.5314789170422551
882095,407,32151000000.0,24689000000.0,0.7941202709032644,0.4961395329855588,0.16736930537857114,0.43120333622120366,2009,2023,15,2.6095944092252195
1832168,97,,,,,,,2021,2023,3,1.9867717342662448
873044,11,330865000.0,237863000.0,0.2577407487406344,-0.08512970554823696,0.14329108787120465,-0.12600427184309929,2011,2017,7,1.041392685158225
1431074,38,10997988.0,1107663.0,1.1761542921875532,-0.635515541060745,,-1.0357822358085167,2011,2023,13,1.57978359661681
1364856,2,,,,,,,2011,2015,5,0.30102999566398114
1660334,57,12000000.0,12000000.0,,-3.877000688908572,1.6268368762917038,-2.8526016140143686,2018,2023,6,1.7558748556724912
6201,956,48971000000.0,42650000000.0,,-0.05628103027581114,,0.07417444444070216,2010,2023,14,2.9804578922760996
1840439,9,,,,,,,2021,2023,3,0.9542425094393249
742112,72,1722081000.0,1206250500.0,0.2775480434999607,-0.026211110564430175,,-0.025287898525834043,2011,2022,12,1.8573324964312683
1523855,10,226132.0,NaN,NaN,NaN,,NaN,2012,2017,6,1.0
851968,2,11200613000.0,8515325000.0,0.2853785857922871,0.07044674619801332,,0.04825980801663797,2010,2023,14,0.30102999566398114
1757715,30,247767000.0,114451000.0,0.5466939147064889,-0.48668783437645224,0.07182239888907796,-0.7582096354078615,2019,2023,5,1.4771212547196624
1299969,1,56749000.0,31093000.0,0.20724247983658625,0.09890345979378366,,0.038054606833377864,2011,2023,13,0.0
795212,16,437173000.0,339504000.0,0.278747173558925,-0.08344161158107655,,-0.072080501512959,2011,2022,12,1.2041199826559246
1487428,2,,,,,,,2022,2023,2,0.30102999566398114
1363829,58,1029397000.0,163453000.0,,,,2.546185571996049,2011,2023,13,1.7634279935629371
1638287,11,,,,,,,2016,2023,8,1.041392685158225
1296435,122,1034900000.0,839700000.0,0.2021429990641189,0.08402877058835886,,0.08088447755362461,2011,2021,11,2.086359830674748
1018946,3,240912000.0,235894000.0,0.6966335517996379,0.243107728538626,,-0.01491147445242938,2011,2014,4,0.47712125471966244
1702924,63,8049000.0,2320395.0,0.5120850167121932,-91.0798640419337,11.598683973001114,-33.77559106512923,2017,2023,7,1.7993405494535815
1467373,5,61594305000.0,34797661000.0,0.3133660809782119,0.13730629540520684,,0.09712595238750661,2010,2024,15,0.6989700043360187
1599222,6,899345000.0,756706000.0,,-0.17266486138718762,,0.16529466654290167,2014,2015,2,0.7781512503836435
1583648,14,46279000.0,29101000.0,,-inf,1.347495699281796,-inf,2014,2023,11,1.1461280356782377
926287,2,32970.0,32970.0,0.44504094631483165,,0.0,-43.37285410979678,2011,2011,1,0.30102999566398114
1505512,14,20759000.0,7250500.0,,-inf,inf,-inf,2012,2023,12,1.1461280356782377
1574186,12,218166.0,137362.0,0.4463058833366963,-48.54429068412112,2.123043968232971,-72.46291051912586,2015,2018,4,1.0791812460476247
845385,2,9036455.0,9036455.0,,,,0.7355677641287429,2022,2023,2,0.30102999566398114
1847903,4,6853000.0,6853000.0,,-24.993871297242084,,-31.549248504304686,2021,2023,3,0.6020599913279623
1445883,1,278254.0,176072.0,0.7303796831111752,-0.5033083740791415,,-0.9034811476746942,2011,2015,5,0.0
1561622,3,15561400.0,15561400.0,0.20154394848792526,NaN,,NaN,2013,2016,4,0.47712125471966244
896264,71,1186464000.0,1006083000.0,0.7635821145642819,0.12783599038915427,,0.08801179643534553,2011,2023,13,1.851258348719075
820608,10,19085.0,6113.0,0.9803510610427036,NaN,18.83076151070705,NaN,2011,2021,11,1.0
1013706,2,83800000.0,65944000.0,0.3923667336469785,0.001192788709248081,,-0.011215706372272514,2011,2023,13,0.30102999566398114
1118417,23,219164000.0,131169000.0,0.5730038875905407,-0.12882126429805243,0.20574354617140064,-0.1770929120228075,2013,2023,11,1.3617278360175928
1412043,8,128439000.0,108571000.0,0.6005180422936525,-0.38877309074711663,0.41974697957399815,-0.2423549622965086,2014,2015,2,0.9030899869919434
716778,4,461000.0,254000.0,0.7730224808250272,-11.768997617143524,NaN,-23.204605375685308,2011,2014,4,0.6020599913279623
1830072,20,88902048.0,70073703.5,0.4952479157181322,-0.008823879473156715,,-0.0595506443434837,2021,2024,4,1.301029995663981
1399315,75,,,,,,,2010,2010,1,1.8750612633916997
1421901,1,1028053.0,514026.5,0.2591558995499259,-inf,0.04708512109784223,-inf,2011,2014,4,0.0
1595974,69,577069000.0,202014500.0,0.6158134711635643,-0.24624447609027636,0.22645920776028605,-0.20954868655863984,2014,2023,10,1.8388490907372552
1485469,5,2102019000.0,1961100500.0,0.10553692873448985,0.03578233244502291,,0.008229562231665353,2011,2018,8,0.6989700043360187
1533427,5,30515.0,1215.5,149.93232054972628,-inf,,-inf,2012,2017,6,0.6989700043360187
1834645,2,607681.0,487779.0,,-25.21720543854301,5.440741491854819,-24.2554767663285,2021,2023,3,0.30102999566398114
1458962,71,139021000.0,101369000.0,0.736001489718506,-0.23590194787231444,0.18542114090735817,-0.34558902248156764,2015,2017,3,1.851258348719075
77543,3,5318763000.0,4454662000.0,0.08709590437288965,0.019644567062241432,,0.009106108042270583,2011,2023,13,0.47712125471966244
76063,2,769450000.0,574000000.0,0.9947267207089451,-0.07935262396344109,,-0.08867600233023225,2011,2021,9,0.30102999566398114
1922335,4,5515144.0,5515144.0,0.25600419499472726,-0.37890125806325275,0.0435252461223134,-0.5327772040041021,2023,2023,1,0.6020599913279623
876343,78,14703000.0,376000.0,64.45079386313282,-663.8573166926126,330.61431818860916,-468.72268552799983,2011,2023,13,1.8920946026904801
887359,107,197516000.0,54383000.0,47.14151651615853,-249.17490419948578,178.44349651101624,-177.11662342518025,2011,2023,13,2.0293837776852093
1407190,4,69584000.0,58378000.0,0.4135771595010193,-2.0113240825427487,0.6841729571142797,-1.7804738687666637,2013,2015,3,0.6020599913279623
1507605,88,159163000.0,20191131.5,NaN,NaN,,NaN,2012,2023,12,1.9444826721501687
1382943,5,43493589.0,33967506.5,0.47937176952759775,-0.6371558790399472,0.18605802794178733,-0.48904640836650526,2019,2020,2,0.6989700043360187
1111468,5,,,,,,,2010,2011,2,0.6989700043360187
739608,4,467250000.0,373763000.0,0.12759976210000754,0.014378901270624933,0.013204325935985283,0.0006407323256461117,2012,2014,3,0.6020599913279623
1290677,7,415013000.0,323883000.0,0.4626494112814927,0.17507888230933416,,0.09363335183015442,2016,2023,8,0.8450980400142567
1102432,1,40266780.0,39127372.0,0.6819364252121934,NaN,,NaN,2011,2022,14,0.0
1382821,45,1922765000.0,486920000.0,0.2720923772399383,-0.12446978743133567,0.14440922814124607,-0.08761763919229791,2017,2023,7,1.6532125137753435
1430523,1,21747361.0,4538155.0,0.2652432125482716,-0.4267722926437341,,-1.4662390455064005,2011,2021,11,0.0
1307969,3,1079541.0,672924.0,0.7995108145283049,-1.7750490974702129,,0.04107007862962184,2011,2016,2,0.47712125471966244
1265888,125,,,,,,,2010,2016,7,2.0969100130080562
1611277,1,15292100.0,6796686.5,0.1895820631559746,-4.092453510567577,,-8.231883029363273,2016,2019,4,0.0
1034669,12,168204000.0,166086000.0,,0.37713104160362987,,0.14007476948609632,2011,2012,2,1.0791812460476247
1101396,16,490523000.0,436750000.0,0.20951636404021157,0.030677721982062405,,0.021890116455081893,2012,2023,12,1.2041199826559246
1725057,53,1513700000.0,933350000.0,0.3666202823573821,0.030999394451415235,,-0.057506891020592615,2018,2023,6,1.724275869600789
1856430,113,1008013000.0,814113000.0,,0.02068017452080582,,-0.031324759088663355,2021,2023,3,2.0530784434834195
855612,8,70478000.0,52530000.0,0.9078117191394188,0.17919292693342598,0.1876620340696284,0.303532420278176,2011,2020,10,0.9030899869919434
6207,46,85360000.0,48676000.0,0.47698568483773757,0.17310205166858234,,0.055775900063247404,2012,2024,13,1.6627578316815739
1427644,1,173560.0,173560.0,,-3.790775524314358,,3.712185987554736,2011,2016,7,0.0
788611,5,1651765.0,516437.0,0.47487433692509196,-11.66299970972387,0.6813474418743705,-10.992789246307801,2011,2023,13,0.6989700043360187
1830188,2,421474101.0,421474101.0,0.18915900125497864,0.16399943872233327,,0.1648720380092821,2021,2023,3,0.30102999566398114
789570,333,16164249000.0,9190068000.0,,0.07492451916245281,,0.036953145221993104,2010,2023,14,2.5224442335063197
1328143,15,74461000.0,34046000.0,0.9841659135704143,-6.183762997558135,16.380653956978595,-19.983448465173467,2014,2020,7,1.1760912590556811
1574460,34,13240000.0,2156000.0,-0.19960329196853388,0.7419570935173962,0.3202163287726516,0.3791099857704905,2013,2017,5,1.5314789170422551
1410471,1,609517000.0,523485000.0,,0.09351036865786662,,0.048216500814553025,2011,2014,4,0.0
1811074,8,631595000.0,376761000.0,,0.7788495372850325,,0.8009981024488173,2020,2023,4,0.9030899869919434
1512077,79,656877000.0,35507000.0,1.2274478048686996,NaN,0.47572861702272645,NaN,2011,2019,9,1.8976270912904412
1645260,2,5207000.0,5207000.0,0.2667562896101402,-1.229306702515844,0.14518916842711735,-3.9934703284040713,2020,2021,2,0.30102999566398114
1061027,24,7956000.0,3407500.0,,-40.62334811112697,25.74081043937639,-40.943312616198135,2011,2023,13,1.380211241711606
791770,15,41837000.0,13963472.5,inf,inf,,-inf,2011,2014,4,1.1760912590556811
949852,4,4153409.0,3506756.0,0.432867383011053,-0.0006884348856289995,,-0.018530702413512116,2011,2019,5,0.6020599913279623
912615,114,4548763000.0,3447441500.0,0.35775360625920377,0.11326697861236644,,0.06858438917896886,2010,2023,14,2.0569048513364723
1863105,4,216280000.0,181418500.0,0.7443141140000913,0.05329370692563139,0.1619455023328078,0.049530492881651164,2021,2022,2,0.6020599913279623
1276520,7,10368000000.0,8625000000.0,,,,0.015359058190860562,2009,2023,15,0.8450980400142567
1078075,74,914530000.0,633408000.0,1.1162672077344769,0.12084164449837177,0.2299334657258972,0.09822561941318178,2011,2023,13,1.8692317197309762
1049210,20,50351000.0,50351000.0,0.3388711247045739,-0.1955075370896308,0.17115846755774464,0.24885305157792298,2011,2012,2,1.301029995663981
1049606,62,140815000.0,112035000.0,0.3086834982229452,0.11930475505337709,,0.12653720924300904,2011,2023,13,1.7923916894982537
831749,6,309379.0,309379.0,3.743082109645451,-7.771448611573507,1.6195152224294473,-8.043778019839744,2011,2011,1,0.7781512503836435
1320947,35,966688000.0,864686000.0,0.21227095983522865,-0.024226455485127033,,-0.11057821420164654,2012,2015,4,1.5440680443502754
1067294,9,3442808000.0,2821444000.0,0.690506034768796,0.07408945526552481,,0.061697347203623604,2011,2024,13,0.9542425094393249
1601485,4,28312000.0,28312000.0,0.9847061316756146,-1.3883512291607798,1.1796764622774796,-2.100063577281718,2021,2023,3,0.6020599913279623
849869,80,5677105000.0,3926912500.0,0.15430496751570888,0.08966480180745375,,0.057490893859196625,2010,2023,14,1.9030899869919433
1819994,55,210996000.0,210996000.0,-0.0008137584241820391,-1.3354004991031108,0.6018577963541724,-0.8231361717957181,2021,2023,3,1.7403626894942439
1628063,2,248674000.0,2446000.0,,-0.12243740801209615,,-41.47347704431182,2016,2023,7,0.30102999566398114
1415336,64,174478000.0,143052000.0,0.5564147121790899,-0.11926612407051566,0.14634697293593454,-0.07629601007591284,2011,2016,6,1.8061799739838869
1109116,129,956209000.0,258514000.0,0.780160221959815,0.253515909449452,,0.0970446165033405,2011,2023,13,2.110589710299249
10795,592,20248000000.0,11187500000.0,0.48982819531100147,0.1536807873765126,0.06283063009586666,0.08618597562940429,2009,2024,16,2.7723217067229196
230498,11,9895100000.0,5399600000.0,0.20668398452239017,0.10152847832097618,,0.054683158157474446,2010,2014,5,1.041392685158225
1338248,1,,,,,,,2011,2011,1,0.0
1398797,13,35222000.0,30937000.0,0.3480415028567722,-0.0648734742684402,0.004996876951905059,-0.07405390309962379,2012,2015,4,1.1139433523068367
1040719,5,1802499000.0,831260000.0,,,,-0.10171486068237968,2011,2018,8,0.6989700043360187
78460,21,1148700000.0,1148700000.0,,0.22904152520240273,,0.12518499172978148,2010,2016,7,1.322219294733919
1316898,27,295607000.0,212887000.0,,-0.003116795476087318,,-0.031133629464210777,2011,2017,7,1.4313637641589871
1504464,34,4518.0,1704.0,-0.1010239168521532,-40.0481522956327,8.050393886114385,-91.63452791599798,2012,2015,4,1.5314789170422551
722313,20,139332000.0,114236411.0,0.11673011203376873,0.00820691676305814,0.004700424179304686,0.01126108427646426,2011,2023,13,1.301029995663981
1842279,8,235531000.0,235531000.0,,0.03946189673546158,0.020659700846173114,,2021,2023,3,0.9030899869919434
1610250,149,1657615000.0,727401500.0,0.33325195098272997,0.09536489408390877,,0.05007378359481851,2014,2023,10,2.173186268412274
1282543,2,425767000.0,229779500.0,,-0.03022627802820739,,-0.3093026730177786,2011,2014,4,0.30102999566398114
747605,4,1785634.0,1785634.0,-1.0755059547477255,-0.7118396043086097,,0.10646022645178127,2011,2011,1,0.6020599913279623
1096275,48,1926405.0,481521.0,NaN,NaN,NaN,NaN,2011,2023,13,1.6812412373755872
1177394,172,57555416000.0,15070871000.0,0.07094233066510615,0.026250068971402828,,0.015439323502611865,2011,2023,13,2.2355284469075487
1675149,20,11652000000.0,10433000000.0,,,0.0034896711399107355,-0.016514173329141364,2016,2023,8,1.301029995663981
1389002,76,108530000.0,59558000.0,0.5835543318355294,-0.44618685844188116,0.35898374552317525,-0.4705166223646081,2013,2023,11,1.8808135922807911
1653909,23,297766000.0,277472000.0,0.47152927612306844,-0.2563582673754196,,-0.24725395474048037,2021,2023,3,1.3617278360175928
1142417,145,5211000000.0,1767578000.0,,0.2329014651051322,,0.16060298316460045,2011,2023,13,2.1613680022349744
1653876,2,172732.0,1370.0,0.24692496579987752,-0.6839392980382453,,-49.92470550906155,2016,2023,6,0.30102999566398114
1555560,19,8900.0,8900.0,0.12359550561797752,,,-3.3623595505617976,2013,2013,1,1.2787536009528289
1490054,4,50304.0,3357.0,0.19277459711620018,-280.8445447693631,,-578.87132072836,2012,2023,12,0.6020599913279623
1407878,1,24029.0,NaN,,NaN,NaN,NaN,2011,2023,13,0.0
820096,1,3539800000.0,3173249000.0,0.27703494301181214,0.14859805209671637,0.03263656402328256,0.09863131963070514,2011,2013,3,0.0
1361983,21,270607000.0,55205000.0,1.0998682401827389,0.0808633486025986,,0.030245516438762256,2011,2020,10,1.322219294733919
76334,63,19065194000.0,13015704000.0,0.2741752543027183,,,0.08285865981920083,2010,2024,15,1.7993405494535815
710782,6,0.0,0.0,,NaN,,NaN,2012,2022,11,0.7781512503836435
777491,2,5877819000.0,5422801000.0,0.17519692343708215,0.013974571637784155,,0.011455091708832944,2011,2016,6,0.30102999566398114
937556,483,2048100000.0,714109500.0,0.657139003541103,0.184510820905202,0.09835617289007571,0.15334567751516873,2010,2023,14,2.6839471307515117
1487931,3,699110.0,558222.0,0.7821837080344564,NaN,1.250367517021841,NaN,2011,2021,11,0.47712125471966244
65312,5,353563000.0,161148000.0,0.2701407081416817,0.058029679157230396,,0.029093509142817355,2012,2024,12,0.6989700043360187
1085277,1,663426.0,174635.0,2.538151382829084,-5.623102109128581,,-19.3546788846525,2011,2023,13,0.0
1387135,6,193525.0,24023.5,NaN,-inf,18.433062810728483,-inf,2011,2016,6,0.7781512503836435
1738827,18,781600000.0,544000000.0,0.2264494638970338,-0.1809997955053972,0.004045419323245324,-0.10797930378892562,2018,2023,5,1.2552725051033058
1088034,5,69428285.0,13395131.0,0.23010281529254895,-0.062448614722830614,,-0.00852643044135207,2011,2023,13,0.6989700043360187
1357371,4,1108715000.0,557514000.0,,-1.077749824063101,,,2011,2016,6,0.6020599913279623
1851961,2,,,,,,,2022,2023,2,0.30102999566398114
1533040,29,138000.0,97000.0,,-311.59251124923304,160.88888276063452,-225.7466281357904,2012,2023,12,1.462397997898956
1721386,7,1209947000.0,734608000.0,0.16514259848004972,0.10596839349739288,,0.00641908156000623,2018,2023,6,0.8450980400142567
1724521,7,112000000.0,77517000.0,,-8.870481116223143,8.454835902142216,-3.9064603360537515,2018,2023,6,0.8450980400142567
1438943,14,19346306.0,253318.0,0.5092875346014836,NaN,NaN,NaN,2011,2023,14,1.1461280356782377
1448893,7,1028510000.0,719353000.0,,,,0.5022736980103173,2014,2023,10,0.8450980400142567
1406666,81,867827000.0,428584000.0,0.46999322907918006,-0.03894608381777888,0.2110992621687724,-0.03867530150232826,2011,2023,13,1.9084850188786497
1701605,1355,23838000000.0,21156000000.0,0.02287099494097808,-0.07198605930729905,,-0.12643817764916881,2017,2023,7,3.131939295210424
1846069,33,212765000.0,212765000.0,0.8431370767252941,-0.6307856514470827,0.5306459973229165,-0.5564245745158545,2021,2023,3,1.5185139398778873
1467623,81,2324900000.0,1909600000.0,0.687371653030462,-0.042899025005957575,0.4099161922830392,0.020583691347250705,2018,2023,6,1.9084850188786497
49196,119,1400000000.0,1400000000.0,,,,1.5985714285714285,2010,2023,14,2.0755469613925306
1584952,7,3084000000.0,1450000000.0,0.9979289831824649,0.021435857655768886,,-1.0720969913117055,2014,2019,6,0.8450980400142567
1218683,2,84385407.0,84385407.0,0.46222939171716887,-0.5225115759647874,,-0.731515482502903,2012,2023,12,0.30102999566398114
1393066,64,4503000000.0,3645000000.0,0.8735356762513312,-0.0030104545450895604,,-0.020979848645103383,2013,2021,9,1.8061799739838869
873303,163,612401000.0,380833000.0,0.9760191846522782,-17.015165776173035,27.62159503166697,-10.361218744393526,2011,2023,13,2.2121876044039577
1307954,1,11221000000.0,8014000000.0,0.18627122338088384,0.05996941637566775,0.016964285289291354,0.05587722126259346,2010,2023,14,0.0
1336920,82,13737000000.0,10520000000.0,0.06381110564375324,0.04834455908912956,,0.04138158140538727,2010,2023,14,1.9138138523837167
1135185,8,4549104000.0,1831143000.0,,0.06866431577261094,,0.0797040827741893,2011,2022,12,0.9030899869919434
906193,216,118258000.0,115751000.0,0.3057938399039697,-0.02232343667033369,0.08367710327660671,-0.007605120781182592,2012,2017,6,2.3344537511509307
1071760,40,21088159.0,6719815.0,0.08479625677450425,-3.681440700728603,,-5.002331218890576,2011,2016,6,1.6020599913279623
812900,1,3043438000.0,3013593000.0,0.3817960580282387,0.00510306261250017,,0.004126171612481063,2010,2012,3,0.0
1678531,38,3696000000.0,3131450000.0,,0.09020877086734735,,-0.03714693661261019,2016,2017,2,1.57978359661681
1971213,12,3928000000.0,3928000000.0,,1.0132382892057026,,0.675152749490835,2023,2023,1,1.0791812460476247
1449792,12,114402000.0,83960000.0,0.16697161574915836,-0.07026114503641245,NaN,-0.049283748877389746,2011,2023,13,1.0791812460476247
1724670,3,4030000000.0,3424500000.0,,,,-0.1099751156852165,2018,2019,2,0.47712125471966244
1714562,2,28082009.0,28082009.0,0.47880363545215016,-1.0920272477656423,0.07654470162729454,-0.6452831063475551,2023,2023,1,0.30102999566398114
1367083,82,18936000.0,13272000.0,0.5354756094922117,-0.5813614231280536,0.13384619966388892,-0.4865728120042102,2011,2023,13,1.9138138523837167
1171014,14,118573000.0,97952000.0,,-0.07654298327383835,,,2011,2015,5,1.1461280356782377
1289340,23,54051237.0,32164116.0,0.720134955642642,-0.3553257131841266,0.24952768784272644,-0.4984596120889582,2011,2023,13,1.3617278360175928
1830081,28,80963451.0,45214907.0,,-2.102804292641304,0.1248567824212766,-1.3213121904548868,2021,2023,3,1.447158031342219
1555039,5,423298000.0,248098000.0,,-0.5463776813840144,,-0.320115297836376,2013,2019,7,0.6989700043360187
1066764,2,1855615.0,1022496.5,NaN,NaN,0.008454339935816428,NaN,2011,2023,13,0.30102999566398114
1042821,43,47213000.0,47213000.0,,0.04805879736513249,0.26893016753860166,0.08624743185139686,2012,2012,1,1.6334684555795864
912767,150,9626739000.0,2660329000.0,0.13176259092177545,0.05151354038984099,,0.03465239701142996,2011,2023,12,2.176091259055681
1429764,3,140598000.0,805143.0,inf,-inf,,-35.15747440767047,2011,2023,13,0.47712125471966244
1938338,1,11620515.0,11117140.5,,-0.8227027613135554,,-0.9448946672579601,2022,2023,2,0.0
1650729,249,3475700000.0,2109600000.0,0.33118134553472406,0.06605824886084291,,0.03614257520417412,2016,2023,8,2.396199347095736
1384905,251,1988330000.0,380436000.0,4.089835795457882,-0.9305485706724611,1.0293348608458321,-1.2276848885315845,2013,2023,11,2.3996737214810375
1386355,127,2076000000.0,2035000000.0,0.4265583393475015,0.08920368435352159,,-0.01640938477328019,2011,2013,3,2.103803720955957
1531477,49,100.0,NaN,NaN,NaN,,NaN,2012,2016,5,1.6901960800285134
882104,9,581225000.0,318184000.0,0.6721256953043109,2.572008417475464,0.07494474727042774,1.2595607640070376,2010,2020,11,0.9542425094393249
879993,35,28338168.0,28338168.0,0.7880232060167051,0.2738295926539782,0.1861447430193794,0.2582948199050835,2011,2011,1,1.5440680443502754
1810806,4,1391024000.0,941485500.0,0.8499020435946734,-0.5339020157734504,0.7786293261046255,-0.5153133164005756,2020,2023,4,0.6020599913279623
1050797,30,3126402000.0,2377045000.0,0.49543439851590576,0.1014147749525033,,0.06895929788743971,2011,2023,13,1.4771212547196624
1421871,1,202765.0,202765.0,NaN,,,NaN,2011,2013,3,0.0
1476278,3,3267825.0,2056307.0,0.13838501143727097,-0.010559316976888297,,-34.9277209666674,2011,2013,3,0.47712125471966244
1111632,4,3932000.0,3932000.0,0.9287894201424212,-1.5826551373346898,0.9888097660223805,-1.0139877924720244,2011,2011,1,0.6020599913279623
1077688,28,683501000.0,340112500.0,0.2429402195015396,0.036918875274881066,,0.03768835584426818,2010,2023,14,1.447158031342219
1518222,80,457432000.0,445548500.0,0.5553978657199183,0.08683723850323541,0.042294661302941655,0.015798259910575766,2013,2016,4,1.9030899869919433
1125920,147,1134224000.0,712133000.0,0.5268012519792727,0.03515671437255262,,0.01916956590525232,2011,2018,8,2.1673173347481756
886835,8,4568068000.0,1905940500.0,0.3698458168768656,-0.06657790054462305,,-0.13617597827679048,2010,2023,14,0.9030899869919434
1751692,1,,,,,,,2018,2020,3,0.0
922863,12,842118000.0,745951000.0,,0.04696775221924087,,0.05946435060169715,2011,2014,4,1.0791812460476247
1984060,8,172404000.0,172404000.0,1.8199461729426232,1.5378413493886454,,1.2587062945175287,2023,2023,1,0.9030899869919434
1637757,12,1286000000.0,1053000000.0,0.688335351006184,0.36348900308856336,,0.2551825677948376,2015,2023,9,1.0791812460476247
1627554,2,116855.0,116855.0,NaN,NaN,NaN,NaN,2015,2022,8,0.30102999566398114
38984,13,1249700000.0,5300000.0,1.072973403704188,-1.4441305745900554,,-7.780020868489619,2011,2017,7,1.1139433523068367
1956955,33,0.0,0.0,NaN,-inf,inf,-inf,2023,2023,1,1.5185139398778873
815094,100,847522000.0,329520000.0,0.8403012546807844,0.11947281244932074,0.14074956771068148,0.11748740712170656,2011,2021,11,2.0
1227636,28,65206000.0,58984000.0,0.7010287855572986,-0.43756520308803865,0.1682652420155053,-0.43492619406147437,2018,2023,6,1.447158031342219
1158387,1,4769298.0,4134886.0,0.5554753291190964,-0.32289908899192465,0.10685423950466832,-0.5793694074206656,2011,2015,5,0.0
1818794,53,,,,,,,2020,2023,4,1.724275869600789
1445499,4,12652000.0,6660000.0,0.2605367828995818,-56.79487042355378,21.99377604260338,-60.312085282485924,2021,2022,2,0.6020599913279623
1498021,46,616016000.0,616016000.0,-0.1325129613918774,0.03096007711293917,,-0.02841951160436453,2011,2015,5,1.6627578316815739
1314772,3,247227000.0,205359000.0,0.30923672604920405,-0.02923682209658387,,,2011,2021,11,0.47712125471966244
1328015,17,52164000.0,45644000.0,1.356884540119672,-0.12354444710135795,0.4977155228215032,-0.26682286930805577,2014,2015,2,1.2304489213782739
101778,75,73621000000.0,6407000000.0,0.3572067727120753,0.044108110026750746,,0.06958446285102683,2009,2023,15,1.8750612633916997
789933,9,3331200000.0,214794000.0,0.2085756755876164,0.10126155790059227,,0.13340007703384174,2011,2023,13,0.9542425094393249
1336691,40,133379000.0,115562500.0,,-0.8113964342005694,,-0.2014553059282309,2011,2012,2,1.6020599913279623
1059324,6,2099392000.0,1095210000.0,,-0.6679885408187234,,-0.3543174368385972,2009,2011,3,0.7781512503836435
1402486,1,283358.0,283358.0,0.8329921865625816,,,NaN,2011,2014,3,0.0
1879221,34,,,,,,,2022,2022,1,1.5314789170422551
1874097,10,262000.0,262000.0,0.2869351145038168,NaN,NaN,NaN,2021,2023,3,1.0
1674101,159,6863200000.0,4370600000.0,0.36014724561010975,0.04021701916167082,,NaN,2018,2023,6,2.2013971243204513
878802,2,48492349.0,29141433.0,0.25287218535145756,,0.04645443139906462,-0.11874274811438268,2011,2015,5,0.30102999566398114
727273,4,1501000.0,440000.0,NaN,-28.58821310930276,,-59.51491562134685,2011,2023,13,0.6020599913279623
1720201,3,144342000.0,144342000.0,,-0.2747433179531945,,-0.30846184755649775,2018,2018,1,0.47712125471966244
1823882,5,177283000.0,177283000.0,0.5685688312581364,-0.4498414791785504,0.408042499022085,-0.5198130036598315,2021,2023,3,0.6989700043360187
1411906,15,76787.0,76787.0,-3.8095250498131192,-433.694753018089,,-312.6643572479717,2011,2023,13,1.1760912590556811
12927,86,101127000000.0,76559000000.0,0.15855748271136255,0.04155233543481277,0.05773121128179101,0.02439089719839793,2009,2023,15,1.9344984512435675
1166003,45,17279000000.0,7744000000.0,0.32404934928367013,-0.005889085157592953,,-0.020140716869050394,2011,2023,13,1.6532125137753435
879585,49,759196000.0,451207000.0,,0.12409801919029172,,,2011,2023,13,1.6901960800285134
1437213,7,,,,,,,2011,2012,2,0.8450980400142567
1319229,4,529491000.0,164924000.0,0.48034939303857077,0.23672226787099537,,0.18658496185056664,2011,2023,13,0.6020599913279623
812906,7,277989000.0,276727000.0,0.4167721798472434,0.0016068350554877915,,-0.02139862366975846,2011,2014,4,0.8450980400142567
1825088,2,3748586000.0,1133807000.0,0.001415735841292463,,,0.0821910459360697,2021,2023,3,0.30102999566398114
1018005,53,1038581000.0,905801000.0,0.3092639201659845,-0.10819393387165135,,,2011,2012,2,1.724275869600789
28385,38,5197000000.0,5197000000.0,,0.19780642678468346,,0.10236675004810468,2011,2014,4,1.57978359661681
1512574,6,305581000.0,305581000.0,0.421465994286294,0.20028404907373168,,-0.013021097515879586,2011,2011,1,0.7781512503836435
1498301,3,6649800000.0,3718100000.0,0.5836999793899987,-0.02692770445322016,,-0.053891493909628246,2011,2020,9,0.47712125471966244
1474432,70,2830621000.0,1643440000.0,0.9452889359578825,-0.29689965250581873,0.4652812866722432,-0.4330437466529648,2015,2023,9,1.845098040014257
862692,105,31147593.0,23128047.0,0.6957212953948817,0.10636041721599164,0.007361147121324984,0.003565474009980985,2011,2023,13,2.021189299069938
874866,96,718562000.0,577045000.0,0.2172545787767488,,,0.08050835961491544,2011,2023,13,1.9822712330395682
1071236,9,,,,,,,2019,2023,5,0.9542425094393249
1697532,26,9993000.0,9993000.0,,-8.300810567397178,5.567297107975583,-8.256579605724006,2019,2023,5,1.414973347970818
1536577,8,76028000.0,57588000.0,,,,0.07662310739756742,2016,2020,5,0.9030899869919434
16160,9,3146217000.0,1351609000.0,0.2435757662604628,0.14304316218486707,,0.06481428856163957,2012,2024,13,0.9542425094393249
1385310,3,213797.0,155871.0,0.35602634456506566,-4.9114662405544935,,-5.693318695297281,2011,2015,5,0.47712125471966244
772897,4,278090000.0,261087000.0,0.08223537119287333,-0.15624360551213357,0.06776644826122788,-0.1731524581296024,2011,2015,5,0.6020599913279623
922330,4,NaN,NaN,,NaN,NaN,NaN,2012,2019,8,0.6020599913279623
1866633,47,362422000.0,352664000.0,0.8536348620146862,0.49640588426685534,0.02394641562803688,0.24824807144616198,2021,2023,3,1.6720978579357173
1665300,62,30883000.0,20472000.0,0.524908692442014,NaN,0.44369278309778276,NaN,2016,2023,8,1.7923916894982537
700564,20,227157000.0,226335000.0,,,,0.9812894427896582,2010,2023,14,1.301029995663981
701719,7,171674088.0,108541687.0,0.22630037858379534,0.020378971583963606,,0.019665044146380442,2011,2023,13,0.8450980400142567
909111,5,393544000.0,387427000.0,,0.12797530859621323,,,2011,2012,2,0.6989700043360187
1176373,4,242818000.0,242818000.0,0.9962235089655627,,,-0.12114834979284897,2018,2018,1,0.6020599913279623
1586372,1,116620.0,0.0,NaN,-inf,,-inf,2014,2017,5,0.0
895728,176,47071000000.0,39087000000.0,,0.12661145134176957,,0.08228370655985685,2017,2023,7,2.2455126678141495
315958,11,17979317.0,14196088.5,0.5693309141201225,0.042150391601461994,,0.03641735465734672,2011,2023,13,1.041392685158225
1642896,17,652545000.0,451225000.0,1.1729628724791339,-0.9067674081551076,0.5730851777725448,-0.684614439858201,2022,2023,2,1.2304489213782739
918251,92,683074000.0,421253000.0,0.2500603849279694,0.08713736543001606,0.011181413884559831,-0.019099669216994693,2011,2023,13,1.9637878273455551
1479681,12,219294306.0,1414089.5,-inf,-inf,0.3143043259500216,inf,2011,2023,13,1.0791812460476247
1739208,5,,,,,,,2018,2018,1,0.6989700043360187
909108,5,182193837.0,124425986.0,,0.44277632851702153,,0.3371564586244897,2011,2023,13,0.6989700043360187
1439199,1,134280000.0,134280000.0,,-0.004106891214883936,,-0.016214313380221723,2011,2014,4,0.0
1040829,119,1805969000.0,1092124000.0,0.36838233301977635,0.06954588770836982,,0.10831494588192073,2011,2023,13,2.0755469613925306
1624794,2,757904000.0,350155000.0,0.45744249119850267,0.15682565269913445,,0.11118750726343836,2015,2023,9,0.30102999566398114
1065201,2,16166296.0,7794267.5,,,,-0.08860459896085848,2011,2022,12,0.30102999566398114
1105472,44,182455000.0,156927500.0,1.0678044223216079,-0.09321465291993265,0.4377168472800319,,2011,2016,6,1.6434526764861872
1119897,6,2519914.0,708405.0,0.022048382971592864,NaN,0.6396585891368534,NaN,2011,2021,11,0.7781512503836435
1096939,28,683201.0,595582.0,0.2100477281197343,-0.6932019818599539,,-0.9266031048709565,2011,2014,4,1.447158031342219
1868726,89,704274000.0,282250000.0,1.2699631427353175,0.70448680836124,,0.12192271228642232,2021,2023,3,1.9493900066449126
38067,2,,,,,,,2010,2014,5,0.30102999566398114
1639225,11,30850000.0,30850000.0,1.5611669367909238,-1.9572447325769855,1.6156239870340356,-1.0820745542949757,2019,2019,1,1.041392685158225
1083446,18,773915000.0,356355930.0,0.23106025462590613,-0.010472526204759913,,-0.1918342676115046,2011,2023,13,1.2552725051033058
1044378,44,61249000.0,3250298.0,-3.357491529181656,-20.01700705150978,5.1859626971488435,-22.0823841779877,2014,2022,9,1.6434526764861872
1040850,3,77400.0,31717.0,NaN,NaN,,NaN,2011,2019,9,0.47712125471966244
918543,8,26291200.0,24209205.0,,0.031751687434720025,,0.009583217270824233,2011,2017,7,0.9030899869919434
107140,296,2082928000.0,1785649000.0,0.6937141945567081,0.09631608084581811,,0.0674618557025222,2011,2024,14,2.4712917110589383
1837774,1,0.0,0.0,,-inf,,-inf,2021,2024,4,0.0
1829280,2,16879715.0,16648928.0,0.7338603406875417,-3.3933095799151944,1.5283661951874075,-3.458407499521303,2020,2023,4,0.30102999566398114
803164,1,,,,,,,2011,2023,13,0.0
1049505,21,6645414.0,6645414.0,0.7181638344879642,-0.013537155096732876,0.1297163728249286,-0.07316955723149829,2011,2011,1,1.322219294733919
1716947,4,3931209.0,2523383.0,,-4.177482144553066,4.020243192755294,,2018,2023,7,0.6020599913279623
1118974,3,1973072.0,1680565.5,,-0.5803673475326844,,0.03832248522611416,2012,2015,4,0.47712125471966244
1228386,15,3300.0,3300.0,,NaN,NaN,NaN,2011,2016,6,1.1760912590556811
1759546,1,194000.0,194000.0,-312.33247422680415,-1931.409793814433,268.840206185567,-1612.0360824742268,2019,2023,5,0.0
1293818,10,4306031.0,3418320.0,0.46170453496106545,-5.471556452810839,2.2077276128369787,-6.113247316186948,2015,2023,9,1.0
1046057,1,3622000.0,2984000.0,0.2517050298380222,-0.33478004314827026,0.007885763000852515,-0.09727620071148044,2011,2014,4,0.0
18396,97,1122972000.0,1104958000.0,0.1907920606816935,0.007340766174176796,,0.012810315382308016,2011,2016,6,1.9867717342662448
1454389,11,182740000.0,157992000.0,,,,-0.09432043424995798,2013,2016,4,1.041392685158225
1580864,35,3184255000.0,1357700000.0,0.1087515025270734,-0.22788878602444335,,-0.276161307858215,2020,2023,4,1.5440680443502754
1478484,13,1200079000.0,1200079000.0,0.1611485577199501,-0.008794421033948598,,0.012409183062115078,2014,2014,1,1.1139433523068367
1831915,90,127950000.0,127950000.0,0.5470834961573531,0.09502409795493032,0.1863670704702358,0.08768268855021492,2021,2023,3,1.9542425094393248
1591517,544,3436000000.0,3281000000.0,0.6071637573702237,-0.06594736430645654,,0.023984088016551358,2014,2016,3,2.7355988996981795
1122904,80,1393515000.0,1181018000.0,0.29914543810109995,0.047213282728426405,0.06678165566590376,0.01971303732908107,2011,2023,13,1.9030899869919433
94049,73,2773270000.0,1880786000.0,0.17052962588696016,0.07239113164195347,,0.04982814602239319,2011,2023,13,1.8633228601204557
82628,10,210990000.0,209568000.0,0.470006082106596,0.05736088857686926,0.13367656828898833,0.030327131951448583,2012,2013,2,1.0
1642375,11,11049772.0,902937.0,0.5509945851067337,-10.434671994468598,0.5803517868618951,-13.283935837576403,2016,2023,8,1.041392685158225
1226308,117,143913000.0,96922000.0,0.9471693327377485,0.15318698216356577,0.2150234664786908,,2011,2015,5,2.0681858617461617
1606180,9,279770000.0,279770000.0,,-0.13417450048253923,,-0.21233155806555384,2014,2018,5,0.9542425094393249
1504461,2,13022228000.0,7947915000.0,-0.3028738378623866,-0.0005481699630247564,,-0.027075280637722084,2011,2023,13,0.30102999566398114
1866368,11,368168000.0,203222000.0,0.8360165336349562,-0.04025799968106897,0.2846124764446454,-0.04611985630248285,2021,2023,3,1.041392685158225
1830197,3,,,,,,,2021,2022,2,0.47712125471966244
1007019,4,173656215.0,78948228.0,0.13697867147454693,0.013706450295406108,,-0.003933435982229158,2011,2023,13,0.6020599913279623
1784567,1,72352700.0,54826850.0,-0.09335084475929345,-0.07538632749947773,,-0.0700994106792071,2020,2023,4,0.0
1061688,19,0.0,0.0,,-inf,inf,,2011,2011,1,1.2787536009528289
711404,1,3593200000.0,1966814000.0,0.6436151985291517,0.1652215524219668,0.033954335314317886,0.12266585526078781,2010,2024,15,0.0
1600422,6,20973551.0,13759314.0,0.4858863462608422,-0.3830913042367988,,-0.31968961680128866,2014,2023,10,0.7781512503836435
832428,1,2283532000.0,943047000.0,,0.03823052113246018,,-0.024778063117414744,2011,2023,13,0.0
1532930,7,2188205000.0,2188205000.0,,-0.00646722837442452,,-0.02062394866606558,2013,2015,3,0.8450980400142567
1085280,111,1024613000.0,920246000.0,0.6504670128973853,0.1519159269404889,0.15958410275851073,0.09165726376421258,2010,2013,4,2.045322978786657
1304161,6,21564360.0,19506911.0,0.28261223229880444,-0.009498122083965749,,0.015632409358047817,2011,2023,13,0.7781512503836435
29534,391,38691609000.0,21986598000.0,0.31424911672988615,0.09611257927595843,,0.06804033260099647,2011,2023,13,2.5921767573958667
1413993,6,835246.0,835246.0,0.48006455583145563,-4.231584467330583,,-11.805107716768473,2011,2011,1,0.7781512503836435
1176236,10,819900000.0,819900000.0,0.2738138797414319,0.1367239907305769,,0.10550067081351384,2011,2011,1,1.0
1462633,20,178693000.0,145763000.0,0.7273725864275489,-0.4506121263629582,0.46219956646626414,-0.5261148920624634,2012,2016,5,1.301029995663981
1342958,107,37009895.0,17444419.0,0.40768040184499016,-0.6393504749354626,0.1528543912692099,-0.2876083235845364,2011,2023,13,2.0293837776852093
22356,82,,,,,,,2010,2023,14,1.9138138523837167
1476150,2,221930000.0,171022000.0,,,,0.591436976798437,2011,2023,13,0.30102999566398114
1352801,198,1839300000.0,1839300000.0,0.10634480508889252,0.19735769042570542,,0.05817430544228783,2011,2011,1,2.296665190261531
1125914,71,161632000.0,98991000.0,,0.2374655329565956,,0.17756689838789227,2011,2013,3,1.851258348719075
1105055,33,,,,,,,2011,2011,1,1.5185139398778873
1348362,40,722738.0,224409.0,1.7907922855587486,-55.308664238169,4.992934255273415,-47.62904023595098,2011,2024,13,1.6020599913279623
1065865,35,1076200000.0,981900000.0,,0.2873147486745332,,-0.08081228113879685,2010,2016,7,1.5440680443502754
1856525,52,6702000000.0,5004000000.0,0.2649151250080294,0.07235948468844405,,0.022700480047375775,2021,2023,3,1.716003343634799
1090514,9,305944085.0,301047432.5,0.4446057128030134,0.14883894669785658,0.0384865581090102,-0.0908556194540634,2011,2012,2,0.9542425094393249
899923,136,851100000.0,723100000.0,0.8702774626630176,0.07766894273435634,0.09844679201258845,0.12776020224087048,2011,2023,13,2.1335389083702174
813781,66,3084650000.0,3084650000.0,0.14652305231819926,0.01607292021244982,,-0.011878279005181569,2011,2013,3,1.8195439355418683
817720,138,1739700000.0,1336750000.0,0.39769552079101045,0.0902967563507657,0.20902659767119003,0.058418526760699856,2011,2024,14,2.1398790864012365
1681556,16,9261910.0,1718075.0,0.3694211780759807,-0.1654814542050508,,3.8955990095218187,2016,2023,8,1.2041199826559246
1577095,22,884155000.0,884155000.0,,0.062181452250563915,,0.01495891557475782,2013,2016,4,1.3424226808222062
1012140,46,447174000.0,194343000.0,0.9792353998905481,-0.3006525521565924,,0.48113826982670665,2010,2012,3,1.6627578316815739
944508,30,282558000.0,200379500.0,0.18738321727582544,0.06417999591403743,,,2011,2016,6,1.4771212547196624
1505497,15,628915.0,111000.0,NaN,NaN,NaN,NaN,2011,2023,13,1.1760912590556811
1483510,220,2350129000.0,2148069000.0,0.30438667147728293,0.016312472048197767,,0.03370883127349989,2011,2023,13,2.342422680822206
805305,122,1941849000.0,1837620000.0,0.46062474215630633,0.00172750983115159,,-0.09886919421007982,2011,2015,5,2.086359830674748
25598,3,,,,,,,2012,2018,7,0.47712125471966244
1365916,61,341817000.0,64440500.0,-0.5215114259592019,-3.6559742398234403,1.4709815803376165,-1.4738735538426566,2011,2022,12,1.785329835010767
8818,364,9039300000.0,6330300000.0,0.264973924353813,,,0.042438864109513974,2010,2023,13,2.5611013836490555
1407973,142,43865000.0,33197000.0,0.22571720113447058,-1.3144145583019184,0.5193748889128884,-1.4184761148991314,2021,2023,3,2.1522883443830563
1326190,13,20993605.0,8185027.0,,170.85236811315286,-116.16151991183155,149.73880361150918,2011,2023,13,1.1139433523068367
1712463,132,383900000.0,312350000.0,0.4468378298086718,0.013343274619167933,,NaN,2018,2023,6,2.1205739312058496
1222244,2,,,,,,,2011,2012,2,0.30102999566398114
1598308,1,241624.0,241624.0,-143.47382048508794,-3731.3916406317257,19.13608306018166,-8048.706730758901,2020,2022,3,0.0
1615219,5,5233301.0,1840216.0,0.8873413526936206,-14.303521414231028,8.344350698592924,-15.579898525145003,2015,2023,9,0.6989700043360187
752714,94,635665000.0,342670000.0,1.154771860044027,0.5780631286143483,,0.4174371758129883,2011,2023,13,1.9731278535996983
1563855,4,,,,,,,2013,2018,6,0.6020599913279623
713676,69,21490000000.0,16012000000.0,,,,,2009,2023,15,1.8388490907372552
1482179,2,116732.0,116732.0,2.4999486002124525,,,-0.1385738272281808,2012,2012,1,0.30102999566398114
1046995,41,30531000.0,26079000.0,0.3553732569907524,-0.20844195353206016,0.20991277895670393,-0.2575415249486888,2011,2022,12,1.6127838567197355
1472601,77,969288.0,909134.5,NaN,,NaN,NaN,2011,2014,4,1.8864907251724818
1441816,35,1683011000.0,421720000.0,0.8588064239596161,-0.3391211022381357,0.3456582380989784,-0.4194397700928382,2017,2023,7,1.5440680443502754
1481512,49,4928000.0,3547000.0,,-15.817249817703873,12.333884648953067,-15.644418453253309,2016,2019,4,1.6901960800285134
1516513,23,343548000.0,343548000.0,0.9400820852957953,0.6055588698296251,0.21326368125007159,0.24334699320601605,2021,2023,3,1.3617278360175928
1497253,47,4603000.0,1848000.0,NaN,NaN,NaN,-25.929775517716365,2012,2023,12,1.6720978579357173
1412707,2,,,,,,,2018,2021,4,0.30102999566398114
12239,4,1236000.0,820925.0,NaN,NaN,NaN,NaN,2011,2023,13,0.6020599913279623
704366,1,1580302.0,1580302.0,1.0,NaN,NaN,NaN,2011,2019,10,0.0
1624517,9,1140574.0,1140574.0,NaN,NaN,,NaN,2015,2023,5,0.9542425094393249
201779,2,1252755.0,0.0,,,,NaN,2012,2016,5,0.30102999566398114
788784,93,13322000000.0,9968000000.0,0.6921674836697643,0.21995518550044083,,0.11756194488313068,2009,2023,15,1.968482948553935
72020,72,,,,,,,2010,2010,1,1.8573324964312683
18926,41,23443000000.0,17965500000.0,0.5402323161552001,0.07436567573494164,,0.029954238389609728,2010,2023,14,1.6127838567197355
1024725,32,15379000000.0,8381000000.0,,,0.01917951635490237,0.02058390474573567,2011,2021,11,1.5051499783199058
1538789,29,2371702000.0,2371702000.0,-0.6019622195368558,,,0.28609285652244676,2021,2021,1,1.462397997898956
1573683,6,-2203500.0,-2203500.0,,,,1.6166530519627864,2014,2015,2,0.7781512503836435
320174,5,5328353.0,2872242.0,0.4373613236984496,-2.665249645513086,0.6725370617361726,-2.328846946350565,2012,2014,4,0.6989700043360187
1041859,11,1915364000.0,1725777000.0,0.3787702168336559,0.04342567640751687,,0.07729618004643532,2010,2023,14,1.041392685158225
1385292,251,235789000.0,184500000.0,0.8278501237096052,0.22608396446349038,0.1260006939540734,0.13325322709726778,2011,2018,8,2.3996737214810375
1506295,1,335768.0,335768.0,0.539235424459746,-1.2574932691620404,,NaN,2012,2014,3,0.0
1336917,424,5903636000.0,4398325500.0,0.4580834808502464,0.08762641049481809,,0.051639929693722296,2010,2023,14,2.6273658565927325
860730,46,64968000000.0,55044000000.0,,,,0.07060552016723305,2011,2023,13,1.6627578316815739
1808805,31,,,,,,,2021,2023,3,1.4913616938342726
1124610,271,12851000000.0,7093000000.0,,0.19121091373217633,0.22803579183825545,0.1787361678825793,2010,2022,13,2.4329692908744054
1536047,2,4653900000.0,4653900000.0,,0.12299361825565655,,0.04275983583661015,2012,2012,1,0.30102999566398114
1372612,214,1037741000.0,608386000.0,0.710635116681999,-0.23730208920354245,0.27648946524529444,-0.24496893598873182,2015,2023,9,2.3304137733491905
1158694,2,1634602.0,972104.5,0.6385903791004058,-2.5042927880915355,,-8.458427048895704,2011,2014,4,0.30102999566398114
1587063,8,0.0,0.0,,-inf,,-inf,2015,2015,1,0.9030899869919434
1750,42,2072000000.0,1228910000.0,0.12816337006508866,,,0.040246180992913876,2011,2024,14,1.6232492903979003
1169445,35,280629000.0,197874000.0,0.7774768943107004,0.31125420088820227,0.1332708498635338,0.17631664935834787,2011,2023,13,1.5440680443502754
1655210,136,464700000.0,297897000.0,0.12689247940770926,-0.4244192001393077,0.143408694941922,-0.4282154072738195,2019,2023,5,2.1335389083702174
1005286,41,557559000.0,476813000.0,0.18581963779997618,-0.030871469864074828,0.029979039424016404,-0.17588243490576014,2012,2024,15,1.6127838567197355
1014739,24,3438640000.0,1883918500.0,0.22556082462419885,0.017849907885383594,,-0.006989187435170595,2009,2023,14,1.380211241711606
1815903,25,7811264.0,7811264.0,0.750499599040565,-2.4300654157893016,0.14081690236048866,-1.8929459431917806,2021,2023,3,1.3979400086720375
1065088,280,17902000000.0,9067500000.0,0.7724033007693228,0.23221602091120033,0.11058706581828648,0.38317953064540167,2009,2023,15,2.447158031342219
1311241,6,47298000.0,6726000.0,63.263061823522996,-14.509266442552692,43.939914968625324,-18.121347996025587,2012,2018,7,0.7781512503836435
1043604,202,5301200000.0,3563100000.0,0.7490205618698315,0.14629837732000273,0.2617257044899764,0.09815153112423557,2009,2023,15,2.305351369446624
920371,1,1573217000.0,860661000.0,0.4924096918366348,0.17826121978910153,,0.1275457068075994,2010,2023,14,0.0
1803696,2,892020000.0,422533000.0,,0.27507284931923975,0.16994139364674937,-0.28478510617589425,2020,2023,4,0.30102999566398114
1873835,10,,,,,,,2021,2023,3,1.0
1826011,9,5332979.0,5332979.0,0.5844167021846514,-1.1648557026007416,,-2.9005368294156044,2021,2023,3,0.9542425094393249
887969,24,204749000.0,112679000.0,0.5280530711819386,-0.06517058621775634,0.1928391455126098,-0.02196375624878935,2011,2016,6,1.380211241711606
1431824,17,183674000.0,183674000.0,0.06494114572557902,-0.5781874407918377,,-0.2968465868876379,2011,2011,1,1.2304489213782739
1325955,2,,,,,,,2011,2016,6,0.30102999566398114
827054,104,8438700000.0,2173334000.0,0.62268074455408,0.19400829845523634,0.1442287609511549,0.13813299513069363,2009,2023,15,2.0170333392987803
754813,2,11081429.0,8625624.5,0.5918006793744975,-0.26061893125196584,,-0.31510709528096853,2011,2016,6,0.30102999566398114
1373761,6,58450.0,11283.0,0.38362063971750043,-511.7162208483124,NaN,-558.0409088130111,2011,2013,3,0.7781512503836435
1035443,968,2114150000.0,1708466500.0,,,,0.3102950757020952,2015,2023,9,2.985875357308393
1002047,173,6318000000.0,4018100000.0,0.8376045877661369,0.18799376748139715,0.19659173453077558,0.10439046659116934,2011,2024,14,2.2380461031287955
1256069,2,69267549.0,48011115.0,,-0.0041006323901907225,,-0.03371553085298697,2011,2014,4,0.30102999566398114
1720725,17,24539000.0,24539000.0,0.9378540282815111,-2.892905171359876,0.9875708056563022,-4.102000896532051,2019,2021,3,1.2304489213782739
1140303,2,6651028.0,6651028.0,0.2693400178137876,-0.6270958414248143,,-1.1702978847781125,2011,2011,1,0.30102999566398114
1542627,2,NaN,NaN,,,,NaN,2012,2012,1,0.30102999566398114
73309,119,36483939000.0,20252393000.0,0.1164397984553254,,,0.06987721396049289,2009,2023,15,2.0755469613925306
824142,5,1168518000.0,358632000.0,0.24573114292508214,0.16098356942343178,,0.09988605935782471,2011,2023,13,0.6989700043360187
1466301,21,164522000.0,122072500.0,1.0,NaN,,NaN,2012,2021,10,1.322219294733919
14195,221,2066533000.0,1888022000.0,0.18858809697697823,0.01971833792693991,,0.02066944558765319,2011,2019,8,2.34439227368511
19584,34,2139261000.0,1560134500.0,0.315852558689307,0.13262058385178108,,0.08476788167114532,2010,2023,14,1.5314789170422551
1690080,8,,,,,,,2017,2023,7,0.9030899869919434
707605,98,14968000.0,12791500.0,,,,0.31796614040955107,2011,2023,13,1.9912260756924949
1269026,61,22765000.0,6927000.0,NaN,NaN,NaN,NaN,2014,2023,10,1.785329835010767
1088162,2,122664000.0,117552000.0,0.2992922984995445,-0.04285195433105997,0.038907363731326514,-0.0017197684365874565,2011,2015,5,0.30102999566398114
1088787,22,114058405.0,3817465.0,0.7454994483982248,-8.002432392983458,,-4.32211425004385,2011,2016,6,1.3424226808222062
1094831,31,3353356000.0,1789579000.0,,,,0.05006016712692034,2011,2023,13,1.4913616938342726
912752,58,6134000000.0,2219136000.0,,0.17299697476185236,0.004902663133789003,-0.24559284470719958,2011,2022,12,1.7634279935629371
1042776,10,577756000.0,541642000.0,,0.22160228121001543,,0.23975906934572694,2011,2023,13,1.0
1069533,2,97439765.0,73620306.5,,0.19496364479778197,,0.0658560801871048,2011,2024,14,0.30102999566398114
1835681,94,697651000.0,434888000.0,0.6010731261050171,0.00993905304675066,0.16856024903408506,-0.11155995492849337,2021,2023,3,1.9731278535996983
1530804,12,3572000000.0,1819000000.0,0.16601023301596063,0.03668246271690103,,0.26642787289380226,2012,2023,12,1.0791812460476247
1574963,4,96126000.0,89973000.0,,0.38972164766365053,,0.3755979710313969,2013,2016,4,0.6020599913279623
878927,76,6260077000.0,4062120000.0,,0.21212838108695817,,0.20384385796686844,2010,2023,14,1.8808135922807911
748790,4,2591054.0,1217579.0,0.1969399701798987,NaN,,NaN,2011,2023,10,0.6020599913279623
1264587,10,898199.0,898199.0,,-43.292696829989794,55.93680910355055,-94.66094373295896,2013,2019,7,1.0
815097,648,21593000000.0,14520500000.0,0.3591684035973257,-0.22143235716900914,,-0.30483633953122974,2009,2023,14,2.811575005870593
1509957,2,4603829.0,1189136.0,0.7299043238245122,-8.048162052774169,,-12.100249252146787,2016,2023,8,0.30102999566398114
1036262,5,116828000.0,47266000.0,0.5175003702458665,0.0915700099439754,0.08280789572721158,0.06135598784512146,2011,2023,13,0.6989700043360187
799231,11,,,,,,,2011,2017,7,1.041392685158225
1293282,21,297488000.0,108556000.0,0.7454619037664079,0.0958846382800093,0.06553714018007942,0.050163095952563144,2011,2023,13,1.322219294733919
1567094,124,17802000000.0,15442500000.0,-0.03821562139585272,,0.051128066454766086,0.03814673451586396,2022,2023,2,2.093421685162235
1643953,99,648471000.0,610836000.0,0.4591482538365699,NaN,0.009329214720755574,NaN,2016,2023,8,1.9956351945975497
356080,44,687395000.0,668768500.0,,0.2300158104908589,,-0.020660735374433428,2011,2012,2,1.6434526764861872
1319643,94,0.0,0.0,,NaN,,NaN,2011,2023,13,1.9731278535996983
1043961,20,31971000.0,8697000.0,0.17605193362432414,-2.4020208703858232,0.3692177888440946,-5.232809468248156,2011,2023,13,1.301029995663981
882235,2,1550477000.0,1550477000.0,0.7145407510075932,0.2343765821743889,,0.08777685834746339,2010,2011,2,0.30102999566398114
1502630,4,37777887.0,31886176.0,0.2703334158222208,0.034924142837209016,,0.010723931042788995,2014,2015,2,0.6020599913279623
1520047,11,182621.0,182621.0,,NaN,0.5099304023086063,NaN,2011,2013,3,1.041392685158225
33619,178,2002793000.0,1888777000.0,0.3297824905208518,0.10880832492745694,0.04736190144668386,0.06943269075939404,2010,2018,9,2.2504200023088936
1651944,62,14518000.0,11838000.0,0.028825354150429933,-7.1663836846770845,1.0026172534862394,-6.59578353535871,2017,2023,7,1.7923916894982537
896493,33,156444000.0,10396000.0,0.4417951193048199,-0.5904740853531268,0.07870760581830201,-0.9228454130963494,2011,2023,15,1.5185139398778873
858655,32,579561000.0,482746000.0,0.14670325312630603,0.06298662500353978,0.007615762851261308,0.02775269248227162,2011,2023,13,1.5051499783199058
1366541,105,680264.0,329802.0,0.42402026786027486,-33.92001350071768,19.840506106758987,-11.91370045953553,2011,2014,5,2.021189299069938
1601830,47,44575000.0,3962000.0,1.0,-27.764527592423406,16.246290973823204,-16.43089026439151,2021,2023,3,1.6720978579357173
1169567,1,47609000.0,44235000.0,0.15951812548890174,-0.0013615071164981424,,0.05370725508816681,2011,2013,3,0.0
1481646,75,310021000.0,151432500.0,,-0.6501953834062673,,-0.38528457907819236,2020,2023,4,1.8750612633916997
860748,130,5793000000.0,2787950000.0,,,,0.03319127731027215,2010,2023,14,2.1139433523068365
943034,10,17475000.0,12564000.0,1.3272183129705009,-0.04304518753682779,0.35767247657807577,-0.22454275094767773,2011,2021,11,1.0
1929561,31,4689000000.0,4308000000.0,,0.011363575267831789,,0.005094494029799438,2022,2023,2,1.4913616938342726
1694665,5,,,,,,,2018,2022,5,0.6989700043360187
1835830,30,472748000.0,472748000.0,0.4356316684576138,-0.6993620279726197,0.5545808760692801,-0.10405755286114378,2023,2023,1,1.4771212547196624
1304280,2,18486000000.0,11063000000.0,,,0.0053278665632494155,0.026316394204675537,2011,2023,13,0.30102999566398114
720875,16,64414910.0,40609372.0,0.2978660749578611,-0.03803266082699955,0.03340847902276944,-0.0329581674513676,2012,2024,13,1.2041199826559246
1466593,9,1460209000.0,874673000.0,,0.19867390853385755,,0.10664483120285441,2010,2023,14,0.9542425094393249
1307579,249,32637484.0,14561192.0,0.1576203333626771,-0.39486487116555224,0.05761197092237832,-0.30191483983491807,2011,2023,13,2.396199347095736
1285550,31,23955000.0,7188638.0,0.6513661518020839,-8.101543288639997,5.587636686811748,-12.460728145336711,2012,2023,12,1.4913616938342726
1614067,7,2757000.0,1022000.0,,-25.056430949012586,20.53738565995563,-24.33204557425229,2018,2022,5,0.8450980400142567
1856031,65,,,,,,,2022,2023,2,1.8129133566428552
733076,8,8529000000.0,6903000000.0,,,,0.05002413837184072,2011,2023,13,0.9030899869919434
1546417,2,4442711000.0,4195850500.0,0.6775963187206551,0.03777970014411855,,0.023373333433095233,2012,2023,12,0.30102999566398114
1567517,3,,,,,,,2013,2014,2,0.47712125471966244
9092,66,703592000.0,377698000.0,0.37157111035108775,0.1351394540513715,,0.09548939536890723,2011,2023,13,1.8195439355418683
75679,4,978534000.0,811648000.0,0.6183370229821201,-1.354216193118543,,26.63303522693874,2011,2019,9,0.6020599913279623
1506307,25,16610000000.0,13209000000.0,0.6638260071501485,0.21638601567443125,,0.05941645690223762,2011,2023,13,1.3979400086720375
1289236,48,45300000.0,26400000.0,,,,,2011,2013,3,1.6812412373755872
1861795,15,251415000.0,222653000.0,0.6875689317280083,-0.08897971131684808,0.10625540001351513,-0.059115876312473704,2021,2023,3,1.1760912590556811
1126956,57,,,,,,,2010,2024,14,1.7558748556724912
1030206,16,125666000.0,86589000.0,0.6770992371839274,0.15607526462483617,0.1197594940220706,0.12553219905062546,2011,2015,5,1.2041199826559246
1490983,14,128386000.0,117563500.0,,0.08219584132887053,,,2013,2014,2,1.1461280356782377
863895,5,2310573.0,255416.0,0.5757398340078348,-2.0476488022122106,0.41185876172805225,-3.784191735122844,2011,2016,6,0.6989700043360187
46195,41,,,,,,,2014,2023,10,1.6127838567197355
1836875,10,5373383.0,5373383.0,0.7518040534065593,-6.736325670602156,1.2670814635455572,-6.823690150940526,2021,2023,3,1.0
39648,81,978041000.0,828953000.0,0.2763181227390429,0.3567833080859941,,0.2336293712224037,2012,2016,5,1.9084850188786497
1614436,16,1424678000.0,1424678000.0,,0.06767494128497809,,0.007120205407818468,2015,2015,1,1.2041199826559246
76605,43,4881872000.0,920333000.0,0.17068952692805917,0.06644173776442334,,0.03695249971095004,2011,2023,13,1.6334684555795864
1494904,2,678268000.0,485515000.0,,,,0.08675264924356943,2011,2023,13,0.30102999566398114
1065332,10,354205000.0,260687618.0,,0.19269514090344295,,0.15183503428054382,2011,2020,10,1.0
39368,146,3749183000.0,2099529500.0,0.2887945853829745,0.0020831662831599655,,0.04574790679822884,2010,2023,14,2.1643528557844367
920112,12,93587000.0,71612000.0,,,,1.925007840100972,2011,2023,13,1.0791812460476247
1576940,23,4216314000.0,1785606000.0,,0.1276789878857912,,0.07457179603871919,2014,2023,10,1.3617278360175928
90896,27,2606560000.0,548911500.0,0.16227850639596178,-0.001952842635604726,,-0.010878630116676688,2012,2023,12,1.4313637641589871
1646576,2,438845.0,272181.0,2.272834956744089,-35.67327145812908,,-38.94980744212354,2017,2020,4,0.30102999566398114
42542,168,8074900000.0,6685600000.0,0.29443798750991074,0.14992538073713071,,0.08903216907636452,2009,2011,3,2.2253092817258624
1528172,3,310164.0,73105.0,NaN,NaN,,NaN,2011,2022,11,0.47712125471966244
1618756,1,5739000000.0,4772000000.0,0.4530282041664776,0.4834071190224142,,0.19991445680068434,2014,2023,10,0.0
1299704,1,600233000.0,600233000.0,0.27009511306442663,,,,2011,2011,1,0.0
1873722,14,NaN,NaN,NaN,NaN,NaN,NaN,2021,2023,3,1.1461280356782377
1443388,5,75000.0,75000.0,,NaN,,NaN,2012,2021,10,0.6989700043360187
1872525,1,75893871.0,58953467.0,0.27262906148342564,-0.01723423706023717,,-0.005845420534994449,2021,2023,3,0.0
1722964,29,65267000.0,43008500.0,0.8668035605119853,-2.8523076809051826,2.953831631365581,-2.9918281374690543,2018,2023,6,1.462397997898956
356309,82,,,,,,,2010,2024,15,1.9138138523837167
1318482,5,12475480.0,278921.0,2.8974465615661305,-10.247414207972804,,-11.431291147527327,2011,2021,10,0.6989700043360187
1434620,2,1356000000.0,501215000.0,0.6262243194908741,0.19871223001207736,,0.15966076696165193,2011,2017,7,0.30102999566398114
1681309,1,NaN,NaN,NaN,NaN,,NaN,2017,2019,3,0.0
1823766,32,6523000.0,6523000.0,-8.583473861720067,-0.41959221217231335,,,2021,2021,1,1.5051499783199058
1219210,7,191677000.0,125948000.0,0.4375284083988098,,0.489013875128266,-0.1787137835675267,2011,2014,4,0.8450980400142567
1073362,1,344538.0,291954.0,NaN,-inf,,-inf,2011,2015,5,0.0
1856028,3,110223818.0,30915137.0,,-0.6207486860773478,,-1.1281102085914185,2021,2023,3,0.47712125471966244
1966494,10,,,,,,,2023,2023,1,1.0
1615892,19,17456.0,8728.0,,-inf,,-inf,2015,2016,2,1.2787536009528289
1108205,7,16971991.0,10162000.0,,-2.8973016562571363,0.9284159935019736,-3.3621727765561493,2011,2023,13,0.8450980400142567
851310,46,624957000.0,387577500.0,0.5627069041211098,-0.03288364655853027,0.2498253666068815,-0.06734988552275392,2010,2023,14,1.6627578316815739
1484674,5,,,,,,,2011,2013,3,0.6989700043360187
1500123,6,21756997.0,1401858.0,0.2095097255531734,NaN,,NaN,2011,2022,9,0.7781512503836435
1610092,21,4485230000.0,4410388000.0,0.07168833317794167,-0.0016204543762576025,,-0.0015389832668681186,2014,2018,5,1.322219294733919
1521762,2,107661000.0,90987000.0,0.8753575658177227,0.8285730085349975,0.005472372595213672,0.4856860541411396,2011,2013,3,0.30102999566398114
1065189,6,4555330.0,2567724.5,0.13757875592949753,-0.3099273966350832,,-1.2305419673463707,2011,2012,2,0.7781512503836435
1014111,149,1649500000.0,795150000.0,NaN,NaN,NaN,NaN,2011,2022,12,2.173186268412274
1405249,2,230154.0,230154.0,NaN,,NaN,NaN,2011,2015,5,0.30102999566398114
1820875,288,,,,,,,2021,2023,3,2.4593924877592306
1123541,16,263178000.0,263178000.0,,,,0.060837152041584026,2011,2011,1,1.2041199826559246
900075,102,3869518000.0,826528500.0,0.3113110726931968,1.0421911275246198,,0.7593438463589346,2011,2024,14,2.008600171761917
1393584,74,252789000.0,200823000.0,,-0.6820374584795265,0.5742853172595948,-0.6583356374544194,2020,2023,4,1.8692317197309762
870826,159,693312000.0,562273000.0,0.354660818486979,-0.020041071290752367,,-0.026371900793508454,2011,2021,11,2.2013971243204513
216228,162,9181000000.0,2619950000.0,0.32405380524963273,0.07986700055422857,0.032844041544742894,0.09182915652661991,2009,2022,14,2.2095150145426303
1164964,3,3507513.0,51255.0,NaN,NaN,,NaN,2011,2016,6,0.47712125471966244
1434316,45,96300000.0,4740000.0,,-8.563893199841939,8.033973689386743,-9.87746014668984,2013,2023,11,1.6532125137753435
1824293,4,100000.0,100000.0,,-92.59,37.07,-48.22,2021,2023,3,0.6020599913279623
1756390,22,405926000.0,405926000.0,0.38030290206609085,0.009046306374379004,,-0.23957751532549193,2021,2023,3,1.3424226808222062
790070,260,13690000000.0,12590742000.0,0.5346597706095139,0.28135082816549656,0.19746224431138662,0.18686463153777536,2009,2015,7,2.4149733479708178
1009356,83,1133542000.0,727134500.0,0.8905984609734218,-0.015347536803549524,0.13626680412536962,0.00692126534566468,2011,2014,4,1.919078092376074
873860,55,2038273000.0,1123375000.0,,0.3240075673665788,,-0.04672638015718056,2011,2023,13,1.7403626894942439
1794669,96,2564800000.0,1367500000.0,0.22333930720128536,0.023220469049717696,,0.005948683803060929,2020,2023,4,1.9822712330395682
1420850,11,134267000.0,134267000.0,1.0225744226057036,-0.17603729881504762,0.20407099287241096,-0.09004446364333753,2012,2012,1,1.041392685158225
740260,9,4497827000.0,3443522000.0,,,,0.25179946209098814,2009,2023,15,0.9542425094393249
1366684,6,446762000.0,230223000.0,0.8455902323560226,0.1174094331611107,0.13749156209951952,0.03251399864202532,2011,2014,4,0.7781512503836435
1542335,2,NaN,NaN,,NaN,NaN,NaN,2012,2016,5,0.30102999566398114
1753886,3,289522000.0,279539000.0,0.8411856664430291,-0.10865717487154135,,-0.29055357250743064,2019,2021,3,0.47712125471966244
1488613,83,93203000.0,61079000.0,0.7555662038001313,-2.1270909889772236,2.758111259888023,-5.178708739890382,2013,2017,5,1.919078092376074
1394638,6,4820719.0,2456033.0,0.99221333763013,-2.6139807497145213,0.7686593286736629,-2.7196683774255845,2011,2023,13,0.7781512503836435
1382574,5,17122520.0,3831778.0,0.5259342753883968,-0.38174000661849655,,-0.6846791981632759,2014,2023,10,0.6989700043360187
1484778,71,288379000.0,251792000.0,0.8209670123031435,-0.33369747822999024,,-0.2972873171910952,2021,2023,3,1.851258348719075
1354513,1,832103000.0,766360000.0,,0.1605955168033158,,0.13708298103503033,2010,2015,6,0.0
1604477,20,21478000.0,20998000.0,,-2.6307054823715963,2.5183454481659333,-2.893025191722163,2020,2022,3,1.301029995663981
1759138,12,,,,,,,2019,2023,5,1.0791812460476247
1140184,45,708201000.0,694665000.0,,0.0883248269599595,,,2012,2013,2,1.6532125137753435
783005,5,114131000.0,76920500.0,,0.6532777557426979,,0.9954725718093729,2011,2019,9,0.6989700043360187
724004,66,184335000.0,96179000.0,0.7091708070796552,0.08087078360461938,0.056991909443053226,0.005045162340304337,2011,2023,13,1.8195439355418683
1336545,10,633941000.0,617310000.0,0.5168123388111088,-0.05565233222313194,,-0.09227552738540655,2011,2014,4,1.0
1398702,1,54227000.0,3102729.0,0.39011063788302164,-0.8232061519169418,NaN,NaN,2011,2015,5,0.0
1267201,33,273425000.0,273425000.0,,,,-0.005789521806711164,2011,2011,1,1.5185139398778873
927472,2,650000.0,NaN,0.87478,,NaN,NaN,2011,2012,2,0.30102999566398114
23675,49,5580247000.0,5289953000.0,,0.027286387174619252,,0.02455787351348426,2010,2014,5,1.6901960800285134
1751299,4,975000.0,975000.0,,-89.39846153846153,57.40205128205128,-83.71282051282051,2019,2021,3,0.6020599913279623
1396838,6,268612000.0,263272000.0,,-0.1382051369844396,,0.09601553756825434,2011,2012,2,0.7781512503836435
1003226,6,,,,,,,2011,2013,3,0.7781512503836435
1859285,10,806668000.0,730056000.0,,0.07523784050375308,,-0.046313231984291194,2021,2023,3,1.0
1138639,9,1614128000.0,769230000.0,0.35858122568331113,-0.11085803426357678,0.23861825224970357,-0.13933757518983486,2011,2023,13,0.9542425094393249
1527666,1,0.0,NaN,,,,-inf,2012,2013,2,0.0
1481792,108,4197500000.0,3638600000.0,0.1995903686294396,0.02505418959199533,,-0.001165241311512871,2011,2023,13,2.0334237554869494
1053691,14,7144872.0,570476.0,-0.9915816060543561,-23.295138250253924,0.18705289611906273,-18.58094716921138,2011,2023,13,1.1461280356782377
1375205,1,41877000.0,23496000.0,-111.80401838136653,-217.93105024404878,,-296.54159650968654,2013,2023,11,0.0
1173738,3,526706.0,379445.0,0.9287599434548911,-2.2470269097130595,0.5342121697706785,-4.222330078254695,2011,2014,4,0.47712125471966244
1567925,5,276536000.0,113149500.0,0.8776246200357695,NaN,,-inf,2014,2023,10,0.6989700043360187
1755101,15,28162.0,4951.0,-1.5048521317517312,-inf,,-590.2126646153067,2019,2024,6,1.1760912590556811
1490161,4,29407695.0,428132.0,inf,-inf,,NaN,2011,2023,13,0.6020599913279623
1557421,4,150000.0,150000.0,,NaN,NaN,NaN,2013,2016,5,0.6020599913279623
1598981,27,7700948.0,43109.0,inf,-475.90666493857543,,-inf,2014,2023,6,1.4313637641589871
1576044,14,,,,,,,2014,2014,1,1.1461280356782377
1584693,16,439736.0,424545.0,NaN,NaN,,NaN,2014,2024,10,1.2041199826559246
1653087,20,133617000.0,21098000.0,,-10.93305981195629,11.234098395543366,-4.797979801515408,2019,2023,5,1.301029995663981
1536035,18,3841984000.0,3766988000.0,-0.06567735118537953,,,-0.01001555682270258,2012,2014,3,1.2552725051033058
55234,8,0.0,0.0,NaN,-inf,,-inf,2020,2023,4,0.9030899869919434
350563,23,3487900000.0,2996600000.0,,0.1749806392643043,,0.07085940143754468,2011,2015,5,1.3617278360175928
275053,396,444084000.0,367468000.0,0.7320730839546101,0.04554399018862397,,-0.0009243677561565262,2011,2023,13,2.597695185925512
1519401,13,428351000.0,256488500.0,,,,0.14265533551799722,2012,2023,12,1.1139433523068367
1383196,45,1485239.0,1485239.0,-0.9025819399047199,-232.5860267039097,17.133839495383626,-270.05240603010685,2012,2014,3,1.6532125137753435
1201135,6,719330.0,563581.0,,-5.409889741616262,,2.33712616717874,2011,2015,6,0.7781512503836435
1032975,213,5481101000.0,2268815000.0,0.3638207917938487,0.10705523638287144,0.061467347889143875,0.08743278071683463,2010,2023,14,2.3283796034387376
1786431,275,3817000000.0,3445000000.0,0.26418075567139937,,,0.07694863064255,2020,2023,4,2.4393326938302624
1048695,278,2813169000.0,944469000.0,1.2845987694040935,0.4071199936925876,0.24540572938125216,0.2851796545467967,2010,2024,15,2.4440447959180758
1567514,32,250314000.0,330702.0,,-900.1179062559083,572.3773507789851,-1001.9741458000641,2013,2023,11,1.5051499783199058
934543,2,,,,,,,2011,2021,11,0.30102999566398114
1661998,13,33971000.0,4503000.0,,-24.027316611811127,17.460985034700556,-22.334943838113798,2018,2023,6,1.1139433523068367
744187,1,855000000.0,486671000.0,0.06881804437596392,,,0.06127722308410572,2011,2023,13,0.0
1790340,10,2079961.0,316952.0,inf,-inf,inf,-inf,2021,2023,3,1.0
1004125,3,69281000.0,69281000.0,0.10725884441621801,0.05057663717325096,,0.02237265628382962,2011,2011,1,0.47712125471966244
1239819,24,109497000.0,42917245.0,0.4055305660431185,-0.07630193624508351,0.1040802187548067,0.07533142550275654,2011,2022,12,1.380211241711606
1507986,7,76035000.0,38384500.0,0.3973014250716881,-0.07348646894890629,,-0.12385912361976144,2011,2017,7,0.8450980400142567
1731348,61,628372000.0,405326000.0,0.20585155752949844,-0.4173906366535398,0.03651003550930717,-0.94086337491637,2018,2024,7,1.785329835010767
732412,5,300186000.0,282890000.0,0.27458366105466,0.010862012662400297,,0.03939524820680291,2011,2012,2,0.6989700043360187
33488,3,313757000.0,159463000.0,0.2542964320715169,0.08185032421216443,,0.06538444852935715,2011,2023,13,0.47712125471966244
42682,10,521027000.0,382071000.0,0.25212124636882033,0.11628142888644517,,0.07537777866660372,2011,2023,13,1.0
1444403,4,269210.0,269210.0,-0.011704617213327885,-6.061884773968278,,-9.868073251365105,2016,2016,1,0.6020599913279623
1374690,9,0.0,0.0,,-inf,inf,-inf,2014,2023,10,0.9542425094393249
1428439,68,3126534000.0,1778388000.0,0.4443610854418232,-0.011546788643109101,0.1499761368275882,-0.0663555759847801,2017,2023,7,1.8325089127062362
97854,88,2004366000.0,1918537000.0,0.33954100182291164,0.11529916537949408,,,2010,2011,2,1.9444826721501687
49071,1397,92870000000.0,53767000000.0,,0.05394648089130783,,0.03315947574909858,2009,2023,15,3.1451964061141817
80035,57,637021000.0,388185000.0,0.3090184792894787,0.09362026234547419,0.039490991856460884,0.06150710559449861,2011,2023,13,1.7558748556724912
1300514,767,14584000000.0,10270938500.0,,0.11031102381471304,0.013075066332039573,0.12206910763778048,2010,2023,14,2.8847953639489807
934549,4,65402000.0,44502500.0,-0.33922119640103465,-0.8689498042306164,0.007660312153498922,0.1279109545864956,2011,2023,13,0.6020599913279623
3453,3,4343000000.0,1913250000.0,-0.36082474226804123,0.27685437382731054,,0.1200666052907143,2010,2023,14,0.47712125471966244
1307701,1,10109.0,NaN,NaN,,,NaN,2011,2012,2,0.0
1477472,1,75683.0,75683.0,0.07145594122854539,,,-43.52880435500707,2011,2013,3,0.0
1469606,2,228813813.0,220850316.0,0.08461698798954775,0.04707017584088774,,0.025229356716129095,2011,2013,3,0.30102999566398114
1014507,104,1161300000.0,979400000.0,0.5046468653156295,0.18152092380209744,0.06310507023410057,0.14371626459519726,2011,2015,5,2.0170333392987803
23666,852,10882000000.0,4094000000.0,0.3171162392863901,0.04427876582567197,,0.167891717110713,2010,2014,5,2.9304395947666997
1592288,16,11471000.0,9610500.0,,-2.8203169563640147,4.273975506255606,-2.82692892314701,2015,2016,2,1.2041199826559246
1438535,8,,,,,,,2011,2013,3,0.9030899869919434
1069530,9,41119000.0,11484000.0,,-0.2800647769300104,0.6610575472135318,0.5814900933658075,2011,2023,13,0.9542425094393249
1455684,10,1522741000.0,1289777000.0,0.03010931958806935,0.005086389250513893,,-0.021934304537182772,2016,2023,8,1.0
817979,12,929771000.0,664228500.0,0.09853645058725519,-0.037464137434199185,,-0.08335607026269358,2011,2015,5,1.0791812460476247
1420302,75,989786000.0,221956000.0,1.2695125191645908,0.041888950759605734,0.1711854131635786,0.059977049930279934,2011,2019,9,1.8750612633916997
919722,14,52972000.0,52972000.0,,-0.03668919429132372,0.8286453220569358,,2011,2012,2,1.1461280356782377
1416792,8,,,,,,,2014,2015,2,0.9030899869919434
1580608,71,,,,,,,2014,2020,7,1.851258348719075
1390705,8,517.0,517.0,-40.281130343820315,NaN,,NaN,2011,2015,5,0.9030899869919434
1510487,61,69137000.0,52148500.0,,-1.0279501693172464,0.6541990776651716,-0.4150744174609833,2018,2019,2,1.785329835010767
1675634,7,53436000.0,34958748.0,0.08880813370835058,-0.865952809056822,0.043639667794456605,-0.8448218651232173,2017,2023,7,0.8450980400142567
1372183,8,1563375.0,799321.5,NaN,NaN,NaN,NaN,2011,2021,10,0.9030899869919434
96943,214,2809563000.0,1809690000.0,0.5133605080750326,0.12327172877072863,0.03905219170588938,0.09959223253707736,2010,2023,14,2.3304137733491905
1374684,3,296456000.0,296456000.0,0.725861510645762,-0.16321140405321533,0.217856950103894,-0.22073764740804705,2017,2017,1,0.47712125471966244
1413862,11,0.0,NaN,NaN,NaN,,NaN,2011,2013,3,1.041392685158225
1438133,88,747718000.0,183866000.0,0.3882576048645949,-3.3333748518353765,0.9368091366194543,-2.9583626401457606,2014,2023,10,1.9444826721501687
1491501,507,2661471000.0,1979905000.0,-0.21012626480872665,0.033468526148778266,,0.013697503699799583,2011,2012,2,2.705007959333336
1498828,29,1427901000.0,699489000.0,,0.19670396337519888,,-2.5529161271133263,2011,2023,13,1.462397997898956
814585,1,2435000000.0,433000000.0,,,,-5.970435228047577,2010,2023,14,0.0
33113,15,55451000.0,55451000.0,0.4243566391949649,0.14950136156246055,0.02524751582478224,0.08787938901011703,2011,2011,1,1.1760912590556811
949858,26,,,,,,,2011,2023,13,1.414973347970818
1081183,19,0.0,0.0,,NaN,,-inf,2011,2015,3,1.2787536009528289
1483096,14,3521000000.0,608447000.0,,0.3966279001348344,,0.17923365037354722,2011,2017,7,1.1461280356782377
797564,2,0.0,0.0,,-inf,,NaN,2011,2023,12,0.30102999566398114
1003214,50,203487000.0,200807500.0,0.5047302877650786,0.018070081650788203,0.36941561162122233,0.060617639400231224,2011,2014,4,1.6989700043360185
20629,131,384663000.0,322431000.0,0.31470540429385124,-0.05585070914397189,,0.006594945653985009,2011,2018,8,2.117271295655764
1549966,8,131603000.0,80262000.0,,0.2365518804387251,,0.11164053190163878,2013,2023,11,0.9030899869919434
1666071,10,267116000.0,198661000.0,,-0.29712722017630505,0.11464760140562831,-0.7023913546296264,2018,2023,6,1.0
1179755,2,2194202000.0,2103034000.0,,,,0.17030198130266014,2010,2016,7,0.30102999566398114
1629665,3,13205024.0,11008532.0,0.33354309898852774,-0.001185330960297326,,NaN,2015,2023,9,0.47712125471966244
1492674,126,22305000.0,4373000.0,-3.078807473085788,-26.911187396083342,15.688087876536008,-30.1399177534932,2014,2023,10,2.1003705451175625
55785,262,21063000000.0,19561000000.0,0.3196499872826758,0.14640579382487792,,0.0871040296445448,2009,2023,15,2.4183012913197452
1045810,522,26974000000.0,8312000000.0,0.6303787757263241,0.2714335416334484,0.22587452558730114,0.21740143385990301,2010,2023,14,2.717670503002262
1491471,11,4159562.0,232955.0,NaN,NaN,,NaN,2011,2014,4,1.041392685158225
1452168,3,32947081.0,9316225.5,,-1.3415043308823948,,-1.2678856809018368,2011,2016,6,0.47712125471966244
1456857,206,897696.0,897696.0,NaN,NaN,,NaN,2011,2022,12,2.3138672203691533
1762303,11,50143000.0,24342000.0,0.8587886878115099,-7.954726192870298,2.5895662186517407,-12.146560931491184,2020,2023,4,1.041392685158225
1812360,53,511000.0,328000.0,0.7392671570281396,-91.21778122680342,15.280869154463865,-421.67001821985286,2022,2023,2,1.724275869600789
51548,239,787254000.0,651936000.0,,0.160855621893226,,0.108781028320939,2010,2018,9,2.3783979009481375
1050377,133,2892595000.0,2573973000.0,0.14158147099404073,0.02717580846441358,,0.019087485678123715,2011,2023,13,2.123851640967086
805022,6,4759610000.0,2509374000.0,0.3937949301435548,0.140885482748683,,0.05766249601507095,2010,2018,9,0.7781512503836435
1234308,393,20268000000.0,19469500000.0,,0.11987600051442848,,0.06723012431447631,2009,2010,2,2.5943925503754266
1855644,4,,,,,,,2022,2023,2,0.6020599913279623
1496443,6,47274162.0,10416672.0,0.47213413792972714,0.0990999613442973,,0.05189233148996701,2011,2023,13,0.7781512503836435
60876,73,122961000.0,122961000.0,0.40588479273916117,0.28704223290311565,,0.2785842665560625,2011,2011,1,1.8633228601204557
778164,21,1624758000.0,1191176000.0,0.017730666960730508,0.0033770279952803676,,-0.0035555727299054593,2011,2023,13,1.322219294733919
83402,2,166932000.0,153071000.0,,0.10649217085776944,,0.0382466904488082,2011,2015,5,0.30102999566398114
1318568,21,974948000.0,660385000.0,,0.07296954099019222,0.03164891751059376,-0.03097556825562015,2011,2023,13,1.322219294733919
1532882,1,12080.0,8040.0,,,,-6.148737996688742,2012,2015,4,0.0
854701,9,307570000.0,280014000.0,0.36964048070316263,0.02611352725504991,0.1310315991261905,0.05928164197438278,2011,2014,4,0.9542425094393249
1723089,188,3805948000.0,1559076000.0,0.2803377115485754,,,-0.005290944833171075,2018,2023,6,2.2741578492636796
1819035,10,35064000.0,35064000.0,,-1.2782340862422998,0.45707848505589777,-3.4250798539812912,2020,2021,2,1.0
810509,12,4233953.0,657826.0,5.289631524788031,-65.33766922362344,71.95139889830136,-86.74938472462878,2011,2022,12,1.0791812460476247
1479419,28,11240000.0,6074000.0,,-inf,inf,-inf,2017,2023,7,1.447158031342219
933590,1,,,,,,,2011,2015,5,0.0
1567264,2,,,,,,,2023,2023,1,0.30102999566398114
910406,40,2688515000.0,2012102500.0,0.23582398547435787,0.05777539579718131,,0.026090561602515612,2011,2024,14,1.6020599913279623
1278363,1,1908249.0,1908249.0,0.3163910999036289,-1.0928379891722726,,-3.3970469786699744,2011,2012,2,0.0
744452,43,18168677.0,3227609.5,0.5581898122677648,-3.5776873559294584,0.5746386095578321,-4.4050250373041155,2011,2024,14,1.6334684555795864
1797956,111,,,,,,,2020,2020,1,2.045322978786657
1478121,4,60194000.0,13385500.0,1.051941163592841,-1.2022217964646733,1.2244800537392324,-1.488890579876168,2014,2019,6,0.6020599913279623
69671,172,4991979000.0,4906388000.0,0.07747892853783217,-0.00539758283307533,,-0.009457903074715536,2011,2012,2,2.2355284469075487
1496741,1,278012.0,278012.0,,-19.79762706621785,1.4144572556230512,NaN,2012,2015,5,0.0
911177,74,889211000.0,582169500.0,0.31016849603622704,0.06279901621341612,,-0.015091754851385959,2012,2023,12,1.8692317197309762
1353209,13,,,,,,,2011,2011,1,1.1139433523068367
1061164,2,22723.0,0.0,0.9791965969804077,-14.577288198105087,,NaN,2011,2023,13,0.30102999566398114
1501972,4,677728.0,95376.0,0.8834568076167941,-21.996567446559077,1.4710244904911824,-25.08001990814454,2011,2014,4,0.6020599913279623
1501570,29,,,,,,,2014,2023,10,1.462397997898956
1463172,49,1338603000.0,371082000.0,1.0253013936031063,-0.3875826863856304,0.38015174122536854,-0.5127489385309557,2014,2021,8,1.6901960800285134
1106645,6,,,,,,,2011,2016,6,0.7781512503836435
1389115,1,,,,,,,2011,2012,2,0.0
1032067,7,21586000.0,19507000.0,0.275026331150251,-0.07379110413819207,0.05107343097466181,-0.07368258230854198,2011,2012,2,0.8450980400142567
1144519,55,61347000000.0,45743000000.0,0.04766968165298668,,,0.011384629512649933,2009,2022,14,1.7403626894942439
1832433,2,29734000000.0,29150000000.0,0.2706331691418491,0.07884460800629406,,0.041573504165226385,2022,2023,2,0.30102999566398114
21665,1469,19457000000.0,16034000000.0,0.5874098603252823,0.22211724415875095,,0.13792227438433907,2009,2023,15,3.167021795790256
1051470,21,4355605000.0,1878658000.0,0.24107821051502765,1.3804581582854984,,0.062410684126963524,2009,2023,15,1.322219294733919
1342854,1,4527536.0,299703.0,,-42.03785952913661,,-33.995150754661054,2012,2014,3,0.0
726514,5,256811000.0,148893000.0,0.42481176066473525,-0.17028693124489128,0.24017351426014646,-0.03199938029779994,2011,2017,7,0.6989700043360187
911216,9,67134758.0,4853678.0,0.9377019344202906,-138.1697352377799,109.37823131769541,-171.38378643000465,2012,2024,12,0.9542425094393249
864270,4,,,,,,,2013,2023,11,0.6020599913279623
1784058,44,157627.0,113566.0,0.6080506701819939,-1.2326601251141414,0.1387184962272113,-1.5333096234960872,2020,2023,4,1.6434526764861872
1412067,14,145000.0,145000.0,,-170.33793103448275,80.00689655172414,-107.71034482758621,2011,2017,7,1.1461280356782377
1591913,5,3941273.0,NaN,NaN,NaN,,NaN,2014,2023,10,0.6989700043360187
1679082,18,59317000.0,29658500.0,,-inf,inf,-inf,2016,2021,6,1.2552725051033058
1560449,2,,,,,,,2013,2016,4,0.30102999566398114
1679826,106,299449000.0,201562000.0,0.8795940643188692,-0.02889320739370273,0.20003641646096446,-0.09424757757735741,2019,2021,3,2.02530586526477
1387156,4,3906000.0,2238000.0,-4.898050233109656,-28.550728972970056,7.201261217560029,-26.852383647290267,2017,2018,2,0.6020599913279623
1543151,338,31877000000.0,13000000000.0,,-0.29584613172712715,0.15213266421150212,-0.4633179553849224,2019,2023,5,2.5289167002776547
1615999,21,173889.0,34970.0,0.39948527309122106,-inf,inf,-inf,2016,2021,6,1.322219294733919
1492683,1,248000.0,248000.0,,0.21663306451612904,,-2.902701612903226,2011,2011,1,0.0
891417,22,9177568.0,4330752.0,0.3305250901236039,-1.7154904488669567,4.203302803610889,-1.0645163186958297,2011,2023,13,1.3424226808222062
789019,4169,245122000000.0,86833000000.0,0.744328061255644,0.3431625146996027,0.14535440443954548,0.2733620152886906,2010,2024,15,3.6200318951262966
1315695,13,3669300000.0,3164300000.0,0.30801811445896304,0.11196411949477758,,0.07631495058973542,2010,2013,4,1.1139433523068367
1557796,4,495.0,NaN,-41.25454545454546,NaN,,NaN,2013,2015,3,0.6020599913279623
1909747,37,284284000.0,246788000.0,0.3960247294268392,-0.47296551486956806,,-0.44773584952738255,2022,2023,2,1.5682017240669948
1819574,1,535315000.0,378604000.0,0.7115057362193463,-0.10022340506292543,,-0.12010754964220767,2021,2023,3,0.0
731766,1699,324162000000.0,17312000000.0,0.43387369547066235,1.4859360068855323,,0.8634593825484723,2009,2023,15,3.2301933788690453
722572,9,184115345.0,36468900.0,0.15525915876531765,0.03238651242114247,0.08796124078362146,-0.027356354258369707,2012,2024,13,0.9542425094393249
1566049,7,15753000.0,15753000.0,,-0.6660318669459785,1.0780168856725703,-0.6920586554941915,2018,2018,1,0.8450980400142567
1782754,10,1441448000.0,1355586000.0,0.2899963428613533,0.10431245274295523,,-0.0028975534389537386,2020,2024,5,1.0
1080034,75,539820000.0,443119500.0,0.6777049020028226,0.2208060033109622,,0.21519910460591252,2010,2013,4,1.8750612633916997
1664127,1,12209237.0,42013.5,1.0,-inf,,-inf,2016,2022,7,0.0
1024305,99,8648500000.0,4629900000.0,0.6319518306030227,-0.07608821707985293,,-0.03363241359980938,2014,2024,11,1.9956351945975497
1918661,42,,,,,,,2023,2023,1,1.6232492903979003
1095373,24,,,,,,,2011,2011,1,1.380211241711606
1402328,3,24092787.0,1708.0,NaN,NaN,NaN,NaN,2011,2023,13,0.47712125471966244
1103090,1,2814670.0,1428490.5,0.6517240477539402,-0.3580635296321053,0.03893568797141052,-0.18959785109132024,2011,2023,12,0.0
1049502,67,2950000000.0,741227000.0,0.5374109173063122,0.2574060597064574,0.10830651915456357,0.010036595148571388,2010,2023,14,1.8260748027008262
1413898,6,202287000.0,168968500.0,,-0.06562525132479415,,-0.06735374935112896,2011,2023,13,0.7781512503836435
1166691,604,116385000000.0,74510000000.0,,0.18838170077454106,,0.12535369942508387,2009,2023,15,2.7810369386211318
842518,3,,,,,,,2011,2015,5,0.47712125471966244
754673,4,,,,,,,2011,2016,6,0.6020599913279623
1831096,2,67974000.0,38414000.0,0.6901424245822586,-0.5036330995419531,,-0.13009615725221596,2021,2024,4,0.30102999566398114
26780,387,10156000000.0,7544000000.0,0.1474625486424278,0.04811932183112427,,0.027495232456244342,2011,2023,13,2.5877109650189114
1831617,425,2629200000.0,2629200000.0,0.3596721436178305,-0.003727369542066028,,-0.053970789593792784,2021,2022,2,2.6283889300503116
949870,215,2008625000.0,995649000.0,0.4801487705986037,0.13181920375964068,,0.08329669178672632,2011,2023,13,2.332438459915605
1589150,2,192000.0,110000.0,,NaN,NaN,NaN,2014,2023,10,0.30102999566398114
1057877,4,1282524000.0,1148007000.0,,0.20684751139082921,,0.14486873915565235,2010,2023,14,0.6020599913279623
1756262,29,93459000.0,30262000.0,0.5235732936405652,-0.9306438231404739,0.6539820439286027,-1.1541167685252518,2019,2023,5,1.462397997898956
758743,2,64231000.0,12541000.0,0.21203554264992983,-0.1944112687310178,,-0.14604109266303103,2011,2023,13,0.30102999566398114
25232,14,762290000.0,259211000.0,0.6323877850775985,,,0.20166061238865166,2011,2023,13,1.1461280356782377
1807120,4,226000.0,226000.0,,-158.54424778761063,109.63716814159292,-36.63716814159292,2021,2023,3,0.6020599913279623
1805024,1,30143118.0,20652000.0,,-0.3675785483709822,,-0.3050052337999855,2020,2022,3,0.0
1648365,14,865838327.0,24984.0,inf,-inf,,-inf,2016,2022,7,1.1461280356782377
1463961,1,1043778.0,908941.5,0.29491216879659227,-1.0932865029487855,0.054035373733495914,-1.1122311853481528,2011,2012,2,0.0
1508677,6,208816000.0,208810000.0,0.30989852029606396,0.1458843924284087,0.022127012555392633,,2011,2013,3,0.7781512503836435
1567892,134,3380800000.0,3162500000.0,0.41779785591852703,-0.13203686133514464,0.08024672039938811,0.011590635430163669,2013,2023,11,2.1271047983648073
826253,101,3439959.0,183032.0,1.9298153062185728,-28.14085628902585,3.865452839449314,-28.025785299099162,2011,2023,12,2.0043213737826426
1403802,20,1313621.0,589000.0,0.7511615785941851,-7.638880930754051,,-9.528743890482364,2011,2017,7,1.301029995663981
1748137,3,4823510.0,4473514.0,0.14503865959638418,-1.0807952903913953,0.00990965897969815,-0.8524769024800084,2022,2024,3,0.47712125471966244
1001258,1,45849000.0,32928000.0,1.0730983186816074,,,0.16579246851408644,2012,2019,8,0.0
1421865,2,213663.0,0.0,0.0,-inf,inf,-inf,2013,2016,4,0.30102999566398114
1540400,36,74938000.0,67312500.0,0.6741258326517905,-0.00012039372689829667,0.19925161801668098,0.042438474724241164,2012,2013,2,1.556302500767287
1487952,2,362580000.0,250028000.0,0.3563567500991213,0.06387242827106018,,0.044118758328847714,2011,2023,13,0.30102999566398114
1262104,10,65297000.0,29022500.0,0.5021200392914856,-2.9028836442875674,2.3536245940394114,-4.3233442139282054,2012,2024,12,1.0
38725,146,2043711000.0,1006619500.0,0.3298373849429394,0.1112016447075916,,0.07741725405948906,2010,2023,14,2.1643528557844367
1636051,260,750000.0,266012.0,NaN,-inf,,-inf,2016,2024,9,2.4149733479708178
1534463,8,7703000.0,7703000.0,0.567441256653252,-1.1263144229520965,0.7328313644034792,-1.1460469946773983,2012,2012,1,0.9030899869919434
1419275,12,65869000.0,2126800.0,0.4889726077260631,0.14197878338898606,0.10288861121805208,-0.06934313895508808,2011,2023,13,1.0791812460476247
84748,148,971171000.0,641443000.0,0.3661671073062671,0.10917940357269036,0.039207545463133466,0.06810882966555894,2011,2023,13,2.170261715394957
1472595,80,1474600000.0,1027300000.0,-0.055462258380116744,0.02968765891696818,,0.1395994611927311,2011,2021,10,1.9030899869919433
1171008,2,1756021.0,48749.0,NaN,NaN,,NaN,2011,2022,10,0.30102999566398114
784199,111,313789000.0,119631000.0,0.8900041307023491,0.11053750376233465,0.09853321760749688,0.030556208771605104,2011,2023,13,2.045322978786657
727672,7,461296.0,242473.0,NaN,NaN,NaN,NaN,2011,2016,6,0.8450980400142567
1158780,1,2847000.0,529000.0,NaN,NaN,NaN,NaN,2012,2024,12,0.0
60751,62,5027800000.0,5027800000.0,0.3562194200246629,,,-0.013146903218107324,2010,2010,1,1.7923916894982537
1141107,13,5322921000.0,1064837000.0,0.3551460345951099,0.0055906992867648195,0.15998824988544053,-0.02100553990075889,2010,2014,5,1.1139433523068367
1267612,9,0.0,0.0,,-inf,,-inf,2018,2019,2,0.9542425094393249
1244937,37,471948000.0,283382500.0,0.5575688637479362,0.01383606263655989,0.05747268157833075,-0.0026411664546478774,2011,2016,6,1.5682017240669948
1664106,9,5410000.0,4432000.0,,-8.164572779610983,6.540618394168083,-8.421744030602362,2018,2021,4,0.9542425094393249
914208,70,6894500000.0,5147100000.0,,0.2088900112959672,,0.16807901864531205,2009,2023,15,1.845098040014257
1686400,32,1063238.0,1063238.0,,-19.62107637236442,0.0,-14.293999085811455,2021,2021,1,1.5051499783199058
1651932,38,0.0,0.0,,NaN,,NaN,2015,2023,9,1.57978359661681
1419793,38,10376573.0,954470.0,0.42231655622021724,-34.94441987744888,NaN,-55.19896628383587,2011,2023,13,1.57978359661681
1556739,393,1815000000.0,1311881000.0,0.7328827628132393,-0.07469248376812614,,-0.14554571926955634,2013,2023,6,2.5943925503754266
1715768,9,24050000.0,24050000.0,0.471229871798225,NaN,0.5146854531744542,NaN,2018,2022,5,0.9542425094393249
1517022,18,335001000.0,207742000.0,0.3742398263358824,-0.781602633927688,0.9362545861130954,-0.8067061557240073,2014,2023,10,1.2552725051033058
790359,32,,,,,,,2010,2023,14,1.5051499783199058
1647088,8,1672980000.0,906793500.0,0.5241575421442853,-inf,,inf,2016,2023,8,0.9030899869919434
1177135,4,467907.0,467907.0,0.39230611812870003,-1.4136258235837982,,-1.5768074489644377,2011,2015,5,0.6020599913279623
1399488,24,0.0,0.0,,,,-inf,2011,2015,5,1.380211241711606
804212,149,5313777000.0,4746283000.0,,0.11429912991992815,,0.06303686006594088,2010,2015,6,2.173186268412274
1493594,26,729578000.0,570398000.0,0.459384232433257,0.0031569435890334693,0.2138402437907356,0.045182620506845635,2012,2024,13,1.414973347970818
1698702,3,47000.0,33909.0,NaN,NaN,,NaN,2017,2022,6,0.47712125471966244
1563298,8,550000.0,550000.0,NaN,-inf,,-inf,2019,2023,5,0.9030899869919434
1593184,5,42159.0,42159.0,1.0,-3.2588652482269502,,-1.8574444365378686,2022,2023,2,0.6989700043360187
912898,2,325834000.0,301466000.0,,0.28327240882885635,,0.01478096668087746,2011,2013,3,0.30102999566398114
1328670,6,2399842.0,1933298.0,0.9008182174008784,-2.5332471223020425,,-4.361564577711273,2012,2016,5,0.7781512503836435
3197,47,422627000.0,341869000.0,0.32548219173193293,0.05395431926555212,,0.002854129319488278,2011,2023,13,1.6720978579357173
1383756,1,32046.0,32046.0,0.981526555576359,-32.67768208200712,,-32.09136865755477,2011,2012,2,0.0
1604191,1,0.0,0.0,,,inf,-inf,2016,2023,8,0.0
1599901,97,9326000.0,9326000.0,,-14.718090745759675,11.187640397458843,-7.681945373453194,2020,2023,4,1.9867717342662448
1446371,13,7125000.0,7125000.0,,-1.1504561403508773,,0.29782456140350877,2011,2023,13,1.1139433523068367
1383729,5,432386000.0,314795000.0,0.5811772417630081,-0.06880725372482618,0.10989820139421345,-0.00888810806089563,2012,2013,2,0.6989700043360187
1878313,1,,,,,,,2022,2023,2,0.0
1025362,2,62121000.0,62121000.0,0.39761647966602814,-0.11480209757522024,,-0.14794241258261726,2011,2018,8,0.30102999566398114
1025996,9,898397000.0,379627500.0,,,,0.3457991323407797,2010,2023,14,0.9542425094393249
868611,1,567436000.0,409866000.0,0.1885515867032611,0.25270681472778145,,0.1300485202629551,2011,2018,8,0.0
885245,25,1345187000.0,1018909500.0,0.4215501657040334,0.20228972070547316,,0.1299759307857876,2010,2023,14,1.3979400086720375
1506929,5,158098.0,42987.5,NaN,-inf,,NaN,2011,2024,13,0.6989700043360187
911326,34,14954000.0,7736500.0,,-20.82338708674246,11.41082395095513,-20.05980266054074,2011,2014,4,1.5314789170422551
1489393,88,50451000000.0,33908000000.0,0.130530506843098,0.13895646051629054,0.0032250257686828334,0.11255570630676189,2011,2023,12,1.9444826721501687
13573,3,24770884.0,23857281.0,0.8420920226823063,0.11962816175408575,,0.15465282192770877,2012,2020,9,0.47712125471966244
313716,27,341573000.0,315249000.0,0.2879834462961256,0.02587146363039908,0.04524100997244984,0.009207075867435166,2011,2017,7,1.4313637641589871
913142,191,2512084000.0,2233481000.0,0.36031050334253967,0.08502596033589309,0.042874053762089706,0.024004286494718936,2010,2023,14,2.281033367247727
1529113,27,51381000.0,17706500.0,0.5566692678049646,-2.2094626848771433,0.4922505574272451,-3.7123761123918073,2014,2023,10,1.4313637641589871
1430124,11,NaN,NaN,,NaN,,,2011,2011,1,1.041392685158225
1483623,2,129652.0,129652.0,0.24446209854070897,-0.9189059945083763,,-1.7252182766174067,2012,2012,1,0.30102999566398114
1759424,1,25927.0,19362.0,0.5354511178042998,-3.8540840685092586,,-7.8208077191013,2019,2022,4,0.0
1308085,33,1255325000.0,1172747500.0,0.5517738564965005,0.1252826467505105,,0.018440168957734843,2011,2014,4,1.5185139398778873
1512074,40,42528391.0,16350000.0,1.1906683004198946,NaN,0.16462865103987795,NaN,2011,2017,8,1.6020599913279623
1169561,129,839247000.0,626274000.0,0.8312515857843977,0.04496084496623087,0.14221902688107033,0.028155810689656162,2010,2023,14,2.110589710299249
351346,64,2838100000.0,2838100000.0,0.6617455339840034,-0.032909340756139674,0.04207039921073958,-0.01677178393995983,2012,2012,1,1.8061799739838869
216085,8,1047215000.0,802291000.0,0.5276336633380252,,,0.035657493917259704,2011,2023,13,0.9030899869919434
861361,103,3483700000.0,2729600000.0,0.39336491785043776,0.13960193749477254,0.07382739271959014,0.08317086261497542,2010,2016,7,2.012837224705172
1531048,45,493632000.0,95399500.0,1.2251838462218636,-0.05619421529748311,0.22662999410588303,0.08419061716413763,2020,2023,4,1.6532125137753435
1398529,8,12340280.0,7418377.0,NaN,-1.2344270231280356,NaN,NaN,2012,2018,8,0.9030899869919434
1331451,11,,,,,,,2012,2015,4,1.041392685158225
1527508,33,5437000000.0,5314000000.0,0.1466450234388219,0.04714290096127946,,0.016931994012981007,2020,2023,4,1.5185139398778873
56047,9,3091640000.0,2192913000.0,,0.07599352104929247,,0.05226409135895693,2010,2023,14,0.9542425094393249
1955520,47,2830350000.0,2830350000.0,0.12750861200911548,0.06864698712173406,,0.04584415354991432,2023,2023,1,1.6720978579357173
1558085,10,,,,,,,2013,2014,2,1.0
1377167,28,6672793.0,3530499.0,NaN,-0.30086458882591993,,NaN,2011,2021,10,1.447158031342219
1422142,34,20157430.0,15108000.0,0.9076958464773922,-18.974593415144774,4.078412699268312,-11.520648649297678,2011,2023,13,1.5314789170422551
1936224,1,60505000.0,60505000.0,,-3.2520783406330054,,-1.2290223948434014,2023,2023,1,0.0
66756,25,1570700000.0,1419300000.0,0.8963910905749791,0.1273695526691958,,0.10590090801100205,2010,2023,14,1.3979400086720375
1822462,4,19228000.0,1319000.0,,-79.43233145814901,57.61429615286821,-79.82355461764205,2020,2023,4,0.6020599913279623
31791,42,3311822000.0,1578869000.0,0.4608655629818012,0.16592922541761243,0.07848134974460293,0.14649446328840102,2010,2023,14,1.6232492903979003
1230524,1,4429.0,NaN,NaN,NaN,NaN,NaN,2012,2024,12,0.0
1157601,74,147000.0,0.0,,NaN,,NaN,2011,2023,13,1.8692317197309762
1393548,4,NaN,NaN,,NaN,NaN,NaN,2016,2021,2,0.6020599913279623
1561196,1,,,,,,,2013,2013,1,0.0
1288855,1,,,,,,,2011,2023,13,0.0
1569345,59,618190000.0,386930000.0,0.6464719977924861,-0.04785926532157697,0.12823322669497278,-0.1888454869229844,2021,2023,3,1.7708520116421442
1650372,139,3534647000.0,3168764500.0,0.9221000088908835,-0.11041741249525008,0.47539220578026364,-0.1661624982342011,2023,2024,2,2.143014800254095
1723866,4,610373000.0,489757000.0,0.22682648305309583,0.026378732516076878,,,2018,2020,3,0.6020599913279623
1395942,17,3150100000.0,2340800000.0,,0.11407424141775135,,0.06512063993015108,2011,2023,13,1.2304489213782739
1657312,42,40000000.0,458000.0,NaN,-inf,inf,-inf,2020,2023,4,1.6232492903979003
1084899,19,0.0,NaN,,NaN,,NaN,2011,2012,2,1.2787536009528289
1638290,30,662046000.0,363073000.0,0.20828457779828957,0.15857396569562304,,0.03001099278907294,2017,2024,8,1.4771212547196624
1839132,22,,,,,,,2021,2022,2,1.3424226808222062
1898496,58,918688000.0,918688000.0,0.7224411334424745,0.17944340189487618,,,2022,2023,2,1.7634279935629371
1652724,3,93055000.0,93055000.0,-0.017967868464886357,-0.6999838805007791,0.4281338993068615,-0.6966525173284617,2021,2021,1,0.47712125471966244
1061393,3,985520000.0,955119500.0,,0.09508546259146075,,0.04035416238088034,2011,2012,2,0.47712125471966244
1417926,13,3020575.0,658285.5,1.5819366021386603,-9.510090600655555,0.1413869896216539,-19.482886558056776,2015,2023,10,1.1139433523068367
890491,83,6998565000.0,5121804000.0,0.291156560682033,0.003337773066540799,,-0.006324850406105888,2011,2019,9,1.919078092376074
203077,132,5612000000.0,5501000000.0,0.7177533146620166,0.21092337380678589,0.1276333511882784,0.1519228065794016,2009,2015,7,2.1205739312058496
1645873,21,38903430.0,24544958.0,,-0.4572214682875704,,-0.6672593220559231,2016,2023,8,1.322219294733919
7032,185,13505426000.0,13293901500.0,0.13121345700956444,0.034822522590685134,,0.0048777568234202985,2011,2012,2,2.2671717284030133
1858681,2,32644000000.0,21806000000.0,,,,-0.02287896299410541,2022,2023,2,0.30102999566398114
1623919,51,38772000.0,38772000.0,0.6447694212318168,-1.2177602393479832,0.4458887857216548,-1.3835757763334364,2015,2015,1,1.7075701760979363
1706524,19,71542773.0,25013860.0,0.34821938088109156,-0.16419935876262778,,-0.16843782474589775,2018,2023,6,1.2787536009528289
1807707,10,9050000.0,9050000.0,-3.6340331491712705,-22.103204419889504,,-10.723425414364641,2021,2022,2,1.0
24491,52,4200836000.0,2889762500.0,0.16322989331387266,0.08203602203421578,,0.05780805521899298,2011,2020,10,1.716003343634799
1519449,2,642420000.0,642420000.0,,,,0.09674434170791693,2022,2023,2,0.30102999566398114
1437517,5,77185.0,19944.0,1.1105703931742548,NaN,NaN,NaN,2012,2023,12,0.6989700043360187
1609351,140,64725000.0,11348803.0,,-29.275955352459967,,-29.690591622021735,2015,2018,4,2.1461280356782377
1843988,39,,,,,,,2021,2023,3,1.591064607026499
1779372,11,,,,,,,2021,2023,3,1.041392685158225
1463101,38,1382049000.0,322591000.0,0.46352864265042243,0.12072523012020596,0.15578968552548272,-0.05043109613440053,2012,2023,12,1.57978359661681
1827506,6,,,,,,,2021,2023,3,0.7781512503836435
1325964,4,2500.0,NaN,NaN,NaN,NaN,NaN,2011,2023,13,0.6020599913279623
94344,6,3264616000.0,2006640000.0,,,,0.03286823044951664,2011,2023,13,0.7781512503836435
1278027,57,2056264000.0,1646387000.0,0.2881083682233685,0.15564750074201733,,0.05471928935711775,2011,2023,13,1.7558748556724912
874691,2,3841443000.0,3841443000.0,0.7001254476507917,0.044761044222184215,,0.005632258502859472,2011,2011,1,0.30102999566398114
1466739,1,12800.0,12800.0,-0.3941406250000001,,5.859322916666667,-37.887890625000004,2012,2015,5,0.0
897893,33,3650000.0,3650000.0,0.8010958904109589,0.11945205479452055,,0.3731506849315068,2011,2013,3,1.5185139398778873
1566011,5,27202000000.0,27164000000.0,-0.08646859101319279,0.04450109668667161,,0.004140208678368929,2014,2023,10,0.6989700043360187
1488917,23,54716000.0,27083920.0,0.7754696831278044,0.07661094009596381,0.02984822390115485,0.041379100611424184,2012,2024,12,1.3617278360175928
878079,2,2980479000.0,2844739500.0,0.3679074558211945,0.021621848013346042,,-0.0056380292924001095,2011,2016,6,0.30102999566398114
1477246,62,109722511.0,67719904.0,0.2215144292720492,-0.0988314589638883,0.05607706412359741,-0.17979006957766538,2012,2024,12,1.7923916894982537
1623925,2,919985000.0,792588000.0,,0.2544824128914316,,1.0654441735097595,2017,2023,7,0.30102999566398114
861838,42,16199000.0,455500.0,,-inf,inf,inf,2011,2022,12,1.6232492903979003
1956744,672,5760533.0,5760533.0,0.21367797042391737,0.06214442309418243,,0.05706086572197399,2023,2023,1,2.827369273053825
910073,32,31759000.0,29765000.0,,,,18.148826054752256,2009,2023,15,1.5051499783199058
1750019,6,,,,,,,2019,2022,4,0.7781512503836435
881890,11,227220000.0,186025000.0,0.5635683549735137,0.1739133840737779,0.07952201253364212,0.10713768710389948,2011,2017,7,1.041392685158225
1088213,21,454513.0,97997.0,-0.24714743782884172,-5.949542434874537,0.2621084450490124,-4.259172062504374,2011,2013,3,1.322219294733919
1511967,37,,,,,,,2011,2012,2,1.5682017240669948
718937,176,284391000.0,82432000.0,0.6505397581774814,0.019417341050973643,0.13731667552165538,-0.0043020043970129936,2011,2023,13,2.2455126678141495
1383414,1,,,,,,,2023,2024,2,0.0
1547903,1,523345000.0,275025000.0,,,,-26.695556921785318,2013,2023,11,0.0
1845459,9,0.0,0.0,NaN,-inf,inf,-inf,2021,2023,3,0.9542425094393249
926326,91,1132018000.0,517944000.0,0.5579504919797009,0.07686624654555517,0.09161326622572862,0.03709020706791603,2011,2023,13,1.9590413923210932
1864448,118,8396000.0,4866000.0,,-20.42887438557853,11.848117188681236,-90.98760387752365,2021,2022,2,2.0718820073061255
1933414,4,,,,,,,2023,2023,1,0.6020599913279623
1041803,156,4066093000.0,2996628000.0,,0.04513398572108347,,0.03115192680410016,2011,2024,14,2.1931245983544616
1359527,246,379336000.0,379336000.0,,0.1213146129025455,,0.037170213214669845,2011,2011,1,2.390935107103379
1641601,6,,,,,,,2015,2023,9,0.7781512503836435
1108524,882,26492000000.0,13282000000.0,0.8455596676561581,0.03532945509306777,0.1765141909786929,0.07070197259421385,2009,2023,15,2.9454685851318194
1836295,7,NaN,NaN,,,NaN,NaN,2021,2023,3,0.8450980400142567
872821,29,536200000.0,536200000.0,,,,-1.3429690414024618,2010,2010,1,1.462397997898956
1393772,62,0.0,0.0,NaN,NaN,,NaN,2011,2023,7,1.7923916894982537
100885,19,24875000000.0,20926000000.0,,0.3551159327579433,,0.23010815928948697,2009,2023,15,1.2787536009528289
1405041,126,2637000000.0,2398000000.0,0.168913402858357,0.02940837825745212,0.02747240627367032,-0.11797968310197408,2011,2017,7,2.1003705451175625
1646228,46,1365035000.0,765635000.0,0.34755420379764584,0.029571828782874433,,-0.03903708682333406,2016,2020,5,1.6627578316815739
879526,3,2536500000.0,1767161000.0,0.14489925111045243,0.04936463650604606,,0.02181712732085114,2011,2023,13,0.47712125471966244
785161,66,5121600000.0,4624700000.0,,,,0.06379072453540047,2010,2023,14,1.8195439355418683
1527190,51,462800000.0,448800000.0,,0.43419502119626124,,0.26425143118500405,2011,2018,8,1.7075701760979363
95029,69,688276000.0,517795500.0,0.34251061446942976,0.1783758969442865,,0.14042773576807926,2010,2023,14,1.8388490907372552
1766400,1,473241000.0,338531000.0,,0.03305965740611726,,0.029835278439373353,2019,2023,5,0.0
1730732,978,0.0,0.0,NaN,-inf,,,2019,2022,4,2.9903388547876015
1200528,4,NaN,NaN,,NaN,,NaN,2012,2012,1,0.6020599913279623
1505155,56,302016000.0,148702000.0,0.7106337403408636,-0.16064718601475148,0.1876178217190869,-0.1919260661146994,2014,2023,10,1.7481880270062005
1043000,38,466997000.0,306932000.0,,0.0413300765815127,,0.031924616014225755,2011,2023,13,1.57978359661681
785786,46,4210305000.0,2528052000.0,0.09579363528967792,0.044153477527566536,,0.033614875304636756,2010,2024,15,1.6627578316815739
803647,71,,,,,,,2012,2017,6,1.851258348719075
1122020,11,7004575.0,2092688.0,0.6587706330020392,-0.40519811781305415,,-0.4217499569114533,2011,2023,6,1.041392685158225
1046257,155,8160000000.0,6209000000.0,0.19501587866749642,0.09276052799750548,,0.05900986958294301,2010,2023,14,2.1903316981702914
886475,5,,,,,,,2011,2013,3,0.6989700043360187
1440024,16,2216141000.0,2153716000.0,,-0.16806406142686758,,-0.0591629325548513,2011,2019,9,1.2041199826559246
1346302,39,20155000.0,100000.0,inf,-inf,inf,-inf,2018,2020,3,1.591064607026499
1512762,63,475824000.0,31106000.0,0.7038553292809728,-inf,inf,-inf,2014,2023,10,1.7993405494535815
730349,13,17713000.0,13764000.0,0.29489782639624496,0.0005888568161704359,0.02919984342022525,0.0034559020693638817,2011,2023,13,1.1139433523068367
1175483,29,314369000.0,281800500.0,0.910215310233223,-0.13274398355193004,,-0.217715180246281,2011,2021,11,1.462397997898956
1609253,72,4284000000.0,2270000000.0,,0.12935092766560916,,0.038854494560152365,2014,2023,10,1.8573324964312683
1023844,22,207884000.0,163046000.0,,-0.006990329039657541,,-0.011350036203296502,2011,2020,10,1.3424226808222062
804269,24,14554000000.0,10854500000.0,,,,0.15619470959016665,2012,2023,12,1.380211241711606
1337885,31,223866000.0,217152000.0,0.2835205343204617,-0.2172860875323894,,-0.11788915453130729,2011,2013,3,1.4913616938342726
1124524,147,237277000.0,7678816.0,0.11796320327558082,-3.0882168231463534,0.22877880905529005,-3.29832527248932,2011,2023,13,2.1673173347481756
1815442,19,72832000.0,34034000.0,,-2.80118612593147,2.567899229190444,-2.306428437619963,2020,2023,4,1.2787536009528289
1421907,4,5655431.0,2153572.0,0.1563360132043366,-1.9792776857788665,,NaN,2011,2021,10,0.6020599913279623
104169,2179,567762000000.0,493108000000.0,0.2231040590475625,0.05126910350765273,,0.028386358142700324,2010,2023,14,3.3382572302462554
1771515,97,3578101000.0,2559617000.0,0.335648735944574,0.03124092471715196,,0.015209291058380387,2019,2023,5,1.9867717342662448
1311673,4,NaN,NaN,,NaN,,NaN,2012,2023,12,0.6020599913279623
1902733,13,476543000.0,273865000.0,0.7541882549341675,-0.20628580752009285,0.2767009413102724,-0.1646030146577912,2021,2023,3,1.1139433523068367
1310488,12,17775.0,NaN,NaN,-8.842226309694121,,NaN,2018,2023,6,1.0791812460476247
1437925,9,44174052.0,2974182.0,NaN,NaN,0.000213607994807398,NaN,2012,2023,12,0.9542425094393249
1437395,4,0.0,NaN,,,NaN,NaN,2011,2014,4,0.6020599913279623
1539894,1,221975000.0,97312500.0,,,,-0.4465769364929752,2012,2021,10,0.0
1097264,34,3585000.0,3585000.0,,-22.04044630404463,,-20.51687587168759,2011,2011,1,1.5314789170422551
1611742,48,NaN,NaN,,,,NaN,2015,2015,1,1.6812412373755872
1640455,4,,,,,,,2017,2022,6,0.6020599913279623
16875,171,8814000000.0,7316000000.0,,0.39893734277790416,,0.3155024967198435,2015,2023,9,2.2329961103921536
904163,79,3411000000.0,3023027000.0,,,,0.09923600902394865,2011,2019,9,1.8976270912904412
1579733,35,260901000.0,214280000.0,0.31686079181303295,0.018418497725667688,,0.03604440546304388,2020,2023,4,1.5440680443502754
1642122,2,31265000.0,21851500.0,,-0.7852009724890647,,-0.2809185402191021,2015,2023,9,0.30102999566398114
1590496,2,6128900.0,1745000.0,NaN,NaN,,NaN,2013,2023,11,0.30102999566398114
1493761,8,366354000.0,186176000.0,0.3577809536162055,-6.15915198425948,1.8427623804284852,-7.230618920733259,2011,2023,13,0.9030899869919434
1666134,12,522938000.0,288976000.0,0.7842528801467126,-0.13773648657023563,0.15576920627953283,-0.14356629896973983,2016,2023,8,1.0791812460476247
716314,28,157118000.0,91831000.0,0.2481544212521268,-0.005850310029829678,,0.04491543802874982,2011,2023,13,1.447158031342219
948072,5,63992633.0,62354189.0,0.06667517634950716,-0.0017972365613829467,,0.0011397081168635303,2011,2017,7,0.6989700043360187
911002,14,452172000.0,408430500.0,,-0.1108413428468169,,-0.02724963370494958,2011,2012,2,1.1461280356782377
102752,16,949762000.0,318141000.0,-0.852211677076002,0.5609185283872393,,0.34357357094576524,2011,2023,13,1.2041199826559246
1832332,6,1787645000.0,1787645000.0,,-0.006068090617555744,,-0.2606321407138638,2021,2023,3,0.7781512503836435
1750153,9,2550000.0,886000.0,-1.6794582392776525,NaN,inf,NaN,2019,2023,5,0.9542425094393249
1646972,58,79237700000.0,69690400000.0,0.28093130636987784,0.01731229121632082,,0.009948934737813392,2017,2023,7,1.7634279935629371
108516,43,3759556000.0,3070267000.0,0.16169223390772455,0.04641405648716506,,0.07909988348783079,2011,2024,14,1.6334684555795864
1846084,37,160121525.0,87206998.5,,-0.6354135054711282,,-0.7427230793458414,2022,2023,2,1.5682017240669948
78749,41,237464000.0,105141000.0,1.0675616791067388,-0.25730441757965844,0.43966529892302114,-0.1350307916086388,2011,2023,13,1.6127838567197355
1035092,1,,,,,,,2011,2023,13,0.0
913077,123,327011000.0,279186000.0,0.5981846651099292,-0.04248838082895469,0.2046566041878805,-0.061553965810324095,2011,2015,5,2.0899051114393976
874015,128,1122599000.0,346620000.0,0.9906510575129736,-0.20138459778076423,1.2227557937110984,-0.17585461757905924,2010,2023,14,2.107209969647868
1131324,118,340451000.0,267449000.0,0.8333192961271373,-0.03817277344632655,0.19982536327679484,-0.02632394222577517,2011,2018,8,2.0718820073061255
1400810,3,550670000.0,242474000.0,,,,0.1240515667897992,2011,2023,13,0.47712125471966244
1455768,6,,,,,,,2012,2013,2,0.7781512503836435
1698530,1,28826000.0,9719000.0,,-32.84453202992315,18.534862651355002,-27.667303713214377,2017,2023,7,0.0
1124140,173,2084279000.0,135666500.0,3.134787626906791,-13.971994849873738,4.624510485203917,-0.2526971569578075,2011,2023,13,2.2380461031287955
1134203,26,198412000.0,198412000.0,1.0358395661552728,-0.10188899864927524,0.1756294982158337,-0.08785254924097333,2011,2011,1,1.414973347970818
1678463,4,1594506000.0,1504732000.0,0.21345312269363353,0.07182243729495451,,0.014492896884427585,2018,2021,4,0.6020599913279623
1650664,21,25544000.0,20121500.0,,-7.399375371450755,6.460603936604792,-7.390581523561637,2016,2023,8,1.322219294733919
1173420,4,,,,,,,2013,2023,11,0.6020599913279623
1632053,29,0.0,0.0,,-inf,,-inf,2015,2018,4,1.462397997898956
1111665,147,182266000.0,154395000.0,1.0801100545679296,-0.28652337853628096,0.27897590827387175,-0.32846671481421696,2011,2014,4,2.1673173347481756
1750284,12,,,,,,,2021,2023,3,1.0791812460476247
108385,10,610212876.0,544542925.0,,,,0.12484554226363231,2011,2023,12,1.0
899051,2,51412000000.0,35239000000.0,,,,0.049863717280520484,2009,2023,15,0.30102999566398114
1022671,11,18408850000.0,7743251000.0,0.16001765103500293,0.11981387803695846,,0.0845635697934139,2009,2023,15,1.041392685158225
846901,3,,,,,,,2011,2023,13,0.47712125471966244
34956,31,1190928.0,363781.0,NaN,-inf,inf,-inf,2012,2023,12,1.4913616938342726
883569,217,3509691000.0,2379600000.0,0.561607092856213,0.057940107863103364,,0.10779167956605204,2010,2023,14,2.3364597338485296
1272754,1,,,,,,,2011,2016,6,0.0
741508,215,,,,,,,2010,2012,3,2.332438459915605
1781730,1,,,,,,,2021,2023,3,0.0
1117057,72,239673463.0,44756826.0,0.3497568593027213,-0.7796808941710284,NaN,-3.4432869884125687,2011,2023,13,1.8573324964312683
1486800,6,205663000.0,176320000.0,0.7272368503577153,0.28812314419921037,0.016302876572033307,0.13009059492422398,2011,2015,5,0.7781512503836435
1130166,40,1734000.0,843000.0,0.6043956043956044,NaN,NaN,NaN,2011,2023,13,1.6020599913279623
1222840,19,632429000.0,558971500.0,,0.2070757734984108,,0.09513647257478504,2011,2020,10,1.2787536009528289
1298341,105,3746800000.0,3746800000.0,0.37634781680367246,0.10779865485214049,,-0.09143802711647273,2010,2010,1,2.021189299069938
1838876,6,,,,,,,2021,2023,3,0.7781512503836435
1157408,112,1837358000.0,917734000.0,0.3585937437758193,0.04993626302154337,0.020441026189731426,0.029939815412750686,2012,2024,13,2.049218022670181
948846,9,2619172000.0,2619172000.0,,0.048943330182210254,,-0.10168633445989801,2010,2010,1,0.9542425094393249
21344,711,48017000000.0,41863000000.0,0.5999501112553141,0.235272321515764,,0.2059390902396721,2009,2023,15,2.851869600729766
882289,120,,,,,,,2011,2012,2,2.0791812460476247
1442376,2,1742318.0,1729947.0,NaN,-1.011272927794345,NaN,NaN,2012,2016,6,0.30102999566398114
1667161,1,,,,,,,2016,2021,6,0.0
1261333,127,2515915000.0,1213509000.0,0.8879974248113202,-0.18333567192851782,0.25142076254629614,-0.3104390448733689,2018,2023,6,2.103803720955957
1551306,42,1088598000.0,229683000.0,0.2260419159202629,0.02031298946709675,,0.01750481482725086,2019,2023,5,1.6232492903979003
1964333,1,,,,,,,2023,2023,1,0.0
764579,26,24086011.0,22076809.5,0.45210650500934324,-0.30005940474358267,0.16210216100302696,-0.2987483049993394,2011,2018,8,1.414973347970818
1013462,82,1906715000.0,939387000.0,0.8595319020493511,0.3517907177835036,0.1934546405436371,0.2637211617333334,2010,2023,14,1.9138138523837167
811212,70,23400000.0,11929000.0,0.3492522279185691,-1.133980848117821,0.20475928215973768,-0.6805051635983993,2012,2023,11,1.845098040014257
720500,18,246705000.0,105590500.0,0.29768576390981266,-0.06743076096736429,0.0020631928821872275,-0.08330849549391828,2011,2024,14,1.2552725051033058
1318268,5,1243655.0,NaN,NaN,NaN,17.789885611077665,NaN,2011,2022,12,0.6989700043360187
922521,37,51905096.0,16303299.5,1.5082377769564805,-0.31759845892276156,0.49463647246938014,-0.3058968138599311,2011,2022,12,1.5682017240669948
1017303,50,65969000.0,57235000.0,0.4464871031247283,0.0065972011065825635,0.09293660695964645,0.0035938661407567277,2011,2023,13,1.6989700043360185
1340282,4,814018000.0,529849500.0,,0.3965091054875251,,-0.016235676158828594,2011,2014,4,0.6020599913279623
1387713,7,94043000.0,55519739.0,,-2.666390181647755,1.5722664474877577,-9.103294249502987,2011,2017,7,0.8450980400142567
84129,42,26528377000.0,24891581000.0,0.22164173282016467,,,0.00862806555527743,2010,2023,14,1.6232492903979003
1665598,1,155000.0,110508.0,15.0,-37.017932436688284,,-46.090687771172895,2016,2020,5,0.0
1964979,10,64211000.0,64211000.0,0.6462599866066562,-1.2315335378673435,0.43129681830216005,-1.2553456572861348,2023,2023,1,1.0
1568628,6,0.0,NaN,,NaN,,NaN,2014,2022,3,0.7781512503836435
1032761,13,103030000.0,103030000.0,0.35862370183441716,0.06592254683102008,0.1280112588566437,,2012,2012,1,1.1139433523068367
1799448,4,6191000.0,6191000.0,,-15.76158940397351,13.742044903892747,-15.513810369891779,2020,2023,4,0.6020599913279623
1397047,13,116975007.0,88789889.0,,-0.1667413736985629,,NaN,2011,2023,13,1.1139433523068367
1402945,2,40602000.0,38852580.0,0.3754145334968187,-0.040946241161497705,,0.05913816973940087,2011,2023,3,0.30102999566398114
1422059,1,39878.0,19939.0,0.9606926124680275,-inf,,NaN,2011,2016,6,0.0
1320760,21,47674127.0,30637000.0,0.27206294821625143,-0.00011960402668854721,,-0.00838166092564067,2011,2023,13,1.322219294733919
1093557,139,2909800000.0,573300000.0,0.6445676939158294,-0.30826515064702664,0.35300865353915734,-0.41021752942916206,2011,2023,13,2.143014800254095
4281,198,29280000000.0,14192000000.0,0.2478276584179457,0.1016313919914217,0.007418862760774222,0.015454075009219305,2009,2023,15,2.296665190261531
1544229,5,2374296000.0,1741897500.0,0.008610068815417296,-0.05886092471187889,,-0.03959375839084108,2012,2017,6,0.6989700043360187
1478535,6,,,,,,,2011,2011,1,0.7781512503836435
1299130,75,130513000.0,64609000.0,0.46711720494076736,-2.0205386810908745,4.825073712747119,-5.803149493983379,2011,2023,13,1.8750612633916997
1299901,2,28957000.0,18991000.0,,,,,2013,2014,2,0.30102999566398114
925528,94,289025000.0,79722000.0,0.20171066470604754,0.021035670713438363,,0.08877175096759012,2011,2023,13,1.9731278535996983
1212458,107,1050010000.0,265397000.0,0.8779815114488468,-0.2098228034335582,0.25502986516389725,-0.2657543717562858,2012,2020,9,2.0293837776852093
73756,108,3659624000.0,2129373500.0,0.1631484435754378,0.0626296601955948,,,2010,2023,14,2.0334237554869494
1137883,2,,,,,,,2011,2023,13,0.30102999566398114
1528098,2,6039657.0,5659772.0,0.6154467463780583,NaN,0.05861484577856216,NaN,2012,2018,5,0.30102999566398114
1276187,13,89876000000.0,45230500000.0,0.15241186113843316,0.09556119700790053,,0.037340754544904306,2010,2023,14,1.1139433523068367
1591565,3,0.0,0.0,,,,NaN,2014,2024,11,0.47712125471966244
319671,6,358467.0,81702.0,0.6143950943558625,-inf,,-inf,2011,2016,6,0.7781512503836435
1267919,2,436395.0,404276.0,0.4254311410461402,,,1.3772359132194847,2019,2020,2,0.30102999566398114
1424929,338,1602491000.0,475633000.0,0.3025298949081327,0.131301483203595,0.0435110072145972,0.08765691938027574,2013,2023,11,2.5289167002776547
1137091,24,546076000.0,389501500.0,0.193839508442911,0.015073220315058913,0.04819823919847891,-0.04556475190075221,2011,2023,12,1.380211241711606
1895939,5,5000.0,0.0,,-inf,,-inf,2022,2024,3,0.6989700043360187
79282,30,3573400000.0,1713569000.0,,,,0.16878795359101165,2010,2023,14,1.4771212547196624
1544238,1,1510875.0,610323.0,0.4514590634596216,NaN,NaN,NaN,2012,2020,9,0.0
105634,86,11076120000.0,7551524000.0,0.13534573342307935,0.04247561360404704,,0.0229293774621821,2010,2023,14,1.9344984512435675
921738,133,6362900000.0,3091175000.0,,0.06910097326149467,,-0.03711591140255296,2010,2023,14,2.123851640967086
1114925,55,131189000.0,46890000.0,0.48001453196656974,-0.048123228246821435,0.14827842208690323,-0.06267100081580447,2012,2024,13,1.7403626894942439
1553643,5,7941.0,7941.0,0.1376400957058305,-1.517692985770054,,-5.668681526256139,2013,2023,10,0.6989700043360187
1852244,27,8993000000.0,6195000000.0,,0.03293303095484453,,0.015052517007144618,2021,2023,3,1.4313637641589871
847383,80,,,,,,,2011,2011,1,1.9030899869919433
914122,6,233496000.0,128965000.0,0.21293188161751814,0.015803861175929083,,-0.013787378871689257,2011,2023,13,0.7781512503836435
316253,132,107071000.0,37722000.0,0.4320931130156112,-0.36107150226952434,0.08351360539370643,0.07859776671833095,2012,2024,13,2.1205739312058496
1123979,11,31335000.0,29287000.0,,-0.38043428266633406,0.9219882778104868,,2011,2017,7,1.041392685158225
1828161,29,270525000.0,270525000.0,-0.1618011493192417,-0.6559466613155402,0.038261403339782986,-0.5513761291675509,2021,2023,3,1.462397997898956
1533615,6,115936000.0,53192000.0,,,,-0.3334617685375516,2012,2023,13,0.7781512503836435
764180,3,26013000000.0,24522000000.0,0.45625464307256647,0.35028010865098685,,0.24166665093073716,2009,2023,15,0.47712125471966244
1591157,3,0.0,0.0,-inf,-inf,,-inf,2014,2015,2,0.47712125471966244
1376986,46,12540000000.0,11137000000.0,,0.19065379250175957,,0.08256299768976517,2011,2024,14,1.6627578316815739
1049782,10,,,,,,,2010,2023,11,1.0
1580808,73,280338000.0,219077500.0,0.8936392795264902,-0.13282986380432318,0.2846076356540393,-0.038702982789107235,2014,2023,10,1.8633228601204557
1650164,91,3865000000.0,823000000.0,0.35649803342457864,-0.2905562915902111,0.12241965946903842,-0.2581438931645399,2021,2023,3,1.9590413923210932
934448,16,,,,,,,2011,2012,2,1.2041199826559246
1361248,2,0.0,0.0,,-inf,inf,-inf,2014,2015,2,0.30102999566398114
1298978,35,34025000.0,29227500.0,,-0.415536786866944,0.2523935381360711,-0.5008786519266761,2011,2012,2,1.5440680443502754
1317577,17,,,,,,,2012,2014,3,1.2304489213782739
1448301,4,,,,,,,2012,2018,6,0.6020599913279623
1052045,81,3205872000.0,3188835000.0,0.4138750038139583,0.0868164271796088,,0.009949839385409864,2011,2013,3,1.9084850188786497
1522602,5,NaN,NaN,,NaN,NaN,NaN,2015,2022,8,0.6989700043360187
1319009,1,,,,,,,2011,2014,4,0.0
1384072,1,788065000.0,347202000.0,,0.2988230993155178,,-1.45412988599007,2011,2018,7,0.0
1705696,7,3611988000.0,897977000.0,0.9844333140394402,0.8514063607413078,,0.5202071656445598,2017,2023,7,0.8450980400142567
1699039,10,608500000.0,293100000.0,,-0.07530098430353237,,-0.0389170271115795,2017,2023,7,1.0
1412502,4,143631000.0,120333500.0,-14.427134047387211,0.4143148702531452,,0.1712218472084309,2011,2023,13,0.6020599913279623
1093691,65,891340000.0,39985000.0,0.009219924724456747,-0.4252541253633319,0.19438839463269547,-0.3909005720419639,2011,2023,13,1.8129133566428552
1161728,20,,,,,,,2010,2023,14,1.301029995663981
1820953,105,626938000.0,559207000.0,,-1.1054500919067192,,-1.220019127921734,2021,2024,4,2.021189299069938
711065,58,230887000.0,216150000.0,0.5705188141035983,-0.21402626628675375,0.670938080282327,-0.18543872960060473,2011,2015,5,1.7634279935629371
1006028,14,6917000.0,1774000.0,0.616304477490874,-5.5054986192700035,0.7099437946669317,-5.609513487124605,2012,2024,13,1.1461280356782377
1278021,28,718300000.0,367730000.0,,0.5363194678178432,,0.3533650444201057,2011,2023,13,1.447158031342219
1423357,2,563411.0,261949.0,0.2608917589967139,-11.703864903257044,2.503764703642767,-16.097723646460132,2012,2014,3,0.30102999566398114
1621832,6,4874000.0,66500.0,-inf,-inf,,-inf,2015,2023,9,0.7781512503836435
1303849,21,173989000.0,173989000.0,,-0.016311376006529148,,-0.06994120317951134,2012,2012,1,1.322219294733919
1064722,3,1253445.0,595192.5,0.19765963534441172,-0.13275797475475312,,-44.81207153487372,2020,2023,4,0.47712125471966244
1662579,18,45785000.0,38440500.0,,-2.979761228804589,2.9264221246219684,-3.46070521913995,2020,2023,4,1.2552725051033058
1072847,15,,,,,,,2011,2013,3,1.1760912590556811
1878897,2,1353138000.0,1353138000.0,,0.07981393441999889,,0.019230243201049924,2021,2023,3,0.30102999566398114
1042074,20,31073000.0,20536500.0,,-2.47554424259003,3.944754371962797,-3.0835269542689794,2013,2023,11,1.301029995663981
1562733,73,35596035.0,35218214.5,NaN,-0.010424564817925388,,NaN,2012,2019,7,1.8633228601204557
7431,39,2859500000.0,1106600000.0,0.32597552902705673,0.18230849040681948,,0.10445322628648145,2011,2023,13,1.591064607026499
1160308,40,488959.0,54000.0,NaN,NaN,,NaN,2011,2023,13,1.6020599913279623
1100542,2,,,,,,,2014,2015,2,0.30102999566398114
1010086,69,477053782.0,129314879.0,-0.3690048528078522,0.1589500584005614,0.33701792074863923,-0.277190273591637,2011,2023,13,1.8388490907372552
1849380,22,1153000.0,1153000.0,-0.11188204683434519,-6.691240242844753,1.3798785776235907,-29.29748482220295,2021,2023,3,1.3424226808222062
1819113,18,70147000.0,46925500.0,,-2.4277161739576436,,-1.3404959434038624,2021,2022,3,1.2552725051033058
1630856,2,,,,,,,2020,2021,2,0.30102999566398114
1571498,11,23800000.0,21700000.0,0.7767992680943345,-10.1745617918135,7.174318046896177,-8.700233599891568,2013,2021,9,1.041392685158225
88205,516,5826600000.0,1559000000.0,0.27270129353982203,0.0482945176947092,,0.07726082297247473,2009,2023,15,2.7126497016272113
1172631,48,101154000.0,53713000.0,NaN,-inf,NaN,-inf,2011,2022,12,1.6812412373755872
1029730,3,1391136000.0,793116000.0,,0.013929802100290349,,0.023556781511063305,2011,2019,9,0.47712125471966244
1345126,4,2058876000.0,1269729000.0,0.32090037626513657,0.039090438542694436,,0.09924661780861821,2011,2023,13,0.6020599913279623
1795250,54,1026889000.0,762936000.0,,-0.11683252109895893,,-0.042493070869998324,2020,2024,5,1.7323937598229684
1144546,1,751773.0,NaN,NaN,NaN,NaN,NaN,2018,2022,5,0.0
1621430,145,457603.0,376222.0,0.1459859058243374,-0.4153634364335703,,-0.2410417412028793,2014,2015,2,2.1613680022349744
941138,6,1461766000.0,1457866000.0,,0.16722961206382425,,,2010,2013,4,0.7781512503836435
19617,490,102694000000.0,95719500000.0,,,,0.18872596035554942,2009,2023,15,2.6901960800285134
1835378,6,139882000.0,90291000.0,0.8027620332049915,-0.09541600556510825,0.27942892048594037,-0.08591562946345623,2021,2023,3,0.7781512503836435
29332,2,422483000.0,315939000.0,0.24218244528954747,0.004938802696688069,,-0.01747791860144728,2011,2023,13,0.30102999566398114
1853816,20,,,,,,,2021,2023,3,1.301029995663981
846377,2,5810936.0,2451650.5,0.394738286277263,-22.437913024243727,NaN,-25.33490687521239,2011,2023,7,0.30102999566398114
1623526,4,12405000.0,12405000.0,,-8.095042321644499,6.451753325272067,-8.147279322853688,2019,2023,5,0.6020599913279623
1503985,13,245000.0,NaN,0.4532314522308214,NaN,NaN,NaN,2011,2016,6,1.1139433523068367
912544,5,3769772.0,2193055.0,,-5.642565304077004,,-6.477197753033607,2011,2023,4,0.6989700043360187
1053584,3,,,,,,,2011,2023,13,0.47712125471966244
1434647,48,28650000.0,27461000.0,0.8975165193505288,NaN,NaN,NaN,2015,2023,9,1.6812412373755872
1494562,3,NaN,NaN,,NaN,,NaN,2012,2012,1,0.47712125471966244
1004980,77,20642000000.0,16759000000.0,,0.0841329238394394,,0.1010803052051069,2009,2023,15,1.8864907251724818
1086745,54,92423686.0,16736991.0,-0.16026865227832407,-2.957243678871537,2.3575673664517893,-3.891498487826365,2012,2023,12,1.7323937598229684
1759186,56,75000.0,37500.0,NaN,-inf,inf,-inf,2020,2023,4,1.7481880270062005
1497572,1,NaN,NaN,NaN,,,NaN,2012,2014,4,0.0
51644,85,9449400000.0,7864500000.0,0.030185992442580713,0.11237011047662257,,0.06624990899887594,2010,2023,14,1.9294189257142926
1681622,76,893400000.0,755850000.0,0.30698538403888187,0.08356072513879712,0.09785305432542349,0.019669540235673112,2017,2024,8,1.8808135922807911
97476,325,20028000000.0,13735000000.0,0.5749297619323904,0.32029427132788335,0.11933042722848018,0.27062843442436774,2009,2023,15,2.511883360978874
50292,1,34715195.0,20826292.5,0.3396013830435803,0.10850874450213532,,0.05303636425193626,2011,2023,12,0.0
1024478,303,8264200000.0,5819550000.0,0.4327041195766571,,,0.13214523379157272,2009,2024,16,2.481442628502305
1534154,274,3828993.0,2140644.0,NaN,NaN,NaN,NaN,2013,2023,11,2.437750562820388
1140098,19,725044.0,725044.0,1.262102713766337,-44.588509111171184,4.870794048361203,-50.69789971367255,2011,2014,4,1.2787536009528289
719866,68,698756000.0,671588000.0,0.2106341679335803,0.06069401617653961,0.03283331034712158,0.04578352750581209,2011,2015,5,1.8325089127062362
1491525,2,34270.0,NaN,NaN,NaN,NaN,NaN,2011,2016,6,0.30102999566398114
1084554,58,7586708.0,910531.0,0.5609164897973663,NaN,NaN,NaN,2011,2023,13,1.7634279935629371
931015,568,8934400000.0,5073883500.0,0.24811468582452104,0.09077092479588654,0.04220250018950601,0.06528691320516915,2010,2023,14,2.754348335711019
1832466,5,1167773000.0,1167773000.0,,-0.08986629379733817,,-0.05889021833786439,2021,2023,3,0.6989700043360187
1602813,20,16800.0,NaN,NaN,NaN,,NaN,2015,2022,8,1.301029995663981
1314052,3,,,,,,,2011,2024,14,0.47712125471966244
1402281,4,,,,,,,2011,2017,7,0.6020599913279623
1582249,68,0.0,NaN,NaN,NaN,NaN,NaN,2014,2023,10,1.8325089127062362
789868,14,292935374.0,292935374.0,0.36118815408070176,0.04783388843984407,,0.035877524303363925,2011,2012,2,1.1461280356782377
1506325,2,0.0,0.0,,,NaN,-inf,2013,2014,2,0.30102999566398114
1649744,70,698584000.0,568102000.0,0.5170639432923301,0.050794385182214206,,0.036947880874024314,2015,2023,9,1.845098040014257
1723128,107,2212304000.0,1644682000.0,0.42747721962948954,0.02838332636189717,0.1146817643232428,-0.04384170588678384,2018,2023,6,2.0293837776852093
1538849,4,4386263000.0,2226271000.0,0.07909395173888066,0.02076718996611794,,0.006246721376371784,2012,2023,12,0.6020599913279623
1537917,28,NaN,NaN,,NaN,NaN,NaN,2012,2021,10,1.447158031342219
1718939,34,5385077.0,3677896.0,,-2.4132510133496283,0.714925784947282,-2.9133362452187757,2021,2023,3,1.5314789170422551
354964,57,,,,,,,2011,2016,6,1.7558748556724912
912145,25,1491850000.0,1491850000.0,,0.12006501994168314,,0.0051694205181486074,2011,2012,2,1.3979400086720375
1392545,2,3420434.0,866497.0,1.29634393103592,-2.9962001563733054,2.191464413648623,-9.262310518154992,2011,2023,12,0.30102999566398114
813716,4,4260417.0,3064438.0,NaN,NaN,,NaN,2011,2023,9,0.6020599913279623
831547,24,254992000.0,136851000.0,0.713744029152509,-inf,inf,-inf,2011,2022,12,1.380211241711606
1527702,3,144502351.0,12773201.5,NaN,-0.024059314196256926,,NaN,2012,2023,12,0.47712125471966244
1622996,14,8014500.0,687964.0,0.28636255166082736,-5.281954281477631,8.026082004555809,NaN,2016,2022,7,1.1461280356782377
1035354,13,140000.0,140000.0,,-45.21868571428571,18.83862142857143,-19.842885714285714,2012,2022,12,1.1139433523068367
1389050,62,3160404000.0,965485000.0,0.25648698758931904,,,-0.04244843682425917,2010,2023,15,1.7923916894982537
1383006,32,2742587.0,2639364.0,-0.15314883590971126,-3.424646576089177,0.0,-2.4152249032397437,2011,2013,3,1.5051499783199058
77597,89,1149355000.0,1125822500.0,0.19519992514353618,-0.05432714559350869,,-0.01872072062644673,2011,2012,2,1.9493900066449126
829323,16,73911528.0,61525214.0,0.5951850166112196,-0.08584148244331603,,-0.14330766771215725,2011,2023,13,1.2041199826559246
703351,20,4133200000.0,3041516000.0,0.7276364684343934,0.069217646619128,,0.041046560050926176,2011,2024,13,1.301029995663981
1625101,38,1418000.0,NaN,NaN,NaN,NaN,NaN,2016,2023,8,1.57978359661681
917251,2,339323000.0,69966000.0,,0.5741401540563447,,0.43401461505153605,2011,2023,13,0.30102999566398114
1396118,27,1017108.0,850804.0,0.3088793926655767,-2.0130831111660634,,-2.7468209853506678,2011,2014,4,1.4313637641589871
1590895,11,11528000000.0,1768399000.0,,0.05100675222795592,,-0.13259109630502486,2014,2023,10,1.041392685158225
1182325,9,,,,,,,2011,2014,4,0.9542425094393249
890926,403,1947843000.0,1221631000.0,0.929161190193024,0.27494666293693276,,0.17893676499000138,2011,2023,13,2.605305046141109
883980,234,12052000000.0,11301400000.0,0.9690934475514686,0.10710408511545422,,,2011,2018,8,2.3692158574101425
1045450,48,651969000.0,414661000.0,,0.5983831793969313,,0.2949572638302643,2010,2023,14,1.6812412373755872
1058330,1,17435.0,NaN,NaN,NaN,,NaN,2011,2020,9,0.0
1575434,3,177565000.0,147831000.0,,,,-0.12911239149882037,2019,2023,5,0.47712125471966244
1587221,5,2861000.0,0.0,-inf,-inf,inf,-inf,2015,2021,7,0.6989700043360187
1647639,4,907272000.0,513562000.0,,-0.07625265143830288,0.16358476640616856,0.0017122005368425859,2021,2023,3,0.6020599913279623
1644903,56,41883734.0,24155362.0,0.5763974269632868,-1.0242695658535106,,-0.4764734126205975,2017,2024,8,1.7481880270062005
1427570,35,11299000.0,9507500.0,0.4845981727852058,-3.4016196595688064,1.31659968214136,-4.048436996233205,2016,2023,8,1.5440680443502754
1786205,9,110319000.0,110319000.0,,-0.814728197318685,1.3556594965509114,-0.6407781071256992,2022,2023,2,0.9542425094393249
1116521,175,2976000000.0,2337000000.0,0.929824077726012,-0.007719382064189988,0.17284730750220192,-0.2891465053763441,2011,2015,5,2.2430380486862944
789073,18,8563100000.0,2871700000.0,0.47843198664485936,0.12838335533948192,,0.17376243015275777,2009,2013,5,1.2552725051033058
827876,10,168408000.0,513299.0,NaN,NaN,NaN,NaN,2011,2024,14,1.0
944809,12,1435413000.0,83467000.0,0.40693544463636727,-0.823123146553156,0.4602933751418335,-0.42706175402430885,2011,2023,13,1.0791812460476247
70487,91,151568000.0,109384000.0,,0.2841079579327154,,0.17311014847962983,2011,2023,13,1.9590413923210932
929351,636,4129100000.0,3236500000.0,,-0.03988688695326418,,0.0010077640212600217,2010,2023,14,2.803457115648414
55529,29,219494000.0,138558000.0,0.18533661220349876,0.03645765632980107,,0.02009815156701714,2012,2024,13,1.462397997898956
1060009,35,,,,,,,2011,2017,7,1.5440680443502754
935493,1,NaN,NaN,NaN,NaN,,NaN,2011,2018,5,0.0
1429386,20,,,,,,,2016,2016,1,1.301029995663981
1861560,32,,,,,,,2021,2023,3,1.5051499783199058
1840877,83,237000.0,237000.0,-1.1012658227848102,-77.51476793248945,20.991561181434598,-126.19409282700423,2021,2023,3,1.919078092376074
1937987,1,15950000.0,15950000.0,,-3.583573667711599,0.07824451410658308,,2023,2023,1,0.0
57131,84,2356811000.0,1525398000.0,0.3708143797693764,0.07217158264576227,,0.05038297523954663,2012,2024,13,1.9242792860618814
1309056,3,NaN,NaN,NaN,NaN,,NaN,2016,2017,2,0.47712125471966244
1279715,2,6025000.0,5939500.0,,NaN,,NaN,2011,2023,13,0.30102999566398114
1045742,21,472840000.0,196460670.5,0.45616732173934427,0.019566820285795455,,-0.19117121794177513,2011,2024,14,1.322219294733919
1693415,7,7804000.0,1420000.0,,-48.01481038976039,36.2302512495097,-51.75468857910835,2018,2020,3,0.8450980400142567
1044435,15,62650000.0,49902500.0,NaN,-inf,NaN,-inf,2011,2016,6,1.1760912590556811
1722482,105,7386100000.0,6393600000.0,0.26966090359425277,0.12248156688779996,,0.03791532156702856,2019,2023,5,2.021189299069938
1409885,16,3723374.0,2090084.0,-0.3635552060760432,-3.2456111581378426,0.1420732473017264,-12.702021550516038,2012,2017,6,1.2041199826559246
1331612,11,1724843.0,349143.0,NaN,-inf,,-inf,2011,2024,8,1.041392685158225
1445109,1,0.0,0.0,,-inf,,-inf,2011,2022,12,0.0
1319947,26,3492687000.0,2799794000.0,0.29624451027547405,0.05751024616960129,,0.056496078781177586,2011,2023,13,1.414973347970818
1089907,1,41484000.0,22380000.0,,-inf,NaN,-inf,2011,2023,13,0.0
1501112,22,-738620.0,NaN,NaN,NaN,,NaN,2011,2015,5,1.3424226808222062
1006269,2,,,,,,,2011,2020,10,0.30102999566398114
700841,167,263237000.0,191100000.0,0.24646062723043058,0.01791155232655874,,0.023831937692841535,2011,2023,13,2.2227164711475833
1367396,85,1642000000.0,1409000000.0,0.7233142343417269,-0.4348873532360569,,-0.5625807874916106,2011,2012,2,1.9294189257142926
799288,85,1585927000.0,1439520000.0,0.4508272887188712,0.019472129960062846,,0.019931227632058842,2014,2023,10,1.9294189257142926
747540,2,39828257.0,29775277.0,0.2868264402701926,0.04304465460178964,,0.0591408295772525,2011,2023,13,0.30102999566398114
1962481,1,752178.0,752178.0,-0.22674154256040457,-3.1988252780591826,,-6.173209001060919,2023,2023,1,0.0
1842556,10,35403940.0,35403940.0,,0.49030768891823906,,0.5167786975121978,2021,2023,3,1.0
1534675,39,833265000.0,304865000.0,0.3626530803593284,0.17093408404574828,,0.08156163943212735,2012,2023,13,1.591064607026499
1322439,1,719847000.0,270084806.5,,0.0392979984272551,,-0.11690320701290949,2011,2023,10,0.0
1492448,44,0.0,0.0,,-inf,,-inf,2012,2020,3,1.6434526764861872
1024520,10,4765.0,4765.0,-355.2763903462749,-3558.498426023085,1151.8749213011542,-804.6980062959077,2011,2011,1,1.0
1539778,14,2839357.0,731815.0,NaN,-2.4606454732718617,NaN,NaN,2012,2022,11,1.1461280356782377
1455863,11,2714790000.0,1885716000.0,,0.06514220350742882,,-0.01435271288255676,2018,2023,6,1.041392685158225
1157780,5,299827000.0,299827000.0,0.23494548522981587,-0.28562471024957725,0.20691598821987345,-0.1061678901499865,2011,2011,1,0.6989700043360187
918573,5,,,,,,,2011,2023,6,0.6989700043360187
1051771,4,4038118000.0,3735070500.0,0.3467700392546733,0.07394356208487872,,0.03480331552298072,2011,2014,4,0.6020599913279623
906780,47,71973000.0,67999500.0,,-0.2298201354757574,,-0.3207817681434934,2011,2018,8,1.6720978579357173
768899,52,2508771000.0,2376695500.0,0.26738181417138795,0.006932995951619464,,0.003835389866956139,2010,2023,14,1.716003343634799
1086909,60,278843000.0,171667500.0,0.7424628132365526,0.098476485395254,0.2394569080843261,0.0523570912470404,2011,2016,6,1.7781512503836434
1835205,31,,,,,,,2021,2021,1,1.4913616938342726
1310497,20,0.0,0.0,,-inf,,-inf,2012,2013,3,1.301029995663981
1110361,13,873606.0,794461.0,0.5224936256861167,0.5556056314656066,0.1736924284954239,-0.23976382186675024,2011,2015,5,1.1139433523068367
806517,6,39701000.0,31293500.0,0.382660403403694,0.023918768972472988,0.048589797355630016,-0.030811264621924208,2011,2023,13,0.7781512503836435
1511735,7,1521984.0,1521984.0,NaN,NaN,NaN,NaN,2013,2017,5,0.8450980400142567
1364541,10,983959000.0,778444500.0,,-0.2593208341271231,,-0.18376454465744932,2011,2014,4,1.0
1948455,2,115605536.0,101850477.0,0.24842961313732626,-0.08602574885967781,,-0.060579619007774685,2023,2024,2,0.30102999566398114
1041657,206,484604000.0,440041000.0,0.6885247349733443,0.15939467890574271,,0.031825897459420646,2011,2023,13,2.3138672203691533
1635581,3,70089000.0,24489000.0,0.9726118280415929,-0.06674119396883325,,1.2312143564462048,2015,2017,3,0.47712125471966244
703339,50,0.0,0.0,,,,-inf,2012,2012,1,1.6989700043360185
1459266,7,,,,,,,2014,2014,1,0.8450980400142567
1476963,8,6994838.0,2580955.0,0.30295773929690983,-274.98925588657374,42.39532001415244,-375.1727322569995,2013,2023,11,0.9030899869919434
58822,3,550669.0,397120.0,0.663108149917484,-0.5409343573502134,,-0.46770655749368756,2012,2016,5,0.47712125471966244
1743886,2,23003000.0,23003000.0,,,,,2018,2018,1,0.30102999566398114
1430592,40,,,,,,,2011,2017,7,1.6020599913279623
1606645,14,3669000.0,3669000.0,0.7362587444353593,-21.615389094283533,12.36189073257592,-11.35557885593856,2017,2019,3,1.1461280356782377
1708331,8,,,,,,,2021,2023,3,0.9030899869919434
1421517,30,128349000.0,49715000.0,0.5502488178036906,-0.0600222030939141,0.15754758570622182,-0.03783903475084564,2011,2023,13,1.4771212547196624
815556,20,7346700000.0,3869187000.0,0.4917419938211982,0.21284358288259045,,0.1291831032604867,2009,2023,15,1.301029995663981
805326,12,411000.0,411000.0,NaN,NaN,NaN,NaN,2011,2016,6,1.0791812460476247
1423774,40,431661000.0,311397500.0,0.5190844334233844,-0.2980764907798505,0.26046848283812357,-0.27358042613674166,2018,2023,6,1.6020599913279623
1295947,6,1127725000.0,963010000.0,0.5475308793633109,0.20937399196810963,,0.09867589765878132,2011,2023,13,0.7781512503836435
1132509,1,1292479.0,1292479.0,5.78042795622021,NaN,,NaN,2011,2023,13,0.0
1841761,166,364271000.0,311774500.0,0.6222585829911247,-0.3631447214497454,0.06900144222177368,-0.2683368139826038,2021,2023,3,2.220108088040055
1840463,18,,,,,,,2021,2021,1,1.2552725051033058
1686850,3,592000.0,244500.0,NaN,NaN,NaN,NaN,2018,2023,6,0.47712125471966244
736012,43,10276000.0,6795000.0,0.729728706798057,-0.6710162038366998,0.3944350472202196,-0.556441713400806,2011,2023,13,1.6334684555795864
1764301,3,,,,,,,2019,2020,2,0.47712125471966244
1881487,51,2425600000.0,2425600000.0,,0.08129947229551451,,-0.0012780343007915557,2022,2023,2,1.7075701760979363
1492052,3,NaN,NaN,,NaN,,NaN,2011,2013,3,0.47712125471966244
1289945,88,242907000.0,171175000.0,0.8386966473133193,0.054370516627329064,0.10380016193097437,0.01687896687070475,2011,2023,13,1.9444826721501687
109177,59,5039700000.0,3186900000.0,0.3595305281035932,0.05005333588961128,0.009961844405794881,0.05595179293910142,2012,2024,13,1.7708520116421442
1561551,4,1489385.0,969210.5,,-7.770580601761774,3.8387272354832955,-8.003260079664884,2013,2016,4,0.6020599913279623
1126328,10,14741700000.0,10906500000.0,,,,0.1320378032692539,2009,2023,15,1.0
723254,345,8815769000.0,4795772000.0,,0.14971696578567478,,0.1022437268575377,2011,2024,14,2.537819095073274
1736243,14,,,,,,,2021,2023,3,1.1461280356782377
37996,3832,155900000000.0,145114000000.0,0.14854937598987664,0.02333517378892782,,0.06681543648143609,2009,2023,15,3.5834255004065065
1001279,5,8103632.0,7802530.0,,0.046125882485733134,,0.46347654495533713,2012,2014,3,0.6989700043360187
67215,24,3808462000.0,3164842000.0,,,,0.03148684803915643,2012,2023,11,1.380211241711606
1089511,35,349314000.0,232642500.0,0.5647655186900952,0.12239875609862359,,0.026494444274583057,2011,2020,10,1.5440680443502754
1604930,1,98757.0,98757.0,NaN,NaN,NaN,NaN,2015,2021,7,0.0
1020569,177,5103574000.0,4186515500.0,,0.3167741754598401,,,2010,2023,14,2.2479732663618064
1944013,69,2086400000.0,2086400000.0,0.3858320552147239,0.018165260736196318,,0.1922450153374233,2023,2023,1,1.8388490907372552
1267395,8,2938500000.0,2423300000.0,,,,0.045579608570643415,2010,2018,9,0.9030899869919434
1412109,1,,,,,,,2012,2014,3,0.0
1527166,2,8782100000.0,3191600000.0,,,,0.07162653950470148,2012,2023,12,0.30102999566398114
1845337,42,,,,,,,2021,2023,3,1.6232492903979003
922247,10,1693335.0,1134802.5,0.7921092312021603,-5.1068521846889166,4.639943146300201,-5.029810029682476,2011,2024,14,1.0
1783183,9,682000.0,682000.0,0.0,-245.32551319648093,73.16568914956012,-289.91642228739005,2019,2023,5,0.9542425094393249
1274737,7,48299000.0,45563000.0,0.5554607227503169,-0.42820772500592835,0.12675513887741838,-0.5800825187065397,2019,2023,5,0.8450980400142567
1610950,64,5393082000.0,2672064000.0,0.2629574918328073,0.05651111587487804,,0.023215492143340014,2014,2022,9,1.8061799739838869
1835512,13,135915000.0,88410500.0,-0.274419356959777,-2.4301466390421327,,-2.3020419174390057,2021,2023,3,1.1139433523068367
850429,5,961330000.0,828341000.0,0.1661471715943704,,0.01670950267346554,0.004697064284333917,2011,2023,13,0.6989700043360187
1330436,70,2706981.0,2706981.0,0.9551563162061352,-13.825703800654678,12.051291457162055,-14.174036500440897,2018,2019,2,1.845098040014257
1031296,105,15049000000.0,12967000000.0,,0.11122416587378448,,-0.019044469855453862,2009,2023,15,2.021189299069938
1618563,2,801569000.0,381559000.0,0.7195718698665886,0.17424205792756636,,0.15244395592650153,2015,2023,9,0.30102999566398114
1526520,152,1788000000.0,1492000000.0,0.9816568573273547,0.1605121012510602,,0.09200611651129822,2011,2023,13,2.181843587944772
1593899,46,351367000.0,48633000.0,,0.8589852878810658,0.6409477665779776,-0.8798633535189532,2020,2023,4,1.6627578316815739
1590877,36,218505000.0,35233000.0,0.704601766236186,-3.4994374097863044,3.5547761867904324,-3.327615185398452,2015,2023,9,1.556302500767287
1076682,73,132287000.0,6693000.0,NaN,-16.753901549033838,4.260303271005456,-11.091446075480356,2011,2022,12,1.8633228601204557
772406,121,1897617000.0,1185524000.0,0.5757419057918539,0.19612677938451512,0.23089583715715498,0.18934394260414925,2011,2023,13,2.08278537031645
1642545,19,237146000.0,237146000.0,-1.1753774253004465,-6.164788551653691,4.1158678922422745,-3.434566063284687,2019,2023,5,1.2787536009528289
1034842,31,120242000.0,108621000.0,0.9480451646817875,-5.628152768188786,,-0.17419193337260666,2011,2023,13,1.4913616938342726
752902,10,2434585.0,2434585.0,0.013495523877786152,-2.9613533723406658,1.0876722316123693,-3.1421938441253845,2012,2013,2,1.0
1313275,60,211008000.0,149769500.0,0.6615844975125369,-0.07494359990711108,0.1875102322405552,-0.10369903622756553,2012,2023,12,1.7781512503836434
80172,64,478468000.0,355649000.0,0.21690198073641964,0.1410865953730981,,0.10474416047484324,2011,2023,13,1.8061799739838869
1425450,17,122289000.0,72552000.0,0.8282250524859611,-0.18081624466627938,0.07970445432730404,-0.2528105628865499,2017,2023,7,1.2304489213782739
1121484,44,1874262000.0,752193000.0,0.22300491550302834,0.0004507045778289198,,0.02461734448386439,2010,2023,14,1.6434526764861872
909954,608,4707680000.0,4108649000.0,0.2974750343092269,0.14397753796365545,,0.06392408612665984,2010,2015,6,2.7839035792727347
1976900,3,1216130.0,1216130.0,0.7009645350414841,-0.5710754606826572,,-0.5873812832509683,2023,2024,2,0.47712125471966244
357173,5,,,,,,,2011,2023,13,0.6989700043360187
1828673,6,4099750.0,2841794.0,inf,-inf,inf,-inf,2021,2023,3,0.7781512503836435
1187449,3,NaN,NaN,,,,NaN,2011,2013,3,0.47712125471966244
1061983,84,70428000.0,13368000.0,,-8.333179629854397,8.036416134983087,-7.2060420074614155,2011,2023,13,1.9242792860618814
1594968,7,0.0,0.0,,-inf,,-inf,2023,2023,1,0.8450980400142567
1255474,4,2828385000.0,2081414000.0,,-0.04172313742375483,,0.035730047920238074,2010,2021,12,0.6020599913279623
1557883,10,22585000.0,7300000.0,0.9479300420633163,-8.611132211847076,7.6442661968029455,-7.386805705083687,2014,2018,5,1.0
731802,40,4201662000.0,2901848000.0,0.6275651552361667,0.2568956854929769,,0.20182463050134733,2010,2024,15,1.6020599913279623
1607678,2,0.0,0.0,,-inf,inf,-inf,2015,2023,9,0.30102999566398114
793524,18,2007482.0,1386052.0,,-2.695062607218725,0.7984031793653334,-2.8384467894397556,2011,2023,13,1.2552725051033058
1622767,6,,,,,,,2015,2017,3,0.7781512503836435
808461,8,978534000.0,739762000.0,0.6508268714011516,-0.19939766109296134,,15.766223521817674,2011,2019,9,0.9030899869919434
1449349,8,360613.0,36499.0,NaN,NaN,NaN,NaN,2011,2023,14,0.9030899869919434
1176948,55,4212091000.0,1415499000.0,,,,0.06638148392358066,2014,2023,10,1.7403626894942439
755001,6,563200000.0,444100000.0,,0.15865535543239012,,0.07413706440178079,2010,2023,14,0.7781512503836435
1471089,1,NaN,NaN,,,NaN,NaN,2011,2011,1,0.0
855654,39,115447000.0,53446000.0,,-1.7581641234587366,2.2476571097587303,-2.1236996021567314,2012,2022,11,1.591064607026499
1004989,4,262747000.0,181381000.0,0.2315278221999751,0.03217908283568093,,0.013469819693985577,2011,2023,13,0.6020599913279623
715957,447,17174000000.0,13366000000.0,,0.2554652101426085,,0.13226854179714911,2009,2023,15,2.650307523131936
1108134,3,449260000.0,268137000.0,,,,0.11915490774449473,2011,2023,13,0.47712125471966244
1638097,3,571000.0,365000.0,inf,-inf,inf,-inf,2021,2023,3,0.47712125471966244
1617640,28,3339817000.0,1958000000.0,0.8583466297420617,-0.13843548124571767,0.21672159072974279,-0.2016862504311743,2015,2023,9,1.447158031342219
1733257,21,7719000.0,861000.0,,-406.55723951747655,46.03344222633982,-382.18065329371854,2021,2023,3,1.322219294733919
1824734,31,50852000.0,50852000.0,-0.05330173837803823,-2.223747345237159,1.0657004640918744,-1.5774895775977347,2021,2022,2,1.4913616938342726
1075857,8,745852.0,155406.0,2.3172598333398278,-21.016638583657993,,14.22354608856144,2011,2020,10,0.9030899869919434
1622231,1,129546.0,82772.0,0.15368642874572822,-1947.924331450094,,-957.2760489863592,2016,2021,6,0.0
1668370,38,95253767.0,39433617.0,0.24949658918207043,-0.45422142839614393,0.12678495835024886,-0.37031190484621374,2018,2023,6,1.57978359661681
1496268,3,45000.0,45000.0,0.06666666666666667,-595.1111111111111,403.8,158.53333333333333,2011,2017,7,0.47712125471966244
1094084,12,14796531.0,8439999.0,0.501667167257877,-0.2782541131891854,0.1563411002448042,-0.10487117632300845,2011,2022,12,1.0791812460476247
812796,9,8768390.0,5241448.0,0.30679871171209583,-3.6429688390870845,2.4944796486285217,-3.3994394184068795,2011,2023,13,0.9542425094393249
1317833,16,0.0,NaN,,NaN,,NaN,2011,2022,7,1.2041199826559246
1337013,24,125785000.0,9992000.0,3.9118323309162544,0.2605901018916327,,-0.5821206093594488,2011,2023,13,1.380211241711606
215466,19,1021200000.0,711502000.0,0.3286072829475839,0.27017671231189855,,-0.2093742223888596,2010,2023,14,1.2787536009528289
1423107,1,5331065.0,5331065.0,0.37961664320356253,,0.011524901684747794,-0.9959670347294584,2011,2013,2,0.0
792985,10,,,,,,,2010,2012,3,1.0
1854480,2,,,,,,,2022,2023,2,0.30102999566398114
351903,43,92382000.0,92382000.0,,0.19653179190751446,,,2012,2012,1,1.6334684555795864
1502952,1,NaN,NaN,,NaN,,NaN,2013,2013,2,0.0
1829864,10,960489000.0,924365000.0,,0.08281392676664627,,0.019771085856883013,2021,2023,3,1.0
1534133,3,,,,,,,2020,2023,4,0.47712125471966244
1156375,25,5019400000.0,3280600000.0,,0.591541169633771,,0.4310298741461969,2009,2023,15,1.3979400086720375
1408950,28,6471840.0,6471840.0,0.21320289129521125,,,-0.06725011743182774,2012,2012,1,1.447158031342219
774937,14,756385.0,756385.0,0.3672200126674644,,0.44228026421375527,NaN,2011,2017,8,1.1461280356782377
1330421,47,191181000.0,191181000.0,0.7099085709345397,-0.19007093524125288,0.19472586160634575,-0.20540953929728584,2013,2017,5,1.6720978579357173
1731289,48,50825000.0,173000.0,0.2369942196531792,-482.8500492547343,1387.3411322428485,-1476.6332243985796,2018,2023,6,1.6812412373755872
5981,1,557676000.0,381021000.0,0.41976345532838305,0.06292867701461691,0.06818475243689884,0.055440497147638934,2011,2023,13,0.0
38264,17,42337385.0,30910506.0,0.19805244145954579,-0.04485532642349447,,-0.06090204642120552,2011,2024,14,1.2304489213782739
827230,2,59316000.0,54673000.0,,,,0.12501283867157223,2011,2013,3,0.30102999566398114
1128189,1,0.0,0.0,,-inf,NaN,-inf,2011,2023,13,0.0
1442236,14,288377652.0,98979140.0,0.5837750655092797,-8.003908706451297,,-10.88172849409278,2012,2023,13,1.1461280356782377
872589,464,16071700000.0,2689478000.0,0.9112315567354915,-0.8555385600696573,6.78643988754027,-1.3579938817246855,2010,2023,14,2.6665179805548807
895663,25,914348000.0,914348000.0,0.17394580619195318,0.10613792560381824,,-0.10462318504551878,2010,2010,1,1.3979400086720375
1819881,14,249356000.0,249356000.0,,0.06428359453953383,,-0.00267689568328013,2021,2022,2,1.1461280356782377
881464,267,753993000.0,753993000.0,0.8899207287070304,-0.19900052122499812,0.25431403209313613,,2010,2011,2,2.426511261364575
1169987,8,19203888.0,7636524.0,0.6060392730944644,-2.97997802753525,1.0465069996173504,-3.012980750615847,2015,2022,8,0.9030899869919434
1018336,12,NaN,NaN,NaN,NaN,,NaN,2011,2011,1,1.0791812460476247
1500198,3,1952441.0,3323.5,0.23044947158789003,-inf,10.165604379559431,-inf,2011,2024,13,0.47712125471966244
1018979,23,404019000.0,356335000.0,,,,0.16593982440354765,2011,2023,13,1.3617278360175928
1403570,9,33250.0,33250.0,,-225.43577733100145,15.09400193326258,-303.8585057474701,2012,2019,7,0.9542425094393249
1439095,21,5570858000.0,3845536000.0,0.18184745084175022,0.011483043401852437,,-0.007442664579921991,2011,2023,13,1.322219294733919
789460,125,41561947000.0,32979927000.0,0.026358823303075422,0.007775715231627101,,0.003440209989666624,2010,2023,14,2.0969100130080562
1641631,35,7724001.0,7724001.0,NaN,NaN,NaN,NaN,2016,2023,8,1.5440680443502754
1295810,7,1189340000.0,912053000.0,,0.1567920022869827,,,2011,2023,13,0.8450980400142567
1514608,90,391021000.0,380923000.0,,,,-0.05033162427996023,2011,2012,2,1.9542425094393248
910606,18,1224022000.0,1166161000.0,,,,0.20478727107062894,2019,2023,5,1.2552725051033058
723531,7,4907300000.0,2951900000.0,0.6953670679917316,0.3666073373746139,,0.23300812892489034,2010,2024,15,0.8450980400142567
1021635,93,4070700000.0,2211700000.0,0.4955592889877597,0.20970342672828182,,0.12029079433429657,2010,2023,14,1.968482948553935
1428469,3,1256990.0,1064500.0,,-2.199654231009262,,-9.942369478965265,2011,2012,2,0.47712125471966244
833795,7,118952000.0,56804000.0,,0.1336208286862925,,0.13388402691587564,2011,2018,8,0.8450980400142567
1462056,11,102019000.0,85155000.0,0.5101593004285344,-0.285894146586909,0.31583393660598763,-0.3211098842228568,2021,2023,3,1.041392685158225
1783317,54,2635000000.0,2277500000.0,0.5878271268184694,0.07755475173940543,0.11870651486401013,0.1987028581593928,2020,2021,2,1.7323937598229684
1131312,27,NaN,NaN,,NaN,,NaN,2011,2023,13,1.4313637641589871
800458,71,97088000.0,86344000.0,0.6597920363702428,-0.07581537800414032,,-0.033206381217720085,2011,2014,4,1.851258348719075
1372514,4,2686000.0,1160889.5,,-inf,inf,-inf,2015,2023,9,0.6020599913279623
880562,2,46993000.0,43593000.0,-0.9320815948076031,-0.13518718323890738,0.45999179115821365,-0.26426012515245917,2012,2015,4,0.30102999566398114
1449447,1,349141.0,0.0,0.8791662967110709,-inf,NaN,-inf,2011,2019,9,0.0
1796280,3,,,,,,,2020,2023,4,0.47712125471966244
1425203,2,5218876.0,4570098.5,,NaN,NaN,NaN,2015,2020,6,0.30102999566398114
1091735,900,,,,,,,2011,2013,3,2.9542425094393248
1564406,5,2160900000.0,2160900000.0,,-0.21574344023323616,,-0.08700078670924152,2022,2022,1,0.6989700043360187
1224370,5,159589000.0,152495000.0,0.5159465384791723,-0.14968156757813963,0.36442081060593967,-0.04660970012974981,2012,2013,2,0.6989700043360187
1082324,10,1547000.0,74000.0,,284.4947223120017,83.42583435083435,656.0935952799923,2011,2023,13,1.0
1302387,23,,,,,,,2023,2023,1,1.3617278360175928
1842952,1,,,,,,,2021,2023,3,0.0
1451433,1,2402769.0,NaN,0.38290681305103325,-0.9348056383832232,0.015714497380102537,NaN,2011,2015,4,0.0
1083220,41,41727000.0,29448000.0,0.925057454905312,-0.13714561872622075,,-0.14729467140702943,2013,2023,11,1.6127838567197355
884504,13,,,,,,,2011,2013,3,1.1139433523068367
1643301,9,4896000.0,623000.0,NaN,-inf,4.294875880049848,-inf,2015,2023,9,0.9542425094393249
1491778,94,344125000.0,245642000.0,,-0.16121380410877412,,-0.12333182870627091,2012,2016,5,1.9731278535996983
1360474,11,,,,,,,2011,2012,2,1.041392685158225
57515,16,1822527000.0,1196475500.0,0.2498647018438204,0.1344765430103444,,0.09235393912027245,2011,2024,14,1.2041199826559246
1307752,2,14281603.0,12963164.0,0.44430411677468495,-0.14142361491511476,0.10836716796929502,-0.12149892451973485,2011,2015,5,0.30102999566398114
1343009,1,410165.0,61171.5,0.02526222222222222,-inf,inf,-inf,2011,2024,14,0.0
1840317,9,,,,,,,2021,2023,3,0.9542425094393249
27367,8,1579257.0,1579257.0,0.5026629611266564,-3.664010354236201,1.7134335956718887,-4.550012442560014,2011,2011,1,0.9030899869919434
1590383,3,12347529.0,2115851.5,0.613208466488504,-6.718091281747784,1.1847747840119975,-7.903669292813078,2014,2021,8,0.47712125471966244
1688568,205,24556000000.0,20753000000.0,,,,0.039739515389263715,2017,2023,7,2.311753861055754
750556,318,,,,,,,2009,2018,10,2.5024271199844326
1618673,781,58281200000.0,22414900000.0,0.12784142950531643,0.009534877711699167,,0.0037144798091605564,2017,2024,8,2.8926510338773
1808865,3,344775000.0,344775000.0,,0.710321223986658,0.23257583448142508,0.15011819302443621,2020,2023,4,0.47712125471966244
1672690,1,NaN,NaN,,NaN,,NaN,2016,2016,1,0.0
1349437,1,26212550.0,20563992.5,0.7525993040095713,-0.3181312811416983,,-0.5269954944188935,2011,2018,8,0.0
1575142,5,28565.0,28565.0,NaN,NaN,,NaN,2014,2023,7,0.6989700043360187
1641991,64,2388500000.0,1996000000.0,0.2857843490621682,-0.009030692243282928,,0.026727918559687546,2015,2021,7,1.8061799739838869
1540159,2,1239689.0,270325.0,NaN,-inf,inf,-inf,2014,2024,11,0.30102999566398114
32604,511,24537000000.0,18236000000.0,0.43549596360153714,,,0.1496210799224347,2009,2024,16,2.7084209001347124
1132887,1,,,,,,,2011,2011,1,0.0
863157,75,6111702000.0,5221269000.0,0.3015245223838698,0.10056345655027937,,0.046766344136056584,2010,2013,4,1.8750612633916997
897723,125,8935048000.0,6670383500.0,0.07703505379895063,0.033912903154248115,0.003666724729904479,0.020672796914957874,2011,2024,14,2.0969100130080562
1804176,51,73390000.0,62565000.0,-0.1587642412321762,-2.716537865161269,0.9999042481943138,-1.8060705664764232,2020,2023,4,1.7075701760979363
833640,92,703277000.0,368095000.0,0.5135305087391749,0.17259359004373911,0.15623853932902823,0.172973224429775,2010,2023,14,1.9637878273455551
919130,2,18159335.0,17700704.0,0.685555352603427,-0.2826348441560024,,-0.32537408131394085,2011,2015,5,0.30102999566398114
1367920,15,66729000.0,10505000.0,,-10.097019817984624,9.638290498687386,-10.08706421632072,2014,2021,8,1.1760912590556811
1500305,51,105729.0,105729.0,NaN,NaN,,NaN,2013,2023,10,1.7075701760979363
1668105,21,247861000.0,148595000.0,1.0308175572743032,-0.3169357244999063,0.27289107388779565,-0.2708190849681161,2018,2020,3,1.322219294733919
1701108,11,48579000.0,4354000.0,,-13.97136770361241,13.230879616989588,-6.427382753403934,2017,2023,7,1.041392685158225
1983736,8,1350941.0,1350941.0,,-1.5492216166361077,,-7.239371667600584,2023,2023,1,0.9030899869919434
1162112,13,242931000.0,238854000.0,,-0.13509030486300513,,-0.20987132364771224,2011,2020,10,1.1139433523068367
1365160,183,37935.0,28932.0,NaN,NaN,inf,NaN,2012,2015,4,2.2624510897304293
1423902,32,3251721000.0,2248356000.0,0.7801976199498656,0.31599713462289886,,0.1892670181573674,2013,2023,11,1.5051499783199058
843212,20,1108163.0,NaN,,NaN,,NaN,2012,2018,7,1.301029995663981
1379043,4,2130324.0,NaN,,NaN,,NaN,2011,2021,11,0.6020599913279623
1444192,9,196000.0,NaN,NaN,NaN,NaN,NaN,2019,2023,5,0.9542425094393249
1743725,14,211280000.0,161281500.0,0.3856526059589496,-0.02947219947800004,0.06141619637288787,-0.0685813675867242,2019,2023,5,1.1461280356782377
1063537,76,41617000.0,36957000.0,0.10483394477872719,-0.37085246571693153,,-0.33808921124413244,2011,2023,13,1.8808135922807911
899426,8,579000.0,404500.0,-0.13104678230832767,-3.023409927160772,0.8065667943230457,-2.9375760306375307,2011,2012,2,0.9030899869919434
884629,4,4584400000.0,2793000000.0,0.33865212763175995,0.1344101007307518,0.08280622301657904,0.07016309501612097,2010,2012,3,0.6020599913279623
40729,302,8214000000.0,5804000000.0,,,,0.05561851402805336,2011,2023,13,2.4800069429571505
1425355,16,3000.0,3000.0,-3.037,-46.465333333333334,,-42.282333333333334,2011,2011,1,1.2041199826559246
1138776,15,,,,,,,2011,2018,8,1.1760912590556811
1063665,17,9241116.0,9241116.0,0.5210477133324056,0.0193743725950394,0.04805413504930426,-0.02829500839044385,2012,2014,3,1.2304489213782739
1554054,71,0.0,NaN,NaN,NaN,,NaN,2013,2019,8,1.851258348719075
880446,34,154927000.0,121331000.0,0.6050717930240525,-0.33475591521776554,0.3665692207987331,-0.32061433273509343,2011,2014,4,1.5314789170422551
1787518,6,21297642.0,21297642.0,-0.031054893306967972,-0.8199603035866599,,-0.8183266485557416,2020,2023,4,0.7781512503836435
1329799,4,,,,,,,2014,2014,1,0.6020599913279623
1604906,1,11130.0,11130.0,15.226145552560647,,,-3.0296495956873315,2015,2015,1,0.0
790273,1,0.0,0.0,NaN,-inf,,-inf,2021,2021,1,0.0
93451,1,,,,,,,2011,2012,2,0.0
1102358,1,7929344.0,5048190.0,0.3905935539404319,-2.464281850218117,0.01128073184948986,0.016631033945537627,2011,2018,8,0.0
743988,68,3162666000.0,2240736000.0,0.6885756578089283,0.33197236695168814,0.222887445600165,0.2413462515002163,2010,2020,11,1.8325089127062362
1530721,11,5654000000.0,4533250000.0,0.6064976007463422,0.1630712049386555,,0.10594336686226148,2012,2023,12,1.041392685158225
1852131,36,1902137000.0,1902137000.0,0.11408326529582254,0.0346489238156873,0.011365637701175046,0.0,2022,2023,2,1.556302500767287
1090967,4,,,,,,,2011,2013,3,0.6020599913279623
1856725,47,2717000.0,1358500.0,,-inf,inf,-inf,2021,2023,3,1.6720978579357173
201461,27,,,,,,,2010,2014,5,1.4313637641589871
1630627,125,141838000.0,94419000.0,0.5253956627501869,-0.17480377169473474,0.10391527381688613,-0.3711943850843607,2021,2023,3,2.0969100130080562
1771917,27,36964000.0,36964000.0,,-2.354308696749991,3.4682393680337626,-4.925431951808967,2019,2023,5,1.4313637641589871
1115836,4,594081000.0,571942000.0,0.5841972415036509,0.060617963428663685,,-0.046422539348395464,2010,2018,9,0.6020599913279623
1516332,2,40000.0,10000.0,1.0,-20.346858333333333,,-144.68095833333334,2012,2014,3,0.30102999566398114
1522724,6,0.0,NaN,,,,NaN,2011,2014,4,0.7781512503836435
1304492,38,4787000.0,3539595.0,-0.3357229320998104,-21.74890998417421,1.520096315517011,-20.04180416688305,2014,2023,10,1.57978359661681
821189,100,25702000000.0,11682636000.0,,0.201781289433021,,0.11867963584287487,2009,2023,15,2.0
1667313,59,27241000.0,11113000.0,0.8662872482047999,-0.003509435973086676,,0.026331833471097035,2016,2024,9,1.7708520116421442
1396633,3,151903328.0,49831951.0,0.138186535957447,-0.048962095472432764,,-2.696810353841185,2011,2019,9,0.47712125471966244
1100917,8,23588000.0,22894061.5,0.8639269021608444,-0.024544345241827956,0.19301025105142014,-0.04410078301667302,2011,2016,6,0.9030899869919434
1511863,2,,,,,,,2011,2011,1,0.30102999566398114
1832487,12,11600904.0,10479899.0,0.6271335328792399,-0.6048123499570239,0.5876256832134222,-0.49979755214637395,2021,2023,3,1.0791812460476247
1490349,3,,,,,,,2024,2024,1,0.47712125471966244
1344596,6,700061000.0,633547000.0,0.21547496496044136,0.20947333738865348,,0.16130529265926857,2011,2017,7,0.7781512503836435
1175108,45,496426000.0,496426000.0,0.6820190723290077,0.09214062116005205,,-0.04246554370641344,2011,2011,1,1.6532125137753435
1011006,912,6969274000.0,5077850500.0,0.5785136326034589,0.07725147629886579,0.20419052028825257,0.587731829796228,2009,2016,8,2.9599948383284156
1293211,3,,,,,,,2012,2015,4,0.47712125471966244
1021096,9,116409703.0,13003915.0,0.25303571653241047,-0.2334140939674673,0.08588432551652792,-0.4446433900455906,2011,2023,7,0.9542425094393249
1128725,56,78000000.0,51408000.0,0.26660896352859814,-0.3514730778300818,,-0.2537058210744517,2011,2017,7,1.7481880270062005
1117045,3,,,,,,,2011,2014,4,0.47712125471966244
704384,11,3047000.0,2365000.0,0.363981855325991,-2.4498525681633736,1.289722512676085,-5.594022332297875,2011,2013,3,1.041392685158225
719220,3,,,,,,,2011,2023,13,0.47712125471966244
1004155,37,5385000000.0,3562000000.0,0.4987788711729513,0.18128754486283083,,0.08089823340904077,2009,2015,7,1.5682017240669948
1753681,1,90588.0,26154.0,-11.263500465358607,-79.75308946397436,2.166610831937465,-67.15410106829418,2019,2023,5,0.0
1000228,22,13201995000.0,9985803000.0,0.2869325594956324,0.06845069966070857,,0.045154992308458174,2010,2023,14,1.3424226808222062
1463729,20,,,,,,,2013,2014,2,1.301029995663981
1005757,22,1089752000.0,756866000.0,0.42478107186386727,0.1352100388108653,0.14727036941953628,0.06163796359042365,2011,2023,13,1.3424226808222062
884650,17,9398434.0,7318804.0,0.3139220110529816,0.0008687289724336628,,-0.03271749974243209,2011,2022,12,1.2304489213782739
1823945,5,823878000.0,823878000.0,,,,-0.6665128932580575,2021,2023,3,0.6989700043360187
1178377,33,4589203000.0,120678.0,NaN,-2.7809788061643173,0.02446515965023856,-3.7395151564156603,2011,2019,9,1.5185139398778873
1805087,23,11185000.0,11185000.0,-1.463835493965132,-7.597049620026822,1.150379973178364,-8.345730889584265,2020,2022,4,1.3617278360175928
1585101,1,103883000.0,9868837.5,,-3.747628433770439,,7.428263650505775,2014,2023,10,0.0
1392694,16,121544190.0,8378363.5,0.24380199813663303,-28.598381235747212,,-41.452310564905176,2012,2023,12,1.2041199826559246
1920406,8,343106.0,343106.0,,-8.126427401444452,,-1.880628726982332,2022,2023,2,0.9030899869919434
18349,47,223032000.0,223032000.0,,,,,2010,2023,10,1.6720978579357173
22252,1,28949000.0,5383500.0,NaN,NaN,NaN,NaN,2011,2016,6,0.0
1066684,27,0.0,0.0,,NaN,,NaN,2011,2023,13,1.4313637641589871
1937993,1,,,,,,,2022,2023,2,0.0
1193311,35,5243000000.0,3920000000.0,0.7741283476503285,0.22270531600432283,,0.12810373327829977,2011,2023,13,1.5440680443502754
765880,11,2266279000.0,1153188000.0,-0.3282060717466712,,,0.5234262178255557,2009,2023,15,1.041392685158225
1340127,43,206986000.0,60512000.0,2.259964330690191,-0.14900172057063552,0.5657567579042188,-0.2564983996955112,2011,2018,8,1.6334684555795864
1846510,12,1135879000.0,972214000.0,,-0.18807926103139816,,-0.29129892178629246,2021,2023,3,1.0791812460476247
73887,69,1858669000.0,1508473000.0,,,,-0.008079217710352747,2010,2018,9,1.8388490907372552
1413797,8,1800327.0,313200.0,1.7008644588811146,-2.4769442732866533,0.20977482280048987,-3.3515212808048545,2011,2014,4,0.9030899869919434
1518520,7,22656610.0,1904044.0,0.4379771041916832,-3.0062943541422387,,-1.0878497485332999,2012,2018,7,0.8450980400142567
1419177,2,,,,,,,2011,2011,1,0.30102999566398114
1046102,8,1733800000.0,1377260000.0,,0.1700231607813357,,0.13076929437703463,2015,2023,9,0.9030899869919434
728387,5,10795000.0,5071088.0,0.22899466116613787,-0.8518100907258922,0.1555997227629495,-1.2962591313866227,2012,2023,11,0.6989700043360187
1145460,11,2022240000.0,1683132000.0,0.6695998118772646,-0.1003686073946692,0.08287620777895092,-0.04689683023926627,2010,2016,7,1.041392685158225
1236997,5,15239923.0,12101326.0,0.8299050004722003,-0.2555119984404455,0.43424723827660466,-0.2883728982063214,2012,2020,9,0.6989700043360187
49938,2,50969000000.0,36678500000.0,,,,0.21188762883062534,2009,2023,15,0.30102999566398114
875045,18,14377900000.0,8203400000.0,0.8428486736380535,0.4942521221431502,0.39766152158585155,0.3195938809516574,2009,2023,15,1.2552725051033058
772320,146,109200.0,59409.0,NaN,-inf,inf,-inf,2011,2020,8,2.1643528557844367
703360,55,2506087000.0,2131558500.0,0.5112661130450771,0.03072746829782308,0.30274448886371125,-0.015445659820200169,2010,2013,4,1.7403626894942439
912562,6,1389966000.0,994606000.0,0.21020311624322083,0.03900704044627503,,0.021445879653663992,2010,2023,14,0.7781512503836435
1545158,1087,18218000000.0,18218000000.0,0.36243288958305,0.15356420831552345,,0.11290742880527858,2012,2014,3,3.0362295440862943
1127537,24,53662000.0,51039000.0,0.7399583435415037,-0.916780972663445,0.3166455488471598,-1.2030918068133476,2020,2023,4,1.380211241711606
1064728,15,8077500000.0,6561000000.0,,0.05284415414781493,,-0.003267719236961482,2009,2023,13,1.1760912590556811
1742924,26,442500000.0,388400000.0,0.31742824682675347,0.11092074592567465,0.009243945015334218,0.248714964884081,2018,2022,5,1.414973347970818
1826681,6,14569000.0,8813000.0,-0.09004447760393919,-15.189783569433999,2.5770023909070843,-14.707084035092072,2021,2023,3,0.7781512503836435
1980845,6,,,,,,,2023,2024,2,0.7781512503836435
790526,25,1430061000.0,895463500.0,0.5220578646532177,0.04584527114934069,,0.009263059679739108,2011,2023,13,1.3979400086720375
42316,1,138148842.0,98363270.0,,0.05872288758420211,,0.055146139685628655,2011,2019,9,0.0
1407268,1,28338389.0,11301295.5,NaN,,,-2.8928507383176147,2011,2014,4,0.0
1031028,44,381901000.0,328046000.0,,0.0408702452588545,0.015774467805566895,0.06243156781133026,2012,2013,2,1.6434526764861872
1042187,24,64268367.0,49542762.0,0.21004470739130807,0.0007567506560722024,,-0.0604334145009339,2011,2023,13,1.380211241711606
1866550,62,1296238000.0,1126816000.0,0.3514855627824424,0.07912635469784222,,0.0013991494878293625,2021,2023,3,1.7923916894982537
1484478,5,40508000.0,4490000.0,,-7.680702216226602,9.243983033880996,-7.6253344697545336,2011,2013,3,0.6989700043360187
911109,6,612625000.0,38166000.0,0.39125546140117384,2.1864022388127937,,0.5576637466879144,2010,2019,10,0.7781512503836435
929452,57,1102332000.0,969237000.0,,0.13115168714662226,,0.08421152215627205,2010,2016,7,1.7558748556724912
1879403,4,26203921.0,26203921.0,0.1084253001678642,-0.27066037178176505,,-0.08856140270000051,2023,2023,1,0.6020599913279623
1631282,3,17080911.0,17080911.0,NaN,NaN,NaN,NaN,2016,2024,9,0.47712125471966244
785557,27,395937000.0,227639500.0,0.18936412541372102,0.04215687034434945,,,2011,2024,14,1.4313637641589871
1324404,206,6538000000.0,4429000000.0,0.33937238909975925,0.3213016964869167,,0.11547757240986681,2009,2023,15,2.3138672203691533
62234,16,820863000.0,598708000.0,,0.05171702288662494,,0.019056226543948333,2012,2023,12,1.2041199826559246
19745,85,670604000.0,479605000.0,,0.16542130494373852,,0.0938190825412491,2011,2023,13,1.9294189257142926
1011509,4,25596000.0,7217000.0,0.25503696589194297,-0.9608493800984171,,-0.46835768137800715,2011,2023,13,0.6020599913279623
1142596,253,1201942000.0,811113000.0,0.7462372939634148,,0.05755919956014874,0.009593478899153862,2010,2022,13,2.4031205211758175
933141,10,,,,,,,2011,2019,9,1.0
1410939,24,209977000.0,209977000.0,,0.5143658591179033,0.5668049357786805,0.3004471918352962,2013,2022,10,1.380211241711606
1961847,1,799747.0,799747.0,,-2.6155021525557456,,-2.6398917407630162,2023,2024,2,0.0
79958,11,10005000000.0,8377800000.0,0.3574496391540062,,,0.1576508780977893,2009,2015,7,1.041392685158225
1303313,7,2219622000.0,2080241000.0,0.3703776209331321,0.07440144265097662,,,2011,2022,12,0.8450980400142567
40211,12,1451000000.0,1336750000.0,,,,0.16013457573709466,2010,2023,14,1.0791812460476247
1559053,6,200577000.0,1607000.0,,-51.37183301266502,55.75802645715595,-60.77492704771949,2013,2023,11,0.7781512503836435
1267130,208,3481375000.0,2855682500.0,0.3266244426563672,0.10692970399610185,,0.06080938090371888,2011,2016,6,2.3180633349627615
1560327,20,777707000.0,326947000.0,0.5744369061171114,-0.23378753554598028,0.267072759673499,-0.23849846088257098,2015,2023,9,1.301029995663981
1700849,2,16033823.0,7642.0,0.6548882510396773,-inf,,-inf,2018,2023,6,0.30102999566398114
1094093,4,,,,,,,2009,2011,3,0.6020599913279623
709005,12,14452765.0,7836485.0,,0.28383113655131453,,-0.012411201489902306,2011,2023,13,1.0791812460476247
1820566,124,345530000.0,337315000.0,0.3127827849189584,,,-0.06870029015708129,2021,2023,3,2.093421685162235
931182,35,1943711000.0,1943711000.0,,0.23571302523883436,,0.537711624824884,2009,2009,1,1.5440680443502754
1667840,2,89000.0,89000.0,,,,-11.337078651685394,2016,2018,3,0.30102999566398114
101829,271,64388000000.0,41289000000.0,0.2690786013052675,0.14486051887091414,0.04920147656905978,0.10543658768179423,2009,2023,15,2.4329692908744054
1619087,12,1065000.0,1065000.0,,-24.439943020866536,15.756224754227963,-25.490805721684666,2015,2017,3,1.0791812460476247
20171,89,13947000000.0,13457000000.0,,,,0.14766267719133133,2009,2014,6,1.9493900066449126
1001288,96,4199700000.0,3707650000.0,0.4009157927873958,0.08472627887136681,0.09107426333345964,0.05599968031014494,2010,2015,6,1.9822712330395682
1275014,1,2101600000.0,562759000.0,0.18809705306216162,0.05870667017957249,0.014271247549797972,0.029747810928873113,2011,2023,13,0.0
1026214,397,,,,,,,2011,2023,13,2.598790506763115
802724,33,30822000.0,18782000.0,,0.13048672355322982,0.7140142370753298,-0.28854396406836547,2011,2014,4,1.5185139398778873
1764974,6,19306000.0,19306000.0,,-3.0577022687247486,4.490987257847301,-1.597120066300632,2023,2023,1,0.7781512503836435
852772,28,529169000.0,367310000.0,0.21725319803757365,0.16322155665415064,,0.11470308143697426,2011,2023,13,1.447158031342219
842295,20,46730000.0,41021000.0,0.11374402782766727,0.010595512173407264,0.0078068645955898085,0.022748198306327405,2011,2017,7,1.301029995663981
1715819,6,1348808.0,1028603.0,0.7431406633783393,-2.735817120851131,,-3.9909998743830424,2020,2023,4,0.7781512503836435
1537435,14,33426448.0,12808075.0,0.6917206369922978,-0.2318784202859756,0.06021261201931553,-0.21064067641030362,2012,2023,12,1.1461280356782377
1616318,21,3079807000.0,2225522000.0,0.296937804689567,0.0662641059716914,0.01179900068948483,,2014,2023,10,1.322219294733919
1692063,64,6604400000.0,4977000000.0,0.645654901952817,0.06011815205288777,,0.04443546020715533,2017,2023,7,1.8061799739838869
1745041,2,1837400000.0,1381800000.0,,0.2241407556789992,,0.1578243153631266,2019,2022,4,0.30102999566398114
39020,8,71550000.0,50351000.0,0.25445190663861345,-0.06906376137183114,0.1020406334646946,-0.05390751360695385,2012,2024,13,0.9030899869919434
12040,10,174396000.0,106822000.0,,0.057528410385801684,,0.026526501616161605,2012,2024,13,1.0
1706509,51,20203748.0,773468.0,0.30313190908774984,-1.2407981559403258,0.8783136512079155,-1.4026715476920255,2017,2023,7,1.7075701760979363
1160951,11,260350000.0,215811500.0,0.5541434498324738,-0.09988989693666495,0.23496781877181733,-0.10680891816563785,2021,2022,2,1.041392685158225
753048,59,14378352.0,5341543.0,-0.07293424034975858,-2.1497772148261243,0.12765614768790226,-3.2038918868897808,2011,2014,4,1.7708520116421442
10456,742,16671000000.0,12562000000.0,0.4241310790344046,0.07062019498228468,0.06129764096562548,0.159621234734303,2009,2023,15,2.870403905279027
1520262,75,1170947000.0,256146000.0,-0.24763344842348503,-0.6946684523119822,1.8389222088577506,-0.643443362212279,2011,2023,13,1.8750612633916997
1665988,26,430898000.0,430898000.0,0.6768978134314275,-0.08056486113176292,0.054556148744563236,-0.0930417802405578,2021,2023,3,1.414973347970818
1403853,8,525816000.0,154689000.0,0.33138132840555073,-0.7304466319282007,,-0.928205718037299,2011,2020,9,0.9030899869919434
856982,245,1150981000.0,603838000.0,0.44656198896795785,0.06850029455606668,0.06815863670521158,0.04132246762408725,2011,2023,13,2.3891660843645326
1726293,1,NaN,NaN,,NaN,,NaN,2018,2019,2,0.0
707549,237,17227039000.0,6949756500.0,0.47552690991461183,0.19639770482594746,0.14433702562360523,0.197609140110306,2011,2024,14,2.374748346010104
1506983,4,611689.0,611689.0,,NaN,NaN,NaN,2011,2023,13,0.6020599913279623
1087022,57,7468.0,7468.0,NaN,-512.3207016604177,191.8889930369577,-792.1822442420996,2011,2021,11,1.7558748556724912
1571123,230,7704000000.0,4659000000.0,0.054888131099851585,0.05586363863513939,,0.03685728831667877,2013,2023,11,2.3617278360175926
1828536,37,341543000.0,243710000.0,0.5868075176478511,-0.25749498160515205,0.08949009289429971,-0.22203780032353607,2021,2023,3,1.5682017240669948
1585521,98,4392960000.0,4099864000.0,1.0014369549471445,0.04168939136707212,0.0997289840477712,0.1266462492828088,2019,2023,5,1.9912260756924949
874396,575,862924000.0,592619000.0,0.36485562360939744,0.04483998650583332,,0.014090583296611245,2011,2023,13,2.75966784468963
1701114,61,881191000.0,774395500.0,,-0.12221873608005568,,-0.11064055980269939,2017,2022,6,1.785329835010767
1680139,12,9197992.0,5927749.5,,-0.8507572627848181,,-1.2826269589215793,2017,2023,7,1.0791812460476247
1416697,4,4659393.0,4050037.0,inf,-inf,,NaN,2011,2023,13,0.6020599913279623
1506492,66,8543000.0,3143500.0,-1.1117651294627409,-inf,inf,-3.9771820318193454,2012,2023,12,1.8195439355418683
878088,7,1008874000.0,1008874000.0,0.3702454419481521,-0.05014798676544346,0.04612865432155056,0.09191534324405227,2011,2013,2,0.8450980400142567
1112064,17,,,,,,,2011,2012,2,1.2304489213782739
1051512,36,5413000000.0,5044000000.0,-0.16307939823687553,-0.04911415866573114,,0.006942008380719795,2010,2023,13,1.556302500767287
1385867,28,541643000.0,325042500.0,0.611235673769835,-0.3254012993617304,0.22352383562366862,-0.332538221669993,2016,2021,6,1.447158031342219
1566243,3,909176.0,454588.0,,NaN,,NaN,2013,2023,8,0.47712125471966244
96699,7,12102105.0,5942160.0,0.5524163929042639,-0.31463458688613766,0.27522030750267806,-0.19408760294422278,2011,2022,12,0.8450980400142567
1574094,6,,,,,,,2021,2023,3,0.7781512503836435
1110611,25,190872000.0,156941000.0,1.0352656181536852,-0.21859389438159701,0.2046276836876039,-0.25670118512352097,2021,2023,3,1.3979400086720375
1708599,21,1868000.0,770000.0,1.1681756146573796,-69.6827841267966,9.823711531334176,-97.5887435433741,2018,2023,6,1.322219294733919
1859199,25,305377.0,305377.0,0.4132858728718928,-15.813050753658592,,-17.615504769514402,2023,2023,1,1.3979400086720375
1386278,164,1414410000.0,694700000.0,,0.10740170554245693,,0.08154276257721525,2011,2023,13,2.214843848047698
1382101,39,67772000.0,42736000.0,,-1.1209245459485817,1.6142202365335094,-1.0575751099022372,2018,2023,6,1.591064607026499
1435049,16,50681000.0,9033500.0,,-36.64291548624889,42.23869715845293,-47.77748734350213,2015,2022,8,1.2041199826559246
1694028,1,4149228000.0,2312959000.0,-0.18031025475363593,0.20869772336609207,,-0.01734039368776343,2018,2023,6,0.0
1533743,2,312480.0,212952.5,0.4557383169459147,,2.0370121537092016,-29.102386328976145,2013,2023,11,0.30102999566398114
1745020,4,,,,,,,2021,2022,2,0.6020599913279623
1365038,179,212061000.0,48715000.0,,-1.470869343291413,0.7073570873501164,-2.864461587276234,2011,2020,10,2.252853030979893
1421538,3,,,,,,,2012,2014,3,0.47712125471966244
1912582,8,,,,,,,2022,2023,2,0.9030899869919434
1138118,177,31949000000.0,11963699500.0,0.23293378835317693,0.0510478514424663,,0.04063630473313711,2010,2023,14,2.2479732663618064
903651,42,86775000.0,60929000.0,,-0.0010026570441558516,,-0.022400435000322422,2011,2023,13,1.6232492903979003
1619870,1,NaN,NaN,,NaN,,NaN,2015,2017,3,0.0
1403433,2,770265.0,770265.0,NaN,NaN,,NaN,2012,2015,4,0.30102999566398114
889348,2,103369544.0,82988522.0,0.11724900979184906,0.048006607212009285,,0.0568985820743019,2011,2023,13,0.30102999566398114
319016,5,26407206.0,19529526.0,0.7363248654230058,-0.10890765913828471,,-0.10564702478794878,2012,2022,12,0.6989700043360187
1227654,20,1493600000.0,1105700000.0,0.242510606336142,0.15137586927319507,,0.09349142264974526,2010,2024,15,1.301029995663981
1503455,5,69258.0,55010.0,0.548230369323409,-0.06724595529635594,,-0.31556383915092867,2014,2016,3,0.6989700043360187
864559,9,120010000.0,104610000.0,0.5212676962740941,0.009127257437798242,0.12321898658778489,0.03960846809812447,2011,2015,5,0.9542425094393249
1051741,12,,,,,,,2010,2015,6,1.0791812460476247
1327688,32,192290000.0,151593000.0,0.5882738206358822,-0.06752100330057745,0.22092058011928853,-0.10510661361855678,2015,2023,9,1.5051499783199058
1477776,2,23325.0,1877.0,,-417.3194520914026,0.0,-169.81304682412835,2011,2013,3,0.30102999566398114
1494413,3,930096.0,390381.0,NaN,NaN,4.617596676083769,NaN,2011,2023,13,0.47712125471966244
1300699,25,120181000.0,101229000.0,0.14999707288233413,-2.8122668606274224,1.77585300952715,-3.042153478766055,2017,2022,6,1.3979400086720375
1761312,6,247791000.0,168463000.0,,,,0.1180907959643434,2019,2023,5,0.7781512503836435
1698113,33,448668928.0,NaN,0.20542616381112486,NaN,,NaN,2017,2022,6,1.5185139398778873
817366,1,2133675000.0,1699642000.0,0.24754729104996737,0.11599268950325956,,0.07280469272869068,2010,2016,7,0.0
1819253,29,185360000.0,175158500.0,,-0.0590371742331542,,0.006007627080194156,2021,2023,3,1.462397997898956
1555492,7,775986000.0,665422000.0,0.38736172378235745,-0.052561536127594385,,-0.1083800700249854,2013,2014,2,0.8450980400142567
1562039,17,13135000000.0,12765500000.0,0.09842442257259666,0.02300626929431681,,0.0117574810390759,2013,2016,4,1.2304489213782739
1313918,1,14437000.0,9827500.0,,-4.600586683736769,,1.687770874956937,2011,2014,4,0.0
108772,1153,9830000000.0,6763000000.0,0.36384787838537397,,,0.08301482434052135,2009,2018,10,3.0618293072946985
8497,36,56402789.0,56402789.0,,,,-0.2049749525683916,2011,2011,1,1.556302500767287
16732,15,9636000000.0,8107000000.0,0.35192015629412,0.14722237148027853,,0.08428218332026687,2010,2024,14,1.1760912590556811
1328581,85,8387307000.0,3911215000.0,0.13040553585524467,0.027057670349945936,,0.012676355798204733,2013,2023,11,1.9294189257142926
203527,201,3225100000.0,2066796000.0,0.5447859498680937,0.24643993072981185,0.09487202130273105,0.15663806278914313,2009,2020,12,2.3031960574204886
936395,104,4014955000.0,2117472000.0,0.5033587611615614,0.023373622085533678,0.21199311143749874,-0.03361044141642156,2010,2024,15,2.0170333392987803
1362180,8,21872967.0,14070253.0,,-0.26972991233011834,,-0.1913736288538944,2012,2015,4,0.9030899869919434
60519,230,3915000000.0,2233400000.0,0.14583408893974392,0.09735083634913447,,0.08955122131379654,2011,2023,13,2.3617278360175926
1412347,2,400377000.0,373527000.0,,0.0010133078160496176,,-0.04373018450155323,2011,2018,6,0.30102999566398114
880059,104,2887629000.0,2824298000.0,0.4911006127968668,-0.04508090688931755,,-0.30355112509690324,2011,2014,4,2.0170333392987803
1031308,390,1099082000.0,965046000.0,0.7585366509928507,0.14223958591956726,0.22781778907989533,0.15120272651429414,2020,2023,4,2.591064607026499
1042729,14,,,,,,,2011,2023,13,1.1461280356782377
1932244,12,NaN,NaN,,NaN,,NaN,2023,2023,2,1.0791812460476247
1556263,25,23488000.0,5959000.0,,-32.519756016815755,24.82489180668991,-29.06526477874947,2016,2023,8,1.3979400086720375
1053706,487,623976000.0,479871500.0,,0.07318721843933204,,0.061661479585582483,2011,2023,13,2.687528961214634
27093,13,46847000.0,NaN,0.25445501707731577,NaN,0.020214741605652443,NaN,2012,2024,13,1.1139433523068367
1094739,17,1316483000.0,1250944000.0,0.2948141159761358,0.0700177454878819,0.15941956779902708,0.06684583850457954,2012,2019,8,1.2304489213782739
920148,446,13978500000.0,9641800000.0,0.35270717110035954,0.1701738965018511,,0.1037978940406561,2009,2023,15,2.649334858712142
1419951,2,24959576.0,8256918.0,0.3518017933038425,-0.13940610638385306,,-0.1682520745912067,2011,2023,13,0.30102999566398114
1085706,14,,,,,,,2011,2014,4,1.1461280356782377
1036968,10,24884000.0,17987000.0,0.6963250638411524,-0.25957001445488886,0.2342765176638702,-0.29144631241509483,2011,2015,5,1.0
1656053,1,3603.0,3603.0,NaN,-40.05217873993894,,-22.970302525673052,2016,2018,3,0.0
1361394,2,1535200000.0,1435750000.0,,0.001445232741981393,,-0.09806363139212072,2011,2016,6,0.30102999566398114
1556266,14,201134242.0,12563899.5,0.15163391737759296,,,-4.1572721104793455,2013,2023,11,1.1461280356782377
1405660,1,1127.0,0.0,NaN,NaN,,NaN,2011,2019,9,0.0
1375247,16,112763000.0,108429500.0,0.8321547486143395,0.1470325128455583,0.02823309662975708,0.09021249003378484,2011,2012,2,1.2041199826559246
890801,73,1927332000.0,1763698500.0,0.8778056684006563,0.1293636746908286,0.13529079298712843,0.09886703769386351,2009,2010,2,1.8633228601204557
888702,2,,,,,,,2011,2012,2,0.30102999566398114
771266,57,116622692.0,31298419.0,0.33896455658698255,-0.7299291365721442,0.3608912027861211,-0.5938964819496596,2011,2023,13,1.7558748556724912
1311828,4,,,,,,,2011,2016,6,0.6020599913279623
1726445,11,15493000.0,15493000.0,0.668947266507455,-20.861833386333927,11.751035413842812,-20.185343177537824,2021,2023,3,1.041392685158225
89089,32,4143143000.0,3012574000.0,0.23095615511602957,0.18471816787701376,,0.09761660519520594,2010,2023,14,1.5051499783199058
1301991,2,0.0,NaN,,NaN,NaN,NaN,2012,2024,13,0.30102999566398114
1066026,47,439826000.0,349488000.0,,0.01770636604884538,0.09894682566880697,-0.009505421455182211,2010,2014,5,1.6720978579357173
1474903,3,298422000.0,270357570.0,0.3218079656964869,0.06285253105845832,,0.03818106997495043,2013,2023,11,0.47712125471966244
1787640,46,282914000.0,282914000.0,,0.04139773924231392,,-0.022840863301215212,2021,2021,1,1.6627578316815739
1325702,13,819592000.0,660840500.0,0.24893946336235614,0.026253424383546508,0.10985341682084493,0.00333893157863314,2012,2023,12,1.1139433523068367
1009672,118,667398000.0,341872000.0,0.33754546067904245,-0.18747116539296357,,-0.199854219764299,2010,2019,10,2.0718820073061255
1310527,3,74759.0,74759.0,NaN,NaN,NaN,NaN,2014,2023,10,0.47712125471966244
1214816,3,5643388000.0,4196365000.0,,,,0.09190956082950441,2010,2023,14,0.47712125471966244
1358762,28,51954000.0,48058000.0,,,15.690742627384836,-24.556258461332142,2016,2022,7,1.447158031342219
1350381,25,1138370000.0,1000133000.0,0.21121453518246847,0.0034395172503449796,,-0.005284250338318704,2011,2019,9,1.3979400086720375
1812173,8,,,,,,,2021,2023,3,0.9030899869919434
1010470,1,,,,,,,2012,2024,12,0.0
1054102,34,150842000.0,31838000.0,0.3689141905546362,-0.969396425747218,0.08467566599009019,-0.6509497719094754,2011,2023,13,1.5314789170422551
1175501,1,0.0,0.0,NaN,-inf,,-inf,2011,2011,1,0.0
1526160,1,,,,,,,2013,2015,3,0.0
1229089,15,79085.0,79085.0,,-31.938193083391287,,-46.17070240880066,2011,2013,3,1.1760912590556811
1315255,59,1490800000.0,1159350000.0,0.3373759509263613,0.037291324301632046,,-0.22863245176365843,2011,2019,9,1.7708520116421442
1799332,5,129419000.0,124163000.0,,-0.6786908593271717,,-1.1210241294101626,2021,2023,3,0.6989700043360187
317340,6,8561346.0,7278167.5,0.5881058960850827,0.05979953038493853,,0.03468106503815983,2011,2019,9,0.7781512503836435
891456,2,2403471000.0,1544595000.0,,-0.2642165764384153,,0.12042597016099625,2009,2012,4,0.30102999566398114
351817,15,652358000.0,407200000.0,,0.5195135859474619,,0.10868045540732607,2010,2023,12,1.1760912590556811
24104,1,152810000.0,131876000.0,0.18643054995296696,-0.024536444469635228,,,2011,2019,9,0.0
1177609,67,2848354000.0,1139309000.0,0.3788058341007918,0.10765659763734024,,0.06644436087008589,2012,2023,12,1.8260748027008262
1493109,1,11387.0,11387.0,,,,-0.5809256169315886,2012,2012,1,0.0
1352081,5,502734878.0,266858452.0,0.07504311841566663,0.08631152372188201,,0.1016703498152731,2012,2023,12,0.6989700043360187
1292556,3,763074000.0,710716000.0,0.34020653299360026,0.15384752779519548,,0.045445585953836874,2011,2014,4,0.47712125471966244
1808377,8,1152479.0,906133.5,-0.0944274582877332,,0.6849084568398857,-7.19671282571512,2022,2023,2,0.9030899869919434
1786842,24,3184400000.0,2881400000.0,0.4332129335424419,0.18270894703470716,0.04761097392253401,,2020,2023,4,1.380211241711606
1394156,2,165462612.0,118649793.5,,-0.0021391567766540004,,-0.02966667788959007,2011,2018,8,0.30102999566398114
1781983,5,,,,,,,2019,2023,5,0.6989700043360187
1844280,6,228731362.0,206988693.5,0.4261115354044296,0.014720865340869988,0.027631850367257522,0.0252000516791357,2021,2022,2,0.7781512503836435
1714899,15,335561000.0,48657000.0,,-inf,inf,-inf,2018,2023,6,1.1760912590556811
1829322,19,,,,,,,2021,2022,2,1.2787536009528289
1341470,9,9549000.0,9549000.0,0.8312912346842601,-0.11655670750863965,,-0.09885851921667191,2011,2011,1,0.9542425094393249
1412100,3,2731633000.0,1899765000.0,,,,0.00033531579745835205,2011,2023,13,0.47712125471966244
1670076,138,3326000000.0,2060000000.0,,0.026558039337026895,,-0.07391795931632116,2021,2023,3,2.1398790864012365
1034592,42,26979658.0,18586043.5,0.7996912488348791,-0.004885791760170193,,-0.14662036396326605,2011,2018,8,1.6232492903979003
1513161,2,57124000.0,49870000.0,,1.5202905382344118,,2.3934211273143706,2012,2014,3,0.30102999566398114
1055454,482,731991000.0,656322000.0,0.3861744927744695,0.005929603054786852,,-0.16585041418355753,2012,2019,7,2.683047038238849
1307624,24,0.0,NaN,inf,NaN,NaN,NaN,2020,2022,4,1.380211241711606
1380106,4,22519000.0,17133000.0,,-2.8340031214387515,0.5761735752116595,-2.975847593031259,2021,2023,3,0.6020599913279623
1799850,2,,,,,,,2020,2021,2,0.30102999566398114
1409477,6,,,,,,,2011,2011,1,0.7781512503836435
95779,20,138620000.0,138620000.0,0.3351752993795989,0.07314240369355071,,0.030111095080075024,2011,2011,1,1.301029995663981
774517,4,,,,,,,2011,2011,1,0.6020599913279623
1944558,4,233905000.0,165567500.0,,0.9064588610726922,,0.05094509349963617,2022,2023,2,0.6020599913279623
1739426,32,263701349.0,240031000.0,0.5228672466770528,-1.2007572818194607,0.16759960920017042,-1.07517806625839,2018,2022,5,1.5051499783199058
1761696,7,504788.0,504788.0,NaN,NaN,NaN,NaN,2019,2023,5,0.8450980400142567
1326110,243,934000.0,240000.0,,-1208.3719865087123,478.3653462789754,-1182.4456881197887,2015,2023,9,2.3856062735983117
1078099,83,123754000.0,46657959.0,,-0.2846515003922957,,-0.1918252173091185,2011,2019,9,1.919078092376074
1671502,8,,,,,,,2022,2023,2,0.9030899869919434
1517990,16,NaN,NaN,,NaN,,NaN,2011,2012,2,1.2041199826559246
1976927,1,,,,,,,2023,2023,1,0.0
1239188,4,3563896000.0,2926654000.0,-0.017745092137192813,-0.02227558218459085,,-0.02384025797832258,2011,2018,7,0.6020599913279623
1409197,3,62103.0,62103.0,NaN,-498.73143806088046,,NaN,2012,2023,12,0.47712125471966244
1319161,95,6426000000.0,3790500000.0,0.47811976580433346,0.07731433060705663,,-0.009966955617829292,2012,2024,12,1.9777236052888476
1658551,24,22230000.0,22230000.0,0.8653621232568601,-0.9870895186684661,4.985087719298246,-0.8695456590193431,2022,2023,2,1.380211241711606
1658247,26,4737000.0,891000.0,,-inf,inf,-inf,2018,2023,6,1.414973347970818
715787,233,1297919000.0,996443000.0,0.3815766036110783,0.08459904556085682,,0.0255319549299425,2011,2023,13,2.3673559210260184
1023198,12,0.0,0.0,NaN,NaN,,NaN,2012,2015,4,1.0791812460476247
1245104,2,14641606.0,10549669.5,,0.3965129149513744,1.089092029456888,0.10939033765508599,2014,2015,2,0.30102999566398114
1724965,2,1457886000.0,742000000.0,,0.19255266365540857,,-0.07875685966605023,2018,2023,6,0.30102999566398114
1210618,18,91642000.0,53523000.0,0.19531658502717217,-0.167659243339992,,-0.01303991174723503,2011,2022,6,1.2552725051033058
1866175,12,3057065000.0,3057065000.0,,0.09110756131659724,,0.0008863969191343681,2021,2023,3,1.0791812460476247
840467,378,694000000.0,694000000.0,0.2615273775216138,0.5756484149855908,0.38386167146974065,0.21195965417867435,2010,2010,1,2.577491799837225
1294649,13,32302000.0,2631500.0,0.4877292222533015,-4.267775020907386,,-2.2217543978817647,2011,2018,8,1.1139433523068367
1050446,121,579830000.0,503843000.0,0.8219576850151742,-0.34990039530715134,0.16789007571909734,-0.35809289081454226,2011,2023,13,2.08278537031645
1136174,11,84133000.0,14845500.0,0.5565656945298377,-8.17663630475133,0.22414206733363778,-7.359366856867391,2011,2023,14,1.041392685158225
109156,14,1888016000.0,1877447000.0,0.49028318741344834,-0.021619564026991007,,,2012,2013,2,1.1461280356782377
1640428,35,418515000.0,297873000.0,0.9339374588922538,-0.055292256819021945,0.0946485754601265,-0.047373710670420864,2018,2023,6,1.5440680443502754
1651992,3,2037.0,0.0,,-inf,,-inf,2016,2023,8,0.47712125471966244
1088856,63,401858000.0,81321000.0,0.9742459300973919,-87.18935329348145,39.56482155172818,-54.997417915197,2011,2023,13,1.7993405494535815
1346022,6,20512.0,10256.0,NaN,-inf,,-inf,2012,2024,13,0.7781512503836435
1135906,23,17273000.0,12550000.0,,-3.0198681167686883,3.056045530185066,-3.454559743905501,2011,2015,5,1.3617278360175928
1130258,5,241783000.0,174463500.0,0.9259434890147675,0.44566129000473176,0.3742145364606215,0.2960103517938697,2011,2012,2,0.6989700043360187
102109,21,19902673.0,14873189.0,0.27464196804592056,-0.07218086155629887,0.0435063971355317,-0.10380887592996646,2011,2023,12,1.322219294733919
894871,5,220935000.0,128032397.0,-2.598342953794682,-12.473556727427793,0.849477257713727,-12.673846174421275,2011,2023,12,0.6989700043360187
276283,108,37193000.0,29583000.0,0.3642169107492697,-0.010719608438690138,0.09057990063222325,-0.024749216297622723,2011,2019,9,2.0334237554869494
1472012,8,14018000.0,14018000.0,,-7.813525467256385,1.6601512341275504,-2.632044514196034,2020,2023,4,0.9030899869919434
1746473,2,57052000.0,25751000.0,,-6.907211501727826,7.407399515822242,-6.401108117261188,2020,2023,4,0.30102999566398114
103145,83,979135000.0,475686000.0,0.4698839091369804,0.02694919336025328,0.1888696792075425,0.11212622283010433,2011,2023,13,1.919078092376074
28823,229,4609300000.0,1349236000.0,0.4294842718593204,0.004529465621504531,0.054284204992015826,0.011748198980278996,2010,2023,14,2.359835482339888
1956741,2,1604973.0,1604973.0,0.49584136306342846,-1.2129387846399908,,-1.421670021863296,2024,2024,1,0.30102999566398114
1460329,27,361134000.0,235274000.0,1.4741407353239142,-0.49136790557566634,0.03742745434582498,-0.8389066179579068,2014,2023,10,1.4313637641589871
721447,351,57001999.0,30120299.0,0.584586871745738,,0.009765018916259704,-0.05313540613614484,2011,2018,8,2.545307116465824
1520744,5,207475000.0,207156500.0,0.7725773841951581,0.2242899434170796,,0.09578815020952203,2011,2016,6,0.6989700043360187
1164863,57,1309600000.0,1144200000.0,0.35636333263515324,0.05510758040747833,,0.0705341931357793,2011,2023,13,1.7558748556724912
703604,3,1570402000.0,310204000.0,0.5657697159636952,-0.015341146158162578,,-0.024721747643889777,2011,2023,13,0.47712125471966244
1271075,1,104702440.0,27093928.0,0.5360382771550076,-0.48631765557258966,,-0.5543749695907493,2011,2017,7,0.0
1617765,3,62627451.0,18312269.0,0.15386819865850807,-2.3168660005567667,,-6.093438193387416,2021,2023,3,0.47712125471966244
1460198,5,252000.0,176500.0,0.8157070445747576,-30.319932776491072,14.873085888949118,,2011,2014,4,0.6989700043360187
1517228,25,9228100000.0,4564550000.0,0.32303161896180177,0.045480498848331295,0.059804307377839594,-0.06085053777221483,2014,2023,10,1.3979400086720375
1682265,26,2796138.0,2131388.0,0.37919046917489835,0.012679883510954294,,-0.03729847322375381,2017,2023,7,1.414973347970818
1082038,23,30111000.0,12145000.0,0.7105115234803534,-1.8382544899076008,1.8886531017424621,-1.231100304299713,2011,2023,13,1.3617278360175928
1027884,13,12974930000.0,8058009000.0,0.10480405217283002,0.060942203110909095,,0.016528349754718983,2010,2017,8,1.1139433523068367
1448780,6,1843944.0,1312547.5,NaN,-7.009433543766714,,-11.585671256827757,2011,2014,4,0.7781512503836435
712515,1057,6991000000.0,3665000000.0,0.8286556748613585,0.11990666358089433,,0.17543190689283744,2009,2023,15,3.024074987307426
1877322,59,2593480000.0,2510797500.0,0.3341140515142492,0.14568104085406347,,0.08799123088729642,2022,2023,2,1.7708520116421442
720762,15,505000.0,23000.0,NaN,NaN,NaN,NaN,2012,2024,13,1.1760912590556811
1498233,2,13056000.0,7426000.0,0.014701282226464515,-6.079106157469384,3.48708289642446,-1.2275804481670125,2011,2023,5,0.30102999566398114
1486315,37,0.0,0.0,,,,-inf,2011,2014,4,1.5682017240669948
1419582,18,3823000.0,2205500.0,0.1538059115877583,-6.7972511526190385,,-1.7670105839877148,2011,2017,7,1.2552725051033058
1814114,7,2760000.0,2760000.0,0.9235507246376812,-11.832246376811595,7.951086956521739,-17.797101449275363,2021,2023,3,0.8450980400142567
1635965,2,154206.0,154206.0,NaN,NaN,,NaN,2015,2018,4,0.30102999566398114
1362004,187,1963238000.0,1185097000.0,0.3890545548508622,0.06480225357875269,,0.040736327621197534,2011,2023,13,2.271841606536499
1754068,10,165000.0,165000.0,,-161.8242424242424,98.47272727272727,-422.93333333333334,2020,2023,4,1.0
37472,36,500106000.0,466904000.0,0.20829041405055457,0.026810739318576467,,0.03930175321472927,2012,2024,13,1.556302500767287
1186362,1,880032000.0,832559000.0,0.12383000115967421,0.04549642442416312,,-0.01602071255947453,2011,2012,2,0.0
900349,58,980592000.0,969553000.0,0.3346702326234404,0.025670853110865706,,-0.0051451350959298365,2011,2017,7,1.7634279935629371
1535955,7,7709671.0,464015.5,,NaN,NaN,NaN,2012,2023,12,0.8450980400142567
1522727,11,698365000.0,276671000.0,,-0.007288195770159794,,-0.35589067245486106,2013,2023,11,1.041392685158225
1697851,32,34933000.0,19920000.0,0.5435942797295386,-0.9920650551989502,0.5273402912829679,-1.451049388212159,2017,2023,7,1.5051499783199058
1137204,7,26690718.0,11950370.0,0.6964731175370372,-3.344859255192414,0.18007698813987918,-1.4369700182945233,2011,2013,3,0.8450980400142567
72333,367,15860000000.0,13506000000.0,,0.09185022026431718,,0.03618164658290265,2009,2023,15,2.5646660642520893
944130,6,,,,,,,2011,2023,13,0.7781512503836435
1742927,2,,,,,,,2018,2023,6,0.30102999566398114
879407,16,243231000.0,382000.0,,-132.3063221936821,95.62414589665653,-114.97928328323172,2012,2024,13,1.2041199826559246
86115,26,34839000.0,34839000.0,0.6035764516777175,-0.6075949367088608,,1.9406412353971125,2011,2023,13,1.414973347970818
1883083,1,,,,,,,2022,2023,2,0.0
897077,187,1689651000.0,879577000.0,0.23550686737904714,0.0820307288742883,,0.050344402102055236,2011,2023,13,2.271841606536499
1141673,8,1449967.0,1449967.0,NaN,NaN,,6412.024315324468,2011,2013,3,0.9030899869919434
1948884,1,733.0,733.0,1.0,-425.14597544338335,,-425.14597544338335,2023,2023,1,0.0
1522182,46,821055000.0,713321000.0,0.28115968767719624,0.08142826026333394,,-0.03498199849667333,2012,2015,4,1.6627578316815739
1096481,100,243825000.0,243825000.0,0.5787716600020506,0.10992720188659899,0.028938788065210705,,2012,2012,1,2.0
1430306,91,NaN,NaN,NaN,NaN,NaN,NaN,2011,2023,13,1.9590413923210932
1292026,6,NaN,NaN,,NaN,,NaN,2011,2012,2,0.7781512503836435
1557746,41,31249000.0,4227000.0,0.4931413728730697,-20.36542946358071,12.649835720018782,-32.10047661128595,2015,2023,9,1.6127838567197355
1397702,14,138638000.0,63354000.0,0.7532530822201944,-0.47907236342993664,0.2947921107260171,-0.647844012964556,2019,2023,5,1.1461280356782377
1388133,21,186190000.0,159693000.0,1.0966848205861592,-0.07300459709064874,0.32057253523027773,-0.0664270384476588,2012,2017,5,1.322219294733919
1574532,69,563616000.0,407003000.0,0.20465313849824343,,,0.02399684169195679,2013,2015,3,1.8388490907372552
102198,14,3328756.0,1008799.0,0.5863479527425857,-3.0185134925253663,,-2.806108221968507,2011,2016,6,1.1461280356782377
1529274,6,152159000.0,112142000.0,0.6814164451971898,-0.43859846461499946,0.42450230237069414,-0.4201979473817834,2021,2023,3,0.7781512503836435
1339469,11,1106000.0,1106000.0,0.9448462929475587,-33.97739602169982,24.233273056057865,-32.839059674502714,2015,2020,6,1.041392685158225
798359,3,261309000.0,185725000.0,0.9676509904276354,-0.013123504706357291,,0.312502871926751,2012,2023,12,0.47712125471966244
320335,77,5112038000.0,3771938000.0,,,,0.16951318080569766,2009,2023,15,1.8864907251724818
