cls,name,year,n,beta_lin,beta_quad,z_lin,z_quad
001,Chemicals & Industrial,1990,2677,-0.04363904071661394,0.019393082010662407,-0.937361921792415,0.810406043525487
001,Chemicals & Industrial,1991,2580,0.029897767003052696,0.011427833414589448,0.7390455688015045,0.45240003768496045
001,Chemicals & Industrial,1992,2464,0.029815767630538736,-0.021707436750502632,0.7069417866076843,-0.8074449537674877
001,Chemicals & Industrial,1993,2696,-0.06804320740929685,0.03716548353004699,-1.695101081667405,2.0338314898365093
001,Chemicals & Industrial,1994,2670,-0.002927057865525041,-0.006961859340926419,-0.07195874274791773,-0.29903959617403575
001,Chemicals & Industrial,1995,2934,0.08904415536067771,0.004419217113166529,2.2774432922002235,0.2081528869860883
001,Chemicals & Industrial,1996,2872,0.08011304718685298,0.015056520755323467,1.9838842374337466,0.6878503256792255
001,Chemicals & Industrial,1997,3120,0.033236950242978444,-0.011854586846477274,0.846301441522082,-0.5448781850206977
001,Chemicals & Industrial,1998,2635,0.08710167546091958,-0.015905754753984907,2.050899262335562,-0.6673074974219935
001,Chemicals & Industrial,1999,2575,0.12730985333465653,0.019025254040715617,2.8997520852842675,0.7329106277566881
001,Chemicals & Industrial,2000,2839,0.04283033623498912,0.007769651323013849,1.072743307329096,0.40106152780721027
001,Chemicals & Industrial,2001,2973,-0.0668321576092436,0.03095301436751985,-1.7233168475473866,1.3388321609235323
001,Chemicals & Industrial,2002,2767,-0.06498354794820072,-0.010307241513340545,-1.6738769023312041,-0.5125952466270882
001,Chemicals & Industrial,2003,3083,-0.019810076993958477,0.005595671254183602,-0.5343045060272877,0.2870935808080756
001,Chemicals & Industrial,2004,3350,-0.17906944390826127,0.006313493497605393,-4.88969361715482,0.335730010922723
001,Chemicals & Industrial,2005,3468,-0.07265538739154925,0.007185076513234248,-1.9848340245267613,0.4814597457183434
001,Chemicals & Industrial,2006,3732,-0.07834492558791246,0.05316104008000423,-1.9855949380409568,3.4165689760091573
001,Chemicals & Industrial,2007,4074,-0.07709673241305788,0.1179095402479595,-1.8599941528484236,5.901888384000853
001,Chemicals & Industrial,2008,4289,0.0175314947443442,0.0915942420006715,0.5002164698077347,4.937354255518531
001,Chemicals & Industrial,2009,3850,0.04723110631322266,0.03835128279414272,1.3135350066815026,3.1954509031965186
001,Chemicals & Industrial,2010,4188,-0.07303420173210654,0.0022681407261524386,-2.2238924393682975,0.19423045954947873
001,Chemicals & Industrial,2011,4492,-0.11934391992236468,0.026421641195280506,-3.679378824480244,2.7773068195341866
001,Chemicals & Industrial,2012,4579,-0.06319904299894073,-0.0002604077764836203,-1.9742145709776038,-0.040641277671362344
001,Chemicals & Industrial,2013,4534,0.04160138645439304,0.002270356622210972,1.2207194737383078,0.27246128931599484
001,Chemicals & Industrial,2014,5129,-0.0011995897962009203,0.00624407826587796,-0.030899166626831318,0.6223666347115585
001,Chemicals & Industrial,2015,5180,0.01256203339618022,0.05717831239182265,0.39935549703807277,4.681711098588288
001,Chemicals & Industrial,2016,5062,0.06051487573194019,0.016833152044284174,1.9653349150924513,1.6966777401639312
001,Chemicals & Industrial,2017,5570,0.12460009663702304,-0.008301611675379308,3.989382748373075,-1.3764075683517831
001,Chemicals & Industrial,2018,5429,0.05602563397454759,0.008100386062902464,1.617958370391978,1.2976679049795368
001,Chemicals & Industrial,2019,6124,0.19369038411910813,0.03345294883851455,6.51726582829401,2.8581347860092094
001,Chemicals & Industrial,2020,6613,0.16787948039488823,0.04578245715207994,6.334467372495812,3.450186510160151
001,Chemicals & Industrial,2021,6724,0.056895421721026816,0.04203834584468683,2.221854433253217,3.9057949993700936
002,Paints & Coatings,1990,684,-0.1356254449332725,-0.057144298780139,-1.494560645322884,-1.043586024726223
002,Paints & Coatings,1991,677,0.043126141300357024,-0.04169749777423849,0.5178432910559734,-1.0253391841088182
002,Paints & Coatings,1992,706,-0.045871532887438136,0.003534924049733965,-0.4464760567257732,0.12236927489118592
002,Paints & Coatings,1993,817,-0.048995080405353456,-0.021020176622798283,-0.5295014817174417,-0.5426100523046578
002,Paints & Coatings,1994,741,-0.060139669691498296,0.05528492800200238,-0.6480511141569458,1.3804999896679597
002,Paints & Coatings,1995,904,0.06229754906307949,0.003563607333366595,0.8420775234383495,0.08548205449909795
002,Paints & Coatings,1996,831,-0.01607077493668495,0.055345132155473924,-0.21008514050375332,1.3530517783657583
002,Paints & Coatings,1997,799,-0.061086888023627654,0.10274040475424455,-0.7685698661177197,1.880258905123161
002,Paints & Coatings,1998,743,-0.12909836981899492,0.13772151337243285,-1.5170860534322053,2.6165344087084224
002,Paints & Coatings,1999,734,0.16121460188995243,-0.008056169755319347,1.9468110094629862,-0.19072770340930167
002,Paints & Coatings,2000,793,-0.1327108885106484,-0.00342624064993481,-1.7949553861443692,-0.08219049756732015
002,Paints & Coatings,2001,755,0.029061166328612845,0.02106383911812433,0.3941381907776967,0.5317474409230575
002,Paints & Coatings,2002,753,0.08482919358204848,0.000402474180028721,1.152283219188791,0.010400224984264114
002,Paints & Coatings,2003,960,-0.05648303070371494,0.09728541012289585,-0.8294819626732893,2.2707125397389616
002,Paints & Coatings,2004,1054,-0.06555415748667177,-0.03095411389373004,-1.0086573930087526,-0.7805475928721809
002,Paints & Coatings,2005,1081,-0.11495489286227402,-0.010381570652000145,-1.725675466131939,-0.2554450978542415
002,Paints & Coatings,2006,1075,-0.028289595931214894,-0.11237513847586841,-0.4270111665983245,-2.973993228942764
002,Paints & Coatings,2007,1145,-0.016729946313860863,-0.08886738439252707,-0.2600747153395105,-2.5244187720924813
002,Paints & Coatings,2008,1147,-0.099766652095298,0.0021651271321700806,-1.5755784132999924,0.09197417635954777
002,Paints & Coatings,2009,961,-0.19722002545105255,0.07234519807246974,-2.432677950180386,1.7571696102157597
002,Paints & Coatings,2010,1041,-0.11707275098683781,0.10019860929407451,-1.7063306131418985,2.3283721176376058
002,Paints & Coatings,2011,1191,-0.1157745522924087,-0.00871667650104651,-1.8452120379815502,-0.28034251001675237
002,Paints & Coatings,2012,1080,-0.23802253545671803,-0.047051452861937224,-3.71548212463051,-1.2668577164613337
002,Paints & Coatings,2013,1112,-0.08620785960040679,-0.030388910115933684,-1.3774829539795694,-0.9343490407125385
002,Paints & Coatings,2014,1293,0.2001971114435961,-0.06867207930397078,2.7665850875840374,-2.6031555263549695
002,Paints & Coatings,2015,1305,-0.10912335726744031,0.008944367595956314,-1.2896501270700074,0.2638388402022459
002,Paints & Coatings,2016,1312,-0.042931373898505557,-0.0986114872587653,-0.46507687968214373,-2.0733095135840127
002,Paints & Coatings,2017,1414,-0.28044003240750737,0.03777672735212744,-3.948209549584289,0.9256793910927085
002,Paints & Coatings,2018,1358,-0.05766040268439725,-0.030464090528189172,-0.9160026402179543,-0.9167293998651157
002,Paints & Coatings,2019,1596,-0.16136148907207623,-0.04129294556827335,-2.762497822800178,-1.3025858178105234
002,Paints & Coatings,2020,1849,-0.3182600462917438,-0.05318813669940535,-5.717999138971296,-1.5401469404181842
002,Paints & Coatings,2021,1742,-0.2190713256099691,0.006340617650047704,-3.908650766956744,0.22911886099312453
003,Cosmetics & Cleaning,1990,4155,-0.029870125995439607,0.029229163423100602,-0.7662833295025743,1.6484176288689196
003,Cosmetics & Cleaning,1991,4126,0.0031091384013167923,-0.02410167557506684,0.09819036721239212,-1.1869280147322534
003,Cosmetics & Cleaning,1992,4282,0.058637195188941435,0.000038870905256842874,1.8328079854857582,0.00204553098299977
003,Cosmetics & Cleaning,1993,4525,0.05785370434805665,-0.014695258608353391,1.8535227235884426,-0.8464484850253843
003,Cosmetics & Cleaning,1994,5098,0.051106322014413355,-0.021424937333768136,1.6992911542103855,-1.3235166341248252
003,Cosmetics & Cleaning,1995,5665,-0.05038919630138889,-0.016836233884002242,-1.7788376195600892,-1.084104643846757
003,Cosmetics & Cleaning,1996,5888,-0.04202745860322688,0.0053099696693076825,-1.5286067444520166,0.34313429017027014
003,Cosmetics & Cleaning,1997,6164,-0.09316069127610664,0.024357699273054555,-3.46198112135372,1.951882483952951
003,Cosmetics & Cleaning,1998,4947,-0.014478463064883153,0.024035140912906077,-0.498339744117541,1.9304960126239097
003,Cosmetics & Cleaning,1999,5450,0.03498832386846445,0.02570217307254369,1.2437082780193691,1.9005475520470696
003,Cosmetics & Cleaning,2000,5558,0.014740166809219279,-0.004650751666298421,0.5186099466945399,-0.5476239192545248
003,Cosmetics & Cleaning,2001,5506,-0.014693883521688215,0.03475214094210286,-0.511046849080885,2.39942387459332
003,Cosmetics & Cleaning,2002,6163,-0.0471459510727911,0.023544314313892693,-1.7618779304241103,1.7991024577417052
003,Cosmetics & Cleaning,2003,7131,-0.0809331560633756,-0.006120386335775388,-3.29131384200929,-0.5504409887884514
003,Cosmetics & Cleaning,2004,8437,-0.2008295808930898,-0.028542681249210302,-8.786285530738551,-2.2409164852497794
003,Cosmetics & Cleaning,2005,9599,-0.12658281699797533,0.013252521431580193,-5.895266668195147,1.1142436405288163
003,Cosmetics & Cleaning,2006,9308,-0.05535337846341421,0.030151050840272423,-2.572799839515007,2.350986223596293
003,Cosmetics & Cleaning,2007,10329,-0.07580038723406485,0.0055214634857190074,-3.770627757016348,0.5974255142827577
003,Cosmetics & Cleaning,2008,9960,-0.11339239034914401,0.02785679714034374,-5.110461614360009,3.3946245267418007
003,Cosmetics & Cleaning,2009,8926,-0.13399345846805738,0.0011010704695353997,-6.096139693240936,0.12074777472803519
003,Cosmetics & Cleaning,2010,9419,-0.12648992764643024,0.008543665706726907,-5.874835110946724,1.0417751920180838
003,Cosmetics & Cleaning,2011,10372,-0.12255888259641398,-0.00433293238309995,-5.855654915011786,-0.5794281701083244
003,Cosmetics & Cleaning,2012,10598,-0.12569217375756397,0.0004972632211223476,-5.51859899585856,0.07811770953206505
003,Cosmetics & Cleaning,2013,11045,-0.04535788976816,-0.0007185269208973614,-2.2581591001435495,-0.10876129718496959
003,Cosmetics & Cleaning,2014,11864,-0.03141165129442617,-0.011535495897130493,-1.6284185598597218,-1.6553459555758965
003,Cosmetics & Cleaning,2015,13155,-0.04100759543402558,0.0008753749356025486,-2.1872625087987223,0.15124565870150247
003,Cosmetics & Cleaning,2016,13849,-0.0574273436019766,-0.002772626027812975,-3.227036077023578,-0.4027225342540252
003,Cosmetics & Cleaning,2017,16644,-0.03435853452355732,0.007524376602129958,-2.0555516701171435,1.915709269269306
003,Cosmetics & Cleaning,2018,19447,0.1212856393873156,-0.01825877125886142,5.56325786869475,-4.508454839719097
003,Cosmetics & Cleaning,2019,22434,0.02783032139007804,0.008353696789634211,1.8890626775977533,1.7534622204413677
003,Cosmetics & Cleaning,2020,30282,-0.12046623322977498,0.028947281983727036,-10.025626505223164,6.085798499772105
003,Cosmetics & Cleaning,2021,26104,-0.10003741724852838,0.028874102204535537,-7.799119465471457,6.91770432453612
004,Lubricants & Fuels,1993,533,-0.01750971944896092,0.020800066644827066,-0.1878647670201391,0.3590018768076587
004,Lubricants & Fuels,1994,569,-0.09598291345527209,0.059213269233738756,-1.0405026426037987,1.0113585610868834
004,Lubricants & Fuels,1995,636,-0.14346801158117897,-0.016858576128354882,-1.6282558321367182,-0.2818946061514668
004,Lubricants & Fuels,1996,730,0.12643678218706814,0.12401792903693355,1.5255860413432816,2.1113929244396488
004,Lubricants & Fuels,1997,734,-0.08662786153117115,-0.009041387758091251,-1.0207138354195782,-0.17527618608386783
004,Lubricants & Fuels,1998,659,0.1434085513101478,0.03879142479605933,1.5709090057357074,0.6603941643171873
004,Lubricants & Fuels,1999,671,0.0529483125767193,0.06046319656208822,0.5816688262465374,1.0975734746728882
004,Lubricants & Fuels,2000,706,-0.016765893029373924,-0.001983700652605325,-0.21550462916719065,-0.04108942941491622
004,Lubricants & Fuels,2001,640,0.12522329481867756,-0.005102137265539191,1.5215823284047212,-0.09980345478282883
004,Lubricants & Fuels,2002,675,0.12599537336357142,-0.060744198831671745,1.5551316301337548,-1.5788300852582402
004,Lubricants & Fuels,2003,683,0.05804798117181051,0.04009103359050796,0.7311859117100594,0.7992253244480373
004,Lubricants & Fuels,2004,818,-0.2367755062749154,0.00935968958937355,-2.9382110934508168,0.2713228572497878
004,Lubricants & Fuels,2005,942,-0.025490012012958765,0.045224353913142244,-0.351524254254723,1.1885232228828606
004,Lubricants & Fuels,2006,1079,-0.19038537705813838,-0.024219636381623715,-2.921749108834802,-0.6437041081618601
004,Lubricants & Fuels,2007,1158,-0.3308724637833241,0.0378928672622465,-4.672078959047365,1.2745741700462163
004,Lubricants & Fuels,2008,1212,-0.11585413280174339,0.002986407171951093,-1.925757942052834,0.11404059428115478
004,Lubricants & Fuels,2009,1087,-0.3956923450607767,0.05941141769890939,-4.659479139899811,2.8546142161871795
004,Lubricants & Fuels,2010,1175,-0.351448873976836,0.12464564773714329,-5.187952465521754,3.534234959743345
004,Lubricants & Fuels,2011,1323,-0.22626869525337912,-0.021770276264209635,-3.911473750652013,-0.6177253113608171
004,Lubricants & Fuels,2012,1250,-0.20434344282187858,0.012343578400808365,-3.283416608854504,0.4257017921791352
004,Lubricants & Fuels,2013,1257,-0.2528409599222545,0.010867136689153992,-3.136844669052118,0.464838051616117
004,Lubricants & Fuels,2014,1454,-0.1413510908307465,0.05260901289967074,-2.2803381176850968,1.3677518477984723
004,Lubricants & Fuels,2015,1491,0.04626415852381759,0.03070080214416087,0.7591129912520912,0.977120578847681
004,Lubricants & Fuels,2016,1581,0.0033293177190315314,-0.011868182240750477,0.056482725762466685,-0.46395825922984796
004,Lubricants & Fuels,2017,1766,0.11420126505930027,-0.0046549131032607854,1.961948674819637,-0.28453103414221964
004,Lubricants & Fuels,2018,1801,0.08203917030224553,-0.04918126485655658,1.326008550606588,-1.8089366170097532
004,Lubricants & Fuels,2019,1983,0.08400207585989074,-0.06891824250087701,1.4319615157277523,-1.945014185487196
004,Lubricants & Fuels,2020,2756,0.030848353445620813,-0.013821225481732207,0.7065724852942822,-0.48418022342583267
004,Lubricants & Fuels,2021,3336,0.10036799650188459,0.018803868292125544,2.7277350188321505,1.7296620201421151
005,Pharmaceuticals,1990,3463,0.04236333776479362,-0.014080322634633956,0.9772243373478762,-0.8849809316062713
005,Pharmaceuticals,1991,3732,-0.04114988841518247,-0.039468487885998896,-1.2484261161197867,-1.8782269664736175
005,Pharmaceuticals,1992,4340,-0.023747932047525972,-0.019850062484624738,-0.7767824140387941,-1.0238122096405295
005,Pharmaceuticals,1993,4747,-0.09385976555073593,0.0048743143971093405,-3.1909896142942165,0.25266020919912263
005,Pharmaceuticals,1994,4913,-0.013755761877479579,0.03835837902523226,-0.46665847707598346,2.072197567391758
005,Pharmaceuticals,1995,5966,-0.029140035904525092,0.010412438749946006,-1.0524471166124436,0.6317713508505091
005,Pharmaceuticals,1996,7280,-0.02686302767941594,0.04070456550285908,-1.0523554725671969,3.0232313080170496
005,Pharmaceuticals,1997,8132,0.07508310182378415,0.039036993559682036,3.0156517726175225,2.9669476434711726
005,Pharmaceuticals,1998,6153,0.1460325475335464,0.01449951341437184,4.97375915254396,0.8011349653567206
005,Pharmaceuticals,1999,6420,0.1529830770791091,0.011120441946901271,5.224439988084324,0.6285566976350835
005,Pharmaceuticals,2000,6984,0.05057101550604329,0.050437222669598006,1.8146953097928924,2.8646286934824814
005,Pharmaceuticals,2001,6906,0.07665433440234302,0.13518220346719179,2.6512612119090746,7.456966560203127
005,Pharmaceuticals,2002,7551,0.037935397662893756,0.04466311223291227,1.5115553348525987,3.5740631837622443
005,Pharmaceuticals,2003,7917,-0.06628928229957927,-0.009893171519427799,-2.8112315766240714,-0.8408962328449376
005,Pharmaceuticals,2004,9605,-0.11369026392776212,0.04095132133261913,-4.972281690077286,3.4517874913453004
005,Pharmaceuticals,2005,9672,-0.09180957221846503,0.04538780312405841,-3.8887797360290586,3.9916931151933324
005,Pharmaceuticals,2006,11017,-0.06884985121403771,0.0610859359791151,-3.2336570157734297,4.973363243477317
005,Pharmaceuticals,2007,11595,-0.08022380286273643,0.04083775642443122,-3.935545701276195,3.6956895692266056
005,Pharmaceuticals,2008,12096,0.014340808006870607,0.01709504880470965,0.7345924460967019,1.9844912170038478
005,Pharmaceuticals,2009,11643,-0.1045873579405832,0.025275849912626987,-4.932702261600668,3.2954796578535075
005,Pharmaceuticals,2010,12469,-0.08056245017657024,0.03506056528230947,-4.065731310696748,4.204389097547034
005,Pharmaceuticals,2011,13288,-0.14771529162666938,0.012540169558803627,-7.8913585247327305,1.6997222429691106
005,Pharmaceuticals,2012,12870,-0.1611195148776881,0.013695676927472011,-8.620987947256744,1.7683491285115214
005,Pharmaceuticals,2013,13843,-0.18889956059342108,0.028976433688892852,-10.087388206809225,4.078490009974638
005,Pharmaceuticals,2014,14575,-0.0936783403906792,0.019512881773785233,-5.36770583065792,2.6448924142353762
005,Pharmaceuticals,2015,15479,-0.06065198805193819,0.025106739829294736,-3.7022087108777297,3.6105614706399694
005,Pharmaceuticals,2016,15840,-0.09598739320281154,0.031935811558006406,-5.832668075011411,4.811233963894414
005,Pharmaceuticals,2017,17595,-0.028054605156906193,0.04633263967565517,-1.769916740785883,6.864397781725899
005,Pharmaceuticals,2018,19642,0.07180250626874397,0.04935193499304962,4.1069906505380205,8.046198069041852
005,Pharmaceuticals,2019,22319,-0.07666623630554414,0.04490221770924746,-5.450844280916486,7.491765657469722
005,Pharmaceuticals,2020,28041,-0.1497355708877014,0.06078304204701884,-11.405367339234322,11.936429267633153
005,Pharmaceuticals,2021,23467,-0.11850274487389324,0.04472308638642613,-7.979771834504703,6.6132240089563705
006,Common Metals,1990,1500,-0.011373193607656124,0.04352594277218895,-0.18319451050114655,1.4223987966375153
006,Common Metals,1991,1507,-0.019255267667548256,0.0038358911458445883,-0.3596256851136087,0.17569611285562317
006,Common Metals,1992,1588,0.07903675935181784,0.004448929828502989,1.4856859795658568,0.202423699700232
006,Common Metals,1993,1805,-0.003747147013791784,0.031849122348181734,-0.0776300890954733,1.369908846031923
006,Common Metals,1994,1805,-0.05336491835634356,0.07390708903433012,-1.079433372370124,2.5629710124417677
006,Common Metals,1995,1972,-0.15481687186543475,0.012622556295436523,-3.3210543342370444,0.48650856351825433
006,Common Metals,1996,2153,-0.03851752377742624,0.009388102455691374,-0.8612742732645713,0.43629434986202015
006,Common Metals,1997,2428,0.010045354681901592,0.07907843742169295,0.2321132550590564,2.870750002028354
006,Common Metals,1998,1971,-0.06773751835891505,0.02790128090945364,-1.377120991277962,1.1093486242501904
006,Common Metals,1999,1892,-0.15518447360638113,0.04418151658912589,-3.183995037616448,1.394246227764439
006,Common Metals,2000,1933,-0.13139540585788054,0.04519674214200449,-2.7612784724676724,1.63824244558565
006,Common Metals,2001,1743,-0.06333290262686396,-0.0032581647178101213,-1.3049807520678063,-0.1093259714948131
006,Common Metals,2002,1938,0.005861915897924763,0.027704669738848074,0.12593780379766362,1.0837550883271765
006,Common Metals,2003,2168,-0.19488629646237063,-0.0028691792166176916,-4.314033101828319,-0.12458384442948005
006,Common Metals,2004,2444,-0.20111535383551415,0.001379247338987816,-4.738421901339359,0.05027715321916469
006,Common Metals,2005,2945,-0.3745139729313502,-0.019386887268352002,-9.295614827655017,-0.755217344269556
006,Common Metals,2006,3000,-0.2512569718332764,0.03643228547068006,-6.328671169548743,1.6284792753209545
006,Common Metals,2007,3399,-0.31515232185264663,0.04150007349319794,-7.901853817348673,2.417423923727264
006,Common Metals,2008,3260,-0.17439673553608256,0.029084776145407804,-4.355145033354767,2.0659946674853797
006,Common Metals,2009,3022,-0.18417025208110285,0.013919956606798919,-4.53940219033215,0.8652453663884845
006,Common Metals,2010,3179,-0.13203808571080008,0.024473216566560554,-3.3007157872833046,1.719264938999418
006,Common Metals,2011,3315,-0.09349733480837402,0.021219584813971487,-2.523484327805166,1.2661347963375642
006,Common Metals,2012,3261,-0.056831206506959574,-0.004615868680532549,-1.5636392713613483,-0.2561821555481718
006,Common Metals,2013,3521,-0.06319873097603938,0.023234237856749572,-1.8114477504616704,1.274763511009079
006,Common Metals,2014,3701,-0.1093453570693676,0.04022270410648755,-3.165550446092303,2.331964465488729
006,Common Metals,2015,3698,-0.013635895765362992,0.03256038053981855,-0.38783889074337824,2.053015941651153
006,Common Metals,2016,4047,-0.1454108543335073,0.06016089290102041,-3.958540672068413,3.7456877646637228
006,Common Metals,2017,4427,-0.03224769305700179,0.002570547496984149,-0.9437829492180715,0.1548125719204085
006,Common Metals,2018,4543,-0.09088070781338929,0.014168371201122444,-2.4129761493873305,0.7238121085612806
006,Common Metals,2019,5095,-0.13837529501023343,-0.0007118217822919471,-3.705593876924988,-0.03251074759735649
006,Common Metals,2020,6470,-0.2665953353030348,-0.0031175195907993105,-8.697029739952058,-0.14944933851280678
006,Common Metals,2021,7273,-0.0771852128034904,0.014289123154605439,-2.7852007085276145,1.1115586207510317
007,Machines & Power Tools,1990,2653,0.024572388219085955,-0.02909482037314245,0.5251127268131874,-1.1981301141218237
007,Machines & Power Tools,1991,2507,0.10645538467153227,0.021907775190516763,2.618960665589289,1.0688458404287822
007,Machines & Power Tools,1992,2617,0.09739564680582105,0.001665664670157155,2.3908373226112527,0.07729789364244333
007,Machines & Power Tools,1993,2648,0.02405964756189354,0.03736483833699629,0.6055417687039572,1.7687983294326812
007,Machines & Power Tools,1994,2914,0.00007128938746871732,-0.005159498602179477,0.0018628840387814314,-0.28591336440786896
007,Machines & Power Tools,1995,3236,-0.022481594270827913,0.006046279576319918,-0.6198467769767503,0.3439465231186293
007,Machines & Power Tools,1996,3667,0.03638451697391415,0.003741292775189213,1.0788880785522261,0.226073797450848
007,Machines & Power Tools,1997,3677,0.03157294961220487,0.00741577580046281,0.933672620471351,0.3646383265838937
007,Machines & Power Tools,1998,3003,0.11066874357447457,-0.006602811530985101,2.868536942582309,-0.34046415226899424
007,Machines & Power Tools,1999,3016,0.07977546645423747,-0.006447090391160398,2.1016039038388556,-0.3298574657783501
007,Machines & Power Tools,2000,3246,0.05386876997995676,0.03746735752472472,1.4740847488661515,1.7959905154881846
007,Machines & Power Tools,2001,3086,0.03309036489812547,0.008522683836042821,0.8977054334506601,0.45825872630894426
007,Machines & Power Tools,2002,3142,0.07970047173910094,0.044109696008088235,2.141877145432121,2.2465458310962574
007,Machines & Power Tools,2003,3474,-0.07882232378304622,-0.015992807114105053,-2.274971571086575,-0.977743558068387
007,Machines & Power Tools,2004,4062,-0.1667147122733818,-0.02206045927522012,-5.090324445028002,-1.3061433998392842
007,Machines & Power Tools,2005,4418,-0.1983141184647696,-0.024125554013581414,-6.112776352651049,-1.4922397728645023
007,Machines & Power Tools,2006,4865,-0.11007154980900614,0.03243290286920854,-3.5344602928052113,2.187645729646674
007,Machines & Power Tools,2007,5456,-0.22107763799044067,0.053480559519598896,-7.253496913317315,3.6141748931989603
007,Machines & Power Tools,2008,5416,-0.15577414023651381,0.010393816634612182,-5.285647448842608,0.7390973189456714
007,Machines & Power Tools,2009,4684,-0.1217298100431305,0.04562162496226613,-3.682370008169788,3.4620501378074104
007,Machines & Power Tools,2010,5028,-0.13718156185823557,0.03039584996647804,-4.412419968813407,2.2059316765226025
007,Machines & Power Tools,2011,5246,-0.1412722704445588,0.03231477828128397,-4.625183171345939,2.349473009414017
007,Machines & Power Tools,2012,5439,-0.05152604478132415,0.016865708916932363,-1.7061084667455668,1.3249446087137995
007,Machines & Power Tools,2013,5822,-0.06312175462002145,0.009493306183447937,-2.1492031893518897,0.7883761347783487
007,Machines & Power Tools,2014,5822,-0.07962578723485907,0.011856533579264604,-2.5325894375818505,0.9080590117123539
007,Machines & Power Tools,2015,6471,-0.03115307198715131,0.011596433704931856,-1.0681600045757387,0.8545641805674437
007,Machines & Power Tools,2016,6933,-0.0652397195525021,0.04559397137605892,-2.2187441692000256,3.3749947094371073
007,Machines & Power Tools,2017,7994,-0.015493593348618254,0.022292206495776193,-0.5655713295196135,1.8945885764983128
007,Machines & Power Tools,2018,8494,0.039652850072015605,0.0017702977608341814,1.3185092840037416,0.14412389820032515
007,Machines & Power Tools,2019,8706,0.00028838388273747347,-0.003318551382278171,0.009883004650225955,-0.23688913376784793
007,Machines & Power Tools,2020,10928,-0.0694256936592615,-0.04009259681546002,-2.8195572524724626,-2.5274115270479114
007,Machines & Power Tools,2021,11996,-0.0041895385623996985,0.034043298126628214,-0.2078515934338506,3.2440387768652035
008,Hand Tools,1990,853,0.13560378612675977,-0.04129768193130414,1.6065477258623155,-0.9883321194743606
008,Hand Tools,1991,864,0.0013201835321108681,0.035629759385223496,0.019202850370052465,1.1192008920744088
008,Hand Tools,1992,918,-0.06083906870490326,-0.06070624444191013,-0.8761944383475831,-1.5667461241164957
008,Hand Tools,1993,968,0.12588078353316254,0.011199351904369199,1.8087796058405237,0.28138484018521176
008,Hand Tools,1994,1023,0.08686158756431023,0.038172895608307764,1.318145274350715,0.9575402948943654
008,Hand Tools,1995,1191,0.1197443179359008,0.051951213515388485,1.8748864814183972,1.5104231553259486
008,Hand Tools,1996,1317,0.028937759151683454,0.02319296350850047,0.47570755904949863,0.8235807294818472
008,Hand Tools,1997,1253,0.07178774372427499,0.05051392366303648,1.1389571272570898,1.4212158441546083
008,Hand Tools,1998,1089,0.1868504218184629,0.038970623596683164,2.449751717694506,1.4322265313863645
008,Hand Tools,1999,1070,0.11392587976461632,-0.009328743835622858,1.7649131341778372,-0.2533129504787679
008,Hand Tools,2000,1029,0.031244181962279596,-0.005976913697539919,0.4966547409682929,-0.15651289753702527
008,Hand Tools,2001,940,-0.060852842616074695,-0.007245744783855508,-0.9094907916908892,-0.19566725809235413
008,Hand Tools,2002,1091,0.08187682755283669,-0.018229559409368164,1.3369087396245871,-0.5563482669081915
008,Hand Tools,2003,1324,-0.12147117429867801,-0.014887163055763774,-2.1647879085936608,-0.5944437234546558
008,Hand Tools,2004,1549,-0.27652107396881664,-0.016523340563152165,-5.162092533825003,-0.4929858988610586
008,Hand Tools,2005,1540,-0.21123920331530252,-0.007582627130697591,-3.9221149183933117,-0.27223506148273824
008,Hand Tools,2006,1725,-0.08483279474142964,-0.02312255445202429,-1.686393324839225,-0.9203908324130404
008,Hand Tools,2007,1735,-0.10637409696445682,0.037986405997123274,-2.0331683039916855,1.6073907200314417
008,Hand Tools,2008,1623,-0.009344463247244446,0.021370282745610383,-0.1741407093786491,0.7742751148633764
008,Hand Tools,2009,1474,-0.13127239222168333,0.031554257981099364,-2.0437104796668013,1.4952179698947778
008,Hand Tools,2010,1649,-0.20247332948785263,0.03161331232783009,-3.2570693922848863,1.1740674527040162
008,Hand Tools,2011,1773,-0.1694057768561979,0.03704165141837755,-2.8309156277065064,1.4579980276076578
008,Hand Tools,2012,1833,-0.06263953048108756,0.005289298809748161,-1.034674218822943,0.1969421534333598
008,Hand Tools,2013,2048,-0.011541204811804725,0.04637293502185669,-0.20412631099716447,1.5471567422457355
008,Hand Tools,2014,2190,-0.03713525537108801,0.03807944190228564,-0.6772546905153752,1.243312488487585
008,Hand Tools,2015,2505,0.03282842748852023,-0.01833748214605899,0.6359024155939993,-0.5879900999718203
008,Hand Tools,2016,3282,-0.14291821181331787,0.01639505187440467,-3.1801688135085464,0.4895155052106984
008,Hand Tools,2017,4004,-0.21848202939495592,-0.016292001571084305,-5.578308724542685,-0.5532279817107402
008,Hand Tools,2018,4468,-0.27996320369253136,0.043071428910300524,-7.167893452879533,1.7987478025375672
008,Hand Tools,2019,4832,-0.2375992788008155,0.011562307614015093,-6.868986754075465,0.4217319671453921
008,Hand Tools,2020,9431,-0.2351532984452564,0.010330348117995481,-9.192374137499067,0.6185164013449465
008,Hand Tools,2021,8661,0.085208481019608,0.0023847956692398396,3.4383308181770165,0.2866816478967125
009,Software & Electronics,1990,16013,0.026654899323689734,0.001251446032031043,1.3172027868739031,0.14274633830268277
009,Software & Electronics,1991,15968,0.06342542354174246,-0.008859171994863203,3.934495337972925,-1.0177596022105841
009,Software & Electronics,1992,16787,0.09074952095083297,0.008830741338214595,5.779920564646459,0.9578909687171377
009,Software & Electronics,1993,20337,0.13089555485735413,-0.009413680314295146,9.078957276840702,-1.2475388066783535
009,Software & Electronics,1994,22401,0.09735887246010626,0.008576825809400024,7.015748110842953,1.1916029973168756
009,Software & Electronics,1995,26815,0.08112273221828879,0.007468648424589449,6.2167147543945624,1.242835263786319
009,Software & Electronics,1996,31648,0.09731576259676569,0.019365772130253787,8.281453061248587,3.0581407530903415
009,Software & Electronics,1997,31415,0.08057505631941883,0.034868517763767586,6.841820154947546,4.72270332055199
009,Software & Electronics,1998,24993,0.077623387639522,0.03790169942235117,5.805251419068865,4.77422781849941
009,Software & Electronics,1999,30328,0.14578390644153333,0.02214851100492073,11.705864237689033,3.1736999752596455
009,Software & Electronics,2000,37483,-0.06896707235009124,0.032078906514459236,-5.938322492771187,5.225758378724155
009,Software & Electronics,2001,28749,-0.16874236111005023,0.17848890510089283,-10.464757266283996,21.216937487093094
009,Software & Electronics,2002,25629,-0.05628578544424186,0.04040002418398606,-4.30570724346981,5.8375737765561695
009,Software & Electronics,2003,26270,0.038773517630914786,-0.007456794936530544,2.9358524684570733,-1.1729287790664655
009,Software & Electronics,2004,29837,-0.038493307581363,0.02860993735924576,-2.984344963635354,4.788727904913632
009,Software & Electronics,2005,32990,-0.050792499571253764,0.02121550106030596,-4.187603303816367,3.8988634062486938
009,Software & Electronics,2006,34798,-0.021486138976388836,0.01983394496853619,-1.7753722530289664,4.1345374077854915
009,Software & Electronics,2007,37520,-0.05921501806486881,0.010647449232619994,-5.190732187304831,2.3637468214097277
009,Software & Electronics,2008,35340,-0.044766527978071805,0.02413645676900933,-3.6091835016552882,5.2337868509774825
009,Software & Electronics,2009,32871,-0.06388270638004041,0.0293297835545337,-4.860047719074555,5.634627478338188
009,Software & Electronics,2010,35728,-0.02603641699514031,0.012230538916509881,-2.2634206654268847,2.4181074672063696
009,Software & Electronics,2011,40103,0.0018131977971477331,-0.0026059892060978185,0.17965837296493672,-0.6165477342646822
009,Software & Electronics,2012,42530,-0.06163463122071612,0.0015894806638247327,-6.021053556290051,0.3615838745130551
009,Software & Electronics,2013,44170,-0.06477774470386057,0.0033221467851763118,-6.472280663276188,0.862105229665256
009,Software & Electronics,2014,48875,-0.06556713918746176,0.017321968593116004,-6.8695899715361834,4.511516973457309
009,Software & Electronics,2015,54697,-0.09579500410453667,0.024723554106507253,-10.523323455558957,7.18828769347449
009,Software & Electronics,2016,56702,-0.09391412463240792,0.02748976288044359,-9.804251794453904,8.233388693342347
009,Software & Electronics,2017,63478,-0.006215167338975797,0.025342790837548115,-0.6787471664228005,7.446665275194377
009,Software & Electronics,2018,63906,0.1455532091689807,0.02493151584233538,15.935369349940268,6.5659905778995675
009,Software & Electronics,2019,62093,0.14131576020409056,-0.007111703010522173,16.155139530091052,-1.8014794885277905
009,Software & Electronics,2020,75604,0.2506425645683324,-0.01514679967789433,29.60284476560736,-4.766832860993928
009,Software & Electronics,2021,80728,0.45699267011303396,-0.035569957592943076,49.86388891125615,-14.107680430237926
010,Medical Devices,1990,2352,-0.045800974770575625,0.022417442535620415,-0.9752830067456164,0.9942392276528484
010,Medical Devices,1991,2508,0.012839084973212178,0.01739007324038861,0.3106864297220421,0.8399591522547606
010,Medical Devices,1992,2789,0.02950407489962511,0.04729990153767922,0.7675068286119322,2.161798781422141
010,Medical Devices,1993,3004,-0.023766572801502617,0.007190156090493446,-0.6420296454201017,0.35431818676983745
010,Medical Devices,1994,2973,-0.09918015833247136,0.018415428681763855,-2.58526330661425,0.8101481652164726
010,Medical Devices,1995,3156,0.10368280236872336,0.030476530135304197,2.7391727622634114,1.4280840919557536
010,Medical Devices,1996,3465,0.03994709060876744,0.01618790274172966,1.0988420784199557,0.7930660474836569
010,Medical Devices,1997,3552,-0.06597015646521061,0.052155449024658844,-1.831069538514926,2.599427214924266
010,Medical Devices,1998,2658,0.07253633691318497,0.0424523933989187,1.723766625149476,1.7740550455690314
010,Medical Devices,1999,2818,0.061982958524160914,0.05620549030514892,1.5220767119006091,2.3270523504948337
010,Medical Devices,2000,3274,-0.006405356182458887,-0.011740343481496407,-0.17488368435207546,-0.630964604820857
010,Medical Devices,2001,3251,-0.04507633453362555,-0.03370686783554203,-1.2573628506032581,-1.8639534326427276
010,Medical Devices,2002,3249,-0.014130159149740749,-0.013965323177773903,-0.39290290301339786,-0.8357242372301645
010,Medical Devices,2003,3690,-0.12926299356549154,0.009733221783170102,-3.7934503919170495,0.5051842533286474
010,Medical Devices,2004,4401,-0.2223643884061241,0.028141980633443732,-6.751822816239572,1.5248107467430152
010,Medical Devices,2005,4844,-0.2194190830389961,0.04431962650184226,-6.6028111905196765,2.8669818919969465
010,Medical Devices,2006,5057,-0.09432069572413673,0.04383369336567627,-3.073956716832612,2.835096297295342
010,Medical Devices,2007,5558,-0.13879357903152978,0.035541876982187026,-4.657768725818889,2.5987490902979875
010,Medical Devices,2008,5550,-0.121009638935578,0.008673458302104989,-3.930723473229181,0.7329561070775089
010,Medical Devices,2009,5402,-0.13184245871794426,0.03682768965549312,-4.11054041893378,2.918367001224072
010,Medical Devices,2010,5797,-0.09473038479902564,0.013639733464902468,-3.428152991822772,1.1647647947472943
010,Medical Devices,2011,5963,-0.09545667113927936,0.03747549534330421,-3.452347615789672,2.486616682082289
010,Medical Devices,2012,6325,-0.06982127708198035,0.04560677779346375,-2.4789521915986557,3.196125529723175
010,Medical Devices,2013,6498,-0.10523980821408559,0.019723607180910978,-3.781938917304094,1.4744856787845202
010,Medical Devices,2014,6866,-0.10927961928261452,0.043598008376285254,-4.140711087261126,3.3573401679680335
010,Medical Devices,2015,7678,0.012489861566350359,0.008166698789785015,0.5108120881130961,0.7220145816334954
010,Medical Devices,2016,8523,-0.12261704444052779,0.03643801614426632,-4.965336879813989,3.53829395487939
010,Medical Devices,2017,9678,-0.12178382907685313,0.004559029880310204,-5.298947866234075,0.40624251381239024
010,Medical Devices,2018,10504,-0.13155123172700808,0.005678918628723454,-6.05466331367313,0.6054887545152513
010,Medical Devices,2019,11113,-0.181616166703751,-0.01945171479763385,-8.312195696469274,-1.6421190660512177
010,Medical Devices,2020,21705,-0.01075584342093071,0.01257272706262505,-0.5941806063474914,2.4318398529402874
010,Medical Devices,2021,15920,0.07309012795936085,0.045893923113439886,3.7933190369553995,5.970563159035418
011,"Lighting, HVAC & Appliances",1990,2247,0.05986011998297449,-0.02006475151751412,1.113306258330866,-0.7858916637850463
011,"Lighting, HVAC & Appliances",1991,2209,0.03924211836949019,0.03649853699462789,0.9051291074722931,1.3749477436304978
011,"Lighting, HVAC & Appliances",1992,2295,0.059952270939595674,0.01118189736570923,1.4074338569474478,0.48589760988636355
011,"Lighting, HVAC & Appliances",1993,2388,-0.056954988138686546,0.04256298901966441,-1.3344875325734082,1.8404228179163715
011,"Lighting, HVAC & Appliances",1994,2591,0.025999338938545013,0.06240149674455276,0.6332121764585208,2.773861099137168
011,"Lighting, HVAC & Appliances",1995,2802,0.052998122737777084,-0.01479608095340435,1.3288510017994395,-0.7104619317141653
011,"Lighting, HVAC & Appliances",1996,2899,0.15693201358331385,0.034052508395650834,3.909395023451522,1.7618743677670845
011,"Lighting, HVAC & Appliances",1997,2991,0.10183039156691252,0.013145051399788183,2.5761310145871334,0.6151463536068782
011,"Lighting, HVAC & Appliances",1998,2419,0.07567615554434341,0.016143897370431943,1.7372025279861965,0.7456030355715169
011,"Lighting, HVAC & Appliances",1999,2539,0.053174281109431065,0.009425323525936809,1.2974286088396159,0.4343591859219815
011,"Lighting, HVAC & Appliances",2000,2634,0.03996575347795176,0.003925689193616121,1.0148861852429003,0.2998425559219879
011,"Lighting, HVAC & Appliances",2001,2657,-0.03535155627598407,0.03354356348965788,-0.8858056291996294,1.5931012994274214
011,"Lighting, HVAC & Appliances",2002,2951,0.01919831421885741,0.013305554253878376,0.5189935993433724,0.7132545259930001
011,"Lighting, HVAC & Appliances",2003,3420,-0.05833370622764317,-0.011754712661402895,-1.6762083999463218,-0.7591459263136585
011,"Lighting, HVAC & Appliances",2004,3830,-0.16016030283445742,0.02040761040713439,-4.680973522187134,1.1469741172490546
011,"Lighting, HVAC & Appliances",2005,4284,-0.13919718666242234,-0.02119868098341286,-4.364437995094976,-1.4123431609374384
011,"Lighting, HVAC & Appliances",2006,4688,-0.08139408093991819,0.0031535249208023684,-2.5797311930270284,0.22898159298210483
011,"Lighting, HVAC & Appliances",2007,5210,-0.21357443024826794,0.025764006116348052,-6.5898527380567815,1.7726685294019444
011,"Lighting, HVAC & Appliances",2008,5111,-0.19755621732321324,0.040151228847130786,-5.329210689214859,2.6408423905032468
011,"Lighting, HVAC & Appliances",2009,4933,-0.13079749298439372,0.034783225427556914,-3.7625422303913685,2.28444117319163
011,"Lighting, HVAC & Appliances",2010,5197,-0.1099568199597009,0.02121583764500364,-3.4962307685386076,1.8789178135909523
011,"Lighting, HVAC & Appliances",2011,5434,-0.05938977431685156,0.02046891670087225,-1.9921130294580096,1.4825290716866997
011,"Lighting, HVAC & Appliances",2012,5437,-0.06078388700140417,0.02658136385976727,-1.9529371066990258,1.8513229147811507
011,"Lighting, HVAC & Appliances",2013,5896,-0.10806166477555794,0.05415850397079684,-3.484768108069161,3.1564125454100607
011,"Lighting, HVAC & Appliances",2014,6478,0.013489860549762533,-0.014254457906990457,0.48242470618015054,-1.1855358588543763
011,"Lighting, HVAC & Appliances",2015,7387,0.09796714241390583,-0.007921857469133103,3.598047870313522,-0.5178312194529632
011,"Lighting, HVAC & Appliances",2016,9327,-0.1836578387285636,-0.04347530256204298,-7.0846612670421685,-2.690420227497397
011,"Lighting, HVAC & Appliances",2017,11667,-0.25392330347730063,-0.01329183914448286,-11.148707413168243,-0.9588149351326156
011,"Lighting, HVAC & Appliances",2018,11579,-0.21618978873419006,0.027885502276758276,-9.541846061486057,2.3345580702806488
011,"Lighting, HVAC & Appliances",2019,12553,-0.18277931546605483,-0.00754207283464135,-8.93374092222171,-0.8140514964238038
011,"Lighting, HVAC & Appliances",2020,25786,-0.2595957995532609,0.08484724537293847,-16.940073993992762,8.644890387365852
011,"Lighting, HVAC & Appliances",2021,23155,0.1424044479382184,0.05075084615286836,9.454369373970676,5.746557468526366
012,Vehicles,1990,1838,-0.07111482868792401,-0.013555184020958866,-1.3139403027702572,-0.5388527259542506
012,Vehicles,1991,1814,-0.04951543733705636,-0.05263728893520293,-1.0239534608616785,-2.0051507339680277
012,Vehicles,1992,1728,-0.010240652419040517,-0.032498751706412414,-0.20530134110664192,-1.2020330837849105
012,Vehicles,1993,2033,0.14490999080523717,0.04264015404676382,2.917627858120107,2.0258523943969062
012,Vehicles,1994,2111,0.08321072806705264,0.03633574297856077,1.8325629147038958,1.6575245904769444
012,Vehicles,1995,2285,0.041646146760664395,0.046087870844375815,0.9365948717209699,1.9491235612787072
012,Vehicles,1996,2376,0.08073738279189249,0.02943367824004557,1.8527282950366493,1.2169576871217385
012,Vehicles,1997,2606,0.16178099654227143,0.020991560195125124,3.753426311955323,0.8632282581567758
012,Vehicles,1998,1938,-0.0040996855156883085,0.044508524195677024,-0.08386718346096,1.5719353071093212
012,Vehicles,1999,2161,0.10878212650116112,0.04498718340818129,2.3105167983941737,1.8309325460226296
012,Vehicles,2000,2502,-0.0020218668329371877,-0.010452268878098416,-0.048701041869306246,-0.4585414585638679
012,Vehicles,2001,2286,-0.06935154761472942,-0.009644232924432512,-1.6282562412878274,-0.3895974684500259
012,Vehicles,2002,2484,-0.14037453722642335,0.010519860342478453,-3.3817342644492028,0.42759127907869476
012,Vehicles,2003,2960,-0.11041274478212378,-0.0016586003061812293,-2.8841144031807335,-0.07676633647259762
012,Vehicles,2004,3233,-0.21467304232974593,-0.03303438331780219,-5.684510600825038,-1.5785282992967233
012,Vehicles,2005,3561,-0.23216926993378567,0.029553621185639367,-6.131630001556703,1.6281166824421824
012,Vehicles,2006,3747,-0.1377230986492717,0.009053221336194836,-3.792114396199413,0.6164587685736705
012,Vehicles,2007,3930,-0.20301402218420567,0.04747564931712752,-5.425883483575054,3.102294184661335
012,Vehicles,2008,3891,-0.1931242084023487,0.06370678625036352,-5.166235268658496,3.904326504061668
012,Vehicles,2009,3325,-0.04896066468399894,0.011297614379997798,-1.2244236035799694,0.8613213148792211
012,Vehicles,2010,3693,-0.10958943078459714,0.021697444589571374,-2.670569249900977,1.703792678763359
012,Vehicles,2011,3922,-0.07661073380811463,0.010630369832097872,-2.109629535670988,0.8771254281703771
012,Vehicles,2012,3973,-0.016681048528313154,-0.008607903812095209,-0.49469413112934607,-0.6291299847989914
012,Vehicles,2013,4119,0.0003360591140090759,-0.012816110649527182,0.009352198906934088,-0.9661155078634052
012,Vehicles,2014,4602,-0.10273344234574679,0.04050194601119175,-2.7248776174282026,2.6197919165594516
012,Vehicles,2015,5513,0.09969414592666138,-0.0028351827185898277,3.028676613892663,-0.1881646615245695
012,Vehicles,2016,6190,-0.009110655002680879,-0.0018079123134535403,-0.2839196194857505,-0.1366923532105604
012,Vehicles,2017,6821,-0.0250368256040405,-0.002048680805520543,-0.8502655471893682,-0.1482728159686291
012,Vehicles,2018,7218,-0.10207184421489393,0.006603221812357859,-3.5329521771516763,0.7246716069246324
012,Vehicles,2019,7434,-0.12450692560140984,0.038917904596949854,-4.4000742911520065,2.342851309566556
012,Vehicles,2020,10349,-0.21959187904524352,0.023984628285540616,-9.528381354622418,1.5836972922162376
012,Vehicles,2021,12051,0.028351610115457625,-0.00947580047814615,1.396612377662828,-0.8983770439742442
013,Firearms & Pyrotechnics,2013,583,-0.04236967445392544,0.044674400196581476,-0.4781883715491428,0.7915077572570922
013,Firearms & Pyrotechnics,2014,685,0.06198844083581147,0.00598779929358008,0.7487381254283234,0.1218564583353637
013,Firearms & Pyrotechnics,2015,799,0.13876630037781446,-0.06223709952180662,1.806528090080899,-1.263048290459619
013,Firearms & Pyrotechnics,2016,959,-0.106979773221301,-0.032720789655059396,-1.348583454589867,-0.756510967281552
013,Firearms & Pyrotechnics,2017,975,-0.14256988467366236,-0.07362036326895667,-1.9710745766613238,-1.5838376920867094
013,Firearms & Pyrotechnics,2018,971,-0.08376545775537726,0.047244542458957116,-1.1212094307579363,1.8978371276178423
013,Firearms & Pyrotechnics,2019,854,-0.07968919295158873,0.056883178715202244,-1.1170365461634173,1.3006797815081428
013,Firearms & Pyrotechnics,2020,1086,-0.09502357871934765,0.006729986772273149,-1.4494341104250843,0.2087455371625746
013,Firearms & Pyrotechnics,2021,1235,-0.03135791311798266,0.010105165327189873,-0.5306485387322964,0.39103093954067997
014,Jewelry & Watches,1990,1562,0.12314694059050724,-0.05870603570705091,1.8759173921752008,-1.7747107426613993
014,Jewelry & Watches,1991,1466,0.3460155665743025,-0.018091457839212507,5.664111725550029,-0.47192583639249486
014,Jewelry & Watches,1992,1206,0.26345633788541234,-0.05733272289381837,3.653064590610387,-1.4244700859396884
014,Jewelry & Watches,1993,1274,0.20655919451898416,-0.049204104098883414,3.1047617778151038,-1.4219842142667052
014,Jewelry & Watches,1994,1441,0.1111670719762783,-0.025759958925487988,1.8361958422381477,-0.8278014856921699
014,Jewelry & Watches,1995,1527,0.1338387572412321,-0.11622743123017333,2.1278038138450306,-4.282157693607246
014,Jewelry & Watches,1996,1792,-0.06668484647229168,0.012490246353283276,-1.2550271040289798,0.4639003490447729
014,Jewelry & Watches,1997,1964,0.0009323763251427818,0.023235967779059185,0.018747879675499648,0.8889959542582745
014,Jewelry & Watches,1998,1569,-0.1546052890896632,-0.011856925661675939,-2.7626718380378077,-0.47037159699792913
014,Jewelry & Watches,1999,1652,-0.004703714908083589,0.03653913773049303,-0.08587141270849286,1.1377426782142033
014,Jewelry & Watches,2000,1700,-0.32112808630451584,0.0796498454281896,-5.486949939347801,2.42947270712146
014,Jewelry & Watches,2001,1571,-0.18721984641183537,0.05266624991582411,-3.191609170665754,1.7521254321764292
014,Jewelry & Watches,2002,1708,-0.07696857034114804,0.023286159124001116,-1.5045198755472138,0.8911180646429911
014,Jewelry & Watches,2003,2013,-0.25260288086336624,-0.026326547622228903,-5.2065680641994545,-1.0217106606197113
014,Jewelry & Watches,2004,2704,-0.31760219107776,-0.031503979098998824,-7.4321587677590575,-1.2465101159824086
014,Jewelry & Watches,2005,2948,-0.2204102050530838,0.04430091609558249,-5.041934847326484,2.848510426079276
014,Jewelry & Watches,2006,3012,-0.2871189574435235,0.06711839712546856,-7.064339976289683,3.278069034263558
014,Jewelry & Watches,2007,3201,-0.22889133533842318,0.06615764428951251,-5.388492153853997,3.6046021606888785
014,Jewelry & Watches,2008,3023,-0.1603336835706682,0.0482781814017013,-3.6543560192873312,2.569683101539161
014,Jewelry & Watches,2009,2602,-0.09093099133288389,0.004149115168040989,-1.7647386247423111,0.4024041414434285
014,Jewelry & Watches,2010,3158,-0.12329184281660831,0.016632870720236045,-2.8064045367151467,1.6257728445149702
014,Jewelry & Watches,2011,3470,-0.1007834543134453,0.009055545725971217,-2.4990767110097165,0.5952253777636105
014,Jewelry & Watches,2012,3626,0.07540666416093175,-0.004414652840369046,2.022124239852887,-0.39697161987749857
014,Jewelry & Watches,2013,3851,-0.014714166743612585,-0.0042765423219970995,-0.3938146700707608,-0.5419392493515015
014,Jewelry & Watches,2014,4026,0.004392374162799418,-0.0013448664848665767,0.10927407135543116,-0.0926671172544992
014,Jewelry & Watches,2015,4871,-0.08655884107808595,0.02087625979935175,-2.546895758826894,1.779745331192975
014,Jewelry & Watches,2016,5799,-0.11029628288950727,-0.03717468566903139,-3.4479234730269614,-2.8998777017499355
014,Jewelry & Watches,2017,6347,-0.21596816246697684,-0.0013899411429238086,-7.067476394373243,-0.11222725954380379
014,Jewelry & Watches,2018,6285,-0.21512773804467294,0.02772053409377513,-6.567175652699959,2.005286431456243
014,Jewelry & Watches,2019,7402,-0.24662731318542233,-0.030263937683737453,-8.749621912163123,-1.6786992198043418
014,Jewelry & Watches,2020,9848,-0.20972842796944524,0.0243714935372436,-8.858133951842495,1.8701036719660677
014,Jewelry & Watches,2021,10757,0.02317975567076568,0.07606907450604909,1.0115322002414935,6.56197811286599
015,Musical Instruments,2016,538,-0.10622141282900084,-0.35117923394516126,-0.9316490790843062,-3.402638252903391
015,Musical Instruments,2017,618,-0.12104325393902421,0.044730629558060835,-1.311000031139062,0.8039766902573192
015,Musical Instruments,2018,620,-0.38419546059178733,0.029406334230953027,-3.8181526129210446,0.5750957193924282
015,Musical Instruments,2019,741,-0.21046292124566754,0.10012112329858294,-2.6064065313465865,1.7555702950760654
015,Musical Instruments,2020,1214,-0.18511530295773376,0.015895340475482102,-2.7652001420675063,0.408847121198672
015,Musical Instruments,2021,1153,0.2343325785361831,0.028229724728102246,3.488430948372386,0.8220416212003713
016,"Paper, Print & Office",1990,9043,0.034107242626422625,-0.024707683198298126,1.3677083475971916,-2.002911123652316
016,"Paper, Print & Office",1991,9350,0.11271554007008908,-0.026797730833221654,5.257745827649878,-2.738796450920303
016,"Paper, Print & Office",1992,9885,0.07988144021529431,-0.004157185117007857,3.879315152074209,-0.3995335677510408
016,"Paper, Print & Office",1993,12004,-0.023404159448038232,0.019013317106251586,-1.2547867390016019,2.173548074815826
016,"Paper, Print & Office",1994,12047,-0.01346272531481472,0.01765456860189798,-0.7102339198056055,1.9475973427377264
016,"Paper, Print & Office",1995,13173,-0.03993097477962845,0.0018221684220032456,-2.1669421775058657,0.22460043205800664
016,"Paper, Print & Office",1996,14662,0.0341386910429984,0.04093860003913173,1.9469230222832106,4.688273111476593
016,"Paper, Print & Office",1997,14509,-0.02957642706318387,0.026883483198199904,-1.6550052166522606,3.4405964263134448
016,"Paper, Print & Office",1998,11527,-0.01414384254245806,0.03545647041418604,-0.7256815345063308,3.3505663710145797
016,"Paper, Print & Office",1999,13549,0.04351986581858905,0.028711721482357292,2.376825288699248,3.030789976454857
016,"Paper, Print & Office",2000,13357,0.020012927872347833,0.013057029202091853,1.0984025821115488,1.6453103403747216
016,"Paper, Print & Office",2001,12075,-0.01015337736189119,0.4948636503211787,-0.24842985278898536,18.121119658954758
016,"Paper, Print & Office",2002,11068,-0.06962194459302393,0.014269174455886905,-3.187757149201571,2.3901037705677393
016,"Paper, Print & Office",2003,12207,-0.0056100983321653326,-0.0026206909665346667,-0.3027058964171385,-0.4742705126371916
016,"Paper, Print & Office",2004,14301,-0.1345108819810237,0.014901721074387681,-7.125678246097192,1.9761233041564443
016,"Paper, Print & Office",2005,15471,-0.07945182493067261,-0.004527313980685506,-4.704399745799003,-0.5894158057444988
016,"Paper, Print & Office",2006,15382,-0.07734110200034879,0.003915218510160848,-4.601341818752317,0.5775606091579024
016,"Paper, Print & Office",2007,16707,-0.04641822060975074,0.013262736778898478,-2.8166879731490058,2.035789259656736
016,"Paper, Print & Office",2008,15562,-0.05407351836109982,0.007275756961945472,-3.2329746275191487,1.0425778669529298
016,"Paper, Print & Office",2009,12838,-0.07388623246355594,0.0004605219443386907,-3.9968642448681413,0.059784450486888775
016,"Paper, Print & Office",2010,13020,-0.044822464466305736,-0.011936427467147907,-2.3771379293689345,-1.9080628866226608
016,"Paper, Print & Office",2011,13297,-0.10427716741561217,-0.005074864064405756,-5.693720409768795,-0.7058219832511795
016,"Paper, Print & Office",2012,12979,-0.07959845195164639,0.001955092429768734,-4.3352187905885335,0.27005002175741766
016,"Paper, Print & Office",2013,12612,-0.07542932891958183,0.003504650901074212,-4.032402282475464,0.6258646784140813
016,"Paper, Print & Office",2014,12561,-0.11399751671679174,0.007107783668321258,-5.997925860601731,1.3430672588908725
016,"Paper, Print & Office",2015,13507,-0.05588835206298631,-0.011744477496979598,-3.142003923850984,-1.6803441797523235
016,"Paper, Print & Office",2016,13521,-0.04851223756573071,0.004010373491864414,-2.6797778439993944,0.4801825555078353
016,"Paper, Print & Office",2017,14857,-0.10761369037805311,-0.013796050200018334,-6.0519560486972415,-1.5724745835843248
016,"Paper, Print & Office",2018,16055,-0.041491599119077446,-0.012336962604664577,-2.2469279347202002,-1.937564797044144
016,"Paper, Print & Office",2019,16457,-0.029079546496796997,-0.047827741119490536,-1.53446540786436,-4.919687701977167
016,"Paper, Print & Office",2020,22389,-0.05817588696924055,-0.022558411356509305,-3.7856593668599525,-3.179065463071785
016,"Paper, Print & Office",2021,24046,0.06650392234375067,0.007321342800017877,4.325122703971302,1.2973277938294858
017,Rubber & Insulators,1990,953,-0.05555979910185285,0.044175950275733594,-0.6845801861096427,1.1232299017440714
017,Rubber & Insulators,1991,960,0.09626831433940843,0.02738453017225061,1.452240017752046,0.6309934112000657
017,Rubber & Insulators,1992,838,-0.07794644883420769,-0.03304990650454379,-1.0739388075719376,-0.7359840741937489
017,Rubber & Insulators,1993,1003,-0.03417877905011115,0.0356280141773137,-0.5355252372290993,0.8864682989495971
017,Rubber & Insulators,1994,974,0.10615975466238847,-0.04229283596428493,1.597332981082551,-1.0233295530113111
017,Rubber & Insulators,1995,1003,0.09724035200005642,0.10384880560630569,1.4234748112769589,2.609541065656792
017,Rubber & Insulators,1996,1187,0.017490370593633675,0.002974554156673945,0.2923395777484592,0.08872146348769133
017,Rubber & Insulators,1997,1166,0.08515793401426652,0.02207023214501435,1.4000186739948919,0.6321932151349497
017,Rubber & Insulators,1998,1012,-0.04679959061021138,-0.031576842260094495,-0.7134309955469321,-0.9173468711417275
017,Rubber & Insulators,1999,992,0.1686481056765262,0.06710558826301373,2.3788291371029495,1.7254361875536226
017,Rubber & Insulators,2000,1015,-0.048611590319405096,-0.003085668552025064,-0.7532578960373711,-0.0834730669434495
017,Rubber & Insulators,2001,1035,-0.04094986154952968,-0.00999862231188096,-0.6497643394608704,-0.30422075256576736
017,Rubber & Insulators,2002,1129,-0.019426371492152494,-0.01035232215256906,-0.3235803721436842,-0.32125553473234064
017,Rubber & Insulators,2003,1215,-0.02010655529630754,-0.09206372009852273,-0.33978972272987046,-2.708577410384928
017,Rubber & Insulators,2004,1303,-0.24071940895213784,-0.04250914450097669,-3.939203786836494,-1.3416156965529606
017,Rubber & Insulators,2005,1519,-0.11670883716802291,0.0046107298619509265,-2.129205518461164,0.13725726530268278
017,Rubber & Insulators,2006,1583,-0.28427116740097297,0.020219971565026668,-5.077849108973614,0.6224139176010614
017,Rubber & Insulators,2007,1922,-0.22189805778787156,0.016567266490393452,-4.36079245404964,0.6327551944430958
017,Rubber & Insulators,2008,1911,-0.1816163073834286,0.04795830182917532,-3.465892056218773,1.9434950849650015
017,Rubber & Insulators,2009,1698,0.047369616050663664,0.000612927907894369,0.9029987539828008,0.026399907192542336
017,Rubber & Insulators,2010,1765,-0.040359347721955964,0.0015690147284061285,-0.7992473163603455,0.06836089852786532
017,Rubber & Insulators,2011,1797,-0.166176127018138,0.02202626030341453,-3.304127925812399,1.1638301512841374
017,Rubber & Insulators,2012,1803,-0.12960502066665008,-0.006896798034172563,-2.6291861365467137,-0.30297324319014113
017,Rubber & Insulators,2013,1939,-0.21327811999903606,0.02984843232630191,-4.065911714755087,1.5664401296562873
017,Rubber & Insulators,2014,1920,-0.01888146167224098,-0.0033210120095118734,-0.32009200222917455,-0.26033739696883745
017,Rubber & Insulators,2015,1949,0.003539082393160515,0.02320030448355422,0.06739963487224553,0.987705903490311
017,Rubber & Insulators,2016,2181,-0.09544164355860907,0.0058535592899167715,-1.8642820981181252,0.2714264555501139
017,Rubber & Insulators,2017,2498,-0.17679640169093175,-0.006055762197592061,-3.7350682844366556,-0.3154683324094497
017,Rubber & Insulators,2018,2339,-0.009386155411239595,0.04699884061311375,-0.20667904092146586,2.1889128345236104
017,Rubber & Insulators,2019,2579,-0.054753422391596494,-0.009374428030159183,-1.1081162080457285,-0.44209125338145255
017,Rubber & Insulators,2020,2998,-0.12228081483380569,0.004041930526077896,-2.780164628873908,0.1673339434134967
017,Rubber & Insulators,2021,3068,-0.03254877833523439,0.026232167209862375,-0.8032184861848591,1.2831326523632705
018,Leather & Luggage,1990,1441,0.02809700772103038,-0.005844012371517899,0.38833333317286733,-0.17859630917425418
018,Leather & Luggage,1991,1240,-0.01940563929762584,0.03401374163840991,-0.334820219801879,1.1056556430956854
018,Leather & Luggage,1992,1311,0.06712387080105313,-0.015590736632843279,1.1865153114934905,-0.5200885276526873
018,Leather & Luggage,1993,1474,0.04299186876970687,0.01106069913974993,0.795835762234982,0.4886076622498717
018,Leather & Luggage,1994,1647,-0.11892105667842141,0.0030523626621692676,-2.211547842110905,0.12426662741041436
018,Leather & Luggage,1995,1875,0.04948169977796029,-0.06421515562845699,0.8858123905214658,-3.7041248377676426
018,Leather & Luggage,1996,2107,-0.09978508977729124,-0.002405334586475402,-2.100933044246226,-0.11302150265065561
018,Leather & Luggage,1997,2202,0.06860458265432207,0.042929808091569356,1.458034504626397,1.8481028711360936
018,Leather & Luggage,1998,1705,-0.08752199856439846,0.006797430756347743,-1.661069501807118,0.29199263208992576
018,Leather & Luggage,1999,1922,-0.1583752080202038,0.011332925038987876,-3.156218996501257,0.41610314881877414
018,Leather & Luggage,2000,2050,-0.17222307104327836,0.00003359489483266138,-3.6228187427555976,0.001299434426488141
018,Leather & Luggage,2001,1779,-0.15443508060740024,0.03187400888481637,-2.8636316231677363,1.2890021417885031
018,Leather & Luggage,2002,2097,-0.15614619435260355,0.0011053542549578242,-3.371978500061367,0.044054561262209815
018,Leather & Luggage,2003,2488,-0.15356231135554993,0.016882689948978465,-3.480947927007115,0.9225813993867705
018,Leather & Luggage,2004,3318,-0.3908015642035161,0.06538138986147901,-9.363385509733128,3.5284892271940924
018,Leather & Luggage,2005,3777,-0.3238401600085072,0.10230050525838315,-8.050641420529638,5.38899399563823
018,Leather & Luggage,2006,4127,-0.2563039558139146,0.037067407221475494,-7.217086434945155,2.461684115170409
018,Leather & Luggage,2007,4700,-0.25889682114864904,0.09757773268962085,-6.894426467093137,5.723664654322838
018,Leather & Luggage,2008,4786,-0.09438723353383524,0.029556619757983574,-2.926963252139108,2.0696914629997023
018,Leather & Luggage,2009,3957,-0.21696751185237528,0.027770362157566602,-5.469967714370984,2.7347838533319657
018,Leather & Luggage,2010,4423,-0.1434100758590959,0.060288789183402934,-3.8557447821931676,4.004408138611501
018,Leather & Luggage,2011,4735,-0.07266167486810023,0.02575490638160039,-2.139498720019321,1.718321647537659
018,Leather & Luggage,2012,5077,-0.06791931100810603,0.042447958276537634,-2.171412133482721,3.03965706784103
018,Leather & Luggage,2013,5358,0.04055562500354979,0.009937633004139346,1.2805300940345508,0.9007310946310036
018,Leather & Luggage,2014,5655,0.04549303890075163,0.0012146642582819623,1.3489476669788234,0.09086873980901047
018,Leather & Luggage,2015,6609,-0.028417506888482016,0.010112203083234607,-0.952469900752443,0.7982378546553293
018,Leather & Luggage,2016,7807,-0.17740586851116455,0.015357988620941277,-6.408161739674073,1.1636923667353372
018,Leather & Luggage,2017,9556,-0.1386308442885061,0.020309326050011775,-5.345971761830315,2.255179233206886
018,Leather & Luggage,2018,10050,-0.06892285002417374,0.01577918250032423,-2.6830414687629123,1.7291099559480316
018,Leather & Luggage,2019,10899,-0.10521698442707986,0.036760424730124336,-4.300699813769183,2.9702165238963927
018,Leather & Luggage,2020,13236,-0.10381674362261756,0.016843499641485543,-4.553585604996979,1.466512997255449
018,Leather & Luggage,2021,14399,0.1433108692346918,0.011700876063776388,7.368691797196225,1.3251117825726069
019,Building Materials,1990,1167,0.0034699130516417393,-0.009535912145659832,0.04756319547422278,-0.2938242756705949
019,Building Materials,1991,1212,0.01558250739529868,-0.032993923947631246,0.26585132520909105,-0.999013792025094
019,Building Materials,1992,1109,-0.05544779912943157,-0.023724899451833793,-0.8762776837804085,-0.6316289855939397
019,Building Materials,1993,1236,0.06772032763752982,0.02628389150471545,1.1794907216660262,0.9529480041697257
019,Building Materials,1994,1269,-0.03162061739213296,0.0036447031639467737,-0.5505645146445756,0.11246079342248498
019,Building Materials,1995,1419,-0.00513314480386395,-0.04775236141208869,-0.09357786691912005,-1.5132435306908316
019,Building Materials,1996,1487,0.006710322863033278,0.07057727482502772,0.12234635023974795,2.112318210868967
019,Building Materials,1997,1666,0.17269331130778282,0.010974437101040554,3.142733651599152,0.3976203461933066
019,Building Materials,1998,1256,0.0036013429983156424,0.04032209257872869,0.058356285514733666,1.2835402686992368
019,Building Materials,1999,1290,-0.16235812675780584,0.028692028976839423,-2.6850505411738106,0.9115325122140195
019,Building Materials,2000,1419,-0.09529377892167885,0.0822152760868144,-1.719721905742443,2.4032140453143875
019,Building Materials,2001,1467,-0.13719777866999402,0.011908864861476284,-2.487785919861742,0.48824136908368054
019,Building Materials,2002,1621,0.011154388039294383,0.033226307760323925,0.22235721431505165,1.1789348618573325
019,Building Materials,2003,1936,-0.06087964067400385,-0.061472820924158116,-1.2753584231064814,-2.4434288966688937
019,Building Materials,2004,2150,-0.20438963681742284,-0.06481454032420741,-4.4397685830952645,-2.58657945812084
019,Building Materials,2005,2550,-0.1200518918038274,-0.024269681876538017,-2.8360622326980818,-1.1815829951954697
019,Building Materials,2006,2689,-0.05197000934298355,0.0010853998035794572,-1.2607032131135931,0.04910180137565911
019,Building Materials,2007,2869,-0.13038855781769504,-0.007407235898395548,-3.1204993767111193,-0.41603708202356715
019,Building Materials,2008,2850,-0.09045694739929053,0.05769197127397227,-2.1288177209483803,2.954042543064362
019,Building Materials,2009,2371,-0.09586040879348254,0.010303577173550786,-2.1288450010824294,0.5856233665193097
019,Building Materials,2010,2320,0.01386049313734674,0.026198489472731127,0.314063721484474,1.1624877206004993
019,Building Materials,2011,2515,-0.08742690862579484,-0.0070867554156538795,-2.094717002703586,-0.3754976463519861
019,Building Materials,2012,2299,-0.0845024051611125,-0.0025308479875162508,-1.9444443432364582,-0.14589014477422646
019,Building Materials,2013,2453,-0.06500470327814477,-0.008213055107068778,-1.5549042085589606,-0.4641740414755048
019,Building Materials,2014,2502,-0.059656726043479595,-0.029810535647433144,-1.43737101191439,-1.5644298291076315
019,Building Materials,2015,2809,0.0017963742912679135,0.00679200822835243,0.04485698306853324,0.3600466628054253
019,Building Materials,2016,3048,-0.030710946390211467,0.03876716107191931,-0.7592705821382248,2.6346598588326415
019,Building Materials,2017,3290,-0.026048244322860552,0.014627932307998276,-0.7048382074745508,1.5172747966573314
019,Building Materials,2018,3185,-0.11632472481911658,0.017932800001916476,-3.08231142154837,1.2039117487609774
019,Building Materials,2019,3401,-0.11230771185937906,-0.009120762364249975,-2.6806696087071544,-0.6660847841057649
019,Building Materials,2020,3427,0.024079333973475,-0.034520488214413655,0.6320896580499885,-1.9289192873326313
019,Building Materials,2021,3733,-0.028366624874797165,0.0280099604539914,-0.7903514674637294,2.070192368323764
020,Furniture,1990,2544,-0.03697725392078289,0.03265046901752643,-0.7900857593329405,1.3860819995009788
020,Furniture,1991,2329,0.04437242882467038,-0.03864670975788089,1.0367381936905828,-1.637646791560423
020,Furniture,1992,2436,-0.051016707054649946,0.05933868129915697,-1.1938610322342265,2.360665841541602
020,Furniture,1993,2690,0.049239212904492125,0.01987947945779594,1.2161000258520833,0.9308047539564196
020,Furniture,1994,2718,0.02837091877273809,0.006129630577064987,0.6877462864741676,0.27407184597317646
020,Furniture,1995,2933,0.10419077151177976,0.019212575286248625,2.6163725489799057,0.9519741822649941
020,Furniture,1996,3093,0.012686346666391238,-0.00775497510008276,0.3294520103955341,-0.3806348045232888
020,Furniture,1997,3172,0.028775536751405453,0.016022888456887693,0.7121076099655488,0.8110720351716534
020,Furniture,1998,2608,-0.10269568492305842,0.058973694052160894,-2.4691121744736124,2.555888866406191
020,Furniture,1999,2767,-0.021988968201744025,-0.007633528232867235,-0.5624670503586507,-0.3784480802047614
020,Furniture,2000,2741,-0.15528097628927096,0.025511279160368727,-3.913838485503907,1.2629175605694685
020,Furniture,2001,2353,-0.1276910185132688,0.006348534212879598,-3.0259709139522037,0.32183730104588537
020,Furniture,2002,2860,-0.035544372844131755,0.05111876744572127,-0.9147343691276644,2.4574654056844363
020,Furniture,2003,3382,-0.02428554989929624,-0.05398988434837755,-0.6826056715198122,-3.250384475751168
020,Furniture,2004,3635,-0.16364610686895223,-0.024360306997358767,-4.760681461124036,-1.4714024593390822
020,Furniture,2005,3954,-0.147986742263729,0.01582177863509172,-4.277746021399114,0.9963748257516415
020,Furniture,2006,4121,-0.13612296544770844,0.025521107523160853,-3.9759057062413428,1.5396125561802614
020,Furniture,2007,4742,-0.22895576797314532,0.025136491910179373,-6.814558896604289,1.8721374276767122
020,Furniture,2008,4252,-0.19396465845288105,0.06800678200337354,-5.300333673130615,4.173980811185183
020,Furniture,2009,3939,-0.13378557646551564,0.02145404069188873,-3.6728653149462334,1.4144547511528875
020,Furniture,2010,4378,-0.16129197648454635,0.032617185904339,-4.714311918143196,2.075655528867963
020,Furniture,2011,4319,-0.15450856896538384,0.020765982882644533,-4.5855336948041145,1.4738220056293696
020,Furniture,2012,4484,-0.12838033152721723,0.013301029949293174,-3.712756917233668,1.0653402681884159
020,Furniture,2013,4694,-0.11676533255757914,0.02725620717317581,-3.3498560392738073,1.9461821146797775
020,Furniture,2014,4935,-0.17461964619848983,0.02230142044620636,-5.201919839699371,1.2948262675453042
020,Furniture,2015,5511,-0.10522547905369956,0.01774049295877409,-3.4446201421790064,1.1449454512012573
020,Furniture,2016,6641,-0.12166529989941435,0.01659037306479154,-4.32817573466376,1.336885059075096
020,Furniture,2017,8674,-0.2036192610906867,-0.029872057668456988,-7.95442329558482,-1.7760222805389951
020,Furniture,2018,9233,-0.23507643819298424,0.009912574477538856,-9.187449186220054,0.6050780080961059
020,Furniture,2019,9922,-0.2239544522419633,0.04281092430202823,-9.221945558331203,2.2960381955934785
020,Furniture,2020,18804,-0.3379531585037922,0.15200517966255636,-19.75216980534851,11.912598584840476
020,Furniture,2021,20442,-0.2623034681176329,0.03686966264025298,-15.978705958421768,4.745587884761619
021,Household Utensils,1990,2166,-0.011229308520602558,0.029843787540802115,-0.21596894990681445,1.1154838778518832
021,Household Utensils,1991,2017,0.09268930990950987,-0.056968516000337324,2.0120699967514777,-2.2083991411911583
021,Household Utensils,1992,2213,0.07915174289129741,0.03568141225723293,1.82410702731492,1.5384995238446038
021,Household Utensils,1993,2519,0.03988826207484105,0.01674605703130166,0.9805453619364115,0.7299508149039424
021,Household Utensils,1994,2540,-0.046138112255248304,-0.023479339536519025,-1.1036463876140745,-1.0487912982293088
021,Household Utensils,1995,2801,-0.0022942484999828134,0.03913633820722242,-0.05651731180946458,1.8066467292285273
021,Household Utensils,1996,3288,-0.040288705664814586,0.020215291257006402,-1.1065124530508461,1.1148769267427645
021,Household Utensils,1997,3342,-0.04791497154590916,0.03559134434908579,-1.2986032093621793,1.7144559690514374
021,Household Utensils,1998,2577,-0.14073804881893084,0.01919578351407262,-3.436931023378435,0.8780827388430616
021,Household Utensils,1999,2889,-0.11575653032790723,0.07157282031470824,-2.9028430350906564,3.102971215825217
021,Household Utensils,2000,2769,-0.1401061061405531,0.03879844930609763,-3.4888137679313345,1.6814716913080998
021,Household Utensils,2001,2416,-0.08001044618798675,0.029708611960041483,-1.8571128324362998,1.1851721054324222
021,Household Utensils,2002,2794,-0.052153074786897596,0.02346089703661146,-1.3136371614200213,1.1081965227106214
021,Household Utensils,2003,3311,-0.07130101252200163,-0.023291487940481644,-1.9703606124327093,-1.1707329344732655
021,Household Utensils,2004,3837,-0.19469927014012112,-0.04882527010199429,-5.693929493460008,-2.5339887382698247
021,Household Utensils,2005,3883,-0.24553939028031826,0.044955392759901465,-6.558089376499543,2.6966145460825737
021,Household Utensils,2006,4013,-0.10357654520913478,0.008413533872076471,-3.0581322087066445,0.530254141767245
021,Household Utensils,2007,4528,-0.13263402987003423,0.05321351214402434,-3.6897936169950176,3.351917009380016
021,Household Utensils,2008,4475,-0.15890709221363725,0.02879873506086826,-4.518376484722285,2.001705873296278
021,Household Utensils,2009,4372,-0.20270822359493784,0.07157492889934594,-5.210646331251552,4.348747557035675
021,Household Utensils,2010,4753,-0.148716451802103,0.042577193818734746,-4.349116240273977,3.184004527736931
021,Household Utensils,2011,4934,-0.1627326800990708,0.020738516938621023,-5.014468728535436,1.5650902574257317
021,Household Utensils,2012,5142,-0.13688508888856693,0.023793607653172674,-3.9828270626776745,2.1062350298347123
021,Household Utensils,2013,5788,-0.026724387415344573,0.0262171610831645,-0.8588412326180884,1.8109002954676499
021,Household Utensils,2014,6433,-0.06242878921031558,0.0066084157678263835,-1.946439260491739,0.5527411456110468
021,Household Utensils,2015,7496,-0.12240336625331329,-0.0057685662859326145,-4.164244370892545,-0.4283185824784725
021,Household Utensils,2016,9665,-0.2564685265820441,0.019149006080188442,-10.557598519357468,1.4400890275624878
021,Household Utensils,2017,12861,-0.3077141288143561,0.022697164881550397,-13.930981255752009,3.7408533422009183
021,Household Utensils,2018,14380,-0.28969082283836894,0.05217494879876891,-13.9622294377295,6.466496972029802
021,Household Utensils,2019,16989,-0.2860423124205362,0.05046985395811605,-15.48097080149476,5.340983744402497
021,Household Utensils,2020,32609,-0.28314185938901737,0.11475529289337484,-20.951386870144376,17.29572360786163
021,Household Utensils,2021,36196,0.09485270079908185,0.008265315995663084,7.8694563829799185,1.839798662426991
022,"Ropes, Tents & Textiles (raw)",2004,507,-0.030941089472498875,-0.03197569819184775,-0.3385559818190334,-0.7530710424924217
022,"Ropes, Tents & Textiles (raw)",2005,575,-0.03344283614085412,-0.01893009283040043,-0.3683336037840187,-0.5014087305208156
022,"Ropes, Tents & Textiles (raw)",2006,532,-0.23966012261197883,0.06612939699634125,-2.4478479230623447,1.3047064667654256
022,"Ropes, Tents & Textiles (raw)",2007,640,0.022534679129376435,0.009560414163890944,0.2656457328668979,0.23693928349630727
022,"Ropes, Tents & Textiles (raw)",2008,657,0.011177143852572732,0.014795996192105932,0.13153253755471891,0.4297937874339916
022,"Ropes, Tents & Textiles (raw)",2009,539,-0.12668629591943445,-0.03692520828955124,-1.3305542278753162,-0.8848623678550397
022,"Ropes, Tents & Textiles (raw)",2010,628,0.056174027724045505,-0.06498337124838258,0.5707851449529393,-1.5159271748614187
022,"Ropes, Tents & Textiles (raw)",2011,706,-0.1918432781245104,-0.004260047691983257,-2.2689024847906634,-0.10093939642496812
022,"Ropes, Tents & Textiles (raw)",2012,748,-0.1517440429455701,-0.027758844359269785,-1.89314915658003,-0.6443950458112403
022,"Ropes, Tents & Textiles (raw)",2013,800,-0.07901286588999255,0.028888942009289386,-0.8190629938492959,1.1561356739177047
022,"Ropes, Tents & Textiles (raw)",2014,767,0.041799972067358845,0.03822057831553631,0.39688826062018934,1.0126334694942902
022,"Ropes, Tents & Textiles (raw)",2015,865,-0.09395155846414269,0.07068389344961416,-1.0341828893366463,1.396457281610035
022,"Ropes, Tents & Textiles (raw)",2016,1166,-0.11498850268995889,-0.0068128789830050746,-1.4838235252296383,-0.13438240985271635
022,"Ropes, Tents & Textiles (raw)",2017,1540,-0.23298655145095964,0.025461153915984594,-3.7550934789823875,0.7147834333840437
022,"Ropes, Tents & Textiles (raw)",2018,1538,-0.35619666160872254,0.054969127397232864,-5.284937752312674,1.816634369968909
022,"Ropes, Tents & Textiles (raw)",2019,1833,-0.18535370749974026,0.10135822032870903,-3.3374418862911894,2.7416786617263775
022,"Ropes, Tents & Textiles (raw)",2020,2782,-0.4679036226157175,-0.027709367197810114,-9.633824198433926,-0.7045580720007597
022,"Ropes, Tents & Textiles (raw)",2021,2964,-0.1441656793730974,0.031415219031415746,-3.4885720064229964,1.566854380830604
024,Textiles & Bedding,1990,1129,-0.051455025564924144,0.01257154845545115,-0.6991862030517502,0.3683469039133192
024,Textiles & Bedding,1991,1134,0.09038826506057669,-0.005481260659390511,1.498937967274866,-0.1627327016458582
024,Textiles & Bedding,1992,1059,0.2144288591551895,0.04876110401666189,3.0670884721020646,1.0932383052972854
024,Textiles & Bedding,1993,1254,0.1512583130053524,-0.028433028880902798,2.4857673816665407,-1.0690747256083328
024,Textiles & Bedding,1994,1247,0.02964342988983917,0.011176865234416553,0.4736905995477266,0.324782762731254
024,Textiles & Bedding,1995,1448,0.17650634954716796,-0.03666407764024674,3.048723776898948,-1.1213211334417386
024,Textiles & Bedding,1996,1566,-0.02850431928480847,-0.023767747242968644,-0.5111947625468901,-0.8963243267762647
024,Textiles & Bedding,1997,1592,0.009806610657982405,0.0813476805484962,0.16467194825509357,2.3804400359224847
024,Textiles & Bedding,1998,1233,-0.17825536072364656,0.03471445569266531,-2.8543011640190987,1.054287112800004
024,Textiles & Bedding,1999,1362,0.035059969042428196,0.018640734242849104,0.6227978510566844,0.6074300091351587
024,Textiles & Bedding,2000,1546,-0.11726214077713898,0.015230642739533043,-2.0915728114502468,0.6131440010131165
024,Textiles & Bedding,2001,1306,-0.2281427121368618,0.05093209344342981,-3.6744892388799344,1.9242491451069839
024,Textiles & Bedding,2002,1438,-0.14208248552045133,0.027898934567727504,-2.4968431386951684,1.1801121586841097
024,Textiles & Bedding,2003,1735,-0.10263348852405466,0.0071195593133414415,-2.0411082487230074,0.300583909181765
024,Textiles & Bedding,2004,2174,-0.41159558637059174,0.02226914746546073,-8.108765738574398,0.814177025986096
024,Textiles & Bedding,2005,2303,-0.3173720421719687,0.038804925413552384,-6.577102852286565,1.4228233988584302
024,Textiles & Bedding,2006,2469,-0.34643026869215204,0.05362377504739912,-7.472260333236001,2.429131494562141
024,Textiles & Bedding,2007,2702,-0.2735386303224651,0.05587100649042822,-6.095865479211159,2.7709018537677133
024,Textiles & Bedding,2008,2390,-0.25451365058735154,0.07657848415431816,-4.929606754427353,3.833497300051216
024,Textiles & Bedding,2009,2125,-0.2673541344632399,0.1550781638497132,-4.62226884436917,5.197709974154678
024,Textiles & Bedding,2010,2245,-0.09458130433846297,0.02782320758730482,-1.9045172534467523,1.6244620100063623
024,Textiles & Bedding,2011,2487,-0.20081489391029397,0.0418142669652834,-4.139404152037662,2.178299963923713
024,Textiles & Bedding,2012,2660,-0.13156346425795182,0.023241450974800595,-3.0450077252441736,1.0287002801244023
024,Textiles & Bedding,2013,2851,-0.048270943361631374,0.005906497031579105,-1.0765353897015,0.39394374367326446
024,Textiles & Bedding,2014,3060,-0.08529922661384493,0.03317112030526963,-1.877950487661452,1.9122855953981879
024,Textiles & Bedding,2015,3544,-0.057160194737664316,0.05557590791763611,-1.4987809286144447,2.8071285310770198
024,Textiles & Bedding,2016,4298,-0.23811111066445081,0.00021521367917619978,-6.35882353974367,0.007956329478583424
024,Textiles & Bedding,2017,5618,-0.32262109508275927,0.030565088454442613,-10.096114294317806,2.000208906246402
024,Textiles & Bedding,2018,6008,-0.31634350755991625,0.018049452596524285,-10.169611711448885,1.2012541339005842
024,Textiles & Bedding,2019,6960,-0.3054860125659457,0.007068725028420746,-10.858757550976922,0.34235269956558867
024,Textiles & Bedding,2020,11827,-0.30577695527355453,0.06854096020174034,-13.597600153061988,5.186778647512301
024,Textiles & Bedding,2021,13175,0.0851167114572724,0.06636241747803863,4.076052799483936,6.704975932618782
025,"Clothing, Footwear & Headwear",1990,7570,-0.13591580730981803,0.03773912033839497,-4.4169433795619355,2.906784554134398
025,"Clothing, Footwear & Headwear",1991,7479,0.041868729220880536,0.017018650410784025,1.7532223935569307,1.3525446917605215
025,"Clothing, Footwear & Headwear",1992,7840,0.07819996045343845,0.019631113193470533,3.2986754362309654,1.4531880482504682
025,"Clothing, Footwear & Headwear",1993,10248,0.13401574270664246,-0.015319537931652192,6.418954588151166,-1.3690801665201846
025,"Clothing, Footwear & Headwear",1994,10223,0.12704929026888567,0.01707814050888955,5.881041300699762,1.4847257457645504
025,"Clothing, Footwear & Headwear",1995,11296,0.0862031519191168,-0.020657731392060306,4.012988331535283,-2.5990309156265874
025,"Clothing, Footwear & Headwear",1996,12516,0.0740507157212805,0.021946818208463847,3.649583818580272,2.3183750847700995
025,"Clothing, Footwear & Headwear",1997,11916,0.06572881289974873,0.022970993845746673,3.149710759333418,2.519458654469747
025,"Clothing, Footwear & Headwear",1998,9210,0.015365389207466915,-0.01414577130236827,0.6778449602928567,-1.5237904934027249
025,"Clothing, Footwear & Headwear",1999,10778,0.05043505467587802,0.006782903233874318,2.2988728697044283,0.7100441465248419
025,"Clothing, Footwear & Headwear",2000,10368,-0.08237468187519151,0.022788931550521637,-3.7606450311802098,2.356048251028928
025,"Clothing, Footwear & Headwear",2001,9011,-0.04976310260751337,0.009717403031281857,-2.259781921626787,1.0867208921592753
025,"Clothing, Footwear & Headwear",2002,10177,-0.08373214864998539,-0.007684518666608289,-4.025603353205806,-0.8217347486075548
025,"Clothing, Footwear & Headwear",2003,12738,-0.05099888116810648,0.0018360079562729315,-2.581581712144203,0.33050174051899484
025,"Clothing, Footwear & Headwear",2004,16364,-0.25576870719509454,0.019536554867662616,-13.00688340900188,4.783800091236907
025,"Clothing, Footwear & Headwear",2005,17803,-0.19351528040185942,0.062432014668329566,-7.843552705150827,8.165792994961004
025,"Clothing, Footwear & Headwear",2006,18307,-0.08771069116522436,0.07850289346029014,-4.441756603827783,7.2365658476180705
025,"Clothing, Footwear & Headwear",2007,19605,-0.05681303491434385,0.05035012260568411,-3.4769346674446866,5.1069186188868025
025,"Clothing, Footwear & Headwear",2008,19108,-0.05879363245638838,0.027695506852907247,-3.260592051035358,3.6829439882378305
025,"Clothing, Footwear & Headwear",2009,17160,-0.047724537299809425,0.013647921602657015,-2.5039619564494044,2.240654398131053
025,"Clothing, Footwear & Headwear",2010,19112,-0.06897031969143362,0.02280110061462511,-4.126836163329358,3.1996043982585913
025,"Clothing, Footwear & Headwear",2011,20291,-0.04537483921340253,0.007388420098841348,-2.857554964859624,1.2051416404688389
025,"Clothing, Footwear & Headwear",2012,22206,-0.0642050112214155,0.00957316893508706,-4.209331179173403,1.589318016235663
025,"Clothing, Footwear & Headwear",2013,23604,-0.05965560988011212,0.02646523886687566,-3.8731331892244096,4.696567989367837
025,"Clothing, Footwear & Headwear",2014,25716,-0.00246879185151913,-0.0015295366037596824,-0.16555326611540921,-0.2911257558373555
025,"Clothing, Footwear & Headwear",2015,28752,-0.043048733741204846,0.005173698110965086,-3.194150148643725,0.9718213349361278
025,"Clothing, Footwear & Headwear",2016,31992,-0.09411192243377539,0.0002504059878448184,-7.319667033412411,0.048447512703772365
025,"Clothing, Footwear & Headwear",2017,37365,-0.07887358355696356,0.018198734742875637,-6.6388412249838265,4.066556452756794
025,"Clothing, Footwear & Headwear",2018,38444,0.055696063190161585,0.001180729490894576,4.756635880727715,0.3714898832701335
025,"Clothing, Footwear & Headwear",2019,43508,0.0925603156841263,0.00923394512085868,9.04739125466281,2.6941085331686523
025,"Clothing, Footwear & Headwear",2020,64143,0.2260439560653785,-0.010550808189805345,24.29570776994057,-4.062411168670689
025,"Clothing, Footwear & Headwear",2021,63743,0.2796232146013653,-0.012170139810667197,28.284578811219735,-3.986433999198211
026,"Trim, Lace & Notions",1993,540,0.3265445438028774,-0.08958029104448045,3.4155221402404887,-1.4603675634016473
026,"Trim, Lace & Notions",1995,570,0.13792042666405724,0.03254589164902769,1.2476077731990913,0.6457896305588209
026,"Trim, Lace & Notions",1996,626,-0.09550647895340997,-0.10633276882781197,-1.0485969524963827,-2.202658255844105
026,"Trim, Lace & Notions",1997,563,-0.06864149040143809,-0.09322250891064097,-0.7342463791785531,-1.639652955202623
026,"Trim, Lace & Notions",1999,518,-0.1668472704719063,0.07161484073781484,-1.6011391114589206,1.1090862209530215
026,"Trim, Lace & Notions",2000,500,-0.2992947456254658,0.026113674180161327,-2.533276426677473,0.792657557949163
026,"Trim, Lace & Notions",2003,564,-0.18042146819836083,0.048215314084003806,-1.7949966139234557,1.236889038845648
026,"Trim, Lace & Notions",2004,684,-0.24646234424790714,0.07261909333287027,-2.817857799124499,1.9254412127447653
026,"Trim, Lace & Notions",2005,725,-0.26004396807229024,0.12772517557968524,-2.8504311172039865,2.3864570915413696
026,"Trim, Lace & Notions",2006,836,-0.42542830081985433,0.11605604631121036,-3.706790466262653,3.2142053635636216
026,"Trim, Lace & Notions",2007,952,-0.23030065582973547,0.0428689904757401,-2.560099700013624,1.132901910661701
026,"Trim, Lace & Notions",2008,950,-0.2695496413874565,0.11434793066721201,-2.636633220280208,2.4594891653697872
026,"Trim, Lace & Notions",2009,875,-0.025198964035075978,0.035991071041052404,-0.267940660929201,0.6294103406670251
026,"Trim, Lace & Notions",2010,988,-0.05030851684610528,-0.02755732720616971,-0.663130996721157,-0.7311963030731972
026,"Trim, Lace & Notions",2011,1051,-0.025665757535869697,0.022419762171562236,-0.36627373652782996,0.7988052967723553
026,"Trim, Lace & Notions",2012,1144,-0.052419263361401826,0.020513023779198926,-0.7360649809239075,0.4912702624498861
026,"Trim, Lace & Notions",2013,1218,0.05173307440575979,-0.012668740489224922,0.6857328902464934,-0.3402318696828633
026,"Trim, Lace & Notions",2014,1214,0.06647485608958464,-0.031226112525096737,0.9311099779803447,-0.6763998584798375
026,"Trim, Lace & Notions",2015,1546,-0.07930238661212453,-0.0496343450256693,-1.1464034481148118,-1.4857147068177685
026,"Trim, Lace & Notions",2016,2006,-0.05480311355667346,-0.19117433863883698,-0.9012646201230189,-4.377196203366239
026,"Trim, Lace & Notions",2017,3123,-0.26515667771197526,0.009842969324111751,-5.881226219478941,0.5556685729719172
026,"Trim, Lace & Notions",2018,2574,-0.20015620472246334,0.011464718058078326,-4.111658023773219,0.45368625097777104
026,"Trim, Lace & Notions",2019,3201,-0.3031801511756761,0.05497788697763979,-7.179715646174789,2.1524529654942106
026,"Trim, Lace & Notions",2020,5610,-0.41073504519687587,-0.067777492974369,-10.577472433164631,-4.7613364210367175
026,"Trim, Lace & Notions",2021,6685,-0.09245622756188086,0.0007488534598368731,-3.217463817514915,0.12444365933794496
027,Carpets & Wall Hangings,2004,562,-0.330938938921581,-0.09548299317659013,-3.6418089987062827,-1.6130756349887758
027,Carpets & Wall Hangings,2005,609,-0.12752550826576114,-0.02385753467517885,-1.4398999292649035,-0.6078268882675861
027,Carpets & Wall Hangings,2006,645,-0.06458094113403438,-0.005408909566534957,-0.786751461852733,-0.1359713433064395
027,Carpets & Wall Hangings,2007,638,-0.14823692267156094,-0.009651516464867652,-1.7916016846060117,-0.20603303675062704
027,Carpets & Wall Hangings,2008,651,-0.05822680212686968,-0.03200269442984109,-0.7076364926080368,-0.7051612160287749
027,Carpets & Wall Hangings,2009,550,0.16830436408341617,0.046950167579757326,1.804496192874534,0.9277550936579594
027,Carpets & Wall Hangings,2010,549,-0.00035455351640632993,0.03527805976991882,-0.003626251266759605,0.7771189354319731
027,Carpets & Wall Hangings,2011,617,-0.17547412303686255,-0.02807248675193006,-1.7652039570571094,-0.6662067637930714
027,Carpets & Wall Hangings,2012,638,0.08386518353158874,-0.010576224634413052,0.8647054767103433,-0.2835034923204278
027,Carpets & Wall Hangings,2013,731,-0.016012345965139646,0.15271634534612372,-0.14720063596224336,2.5178316485952106
027,Carpets & Wall Hangings,2014,708,-0.2727423320587726,0.05942277280011959,-2.6769990883402746,1.349383597570231
027,Carpets & Wall Hangings,2015,850,-0.24694461128316786,0.05035459830741449,-2.460875103708122,1.2744573215276
027,Carpets & Wall Hangings,2016,1065,-0.36089742224504107,0.0522408021157076,-3.597128417018528,1.215745385235745
027,Carpets & Wall Hangings,2017,1541,0.085490321570714,-0.1224190343710904,1.1145206477856713,-2.7470713252265107
027,Carpets & Wall Hangings,2018,1658,-0.2655287428820699,-0.07787740154727309,-3.8243745674662084,-1.6379954239754373
027,Carpets & Wall Hangings,2019,1753,-0.2093063342474507,-0.13238872392649503,-3.3717007400986976,-2.6335777603520674
027,Carpets & Wall Hangings,2020,3178,-0.4896085706238481,0.03310992645889112,-10.294868540367615,0.9347380168983852
027,Carpets & Wall Hangings,2021,3763,0.09288827190411818,-0.010496515437049955,2.5357033745710598,-0.6138929468052243
028,"Toys, Games & Sporting Goods",1990,5638,-0.015705155737178535,0.014077576440865457,-0.49953782203140695,0.9814527234665978
028,"Toys, Games & Sporting Goods",1991,5842,0.0596279656646532,0.003733379081158812,2.2576087938468627,0.2682003386573309
028,"Toys, Games & Sporting Goods",1992,6555,0.018927498463173133,-0.01378054814660828,0.7456205513829921,-1.0716610113389533
028,"Toys, Games & Sporting Goods",1993,7775,0.014815942121892288,-0.012719718715220646,0.6327160161298142,-1.0720074330590672
028,"Toys, Games & Sporting Goods",1994,8366,0.030089409002713393,-0.02620342420549521,1.313205503016121,-2.52355838446081
028,"Toys, Games & Sporting Goods",1995,9232,-0.004656535641624448,-0.024375427069251634,-0.21295829160435142,-2.3034783476154455
028,"Toys, Games & Sporting Goods",1996,9455,0.009854237990991055,-0.0011905774287547062,0.4614370375412937,-0.11086100612015763
028,"Toys, Games & Sporting Goods",1997,8577,-0.005968606796682839,-0.030948969169417036,-0.25350190104786363,-2.4874005479321113
028,"Toys, Games & Sporting Goods",1998,6414,-0.0951525996060266,0.016129797080973115,-3.3731450154239218,1.2567641437701815
028,"Toys, Games & Sporting Goods",1999,6824,0.02395371163086791,0.022155175318839267,0.8910793547128326,1.4919162849161758
028,"Toys, Games & Sporting Goods",2000,6550,-0.07270835249766947,0.02062994015677024,-2.5953304928362826,1.6328269229497874
028,"Toys, Games & Sporting Goods",2001,7139,-0.00934981259584106,0.5039149636833746,-0.20676824431283192,15.453771596753208
028,"Toys, Games & Sporting Goods",2002,6111,-0.10472495838028407,0.032412714087341296,-3.6736486878671286,3.42317588803892
028,"Toys, Games & Sporting Goods",2003,6915,-0.015273247718712114,-0.016604572030069497,-0.617766626205616,-1.791155477164759
028,"Toys, Games & Sporting Goods",2004,7947,-0.16172192709475483,0.015059805691246557,-6.427730995952201,1.3803774237404065
028,"Toys, Games & Sporting Goods",2005,7570,-0.12386301189865172,-0.006260395434627694,-4.874643702473901,-0.7079146089570569
028,"Toys, Games & Sporting Goods",2006,7500,-0.11437087242560344,-0.04901429220616047,-4.6441844624338025,-4.333746650146911
028,"Toys, Games & Sporting Goods",2007,7983,-0.12841077557071184,0.005370543634650744,-5.270876721912769,0.7073045621145686
028,"Toys, Games & Sporting Goods",2008,7641,-0.12998591061471357,0.028901043775836077,-5.174220257125688,2.4813462895792178
028,"Toys, Games & Sporting Goods",2009,6874,-0.13424238084912632,0.022752711715330092,-4.882149680313174,1.97189065918708
028,"Toys, Games & Sporting Goods",2010,7328,-0.06991779489914296,0.007117948809378205,-2.7163631807402604,0.6291026404031923
028,"Toys, Games & Sporting Goods",2011,7821,-0.1587763212574951,0.04087596308521636,-6.009403918924229,3.7401835235095873
028,"Toys, Games & Sporting Goods",2012,8961,-0.15458729127948218,0.048108118875007724,-4.835268346969494,4.281267335921915
028,"Toys, Games & Sporting Goods",2013,9018,-0.0237147485426743,0.01663731250406519,-1.0429027314272417,1.4526942712211648
028,"Toys, Games & Sporting Goods",2014,9445,-0.006557453125261631,-0.002558022169869192,-0.29238281369560676,-0.28077267311774673
028,"Toys, Games & Sporting Goods",2015,10663,-0.0004598960344460437,-0.018147215072420574,-0.021548105698842756,-1.9427724556503305
028,"Toys, Games & Sporting Goods",2016,12211,-0.1400209253159506,0.016286288227326636,-6.800117968840209,1.4811044134115512
028,"Toys, Games & Sporting Goods",2017,15416,-0.19199830256368758,0.04506807197465048,-10.248236313681288,5.647913311399092
028,"Toys, Games & Sporting Goods",2018,15609,-0.20782795865364806,-0.008728414190775758,-11.66761339642325,-0.9169162817972808
028,"Toys, Games & Sporting Goods",2019,17204,-0.20046454127590002,-0.009694334741346063,-12.116654799240179,-0.9577286743226142
028,"Toys, Games & Sporting Goods",2020,31852,-0.21872738359724667,0.0024767767395018816,-16.66448294459395,0.2859039529036407
028,"Toys, Games & Sporting Goods",2021,33085,0.21385572559475316,0.010412636224552066,16.71206678133656,1.875685522172012
029,"Meat, Dairy & Prepared Foods",1990,2517,-0.004326181236243133,0.004613518737491505,-0.08086469527498624,0.19499015474326928
029,"Meat, Dairy & Prepared Foods",1991,2551,0.053550198691073386,-0.012342821613700681,1.3293380187798538,-0.5835103868838022
029,"Meat, Dairy & Prepared Foods",1992,2437,-0.022319194703605258,0.027313912835857455,-0.523853130425502,1.3160794133085587
029,"Meat, Dairy & Prepared Foods",1993,2684,0.10931591247551949,0.035699523001269516,2.7094227177175036,1.880745560282387
029,"Meat, Dairy & Prepared Foods",1994,2634,0.01679454642696394,-0.019822955062409938,0.41443507695225584,-1.0542752855790376
029,"Meat, Dairy & Prepared Foods",1995,2905,0.07640278417881843,0.02039026934479025,1.8835926580807165,0.9626963618015919
029,"Meat, Dairy & Prepared Foods",1996,3215,0.11221773709100293,0.022138915500545694,2.80730331884573,1.0675495202470457
029,"Meat, Dairy & Prepared Foods",1997,3002,0.09439858078974997,0.052364416114953995,2.1880754813130427,2.2742593444720978
029,"Meat, Dairy & Prepared Foods",1998,2110,0.06438128819330197,-0.02306899054825123,1.3070947847005598,-0.8489591369240095
029,"Meat, Dairy & Prepared Foods",1999,2476,0.039566692536802416,-0.026128196396844345,0.864443294661541,-1.2103584680720354
029,"Meat, Dairy & Prepared Foods",2000,2459,-0.007545525937166439,0.006910161234986865,-0.1780725362316851,0.3103171037916127
029,"Meat, Dairy & Prepared Foods",2001,2410,-0.030268335498137566,0.026227498798990112,-0.6980009627156937,1.431805102938861
029,"Meat, Dairy & Prepared Foods",2002,2722,0.009199850274342503,0.013514008889975542,0.232769139464171,0.8125664083195816
029,"Meat, Dairy & Prepared Foods",2003,3326,-0.07674478998087983,-0.012358968394011741,-2.1446169870424914,-0.562734218936999
029,"Meat, Dairy & Prepared Foods",2004,3789,-0.11718941734477735,-0.10560230118830602,-3.3226295873193474,-4.950313797867106
029,"Meat, Dairy & Prepared Foods",2005,3751,-0.17666134714112977,0.004736809820684639,-4.944200942089472,0.2500637086950945
029,"Meat, Dairy & Prepared Foods",2006,3994,-0.07290635925052696,0.002005210006762192,-2.0881803002349995,0.1460219135887404
029,"Meat, Dairy & Prepared Foods",2007,4232,-0.05488720223153847,0.027623473629752766,-1.5966079879155968,1.6575422581990267
029,"Meat, Dairy & Prepared Foods",2008,3988,-0.09276670538495721,0.01422257844009357,-2.6779955424122095,0.9582109746828027
029,"Meat, Dairy & Prepared Foods",2009,3864,-0.0412515142839525,0.0214980108443191,-1.1699450771633004,1.5492053884486794
029,"Meat, Dairy & Prepared Foods",2010,4112,-0.03999397378350635,-0.0001445876699131162,-1.2153946757790492,-0.011909284411623939
029,"Meat, Dairy & Prepared Foods",2011,4601,-0.06619320874483182,-0.0095685361083606,-2.1879934644147427,-0.764746064172789
029,"Meat, Dairy & Prepared Foods",2012,4618,-0.07103410582375776,0.01751587683420765,-2.2949150367541584,1.24565009330477
029,"Meat, Dairy & Prepared Foods",2013,5114,0.02427686722536604,-0.047827042638250584,0.8282027610105277,-3.364756890618542
029,"Meat, Dairy & Prepared Foods",2014,5442,-0.05940310260419781,-0.010175235579961715,-2.092184651657551,-0.9704142824396116
029,"Meat, Dairy & Prepared Foods",2015,6131,-0.0318393853136592,-0.018712329576133415,-1.2277747146974451,-1.753777841376132
029,"Meat, Dairy & Prepared Foods",2016,6436,-0.0015577130844256206,0.01028613319278401,-0.056605835944406595,1.339042508029724
029,"Meat, Dairy & Prepared Foods",2017,6900,0.013055793532945543,0.015487796571580732,0.47651407508131366,1.7674124334081645
029,"Meat, Dairy & Prepared Foods",2018,7111,0.12544040054814132,0.00447228457151856,4.098884487164146,0.5974089662555999
029,"Meat, Dairy & Prepared Foods",2019,7625,0.11724576358299267,0.018371811249066047,3.683203327670447,2.0380629130708154
029,"Meat, Dairy & Prepared Foods",2020,7852,-0.06175629381575429,0.023559094247267848,-2.5706918036603286,2.4885415156837216
029,"Meat, Dairy & Prepared Foods",2021,7675,-0.03717858470323192,0.02588198443909335,-1.4542476464226843,3.455144563909793
030,"Coffee, Tea, Bakery & Spices",1990,3512,0.01089478798139261,-0.029002573931508267,0.2574643553719649,-1.4999330094030598
030,"Coffee, Tea, Bakery & Spices",1991,3301,0.0062338954452978365,-0.052135119877495514,0.17525086627793107,-2.9501306495235102
030,"Coffee, Tea, Bakery & Spices",1992,3516,-0.021572461693819864,-0.0051612683394166295,-0.63397474768393,-0.28148814847610615
030,"Coffee, Tea, Bakery & Spices",1993,4184,0.035485913769800516,0.0011900813027505147,1.107428389252403,0.06817511672121505
030,"Coffee, Tea, Bakery & Spices",1994,4394,0.06422514816008645,0.004271997293291126,1.9481875660659296,0.2963001286032137
030,"Coffee, Tea, Bakery & Spices",1995,4747,-0.048975392153557354,-0.017471289490988647,-1.494469974803876,-1.044563566849679
030,"Coffee, Tea, Bakery & Spices",1996,4844,0.09094006243829554,-0.03489468105008793,2.827651483884571,-2.061974058662666
030,"Coffee, Tea, Bakery & Spices",1997,4594,0.021345639559347044,0.017929878569507205,0.6400212095752412,0.9841593253873199
030,"Coffee, Tea, Bakery & Spices",1998,3405,0.10176954957384389,-0.014928724647661621,2.7608090333938273,-0.7177986180602435
030,"Coffee, Tea, Bakery & Spices",1999,3654,0.00400651382731475,0.004165976371600883,0.11334123619046702,0.2112402005677778
030,"Coffee, Tea, Bakery & Spices",2000,3480,0.05132045850727982,-0.012112990378687611,1.453868622729276,-0.5846444412715662
030,"Coffee, Tea, Bakery & Spices",2001,3590,-0.0019974975230347236,0.04437846992425458,-0.058073598338946965,2.1930820538350706
030,"Coffee, Tea, Bakery & Spices",2002,3806,0.09719265040013218,-0.007321481348390465,2.9338475774888666,-0.4204928379212324
030,"Coffee, Tea, Bakery & Spices",2003,4615,0.03769077948365712,-0.012421285131172122,1.227419800413733,-0.7903127137676819
030,"Coffee, Tea, Bakery & Spices",2004,5499,-0.20584589349330232,-0.035097037752999244,-7.004947461595587,-1.9594569948236003
030,"Coffee, Tea, Bakery & Spices",2005,5517,-0.09189879989138862,-0.014300642332851589,-3.1346279397508665,-0.8755852979526411
030,"Coffee, Tea, Bakery & Spices",2006,5874,-0.057819352972765095,0.0014680022282451495,-2.0535126222857896,0.1295760438690948
030,"Coffee, Tea, Bakery & Spices",2007,6002,-0.04428928757660106,0.026905362264119236,-1.5830670031570866,2.052285056057475
030,"Coffee, Tea, Bakery & Spices",2008,5714,-0.0830892058429667,0.005628772266168099,-2.8971976170386915,0.5890926634309895
030,"Coffee, Tea, Bakery & Spices",2009,5614,-0.03374163804191667,0.020565903687369234,-1.1748618041865764,1.7805323491756262
030,"Coffee, Tea, Bakery & Spices",2010,6321,-0.07601874298805862,-0.005622595944714931,-2.7802153889073717,-0.6752657124025749
030,"Coffee, Tea, Bakery & Spices",2011,6897,-0.02781411304008354,0.002496820815158603,-1.107878017560095,0.293637910369057
030,"Coffee, Tea, Bakery & Spices",2012,7237,-0.03561133319223969,-0.003904820286320763,-1.0935258965451906,-0.7553288722966702
030,"Coffee, Tea, Bakery & Spices",2013,8172,0.03689038287597358,-0.01918734886783143,1.2148385248372102,-2.527150777926881
030,"Coffee, Tea, Bakery & Spices",2014,9194,-0.018315456390474823,-0.004244601563239347,-0.621674789324421,-0.5340709914714701
030,"Coffee, Tea, Bakery & Spices",2015,9258,-0.019842467177018347,0.029009756549911173,-0.8577510578874032,3.9481644859676495
030,"Coffee, Tea, Bakery & Spices",2016,9650,-0.02669830320190388,0.007132736796855788,-1.2895715223904085,1.01443180010667
030,"Coffee, Tea, Bakery & Spices",2017,10340,0.0391303115795917,0.004918328952808934,1.8424985526629325,0.7281463326778077
030,"Coffee, Tea, Bakery & Spices",2018,11115,0.1518832901511972,-0.0013474246375718897,6.014659579013878,-0.2682840455854595
030,"Coffee, Tea, Bakery & Spices",2019,11665,0.1330393318533405,0.01532848863872016,5.845671342269625,2.3291558969350326
030,"Coffee, Tea, Bakery & Spices",2020,12765,-0.023995525471615084,0.016445519352153694,-1.309985293549839,2.135638992718733
030,"Coffee, Tea, Bakery & Spices",2021,12966,-0.07344689392248115,0.026740285105400587,-4.056820406193563,3.5863690208915697
031,Agriculture & Live Animals,1990,1333,-0.07230822150090578,0.008545902948856621,-1.1135354497261987,0.27673681246905873
031,Agriculture & Live Animals,1991,1379,0.026431875253887707,0.06911889570166338,0.4743357494257403,2.328922366199509
031,Agriculture & Live Animals,1992,1251,0.15842536272124094,0.05206549173268129,2.7150698619628453,1.588099102375788
031,Agriculture & Live Animals,1993,1547,-0.02203975413294227,0.02373419857654502,-0.40655734298964935,0.809297554533131
031,Agriculture & Live Animals,1994,1457,0.05217704153463144,-0.0140128782813502,0.9344613502594955,-0.4809521697964426
031,Agriculture & Live Animals,1995,1706,0.05253474698807997,0.10598739145063904,0.9481424027392482,3.217478456835675
031,Agriculture & Live Animals,1996,1682,0.01691845897855843,0.02092876047027293,0.30845043959945806,0.7368452020021247
031,Agriculture & Live Animals,1997,1647,0.062426492504502815,0.015127965530644466,1.130275478290089,0.5772516798980443
031,Agriculture & Live Animals,1998,1067,0.046942433682610606,0.08747786844317022,0.6568629960385547,2.0728951035462226
031,Agriculture & Live Animals,1999,1249,0.009132570147090529,0.101241182259415,0.1417864418811682,2.783592135993081
031,Agriculture & Live Animals,2000,1279,0.023728236515983936,-0.04698489739782411,0.4054309675731432,-1.475907466586858
031,Agriculture & Live Animals,2001,1122,0.08321291053634208,0.03662170617533446,1.3459018268799443,1.052135059151526
031,Agriculture & Live Animals,2002,1267,-0.03345976612369575,0.05885183983731074,-0.576692729605731,1.714334334747379
031,Agriculture & Live Animals,2003,1454,-0.05969889824595677,0.015462686171728522,-1.0407917092861332,0.5312258973037379
031,Agriculture & Live Animals,2004,1676,-0.0098182920607552,-0.014257609694571561,-0.18770258683693697,-0.49706174903849626
031,Agriculture & Live Animals,2005,1718,-0.21295719253342743,0.010817174658475502,-4.001091049166866,0.3701170462488369
031,Agriculture & Live Animals,2006,1715,0.02507707886188194,-0.08053038014535767,0.47508758091299336,-2.8543257126633774
031,Agriculture & Live Animals,2007,1657,-0.06038448782567408,0.0137246260752554,-1.141479083196417,0.49250304622218355
031,Agriculture & Live Animals,2008,1732,-0.022020191827293836,-0.00160980095318238,-0.42258246697064594,-0.07436815724051407
031,Agriculture & Live Animals,2009,1663,0.012626379514133718,0.04048860028223399,0.24464674630679692,1.4513762190940562
031,Agriculture & Live Animals,2010,1785,0.031864887255205636,0.0467762303076492,0.6169841994901905,1.8497163034272877
031,Agriculture & Live Animals,2011,1859,-0.009936685965413248,-0.011045637296238968,-0.20512443311232645,-0.5061784078847458
031,Agriculture & Live Animals,2012,1927,0.014468913459070365,-0.00840657255178526,0.30911463026761443,-0.3494562855204143
031,Agriculture & Live Animals,2013,2120,-0.07834135526056453,-0.001992328738189447,-1.7472514024844086,-0.08784053349605116
031,Agriculture & Live Animals,2014,2185,-0.07346402808158456,0.053659715628093206,-1.5961045381879644,2.3250217956996266
031,Agriculture & Live Animals,2015,2499,-0.02715545331809095,-0.020678114810890193,-0.6620668916858667,-0.9719308862272626
031,Agriculture & Live Animals,2016,2864,0.06596238639213536,-0.029104231995205638,1.5868835970928392,-1.3918657108870818
031,Agriculture & Live Animals,2017,3094,0.1258251332568137,-0.0029773236941981933,3.1281554795301774,-0.2675899815096292
031,Agriculture & Live Animals,2018,3528,0.2207280214761817,0.006993450127010324,5.096910113789841,0.49808619034176504
031,Agriculture & Live Animals,2019,3946,0.1455579520679649,0.04949347235914539,4.130244157695503,2.745492676474234
031,Agriculture & Live Animals,2020,4182,-0.06908188783429815,0.07620319729906133,-2.0820916394997604,3.6446256781348194
031,Agriculture & Live Animals,2021,4545,-0.18065954738830337,0.04248406630385003,-5.272934712955575,2.684968430400952
032,Beer & Soft Drinks,1990,1108,-0.1313966864980472,0.0346559874399356,-1.6814529405869498,1.0568131499590758
032,Beer & Soft Drinks,1991,1211,0.2484150199366826,-0.07805796893272154,4.120511238023843,-2.1910269976413392
032,Beer & Soft Drinks,1992,1279,0.06896622515492018,-0.026349233245100457,1.200166184192828,-0.9759207259823126
032,Beer & Soft Drinks,1993,1686,0.07428706964397651,-0.0164853861988669,1.4085924479938359,-0.653247929163191
032,Beer & Soft Drinks,1994,1787,0.13026809264236577,-0.02495494232016144,2.4860412701371257,-0.7708945114301946
032,Beer & Soft Drinks,1995,2213,0.05829068313439373,0.05331429000458019,1.1098661962231535,1.8482819387439817
032,Beer & Soft Drinks,1996,2322,-0.008946868540670862,-0.006814910559080519,-0.1868039166584983,-0.27597579373464093
032,Beer & Soft Drinks,1997,2014,0.11567090422440307,0.06217417282491298,1.9536976610726104,2.0682103283112183
032,Beer & Soft Drinks,1998,1375,0.16125092441658015,0.015889016802540255,2.411305105479011,0.5142015582738865
032,Beer & Soft Drinks,1999,1473,0.11241241863333816,-0.010066186617971973,1.9020447379859116,-0.34336179321292926
032,Beer & Soft Drinks,2000,1425,-0.024242548518574093,-0.03476617255701054,-0.4344686297657459,-1.1306254402792153
032,Beer & Soft Drinks,2001,1538,0.10421210182731666,0.042244233936849854,1.8750608263708561,1.3434115172289327
032,Beer & Soft Drinks,2002,1685,0.18318658407539973,-0.02334197755851729,3.6211770962737893,-0.8422257377742723
032,Beer & Soft Drinks,2003,1945,-0.02834298396038916,0.07075525768595554,-0.5506515445378646,2.3861085872105545
032,Beer & Soft Drinks,2004,2453,-0.12228051263176846,0.017829729873094845,-2.6747707189803815,0.9001515974643862
032,Beer & Soft Drinks,2005,2680,-0.07087016952478077,0.06024789972565921,-1.6552740056535875,2.2389751761738137
032,Beer & Soft Drinks,2006,2863,-0.078130801567844,-0.01850488339432351,-1.9576283996740647,-1.0693580487270928
032,Beer & Soft Drinks,2007,3413,0.020401576339059663,-0.017624536020949415,0.43292846030021986,-1.805187158174684
032,Beer & Soft Drinks,2008,3588,0.005033487194602443,-0.002728583470574783,0.08534846742371359,-0.180334508745366
032,Beer & Soft Drinks,2009,3200,-0.04360466290559004,0.03117331792613672,-0.7777009925898032,1.5866987707409976
032,Beer & Soft Drinks,2010,3489,-0.09396284746809974,0.07412796229702426,-2.0470946314820573,3.1605592744086612
032,Beer & Soft Drinks,2011,3723,-0.04332560012006689,0.013497961076700529,-1.0636309671088244,0.6432693555872627
032,Beer & Soft Drinks,2012,3973,0.023609519455246288,0.0038307118776988646,0.6476089452923796,0.21390551418724868
032,Beer & Soft Drinks,2013,4687,-0.06978159138987021,0.012319404458496242,-2.126304030644273,0.9554502749657465
032,Beer & Soft Drinks,2014,4666,0.026467890194791358,-0.0003868858227143704,0.8778785478752154,-0.05223715213531967
032,Beer & Soft Drinks,2015,5082,0.042122609977887526,-0.045936735304073814,1.4082838203430792,-3.154635768441713
032,Beer & Soft Drinks,2016,5215,0.11122421231665948,-0.013602075998941003,3.7601117678228304,-1.7474135037975798
032,Beer & Soft Drinks,2017,5217,0.1328418630863433,-0.025237068847743648,4.648419252940209,-2.3312224233285628
032,Beer & Soft Drinks,2018,5538,0.16197791030338685,0.03939732805391416,5.011311853940295,3.1303855705958097
032,Beer & Soft Drinks,2019,6130,0.24856503835857643,0.10731224155232517,7.873614204162233,7.161870439585363
032,Beer & Soft Drinks,2020,5942,0.02237029278273779,-0.0019113260488089136,0.7516338377992297,-0.1487743015470373
032,Beer & Soft Drinks,2021,6031,0.032473041781445694,-0.006530960198577742,1.0266183374374633,-0.5263600598276462
033,Wine & Spirits,1994,605,0.0564262173521843,0.05873847162029838,0.6284343546719534,0.934920118242922
033,Wine & Spirits,1995,658,0.07650705644834614,0.02216731088082448,0.772264607383185,0.42983855245455505
033,Wine & Spirits,1996,749,0.03194643811520859,-0.08571469454498798,0.357616350797366,-2.371604864079187
033,Wine & Spirits,1997,743,0.26476125228682834,0.05937099884875816,2.6835935491908707,1.3605241453972596
033,Wine & Spirits,1998,524,0.37285106612331576,-0.07598252930765843,3.2019698499783753,-1.2842231552994348
033,Wine & Spirits,1999,575,0.0824287849461362,0.007745564043419311,0.8092464767546093,0.13971676470640843
033,Wine & Spirits,2000,629,-0.050635266248375305,0.011011042011142124,-0.5926415890324954,0.2724750578131054
033,Wine & Spirits,2001,693,0.19986479167009755,0.02076299106037698,2.403166659359946,0.45775181649750407
033,Wine & Spirits,2002,827,0.02090708698320619,0.011911679769091459,0.25293905923689225,0.3373169872793419
033,Wine & Spirits,2003,967,-0.013025092568800018,-0.05591639193860504,-0.1810968728100948,-1.9310564024395966
033,Wine & Spirits,2004,1413,-0.46908554950851983,0.03775834998498131,-6.925943367203566,1.498199556392686
033,Wine & Spirits,2005,1481,-0.23617789711252535,0.05880042382132811,-3.9488193817813686,2.0229345806152814
033,Wine & Spirits,2006,1599,0.03031640739370552,-0.02653641962279977,0.5498736048879761,-1.0207364025993126
033,Wine & Spirits,2007,1756,-0.12191311465546885,0.0033325294924498295,-2.04726542668147,0.13122147635880102
033,Wine & Spirits,2008,1983,0.0036099598286899143,-0.025175204180468046,0.06664929640746917,-0.6882385006263491
033,Wine & Spirits,2009,1785,-0.00325016543796798,-0.04872044487436294,-0.06126804756563038,-1.1409269779286972
033,Wine & Spirits,2010,2221,-0.14518496878967407,0.005704340135481576,-3.096989291198399,0.20517788378885354
033,Wine & Spirits,2011,2882,-0.011503247509886794,0.0579841133371298,-0.2904647875914767,2.2030906274506683
033,Wine & Spirits,2012,3333,-0.06319880001074268,0.006424427949218445,-1.6997658173882588,0.4743983517555883
033,Wine & Spirits,2013,3580,-0.05682555201453146,-0.0016780980431642736,-1.3730593504998143,-0.22446272870191952
033,Wine & Spirits,2014,3836,0.0017251398434749898,-0.01875047900825726,0.04005956851995173,-2.184906994060737
033,Wine & Spirits,2015,4017,0.028414302830070202,-0.017984938384779908,0.5930624259505635,-1.9730901427767744
033,Wine & Spirits,2016,4045,-0.11087476251637451,-0.015181011690141154,-2.228175841852519,-1.0958204278177706
033,Wine & Spirits,2017,4063,0.17015095255585197,-0.04412038135719097,3.3800203765659083,-2.3089738421296016
033,Wine & Spirits,2018,4570,0.07069125129771087,0.007820138636540288,1.889268491442509,0.6548566461807898
033,Wine & Spirits,2019,5086,0.0961575665036705,-0.008925404317277306,3.0050174148309177,-0.7500520765940181
033,Wine & Spirits,2020,5713,0.009805974484617338,-0.02023718263731046,0.3444242051582016,-1.5955759617759002
033,Wine & Spirits,2021,6367,0.020574702928051913,0.004919697939329863,0.7667914425011715,0.6166560522767758
034,Tobacco & Smokers' Articles,1996,561,0.004098790761496916,0.020126396553743476,0.04544696277901404,0.3624205810729679
034,Tobacco & Smokers' Articles,1997,787,0.028279765461517125,0.02247904928030734,0.3291976893581521,0.4701158547719704
034,Tobacco & Smokers' Articles,2006,563,-0.2766108483823973,0.03820814636176468,-2.956283437491767,0.6988536212992138
034,Tobacco & Smokers' Articles,2007,552,-0.19609982746681656,0.05366922506378516,-1.9119155795167306,0.9681814188475909
034,Tobacco & Smokers' Articles,2008,601,-0.2814769708515905,0.08740920207277376,-2.2666769793242145,2.275387047439009
034,Tobacco & Smokers' Articles,2009,611,-0.312317441654877,0.10717294409080906,-2.611750332947496,1.5252684020278426
034,Tobacco & Smokers' Articles,2010,626,-0.2468514805535256,-0.0002018632513441109,-2.079299620566225,-0.0034661587383691163
034,Tobacco & Smokers' Articles,2011,806,-0.17021578095961323,0.005853300287555289,-1.6695825822680894,0.1095992304588242
034,Tobacco & Smokers' Articles,2012,1009,-0.02743278998728253,-0.016272863447284947,-0.34621997218130285,-0.30501399531515666
034,Tobacco & Smokers' Articles,2013,1665,0.17648650996879153,-0.03645500286024842,3.3934828944045345,-0.9170682741333666
034,Tobacco & Smokers' Articles,2014,2044,0.13373934908833301,-0.09491402452898771,2.681345059904699,-3.4374391401662048
034,Tobacco & Smokers' Articles,2015,2903,-0.016343596709760766,-0.004799351950201341,-0.4176042004415077,-0.21096612002661325
034,Tobacco & Smokers' Articles,2016,2316,0.1337570039803916,-0.027998049786804816,2.8418595942954803,-1.695289613254148
034,Tobacco & Smokers' Articles,2017,2734,0.23518377508286006,-0.013322843061481088,4.88313026827575,-0.8150131893943071
034,Tobacco & Smokers' Articles,2018,3104,0.24129051221293482,-0.05354574604720047,4.071913366839979,-2.757081136528758
034,Tobacco & Smokers' Articles,2019,3972,0.1118807151645703,-0.031051783117114904,3.030460628278909,-1.6470004948075665
034,Tobacco & Smokers' Articles,2020,3246,-0.12385590012431283,0.03482075134606866,-3.166637689511769,2.0263757390035804
034,Tobacco & Smokers' Articles,2021,3860,-0.16766950561617072,0.08840356038119254,-4.400427829856582,4.682648367285989
035,Advertising & Retail,1990,4207,0.058673858810958573,-0.033464494125182515,1.6029107282868795,-1.7687866071967289
035,Advertising & Retail,1991,4366,0.16621201591000967,-0.004690975693664904,5.290286015899111,-0.2871933202634532
035,Advertising & Retail,1992,4527,0.2714850997204913,0.03058736815483975,8.395689511733785,1.696052186552458
035,Advertising & Retail,1993,5586,0.20004884151399893,0.006595542119262909,6.8062423736311315,0.45227806438743634
035,Advertising & Retail,1994,6133,0.27300802415535286,-0.05311965035631467,9.236715110842324,-4.4148896724832
035,Advertising & Retail,1995,7903,0.21548814577906508,-0.06855442263032148,7.923979686868786,-5.164797143792947
035,Advertising & Retail,1996,12695,0.030954474195102638,-0.09114411113663436,1.630111720737139,-6.958528563021737
035,Advertising & Retail,1997,16177,0.04356817883185907,0.015754678167297937,2.6800614167154766,1.7214653640672997
035,Advertising & Retail,1998,14587,0.16086537794811157,0.012996953359942817,9.107880448809134,1.4149833070142794
035,Advertising & Retail,1999,25762,0.16025423152819018,0.022093194426399888,11.86262400984203,2.901125295632169
035,Advertising & Retail,2000,32197,-0.03645689910471701,0.03296704141896479,-3.104893138820088,4.89886026603394
035,Advertising & Retail,2001,18012,-0.04287101253680536,0.012418833618451202,-2.850643099702818,1.809646539078743
035,Advertising & Retail,2002,18109,-0.005429607220492299,-0.020172582308706218,-0.3513380030481587,-2.6835518732385246
035,Advertising & Retail,2003,20099,0.05121514740630514,-0.015537130876018691,3.588389571465966,-2.133571535936871
035,Advertising & Retail,2004,24248,-0.06696161633407896,0.013494748671315698,-4.660300671965473,2.339994399489788
035,Advertising & Retail,2005,27987,-0.05417594464969193,0.02987668835425018,-3.9795217551944893,4.586790825031753
035,Advertising & Retail,2006,32511,-0.06369924476190113,0.02233793686103406,-5.301618588063995,4.772106495732278
035,Advertising & Retail,2007,38693,-0.06486168746062639,0.001835080675014767,-5.768306494608212,0.49949971157547246
035,Advertising & Retail,2008,37827,-0.07063416740037186,0.01795387457627419,-6.2548377649701745,4.347912194371027
035,Advertising & Retail,2009,34722,-0.03128509009363931,0.00991894742823989,-2.6357321678153602,2.6328016409257797
035,Advertising & Retail,2010,37086,-0.04452783266078435,0.008831481647620487,-3.9877002974118714,2.432419856306683
035,Advertising & Retail,2011,41716,-0.045428320384995995,0.0008125644094688816,-4.522775954277259,0.21399274741916433
035,Advertising & Retail,2012,42060,-0.044930820734626,-0.004526664639216099,-4.529493620739359,-1.1093128289496093
035,Advertising & Retail,2013,42889,-0.07874419052221317,0.01523695055843947,-7.952592728217362,3.9715306768696568
035,Advertising & Retail,2014,45839,-0.07330895774111094,0.01781668956538871,-7.692504579292991,4.443891709993036
035,Advertising & Retail,2015,49282,-0.07173496650476296,0.02188656497222682,-7.773006754350442,4.934500294493911
035,Advertising & Retail,2016,48717,0.0189181146163066,0.026109663179652597,1.9848293438633005,5.997757670166378
035,Advertising & Retail,2017,52872,-0.02812964805447133,0.055564967110140126,-2.8374561693143283,12.92279429990782
035,Advertising & Retail,2018,55172,0.08774020090810017,0.00454220282352082,8.50193405400117,1.8776655069770485
035,Advertising & Retail,2019,57416,0.07815065602340483,0.022874313760009327,8.504469867264996,6.028882446940731
035,Advertising & Retail,2020,65104,0.0583472907375045,0.015740560706005498,6.887561958123459,4.531185193037174
035,Advertising & Retail,2021,72058,0.06732812655885825,0.01735053243972414,6.587019864477769,7.6786994516522045
036,Insurance & Financial,1990,3426,0.09559363356222768,-0.04171367109333531,2.143600236582651,-1.8230247011308438
036,Insurance & Financial,1991,3411,0.05808382538814479,-0.022277129589012963,1.5577343369367256,-1.0010629399026172
036,Insurance & Financial,1992,3466,0.08413596660416947,-0.055884020903627,2.275852490891005,-2.6607541084136406
036,Insurance & Financial,1993,4710,0.1339188344046343,-0.0077464928500480396,4.170125966051095,-0.5006241257036653
036,Insurance & Financial,1994,5305,0.10040451404142722,-0.004910345056570425,3.3825443302703615,-0.296653049067722
036,Insurance & Financial,1995,6279,0.13077118445037314,-0.03735371690039253,4.460535741619767,-2.6293166649391013
036,Insurance & Financial,1996,7883,0.06988302622808555,-0.021111328598756116,2.8163352647098083,-1.4552777282871534
036,Insurance & Financial,1997,8744,0.05090640656332012,0.006104444756414761,2.272884210728732,0.41172948096097767
036,Insurance & Financial,1998,6993,0.12014229148865556,0.03725606553499455,4.749075772637374,2.2394993018260654
036,Insurance & Financial,1999,11361,0.14648338271588598,0.020469001035857005,7.225944597470065,1.741676476608637
036,Insurance & Financial,2000,13893,-0.06868864376777781,0.01086140500894617,-3.9071904607321013,1.1361574906166358
036,Insurance & Financial,2001,9046,-0.08763348817917352,0.012448679508957875,-4.042594317210334,1.1286978365110278
036,Insurance & Financial,2002,8712,-0.029256363020955297,0.01211295264120118,-1.3223440337171075,0.964091707436549
036,Insurance & Financial,2003,9454,0.02793393270422359,-0.008947476042741157,1.3356502793849463,-0.9131235330305575
036,Insurance & Financial,2004,11122,0.000864971872846096,-0.006194042246915217,0.04307822512487002,-0.6999855472060678
036,Insurance & Financial,2005,12899,-0.01119532729948414,-0.0008739354671714261,-0.6194631946313013,-0.09019386357194024
036,Insurance & Financial,2006,14527,-0.01437620844446584,0.006836848299648893,-0.8374411426498012,0.8935966049501534
036,Insurance & Financial,2007,16364,-0.04935718497784399,-0.0003504994615696903,-2.9447063125920594,-0.04360054348163319
036,Insurance & Financial,2008,14435,-0.056633700866833815,0.003469462201881914,-3.065560459998384,0.4696525660329507
036,Insurance & Financial,2009,12441,-0.02107886863927331,-0.015891490715903404,-1.104372211415015,-1.6583118496174425
036,Insurance & Financial,2010,12859,-0.004875663742344297,-0.021524197823812194,-0.2655727454018245,-2.6222984925396626
036,Insurance & Financial,2011,13926,-0.008815652912982495,-0.016765300172251398,-0.5046054257012345,-1.9995548999536155
036,Insurance & Financial,2012,13852,-0.038844594855212605,-0.009323312854721525,-2.2233238626612204,-1.148677271036349
036,Insurance & Financial,2013,14929,-0.018053081517118607,0.017586684891533606,-1.0488187156940894,2.7350436123107476
036,Insurance & Financial,2014,15824,-0.006512250525101704,0.007855276650573596,-0.37078143980955847,1.4716555219469776
036,Insurance & Financial,2015,17632,0.048648317747740824,0.006249396475411369,3.0648186941351545,1.265454101343201
036,Insurance & Financial,2016,17050,0.1472833228552854,-0.000027387005587178917,8.25227005782025,-0.0060039743181049075
036,Insurance & Financial,2017,19469,0.1688677861156578,0.018508498390722588,8.416334006969683,3.1738772261474595
036,Insurance & Financial,2018,21550,0.2250907538183574,0.019024085497815573,11.75319705813116,2.8713593319737423
036,Insurance & Financial,2019,21021,0.08495025810783716,0.021806572127240416,5.2113094288212345,4.165582722814096
036,Insurance & Financial,2020,22051,0.11438920509639176,0.016345028169940764,6.743381200365105,3.084964432879717
036,Insurance & Financial,2021,25262,0.2605380918802813,0.020129870428276606,13.819872016744734,2.9624006988076292
037,Construction & Repair,1990,1964,-0.020563060524240593,0.016394813379909903,-0.37591332749613016,0.5505905564467132
037,Construction & Repair,1991,1836,0.02855070705201543,0.046355354486413425,0.5686546457679814,1.5616365628583542
037,Construction & Repair,1992,1705,0.03127888787742172,0.05223387464557616,0.5898598718360836,1.739461703847944
037,Construction & Repair,1993,1906,0.006285791942653833,-0.023525218234836512,0.12481101721024204,-0.8459381915593559
037,Construction & Repair,1994,2152,-0.009063394446395154,0.0011914346049636162,-0.1923449853781345,0.04624881178417018
037,Construction & Repair,1995,2580,-0.018914469670949882,-0.02802227613663771,-0.4117773698181978,-1.2918998810693254
037,Construction & Repair,1996,3332,0.016052943868042634,0.03238747204536379,0.42980209055824947,1.5588113589238795
037,Construction & Repair,1997,3321,0.09059723450326111,0.056223126260325926,2.415938726442271,2.589726972659444
037,Construction & Repair,1998,2994,0.07473651665378436,-0.0010918861190283896,1.9356413769510454,-0.04973053737032271
037,Construction & Repair,1999,3524,0.053707347952841454,0.03143237174616158,1.4715938498186738,1.6076306267152982
037,Construction & Repair,2000,4308,-0.02581208705294518,0.0005568608763853711,-0.8341099660092041,0.03106429791978295
037,Construction & Repair,2001,3548,-0.07355142709453626,0.024751496394693876,-2.141067176720291,1.4370183802452987
037,Construction & Repair,2002,3366,-0.026421514641484848,-0.002777300914997046,-0.7469574384339687,-0.13724511119573848
037,Construction & Repair,2003,3699,-0.043798666499708476,-0.039209754321599434,-1.3070245398830191,-1.861307752910712
037,Construction & Repair,2004,4577,-0.09920090227064915,0.00875879789093353,-3.2992630962370475,0.5767159820180037
037,Construction & Repair,2005,5447,-0.12773821266890334,-0.03808133761834024,-4.445387149370131,-2.8432393467270716
037,Construction & Repair,2006,6301,-0.09545963264407023,-0.015444170785397003,-3.6582267257351853,-1.1635020628646897
037,Construction & Repair,2007,7187,-0.10802777594836865,-0.024330953138544255,-4.412517491371366,-1.8245478528309258
037,Construction & Repair,2008,7045,-0.10144015209484794,-0.013756340863488141,-4.107536112482963,-1.1125054311189664
037,Construction & Repair,2009,6072,-0.05928501928299324,0.02147945857186457,-2.1529002150285246,2.187285620309867
037,Construction & Repair,2010,6090,-0.041368041250393534,-0.0008514848281698121,-1.5062089693451772,-0.08188997861835755
037,Construction & Repair,2011,6553,-0.05102192099103126,-0.013605866108539073,-2.0314835873223775,-1.3183995229885168
037,Construction & Repair,2012,6815,0.0064713069464354634,-0.02029124516879205,0.2627321228384358,-1.7675828959535484
037,Construction & Repair,2013,6742,-0.022784550131450153,-0.0013330830250604568,-0.9191818116611284,-0.15095681962094445
037,Construction & Repair,2014,7311,-0.023677300184648493,0.005064002180846914,-0.9964663328593506,0.6000795388695324
037,Construction & Repair,2015,8339,-0.06372809219242072,0.004312907051951652,-2.783960123746892,0.5155115858666691
037,Construction & Repair,2016,8415,-0.04189219690725731,0.010967533306892492,-1.779634511971455,1.0990351305894128
037,Construction & Repair,2017,9331,-0.09475233265869067,0.02078932218899481,-4.178885901396356,2.5155548401245067
037,Construction & Repair,2018,9563,-0.010639086707640844,0.02849873762321498,-0.47328885437626556,3.1017108230843426
037,Construction & Repair,2019,9755,0.011453434460133579,0.030356822394013456,0.5065437432538329,3.0225080960591812
037,Construction & Repair,2020,11011,0.02349398638200314,0.004190312992397861,1.067935496990093,0.49824820568876316
037,Construction & Repair,2021,11967,0.10049502303521606,0.009884128270165953,4.75146954208055,1.2564565659899718
038,Telecommunications,1990,1223,-0.027642390454574704,-0.0093725767408137,-0.434404388425039,-0.2677093849086038
038,Telecommunications,1991,1106,-0.035794620357834116,-0.11990781134912769,-0.569547304394729,-2.7812327916335002
038,Telecommunications,1992,1431,0.06732461029136236,-0.08697136062174989,1.2015141465180805,-2.1114814596792044
038,Telecommunications,1993,2475,-0.09063699632726918,-0.06334939410039453,-2.054225168804108,-2.1196636587279114
038,Telecommunications,1994,3174,0.27173978642193813,-0.04399925555332706,6.396996009531429,-2.2315423191124717
038,Telecommunications,1995,3830,0.2821959212684602,-0.10014775260070559,6.537612058759713,-4.428602024319054
038,Telecommunications,1996,4515,0.21874937517251056,-0.10299834015004648,5.649378996996208,-4.023244172517669
038,Telecommunications,1997,4283,0.05240265358545089,-0.010227476011781372,1.3873824225801672,-0.3763158522535588
038,Telecommunications,1998,3570,0.027648080633586657,-0.05324494887032326,0.7194658306794355,-2.0692582235543258
038,Telecommunications,1999,6917,0.12895176274549447,-0.020782784099909964,4.545089505625375,-1.2581198448075224
038,Telecommunications,2000,10410,0.13018029283406082,-0.018856791991829276,5.687223248817063,-1.3007767837959825
038,Telecommunications,2001,4699,0.05009512989031946,-0.02899208471574641,1.6602301276843279,-2.0333210819542233
038,Telecommunications,2002,3585,0.07101017449968693,-0.0020393827605700464,2.0702173876758776,-0.11585276762318751
038,Telecommunications,2003,3475,0.12619025398429703,-0.04348395324519436,3.580420248561896,-2.508122903890637
038,Telecommunications,2004,4206,-0.024722194585175526,-0.05458629226758479,-0.7842384595486321,-2.7803043073329268
038,Telecommunications,2005,5372,0.007476705395141319,0.022238056183396665,0.2613880747620596,1.240488433117982
038,Telecommunications,2006,6492,-0.03743485219586149,-0.016126651960712685,-1.4698102286269856,-1.1673436006347262
038,Telecommunications,2007,7282,-0.008312048842632905,-0.012777144150197102,-0.3394002979107194,-0.9114514398332564
038,Telecommunications,2008,6457,-0.10723830874584392,0.015310569769019953,-4.070246703808972,1.039035547256379
038,Telecommunications,2009,5531,0.0006379068401901003,0.02322821806309051,0.022400561407972218,1.6430792942678953
038,Telecommunications,2010,5700,-0.0645695680624806,0.015732710027661797,-2.288995557472143,0.9724909672313647
038,Telecommunications,2011,6532,-0.04741145558971042,0.011448442485659335,-1.7468253903156403,0.836193702710558
038,Telecommunications,2012,6408,-0.09782690800889084,-0.010950151472635849,-3.5465101690444816,-0.7190074062947786
038,Telecommunications,2013,6294,-0.1576327281824906,0.005709550600007438,-5.751606335397088,0.386388108565216
038,Telecommunications,2014,6706,-0.11517168161133313,-0.006596189468230813,-4.402525821834717,-0.5094662947672911
038,Telecommunications,2015,6716,-0.07315682908467666,-0.00868428195964527,-2.8099304188588263,-0.7322542151327036
038,Telecommunications,2016,6653,-0.13231363839387272,0.05749539243964571,-4.876969574284793,4.732084610725917
038,Telecommunications,2017,7031,-0.1203395481347937,0.059572120825213695,-4.588556889476757,5.085531561940415
038,Telecommunications,2018,6828,-0.08079468836045485,0.06001244139776645,-3.1564623636474693,4.6321960006849645
038,Telecommunications,2019,6511,0.04826263171103711,0.050438420361648605,1.8636714023134893,3.40003518002455
038,Telecommunications,2020,7222,0.031183597672341145,0.027697654208628648,1.2805733962352526,2.0568122192986626
038,Telecommunications,2021,8192,0.029019504348041993,0.030495164718837633,1.113333820414888,3.37542960884713
039,Transport & Logistics,1990,1375,-0.03755636663722993,-0.005573966160106652,-0.5655665420562191,-0.16281469462431544
039,Transport & Logistics,1991,1295,-0.011348945082076489,-0.03323532742938544,-0.18165289549331678,-0.9718986917936443
039,Transport & Logistics,1992,1300,-0.06601458753279055,-0.01166311696737052,-1.0223119113634584,-0.4137384214706635
039,Transport & Logistics,1993,1550,0.003394289622772747,-0.04624163973446119,0.05330052371172576,-1.2943349401648367
039,Transport & Logistics,1994,1688,0.05675213601592141,-0.028943931608647368,1.0320273046951474,-0.8264722364728637
039,Transport & Logistics,1995,2003,0.09743571684750911,0.022405964760561985,1.7122983598267676,0.7687702643367342
039,Transport & Logistics,1996,2539,0.06511401709902069,-0.02868565702963626,1.3060982959808192,-1.0760431817288274
039,Transport & Logistics,1997,2594,0.0834094058827306,0.018035350987174327,1.6892196333621385,0.6265142426913012
039,Transport & Logistics,1998,2344,0.13813303419171027,0.04759448129695114,2.895754176603462,1.5070894509489963
039,Transport & Logistics,1999,3044,0.0985660853474372,0.06972987274113093,2.349336570530479,2.6558074000462697
039,Transport & Logistics,2000,3964,0.12379297620929018,-0.011651228345232642,3.6032221021456827,-0.5360390658979666
039,Transport & Logistics,2001,2684,-0.038578878446085374,0.016584248888894638,-0.9690565365413876,0.7943617648293133
039,Transport & Logistics,2002,2388,0.0816539309645602,0.011037271165124807,1.8880426511983366,0.5931495524653785
039,Transport & Logistics,2003,2279,0.029174874468502116,0.012512442408688174,0.6815781981561178,0.5858709350819398
039,Transport & Logistics,2004,2867,-0.04115589617965306,0.009710622926794215,-1.00387557572811,0.52944665061249
039,Transport & Logistics,2005,3203,-0.08120484875581845,0.011473492521466221,-2.0960698667789646,0.5845861556530446
039,Transport & Logistics,2006,3692,-0.05586409499961202,0.007259676609312698,-1.6220341351991576,0.4009405876692888
039,Transport & Logistics,2007,4730,-0.004090616871027922,-0.01804432037024447,-0.13206481721280053,-1.6753365390347763
039,Transport & Logistics,2008,4365,-0.05685501862874678,0.0023483131338649836,-1.767178113092063,0.19120643478144891
039,Transport & Logistics,2009,3804,-0.051968650673827624,0.03377523128416915,-1.427314177520175,2.3326108343459433
039,Transport & Logistics,2010,3937,-0.04865290041786617,0.003921602863204731,-1.3920146615063846,0.2937659871715655
039,Transport & Logistics,2011,4300,0.044362351307995436,-0.01043462846077255,1.4292671136215327,-0.8016696228812416
039,Transport & Logistics,2012,4421,0.057254487317546454,0.010649487754073244,1.8615592576871391,0.8737008670057195
039,Transport & Logistics,2013,4642,-0.02995155688119636,-0.007982479445120535,-0.9711782615668726,-0.796617145935649
039,Transport & Logistics,2014,4830,-0.0015445802052911095,0.0006882303921463231,-0.051191796038009524,0.061527916051488954
039,Transport & Logistics,2015,5527,0.08175473683059209,0.03784943265997062,2.8717348999078616,3.3770973581328465
039,Transport & Logistics,2016,5615,0.050831799891847836,0.04163734617974494,1.7005194293299914,3.662801635328107
039,Transport & Logistics,2017,5999,-0.051205537098283314,0.02707531499992292,-1.8341349339325,2.3813256336088506
039,Transport & Logistics,2018,6444,-0.042134058422694395,0.020494877892379745,-1.5401314124197223,2.4312488467471005
039,Transport & Logistics,2019,6508,0.0028547532454138293,0.04291164716208825,0.11024031896205301,3.4131647036761206
039,Transport & Logistics,2020,6647,0.0023810263282839717,0.029778038940959296,0.09175193309596122,2.292656548558638
039,Transport & Logistics,2021,7839,-0.06509171889504888,0.030874689318456168,-2.685333687135676,3.124917791917297
040,Materials Treatment,1990,574,-0.08053887958649493,0.05259691014288228,-0.8479724876983767,0.9498493512920833
040,Materials Treatment,1991,706,-0.016303947778490903,0.058734842982834205,-0.20591519529386593,1.1806321662208272
040,Materials Treatment,1992,752,0.004036245977963959,0.03485393690814948,0.05025169520164678,0.9495554711122132
040,Materials Treatment,1993,855,-0.02059783500202451,-0.012265187331577363,-0.2799790831647245,-0.3227963568722146
040,Materials Treatment,1994,917,-0.07452387242157714,0.030307287593398416,-1.0383106058501117,0.7834115214383365
040,Materials Treatment,1995,1145,0.055407440583412786,-0.015973278589126554,0.8580334382440449,-0.5463455705658927
040,Materials Treatment,1996,1525,0.10180308157048668,-0.005583418151521412,1.766981455503209,-0.20428279527750773
040,Materials Treatment,1997,1438,0.0428089369234105,0.030251769390352783,0.7114674517345739,0.8501842668473534
040,Materials Treatment,1998,1401,0.19238652952650803,0.06731554552269765,3.1741905352646165,2.258831748619293
040,Materials Treatment,1999,1556,0.20912879320119773,0.015398137611707458,3.7833934667967375,0.456568477213998
040,Materials Treatment,2000,1884,0.14794024403760486,-0.02095597870159911,3.056620667800451,-0.7583071851665468
040,Materials Treatment,2001,1692,0.19024612673554778,-0.05560078557618802,3.595180146896033,-2.4851052245605016
040,Materials Treatment,2002,1953,0.029394786283925358,-0.007674588339610395,0.584106602727755,-0.42686365431804074
040,Materials Treatment,2003,1998,0.05541241983238761,-0.06445409210240999,1.1744541513829674,-2.6586553329241993
040,Materials Treatment,2004,2249,-0.07176182771444099,0.035293030090780636,-1.601244457083518,1.7481920966987425
040,Materials Treatment,2005,2733,0.08416990266212737,0.050249930409505,1.8025196104825463,2.194048337090465
040,Materials Treatment,2006,3227,0.05790575307875644,0.0361642065667456,1.5388475616306068,1.6328705575530225
040,Materials Treatment,2007,4026,0.0624856047589651,0.06967001562014224,1.4636702848554246,3.559116385023579
040,Materials Treatment,2008,4096,-0.03378659118314066,0.001312135524474718,-1.0267724499695452,0.08541000746011605
040,Materials Treatment,2009,3364,-0.1471637220791003,0.05082039088208383,-3.8361639727079306,2.674255971265192
040,Materials Treatment,2010,3323,-0.1558273341074162,0.037043759950829716,-3.9606701829926108,2.4697804779529346
040,Materials Treatment,2011,3552,-0.07584318921679473,0.05330831257382462,-2.0575916428706815,2.9179243476645005
040,Materials Treatment,2012,3714,-0.05911379902604922,0.034632237059465845,-1.690601952509996,2.1223661143375114
040,Materials Treatment,2013,3713,-0.015157751862630376,0.04712918294483369,-0.39909715390452877,3.2818234440368927
040,Materials Treatment,2014,4009,0.051558980076730876,0.010071791910152374,1.5709472223109182,0.5935504692518501
040,Materials Treatment,2015,4304,0.10398419018563365,-0.016657812525823573,3.258989333887398,-0.9676436605256549
040,Materials Treatment,2016,4555,0.06927243731565423,0.061126673938457075,2.1848460069600555,3.723054137980227
040,Materials Treatment,2017,4689,0.17167004686130483,0.0894122334838201,4.930938342207425,5.414378023712063
040,Materials Treatment,2018,5299,0.20488711023897582,0.010026831300833053,5.983824205388347,1.0353505192484327
040,Materials Treatment,2019,5516,0.22477493843208773,0.05905785206293632,7.546246381733459,4.076131725040508
040,Materials Treatment,2020,6252,0.09040866943512808,0.025144508787011948,3.4556278168248395,1.9979618636982295
040,Materials Treatment,2021,6998,-0.23960482109306472,0.15932335891141702,-8.697761093160041,9.453382533751448
041,Education & Entertainment,1990,5618,0.12215261211489609,-0.02430492369068423,3.5751779455261063,-1.5757164662372574
041,Education & Entertainment,1991,6301,0.08046853355527002,0.01635012403270168,3.1268294241171155,1.1674405027137562
041,Education & Entertainment,1992,6397,0.19686778999275575,0.03427208670923847,7.441861578202005,2.3477110352484
041,Education & Entertainment,1993,7969,0.12747738952825605,0.025187999592903767,5.358166017939034,2.0378056962565996
041,Education & Entertainment,1994,9417,0.12369667332714701,-0.01377028353865973,5.533325883456328,-1.4996305786891075
041,Education & Entertainment,1995,10918,0.06986799859674493,-0.0024321071256748245,3.094305340006729,-0.26803923824232023
041,Education & Entertainment,1996,13362,-0.024694931262397156,0.021835695581561454,-1.3224435094335178,2.0844990103475785
041,Education & Entertainment,1997,13822,0.0047389982237554685,0.02404573260609922,0.2615208732158106,2.3784439621069677
041,Education & Entertainment,1998,12102,0.0750902415926473,0.036399182296413306,3.866420879282967,3.4790388465197686
041,Education & Entertainment,1999,16908,0.10860897785217735,0.05929993018760158,6.545121754101401,6.096792823777494
041,Education & Entertainment,2000,19380,-0.05247989653722493,0.03136448699929348,-3.5059125022378064,3.8844079159023113
041,Education & Entertainment,2001,14756,-0.08798742382404459,0.02315224986594636,-4.972429518631707,2.9305857638194217
041,Education & Entertainment,2002,16109,-0.08042399268799406,0.002292171732594282,-4.714557249001296,0.2843070608446062
041,Education & Entertainment,2003,18201,-0.04348791011535801,-0.009659103688549825,-2.7784777487356647,-1.319798980336859
041,Education & Entertainment,2004,22109,-0.08068630432047616,0.025157729957969596,-5.509923449196369,3.76670817254845
041,Education & Entertainment,2005,25486,-0.09199263693930218,0.020949434686165558,-6.786225372595101,3.431944953841265
041,Education & Entertainment,2006,29507,-0.08396397588576422,0.010834312660424613,-6.403506561724271,3.957704338430416
041,Education & Entertainment,2007,33705,-0.10163594885205164,0.017164280598536186,-8.471666812940219,3.4213612745341404
041,Education & Entertainment,2008,32564,-0.15167983308040955,0.024474188022930263,-12.176169281286066,4.7844899703418395
041,Education & Entertainment,2009,29903,-0.09679489869244476,0.018972510116313863,-7.8281166953013726,3.495545321557445
041,Education & Entertainment,2010,32048,-0.09552928554304027,0.013641634975687015,-7.876748543018859,2.530752483750814
041,Education & Entertainment,2011,35801,-0.10513868743957672,0.012197983413290292,-9.502640044277141,2.223628352944769
041,Education & Entertainment,2012,37568,-0.10813683417777908,0.022475868019692757,-10.339316331073126,4.118252459922015
041,Education & Entertainment,2013,38687,-0.10969652460866781,0.015369940074268245,-10.606766526517765,3.4922162774910634
041,Education & Entertainment,2014,41092,-0.09687307442085155,0.013614101426673906,-9.509982260131215,3.356264265872886
041,Education & Entertainment,2015,45660,-0.0866768757572634,0.01705731341280391,-8.831500743525838,4.5229092795254795
041,Education & Entertainment,2016,46873,-0.07687627046933623,0.024960012809008884,-7.382233975568098,7.108717477132187
041,Education & Entertainment,2017,50827,-0.07581918495399174,0.023414250797043838,-7.6919811697549285,6.195655250100767
041,Education & Entertainment,2018,54289,-0.04024363524206464,0.029429784572672806,-4.19130814310752,7.63741810362481
041,Education & Entertainment,2019,57187,-0.066226237200064,0.023002376577933758,-7.109103305285161,6.5962657220818315
041,Education & Entertainment,2020,66213,-0.10709955408885088,0.018747244051602562,-12.516334197680377,5.343553504579678
041,Education & Entertainment,2021,69670,-0.026672730037376222,0.03040390790920842,-2.885530520294648,11.523203999668144
042,Scientific & Tech Services,1990,9954,0.0869921427654531,-0.026669886049353088,3.4668724045974426,-2.1224473774908774
042,Scientific & Tech Services,1991,10360,0.05802811945182553,-0.009801918523966259,2.7612375916704726,-0.7522774923689373
042,Scientific & Tech Services,1992,10448,0.1205851482395699,0.003481838241635053,5.651198190727954,0.27599262644172995
042,Scientific & Tech Services,1993,12559,0.07026893145039856,0.004726416653128008,3.6048628112109267,0.4690338977541774
042,Scientific & Tech Services,1994,14489,0.08968988999582142,-0.01936803904740365,4.821513024953359,-2.2058307112823066
042,Scientific & Tech Services,1995,18676,0.08455038071113943,0.008530034074383443,5.362524447202973,0.8498613122102152
042,Scientific & Tech Services,1996,23008,0.015217712212971041,-0.0033091958491190464,1.0011840081690395,-0.37660261199169737
042,Scientific & Tech Services,1997,20328,-0.0547628978175024,0.007684704376853108,-3.307244971250058,0.8773543938747511
042,Scientific & Tech Services,1998,17540,0.12715878295465247,0.0441779575153449,7.239234373018916,4.719187169075451
042,Scientific & Tech Services,1999,28620,0.17497902495368167,0.02628977380822609,11.61517756187041,3.804540321593141
042,Scientific & Tech Services,2000,39576,-0.035989071353407544,-0.03154776552640357,-3.1108720588911245,-4.909419332454164
042,Scientific & Tech Services,2001,22272,-0.027826372748412494,-0.020657364694553475,-1.70716533859972,-2.7947715627601237
042,Scientific & Tech Services,2002,11719,-0.29378621077849065,0.0317433934512886,-13.0494040465756,2.6302828046067446
042,Scientific & Tech Services,2003,10716,-0.13910009692850103,0.04173781332931294,-6.54290402361568,4.172604392411028
042,Scientific & Tech Services,2004,12336,-0.1757734535594125,0.014963957750375241,-8.905623874012685,1.6571153594379149
042,Scientific & Tech Services,2005,13663,-0.13042694432696642,0.022086898884249664,-7.128041929742411,2.7551506481550088
042,Scientific & Tech Services,2006,15750,-0.08111962351633199,0.012295742373715998,-4.764458179089812,2.45811089007544
042,Scientific & Tech Services,2007,18612,-0.033840693486100804,0.010390863550718964,-2.044879521312648,1.8366172737061532
042,Scientific & Tech Services,2008,19361,-0.013182560420584542,0.00991361928726974,-0.8244751486278967,1.4890445140934778
042,Scientific & Tech Services,2009,17883,0.040497572069565314,0.0010730957649534197,2.490100307116991,0.14160379646266527
042,Scientific & Tech Services,2010,19986,0.03616740304590952,-0.009927485717867971,2.4431198494427737,-1.48155295651078
042,Scientific & Tech Services,2011,23021,0.02446097828480648,0.008282990682141783,1.815987635630567,1.188717482036354
042,Scientific & Tech Services,2012,25398,0.032215070088358604,0.003516990329095632,2.533850924727597,0.5009967290334683
042,Scientific & Tech Services,2013,26072,0.015511323889145102,-0.0004985475068857325,1.224257020408379,-0.07607013326117061
042,Scientific & Tech Services,2014,28645,-0.005042541116599034,0.014008139109296385,-0.40743815381709897,2.68156288687225
042,Scientific & Tech Services,2015,31399,-0.06097718663632009,0.023010832078047258,-5.209292311797704,5.002147293877548
042,Scientific & Tech Services,2016,32509,-0.06213788189384956,0.043811639562112294,-5.076586240393843,9.842188561028314
042,Scientific & Tech Services,2017,35514,-0.02198044326423911,0.048904358366516104,-1.7629879015801235,10.871561257977964
042,Scientific & Tech Services,2018,38373,0.04726294204168749,0.05423836440882293,4.054689206657923,11.202570852563799
042,Scientific & Tech Services,2019,39697,0.036360193252291416,0.016328576025066394,3.3741596756054393,3.8568342511398677
042,Scientific & Tech Services,2020,44454,0.04335904083487555,0.013735241724085207,4.098051258935517,3.2649032088928713
042,Scientific & Tech Services,2021,50476,0.10782254727035342,0.016253535209299563,9.04985680240427,4.562393716474747
043,Restaurants & Hotels,2002,2112,-0.02456408967978933,-0.04559157773664167,-0.5383265728395594,-1.711325964121828
043,Restaurants & Hotels,2003,2808,0.05352515908095519,-0.03454741116138604,1.399056737696675,-1.614128788522772
043,Restaurants & Hotels,2004,3582,0.03679572979199953,-0.0355566158785289,1.0525112889036725,-2.1970290424520185
043,Restaurants & Hotels,2005,4114,-0.01803796752889511,0.006570770216386871,-0.5169846924348328,0.4749502829701879
043,Restaurants & Hotels,2006,4687,0.015223150592019534,-0.007383505595693398,0.494623808494671,-0.4856322921352506
043,Restaurants & Hotels,2007,5413,-0.147423394615743,-0.005086765860801817,-4.694739989197972,-0.3382729279941666
043,Restaurants & Hotels,2008,5176,-0.12424522903140389,0.05317820573498243,-3.45825782368187,3.630825706392269
043,Restaurants & Hotels,2009,4417,-0.07030705004242044,0.018439887249272542,-2.1583338685817037,1.0790226757088162
043,Restaurants & Hotels,2010,5210,-0.12418462861153325,-0.01020276841644234,-4.225686459402396,-0.8015926600998249
043,Restaurants & Hotels,2011,5967,0.008568874922318913,-0.005546539358514136,0.32092873904761954,-0.46497541837791273
043,Restaurants & Hotels,2012,6253,-0.03003675250108272,0.016738869221653834,-1.1134386925498219,1.7445662472341177
043,Restaurants & Hotels,2013,7000,-0.058123128133082035,0.010165925769740092,-2.187010596555754,1.0479678361443523
043,Restaurants & Hotels,2014,7608,-0.04390751565436866,-0.018742654961065003,-1.8989429084686482,-2.018253224964028
043,Restaurants & Hotels,2015,8932,-0.036263571543469056,-0.00043848591577729803,-1.60961778908869,-0.05542534216393372
043,Restaurants & Hotels,2016,9466,0.002759574228055164,0.03797316284749942,0.11045743065102873,5.21701817419003
043,Restaurants & Hotels,2017,10015,-0.02695517021372487,0.031058281353672175,-1.3079353689240059,4.16013013354348
043,Restaurants & Hotels,2018,10544,-0.021757896926152254,0.011313900158516405,-1.0758167075502256,2.5960727373574293
043,Restaurants & Hotels,2019,11012,0.03387827764922027,0.026542109997351956,1.685429353914778,3.713202950793598
043,Restaurants & Hotels,2020,10167,0.03934033037996781,0.010010036693731721,1.8985543425670137,1.3281627872633897
043,Restaurants & Hotels,2021,12216,0.035546662845663046,0.008045393793157683,1.9305832756087733,1.3060838652043092
044,Medical & Personal Care,2002,2913,-0.031724369925347044,0.013405898169508011,-0.841373789979908,0.5894819011638662
044,Medical & Personal Care,2003,3676,-0.04403316586482776,0.059825910363126455,-1.298379387800459,3.2810890873564365
044,Medical & Personal Care,2004,4521,-0.041355365312192645,0.007556143865979143,-1.3181198771484939,0.5436436876065002
044,Medical & Personal Care,2005,5228,-0.011082519810697081,0.032305259268118725,-0.3811927243981995,2.3027230405719425
044,Medical & Personal Care,2006,6231,-0.018326566492079917,0.005035784250909141,-0.6607963598227542,0.4530890502295449
044,Medical & Personal Care,2007,7215,-0.09830440050743865,0.02328152334640626,-3.489653106161692,2.418258351265571
044,Medical & Personal Care,2008,7326,-0.08497528247364082,0.020491005773540658,-3.297071525384384,1.7657720917715065
044,Medical & Personal Care,2009,6961,-0.06134034487117013,0.012033576465951601,-2.304805238323671,1.4189503873753009
044,Medical & Personal Care,2010,7290,0.028122209153939568,-0.015784906557873055,1.1847985853085445,-1.8749848247991532
044,Medical & Personal Care,2011,8175,0.0008907618537297323,0.0034417568389698565,0.03989605626083046,0.42298182539668794
044,Medical & Personal Care,2012,8885,-0.026428193988481893,0.014595312271104532,-1.227859519090653,1.3852478913024233
044,Medical & Personal Care,2013,9282,-0.08200114137023516,-0.001109221359920889,-3.8590083161092656,-0.11938860336400486
044,Medical & Personal Care,2014,9924,-0.01673477114554229,0.005382077613772481,-0.8083437518074827,0.6301394715616339
044,Medical & Personal Care,2015,11243,-0.030945976570334773,0.01281439878522625,-1.6045280061211429,1.4159436985174563
044,Medical & Personal Care,2016,11976,0.007033002507232681,0.01798336465390997,0.3726869410635669,2.3604377718921
044,Medical & Personal Care,2017,12940,0.024603873035571093,0.009810115069743913,1.3516925322553757,2.0537176134664064
044,Medical & Personal Care,2018,14258,0.04212419360580625,0.018819448935105856,2.2080303016535776,3.1148161673639265
044,Medical & Personal Care,2019,15282,0.04927805253070096,0.033013371455207455,2.973447837036829,4.171646858408596
044,Medical & Personal Care,2020,17194,0.03038074621773635,0.012126072737881974,1.9469483857313215,1.9114778215424801
044,Medical & Personal Care,2021,18274,0.00171086748505829,0.03917439777933217,0.11217702008668735,6.390027935084637
045,Legal & Personal Services,2002,643,0.011681665543223993,0.000760264757232986,0.14534675635895408,0.018303039818435556
045,Legal & Personal Services,2003,1637,0.08171176702591279,0.016224232590264873,1.6104506174158326,0.625643687272329
045,Legal & Personal Services,2004,2038,-0.09345422329120008,0.009328117398774614,-2.058043184765484,0.4086952706495897
045,Legal & Personal Services,2005,2435,0.1065958667582583,-0.035654998098953845,2.520502270569493,-1.7434127725102895
045,Legal & Personal Services,2006,3445,-0.157731858753636,0.03457675848058862,-4.33666604266356,1.6538278099578003
045,Legal & Personal Services,2007,5562,-0.005647699022957859,0.02230024220583023,-0.2041919092609541,1.52000768666266
045,Legal & Personal Services,2008,5823,-0.06333348323888983,0.003205654439044343,-2.3453798491310685,0.22334085515812016
045,Legal & Personal Services,2009,5511,-0.011615372455012641,0.011714774560374331,-0.427828486819386,0.8696648141710158
045,Legal & Personal Services,2010,5851,-0.04926308058755127,0.02272218297950255,-1.8271182468146172,2.1333498276470415
045,Legal & Personal Services,2011,7439,-0.06255920108227002,0.024038321924575626,-2.5660697447357443,2.267682024203806
045,Legal & Personal Services,2012,7287,-0.10966220463582446,0.02443018871693501,-4.20772307559812,2.1649144434479095
045,Legal & Personal Services,2013,6966,-0.13179343264851412,-0.025739500504456246,-5.103573858877232,-2.101532471289253
045,Legal & Personal Services,2014,7696,-0.0753552398707534,0.009905604098233104,-2.9908455638126865,1.593785101211674
045,Legal & Personal Services,2015,8347,-0.1751445698707163,0.03569904313493672,-6.994785962693035,4.787988573459133
045,Legal & Personal Services,2016,7970,-0.06752419474038178,0.027540069739808312,-2.920423224787906,2.795059918687354
045,Legal & Personal Services,2017,8463,-0.06046376590321702,0.024673778674262185,-2.6049330010852585,2.751713622318081
045,Legal & Personal Services,2018,8545,-0.014934546058027675,0.03565271152597774,-0.6268903399880811,4.3413516446415565
045,Legal & Personal Services,2019,9020,0.051051560691326214,0.017450870832214627,2.2767182516614706,1.8102222808995236
045,Legal & Personal Services,2020,10658,-0.04067900760363143,0.03022113567879806,-2.0373256091153427,3.251502546452932
045,Legal & Personal Services,2021,11084,0.029114432224687025,0.04156846731411224,1.403486015460571,5.703634515300545
