year,ethnic,tier,weight_in_tier,share_within_ethnic
1884,White,FOOD_HYG,0.9439000000000001,1.0
1884,Black,FOOD_HYG,0.014499999999999999,1.0
1884,Hispanic,FOOD_HYG,0.0271,1.0
1884,Two+,FOOD_HYG,0.009000000000000001,1.0
1886,White,MANUF,0.5543,1.0
1886,Black,MANUF,0.2829,1.0
1886,Hispanic,MANUF,0.1434,1.0
1887,White,MANUF,0.9464,1.0
1887,Black,MANUF,0.0098,1.0
1887,API,MANUF,0.005200000000000001,1.0
1887,Hispanic,MANUF,0.020499999999999997,1.0
1887,Two+,MANUF,0.0143,1.0
1887,AIAN,MANUF,0.0039000000000000003,1.0
1888,White,MANUF,0.5543,1.0
1888,Black,MANUF,0.2829,1.0
1888,Hispanic,MANUF,0.1434,1.0
1892,White,FOOD_HYG,1.3893,0.4599874184683641
1892,White,MANUF,1.631,0.540012581531636
1892,Black,FOOD_HYG,0.47450000000000003,0.30553766902768836
1892,Black,MANUF,1.0785,0.6944623309723117
1892,API,FOOD_HYG,0.0135,0.5744680851063829
1892,API,MANUF,0.01,0.425531914893617
1892,Hispanic,FOOD_HYG,0.051699999999999996,0.21119281045751634
1892,Hispanic,MANUF,0.1931,0.7888071895424836
1892,Two+,FOOD_HYG,0.044,0.4522096608427544
1892,Two+,MANUF,0.0533,0.5477903391572456
1892,AIAN,FOOD_HYG,0.0269,0.6466346153846154
1892,AIAN,MANUF,0.014700000000000001,0.35336538461538464
1893,White,FOOD_HYG,0.9365,1.0
1893,Black,FOOD_HYG,0.156,1.0
1893,API,FOOD_HYG,0.7427000000000001,1.0
1893,Hispanic,FOOD_HYG,0.0378,1.0
1893,Two+,FOOD_HYG,0.1084,1.0
1893,AIAN,FOOD_HYG,0.0070999999999999995,1.0
1894,White,MANUF,0.5970000000000001,1.0
1894,Black,MANUF,0.33630000000000004,1.0
1894,API,MANUF,0.0048,1.0
1894,Hispanic,MANUF,0.0265,1.0
1894,Two+,MANUF,0.0244,1.0
1894,AIAN,MANUF,0.011000000000000001,1.0
1895,White,FOOD_HYG,2.5935,0.45131034002714643
1895,White,MANUF,3.1531000000000002,0.5486896599728535
1895,Black,FOOD_HYG,0.054400000000000004,0.09778896278986159
1895,Black,MANUF,0.5019,0.9022110372101384
1895,API,FOOD_HYG,0.0106,0.5096153846153847
1895,API,MANUF,0.0102,0.4903846153846154
1895,Hispanic,FOOD_HYG,0.1119,0.3403284671532847
1895,Hispanic,MANUF,0.2169,0.6596715328467154
1895,Two+,FOOD_HYG,0.0524,0.4403361344537815
1895,Two+,MANUF,0.0666,0.5596638655462185
1895,AIAN,FOOD_HYG,0.14020000000000002,0.865432098765432
1895,AIAN,MANUF,0.0218,0.13456790123456788
1896,White,MANUF,3.2289,1.0
1896,Black,MANUF,0.4534,1.0
1896,API,MANUF,0.0863,1.0
1896,Hispanic,MANUF,0.1122,1.0
1896,Two+,MANUF,0.07980000000000001,1.0
1896,AIAN,MANUF,0.039400000000000004,1.0
1897,White,MANUF,2.8064,1.0
1897,Black,MANUF,0.012199999999999999,1.0
1897,API,MANUF,0.013600000000000001,1.0
1897,Hispanic,MANUF,0.07800000000000001,1.0
1897,Two+,MANUF,0.06470000000000001,1.0
1897,AIAN,MANUF,0.0104,1.0
1898,White,MANUF,0.9220999999999999,1.0
1898,Black,MANUF,0.0298,1.0
1898,API,MANUF,0.006600000000000001,1.0
1898,Hispanic,MANUF,0.0259,1.0
1898,Two+,MANUF,0.011899999999999999,1.0
1898,AIAN,MANUF,0.0037,1.0
1899,White,FOOD_HYG,0.7706000000000001,0.13885435248752187
1899,White,IP_HIGH,0.7879,0.14197163810656432
1899,White,MANUF,2.7688,0.49890985098293605
1899,White,OTHER,1.2224,0.2202641584229778
1899,Black,FOOD_HYG,0.17440000000000003,0.09652424175337612
1899,Black,IP_HIGH,0.151,0.08357316803187954
1899,Black,MANUF,1.0066000000000002,0.5571175558999335
1899,Black,OTHER,0.4748,0.26278503431481065
1899,API,FOOD_HYG,0.0074,0.14258188824662812
1899,API,IP_HIGH,0.0074,0.14258188824662812
1899,API,MANUF,0.0223,0.42967244701348745
1899,API,OTHER,0.0148,0.28516377649325625
1899,Hispanic,FOOD_HYG,0.0278,0.07891001986942946
1899,Hispanic,IP_HIGH,0.0227,0.06443372126028953
1899,Hispanic,MANUF,0.0948,0.26908884473460115
1899,Hispanic,OTHER,0.20700000000000002,0.5875674141356798
1899,Two+,FOOD_HYG,0.0159,0.10543766578249338
1899,Two+,IP_HIGH,0.0195,0.12931034482758622
1899,Two+,MANUF,0.0846,0.5610079575596817
1899,Two+,OTHER,0.0308,0.20424403183023876
1899,AIAN,FOOD_HYG,0.004,0.057887120115774245
1899,AIAN,IP_HIGH,0.0116,0.1678726483357453
1899,AIAN,MANUF,0.022699999999999998,0.32850940665701883
1899,AIAN,OTHER,0.0308,0.4457308248914617
1900,White,IP_HIGH,0.5121,0.16435058891492024
1900,White,MANUF,2.6038,0.8356494110850798
1900,Black,IP_HIGH,0.3582,0.5692038773240109
1900,Black,MANUF,0.2711,0.4307961226759892
1900,API,IP_HIGH,0.0152,0.5100671140939598
1900,API,MANUF,0.0146,0.4899328859060403
1900,Hispanic,IP_HIGH,0.0463,0.471967380224261
1900,Hispanic,MANUF,0.0518,0.5280326197757391
1900,Two+,IP_HIGH,0.0227,0.37833333333333335
1900,Two+,MANUF,0.0373,0.6216666666666667
1900,AIAN,IP_HIGH,0.045599999999999995,0.8042328042328042
1900,AIAN,MANUF,0.011100000000000002,0.1957671957671958
1901,White,MANUF,3.2817,0.8158967729103476
1901,White,OTHER,0.7404999999999999,0.18410322708965243
1901,Black,MANUF,0.4869,0.8177695666778636
1901,Black,OTHER,0.1085,0.18223043332213637
1901,API,MANUF,0.007899999999999999,0.08324552160168598
1901,API,OTHER,0.087,0.9167544783983139
1901,Hispanic,MANUF,0.0737,0.6146788990825688
1901,Hispanic,OTHER,0.046200000000000005,0.3853211009174312
1901,Two+,MANUF,0.0645,0.8237547892720306
1901,Two+,OTHER,0.0138,0.17624521072796934
1901,AIAN,MANUF,0.0371,0.9026763990267641
1901,AIAN,OTHER,0.004,0.09732360097323602
1902,White,FOOD_HYG,2.4589,0.5855918075732317
1902,White,MANUF,1.7401,0.4144081924267683
1902,Black,FOOD_HYG,0.371,0.6893348197696023
1902,Black,MANUF,0.1672,0.3106651802303976
1902,API,FOOD_HYG,0.0131,0.6822916666666666
1902,API,MANUF,0.0061,0.3177083333333333
1902,Hispanic,FOOD_HYG,0.0844,0.7263339070567987
1902,Hispanic,MANUF,0.0318,0.2736660929432014
1902,Two+,FOOD_HYG,0.0552,0.6251415628539072
1902,Two+,MANUF,0.0331,0.3748584371460929
1902,AIAN,FOOD_HYG,0.012199999999999999,0.4535315985130111
1902,AIAN,MANUF,0.014700000000000001,0.5464684014869889
1903,White,FOOD_HYG,1.5253,1.0
1903,Black,FOOD_HYG,0.36429999999999996,1.0
1903,API,FOOD_HYG,0.012900000000000002,1.0
1903,Hispanic,FOOD_HYG,0.0444,1.0
1903,Two+,FOOD_HYG,0.0435,1.0
1903,AIAN,FOOD_HYG,0.009899999999999999,1.0
1904,White,IP_HIGH,0.9559000000000001,0.3077294530470335
1904,White,MANUF,0.8806,0.2834883945530052
1904,White,OTHER,1.2698,0.40878215239996135
1904,Black,IP_HIGH,0.0077,0.013187189587258093
1904,Black,MANUF,0.067,0.1147456756293886
1904,Black,OTHER,0.5092,0.8720671347833533
1904,API,IP_HIGH,0.0036,0.24489795918367344
1904,API,MANUF,0.006600000000000001,0.4489795918367347
1904,API,OTHER,0.0045000000000000005,0.30612244897959184
1904,Hispanic,IP_HIGH,0.017,0.08188824662813103
1904,Hispanic,MANUF,0.023,0.11078998073217726
1904,Hispanic,OTHER,0.1676,0.8073217726396917
1904,Two+,IP_HIGH,0.0123,0.23163841807909602
1904,Two+,MANUF,0.0171,0.3220338983050847
1904,Two+,OTHER,0.023700000000000002,0.4463276836158192
1904,AIAN,IP_HIGH,0.0034000000000000002,0.22818791946308725
1904,AIAN,MANUF,0.005699999999999999,0.38255033557046975
1904,AIAN,OTHER,0.0058,0.38926174496644295
1905,White,FOOD_HYG,7.3337,0.17362719055262774
1905,White,MANUF,34.9045,0.8263728094473722
1905,Black,FOOD_HYG,0.43650000000000005,0.05253213305733404
1905,Black,MANUF,7.8727,0.9474678669426659
1905,API,FOOD_HYG,0.7468000000000001,0.5404544796642061
1905,API,MANUF,0.635,0.4595455203357939
1905,Hispanic,FOOD_HYG,0.21030000000000001,0.13959508795220713
1905,Hispanic,MANUF,1.2962,0.8604049120477929
1905,Two+,FOOD_HYG,0.1544,0.14655908875177978
1905,Two+,MANUF,0.8991,0.8534409112482202
1905,AIAN,FOOD_HYG,0.0353,0.12060129825760163
1905,AIAN,MANUF,0.2574,0.8793987017423984
1906,White,FOOD_HYG,9.4478,0.47789777182022813
1906,White,MANUF,10.3217,0.5221022281797718
1906,Black,FOOD_HYG,0.8042,0.29243636363636366
1906,Black,MANUF,1.9458,0.7075636363636364
1906,API,FOOD_HYG,0.9901000000000001,0.9434016198189614
1906,API,MANUF,0.0594,0.056598380181038584
1906,Hispanic,FOOD_HYG,0.2391,0.4355984696666059
1906,Hispanic,MANUF,0.3098,0.564401530333394
1906,Two+,FOOD_HYG,0.4073,0.6257489629743431
1906,Two+,MANUF,0.24359999999999998,0.37425103702565676
1906,AIAN,FOOD_HYG,0.0395,0.32113821138211385
1906,AIAN,MANUF,0.0835,0.6788617886178863
1907,White,FOOD_HYG,1.6904,0.1482820024737059
1907,White,MANUF,9.0336,0.7924280037544188
1907,White,OTHER,0.6759000000000001,0.059289993771875195
1907,Black,FOOD_HYG,0.1979,0.11060809300245919
1907,Black,MANUF,1.3296000000000001,0.7431254191817572
1907,Black,OTHER,0.26170000000000004,0.1462664878157836
1907,API,FOOD_HYG,0.014599999999999998,0.014878222765718943
1907,API,MANUF,0.9613,0.9796188729236728
1907,API,OTHER,0.0054,0.005502904310608377
1907,Hispanic,FOOD_HYG,0.049100000000000005,0.10704163941574013
1907,Hispanic,MANUF,0.3849,0.8391105297580117
1907,Hispanic,OTHER,0.024700000000000003,0.05384783082624809
1907,Two+,FOOD_HYG,0.0393,0.14886363636363636
1907,Two+,MANUF,0.2009,0.7609848484848485
1907,Two+,OTHER,0.023799999999999998,0.09015151515151514
1907,AIAN,FOOD_HYG,0.008900000000000002,0.11439588688946019
1907,AIAN,MANUF,0.0603,0.7750642673521851
1907,AIAN,OTHER,0.0086,0.11053984575835477
1908,White,FOOD_HYG,2.3892,0.286210572972196
1908,White,MANUF,5.1299,0.614528552775016
1908,White,OTHER,0.8286,0.09926087425278819
1908,Black,FOOD_HYG,0.43270000000000003,0.39469123415123597
1908,Black,MANUF,0.5595,0.5103530055641704
1908,Black,OTHER,0.1041,0.09495576028459363
1908,API,FOOD_HYG,0.023,0.02589798446120932
1908,API,MANUF,0.8553000000000001,0.9630672221596667
1908,API,OTHER,0.0098,0.011034793379123971
1908,Hispanic,FOOD_HYG,0.0684,0.21797323135755256
1908,Hispanic,MANUF,0.21989999999999998,0.7007648183556404
1908,Hispanic,OTHER,0.0255,0.08126195028680687
1908,Two+,FOOD_HYG,0.06130000000000001,0.24344718030182685
1908,Two+,MANUF,0.1719,0.682684670373312
1908,Two+,OTHER,0.018600000000000002,0.07386814932486101
1908,AIAN,FOOD_HYG,0.025500000000000002,0.3695652173913043
1908,AIAN,MANUF,0.0302,0.43768115942028984
1908,AIAN,OTHER,0.013300000000000001,0.1927536231884058
1909,White,MANUF,8.5113,1.0
1909,Black,MANUF,1.8528,1.0
1909,API,MANUF,0.0373,1.0
1909,Hispanic,MANUF,0.2585,1.0
1909,Two+,MANUF,0.1995,1.0
1909,AIAN,MANUF,0.0685,1.0
1910,White,FOOD_HYG,0.7342000000000001,0.12299805669101387
1910,White,IP_HIGH,0.8448000000000001,0.14152650271393152
1910,White,MANUF,3.599,0.602928365610132
1910,White,OTHER,0.7912,0.1325470749849226
1910,Black,FOOD_HYG,0.2061,0.2286443310406035
1910,Black,IP_HIGH,0.10960000000000002,0.12158863989349901
1910,Black,MANUF,0.42969999999999997,0.4767029065897492
1910,Black,OTHER,0.156,0.1730641224761482
1910,API,FOOD_HYG,0.005200000000000001,0.0034278180619644037
1910,API,IP_HIGH,0.0051,0.0033618984838497032
1910,API,MANUF,1.5019000000000002,0.9900461437046804
1910,API,OTHER,0.0048,0.003164139749505603
1910,Hispanic,FOOD_HYG,0.0246,0.12765957446808512
1910,Hispanic,IP_HIGH,0.0199,0.10326933056564609
1910,Hispanic,MANUF,0.1275,0.6616502335236119
1910,Hispanic,OTHER,0.0207,0.10742086144265699
1910,Two+,FOOD_HYG,0.0211,0.06704798220527487
1910,Two+,IP_HIGH,0.0143,0.045440101684143634
1910,Two+,MANUF,0.2592,0.8236415633937083
1910,Two+,OTHER,0.0201,0.06387035271687322
1910,AIAN,FOOD_HYG,0.0089,0.10814094775212639
1910,AIAN,IP_HIGH,0.0064,0.07776427703523696
1910,AIAN,MANUF,0.059899999999999995,0.7278250303766708
1910,AIAN,OTHER,0.0070999999999999995,0.08626974483596599
1911,White,FOOD_HYG,3.4529,0.5174744477415101
1911,White,IP_HIGH,0.8532,0.1278661990828163
1911,White,MANUF,2.3665000000000003,0.3546593531756737
1911,Black,FOOD_HYG,0.21539999999999998,0.3095272309239833
1911,Black,IP_HIGH,0.0683,0.0981462853858313
1911,Black,MANUF,0.41220000000000007,0.5923264836901855
1911,API,FOOD_HYG,0.0671,0.5601001669449082
1911,API,IP_HIGH,0.0,0.0
1911,API,MANUF,0.052700000000000004,0.4398998330550918
1911,Hispanic,FOOD_HYG,0.1592,0.5431593312862504
1911,Hispanic,IP_HIGH,0.0444,0.15148413510747186
1911,Hispanic,MANUF,0.0895,0.3053565336062777
1911,Two+,FOOD_HYG,0.0617,0.4533431300514328
1911,Two+,IP_HIGH,0.0188,0.13813372520205733
1911,Two+,MANUF,0.0556,0.4085231447465099
1911,AIAN,FOOD_HYG,0.0396,0.6255924170616115
1911,AIAN,IP_HIGH,0.0,0.0
1911,AIAN,MANUF,0.0237,0.37440758293838866
1912,White,FOOD_HYG,3.1544,0.40176274295030184
1912,White,MANUF,4.697,0.5982372570496981
1912,Black,FOOD_HYG,0.40459999999999996,0.29408344236080824
1912,Black,MANUF,0.9712000000000001,0.7059165576391918
1912,API,FOOD_HYG,0.0096,0.35955056179775274
1912,API,MANUF,0.0171,0.6404494382022472
1912,Hispanic,FOOD_HYG,0.30269999999999997,0.6682119205298013
1912,Hispanic,MANUF,0.15030000000000002,0.3317880794701987
1912,Two+,FOOD_HYG,0.07500000000000001,0.38981288981288986
1912,Two+,MANUF,0.1174,0.6101871101871101
1912,AIAN,FOOD_HYG,0.0148,0.482084690553746
1912,AIAN,MANUF,0.015899999999999997,0.517915309446254
1913,White,FOOD_HYG,1.6183,0.15655866959474493
1913,White,MANUF,7.9076,0.765002370195517
1913,White,OTHER,0.8108,0.07843896020973812
1913,Black,FOOD_HYG,0.2709,0.14378217716681702
1913,Black,MANUF,1.4811,0.7861047715089433
1913,Black,OTHER,0.13210000000000002,0.0701130513242397
1913,API,FOOD_HYG,0.011099999999999999,0.10174152153987168
1913,API,MANUF,0.0928,0.850595783684693
1913,API,OTHER,0.005200000000000001,0.04766269477543539
1913,Hispanic,FOOD_HYG,0.046799999999999994,0.13870776526378184
1913,Hispanic,MANUF,0.2661,0.7886781268524007
1913,Hispanic,OTHER,0.0245,0.07261410788381742
1913,Two+,FOOD_HYG,0.039900000000000005,0.1646039603960396
1913,Two+,MANUF,0.18230000000000002,0.7520627062706271
1913,Two+,OTHER,0.0202,0.08333333333333333
1913,AIAN,FOOD_HYG,0.0131,0.18634423897581792
1913,AIAN,MANUF,0.0501,0.712660028449502
1913,AIAN,OTHER,0.0070999999999999995,0.10099573257467993
1914,White,FOOD_HYG,0.5963,0.05290897314179747
1914,White,IP_HIGH,0.6022,0.05343247295990346
1914,White,MANUF,9.1902,0.8154352590436812
1914,White,OTHER,0.8815999999999999,0.07822329485461788
1914,Black,FOOD_HYG,0.3398,0.12894167646947216
1914,Black,IP_HIGH,0.3309,0.12556445186506282
1914,Black,MANUF,1.9045,0.7226881189997344
1914,Black,OTHER,0.0601,0.022805752665730657
1914,API,FOOD_HYG,0.0045000000000000005,0.05761843790012806
1914,API,IP_HIGH,0.0031,0.039692701664532655
1914,API,MANUF,0.0643,0.8233034571062741
1914,API,OTHER,0.0062,0.07938540332906531
1914,Hispanic,FOOD_HYG,0.025099999999999997,0.04363699582753824
1914,Hispanic,IP_HIGH,0.0222,0.03859527121001391
1914,Hispanic,MANUF,0.5029,0.8743045897079277
1914,Hispanic,OTHER,0.025,0.043463143254520165
1914,Two+,FOOD_HYG,0.0256,0.09366995975118918
1914,Two+,IP_HIGH,0.031000000000000003,0.11342846688620566
1914,Two+,MANUF,0.1986,0.7266739846322723
1914,Two+,OTHER,0.0181,0.06622758873033298
1914,AIAN,FOOD_HYG,0.0086,0.06687402799377914
1914,AIAN,IP_HIGH,0.0106,0.08242612752721616
1914,AIAN,MANUF,0.1004,0.7807153965785381
1914,AIAN,OTHER,0.009000000000000001,0.06998444790046655
1915,White,FOOD_HYG,1.5085000000000002,0.21710658875680036
1915,White,MANUF,5.4397,0.7828934112431997
1915,Black,FOOD_HYG,0.2868,0.29912390488110135
1915,Black,MANUF,0.672,0.7008760951188986
1915,API,FOOD_HYG,0.006,0.062305295950155756
1915,API,MANUF,0.0903,0.9376947040498442
1915,Hispanic,FOOD_HYG,0.1605,0.2107682206172029
1915,Hispanic,MANUF,0.601,0.7892317793827971
1915,Two+,FOOD_HYG,0.0139,0.10160818713450291
1915,Two+,MANUF,0.12290000000000001,0.8983918128654971
1915,AIAN,FOOD_HYG,0.0049,0.12098765432098765
1915,AIAN,MANUF,0.0356,0.8790123456790123
1916,White,IP_HIGH,0.9166,0.23218582972363652
1916,White,MANUF,2.5798,0.6534944398003901
1916,White,OTHER,0.45130000000000003,0.11431973047597335
1916,Black,IP_HIGH,0.0063,0.019930401771591274
1916,Black,MANUF,0.2723,0.8614362543498894
1916,Black,OTHER,0.0375,0.11863334387851948
1916,API,IP_HIGH,0.0163,0.0396497202627098
1916,API,MANUF,0.016,0.03891997081002189
1916,API,OTHER,0.3788,0.9214303089272683
1916,Hispanic,IP_HIGH,0.029300000000000003,0.15244536940686784
1916,Hispanic,MANUF,0.0654,0.34027055150884494
1916,Hispanic,OTHER,0.0975,0.5072840790842872
1916,Two+,IP_HIGH,0.0282,0.25
1916,Two+,MANUF,0.0527,0.46719858156028365
1916,Two+,OTHER,0.0319,0.2828014184397163
1916,AIAN,IP_HIGH,0.0033000000000000004,0.1633663366336634
1916,AIAN,MANUF,0.0138,0.6831683168316832
1916,AIAN,OTHER,0.0031,0.15346534653465346
1917,White,FOOD_HYG,0.8312999999999999,0.2181145540891559
1917,White,MANUF,2.3653,0.6206018943667515
1917,White,OTHER,0.6147,0.16128355154409257
1917,Black,FOOD_HYG,0.1182,0.133665045798937
1917,Black,MANUF,0.44270000000000004,0.5006219608730069
1917,Black,OTHER,0.3234,0.36571299332805607
1917,API,FOOD_HYG,0.005,0.26595744680851063
1917,API,MANUF,0.008799999999999999,0.4680851063829786
1917,API,OTHER,0.005,0.26595744680851063
1917,Hispanic,FOOD_HYG,0.0235,0.16129032258064516
1917,Hispanic,MANUF,0.1,0.6863417982155113
1917,Hispanic,OTHER,0.0222,0.15236787920384354
1917,Two+,FOOD_HYG,0.0161,0.16666666666666669
1917,Two+,MANUF,0.0578,0.5983436853002071
1917,Two+,OTHER,0.0227,0.23498964803312633
1917,AIAN,FOOD_HYG,0.0058,0.20422535211267606
1917,AIAN,MANUF,0.0106,0.3732394366197183
1917,AIAN,OTHER,0.012,0.4225352112676057
1918,White,MANUF,2.4998000000000005,1.0
1918,Black,MANUF,0.2415,1.0
1918,API,MANUF,0.0079,1.0
1918,Hispanic,MANUF,0.13319999999999999,1.0
1918,Two+,MANUF,0.0628,1.0
1918,AIAN,MANUF,0.0073,1.0
1919,White,FOOD_HYG,0.8495999999999999,0.2122196133286706
1919,White,IP_HIGH,0.7488,0.18704101513713345
1919,White,MANUF,2.4050000000000002,0.600739371534196
1919,Black,FOOD_HYG,0.111,0.07294952681388013
1919,Black,IP_HIGH,0.1917,0.1259858044164038
1919,Black,MANUF,1.2188999999999999,0.801064668769716
1919,API,FOOD_HYG,0.0061,0.031314168377823415
1919,API,IP_HIGH,0.005,0.025667351129363455
1919,API,MANUF,0.18369999999999997,0.9430184804928131
1919,Hispanic,FOOD_HYG,0.0202,0.17133163698049192
1919,Hispanic,IP_HIGH,0.0234,0.1984732824427481
1919,Hispanic,MANUF,0.0743,0.63019508057676
1919,Two+,FOOD_HYG,0.0131,0.13152610441767068
1919,Two+,IP_HIGH,0.021,0.2108433734939759
1919,Two+,MANUF,0.0655,0.6576305220883534
1919,AIAN,FOOD_HYG,0.0,0.0
1919,AIAN,IP_HIGH,0.0101,0.315625
1919,AIAN,MANUF,0.0219,0.684375
1920,White,MANUF,3.794,1.0
1920,Black,MANUF,0.4552,1.0
1920,API,MANUF,0.4948,1.0
1920,Hispanic,MANUF,0.11460000000000001,1.0
1920,Two+,MANUF,0.1043,1.0
1920,AIAN,MANUF,0.0334,1.0
1921,White,FOOD_HYG,4.2778,0.11111053391653072
1921,White,IP_HIGH,1.5185,0.039441148663390505
1921,White,MANUF,29.7511,0.7727478156071105
1921,White,OTHER,2.953,0.07670050181296816
1921,Black,FOOD_HYG,0.33619999999999994,0.04121613338237096
1921,Black,IP_HIGH,0.33440000000000003,0.040995464018634305
1921,Black,MANUF,6.6987,0.8212210371460095
1921,Black,OTHER,0.7877000000000001,0.09656736545298518
1921,API,FOOD_HYG,0.09460000000000002,0.07618587420471935
1921,API,IP_HIGH,0.0069,0.005556897801401305
1921,API,MANUF,1.119,0.9011838608359507
1921,API,OTHER,0.021200000000000004,0.01707336715792865
1921,Hispanic,FOOD_HYG,0.1528,0.09498352707154845
1921,Hispanic,IP_HIGH,0.049100000000000005,0.030521539130975325
1921,Hispanic,MANUF,1.2948,0.804873500341891
1921,Hispanic,OTHER,0.112,0.06962143345558526
1921,Two+,FOOD_HYG,0.1022,0.09782712740499665
1921,Two+,IP_HIGH,0.0449,0.04297884560160812
1921,Two+,MANUF,0.8074,0.7728534507514119
1921,Two+,OTHER,0.0902,0.08634057624198335
1921,AIAN,FOOD_HYG,0.0325,0.09687034277198212
1921,AIAN,IP_HIGH,0.0464,0.138301043219076
1921,AIAN,MANUF,0.2205,0.6572280178837555
1921,AIAN,OTHER,0.0361,0.10760059612518628
1922,White,FOOD_HYG,8.981300000000001,0.1893925974661336
1922,White,IP_HIGH,2.4559,0.051788636401977166
1922,White,MANUF,32.089800000000004,0.6766916341920138
1922,White,OTHER,3.8946,0.0821271319398755
1922,Black,FOOD_HYG,1.2509000000000001,0.14524406669453346
1922,Black,IP_HIGH,0.4204,0.04881333890669267
1922,Black,MANUF,5.2966,0.6149969810970228
1922,Black,OTHER,1.6445,0.19094561330175094
1922,API,FOOD_HYG,0.08950000000000001,0.046638874413757164
1922,API,IP_HIGH,0.009399999999999999,0.004898384575299634
1922,API,MANUF,1.7797000000000003,0.9274101094319959
1922,API,OTHER,0.0404,0.021052631578947364
1922,Hispanic,FOOD_HYG,0.35040000000000004,0.1588395285584769
1922,Hispanic,IP_HIGH,0.034199999999999994,0.015503173164097913
1922,Hispanic,MANUF,1.6158,0.7324569356300997
1922,Hispanic,OTHER,0.20559999999999998,0.09320036264732547
1922,Two+,FOOD_HYG,0.1964,0.1596099146688338
1922,Two+,IP_HIGH,0.0625,0.050792360828931335
1922,Two+,MANUF,0.8509,0.6915075172694027
1922,Two+,OTHER,0.1207,0.09809020723283218
1922,AIAN,FOOD_HYG,0.0374,0.14379084967320263
1922,AIAN,IP_HIGH,0.0088,0.03383314109957709
1922,AIAN,MANUF,0.1892,0.7274125336409074
1922,AIAN,OTHER,0.0247,0.09496347558631296
1923,White,FOOD_HYG,5.7078,0.1522161181929703
1923,White,IP_HIGH,1.3735,0.036628620193076965
1923,White,MANUF,29.0184,0.7738652728145502
1923,White,OTHER,1.3983,0.03728998879940264
1923,Black,FOOD_HYG,0.8756999999999999,0.18021485018109973
1923,Black,IP_HIGH,0.5044000000000001,0.10380309515969707
1923,Black,MANUF,3.0298,0.6235182746131049
1923,Black,OTHER,0.44930000000000003,0.09246378004609812
1923,API,FOOD_HYG,0.1136,0.31363887355052456
1923,API,IP_HIGH,0.0104,0.02871341800110436
1923,API,MANUF,0.2192,0.605190502484815
1923,API,OTHER,0.019,0.05245720596355604
1923,Hispanic,FOOD_HYG,1.0546000000000002,0.2552892762043089
1923,Hispanic,IP_HIGH,0.0465,0.011256354393609294
1923,Hispanic,MANUF,1.9487,0.4717259743403534
1923,Hispanic,OTHER,1.0812,0.26172839506172835
1923,Two+,FOOD_HYG,0.1739,0.2534615945197493
1923,Two+,IP_HIGH,0.045899999999999996,0.06689986882378661
1923,Two+,MANUF,0.4436,0.6465529806150706
1923,Two+,OTHER,0.0227,0.033085556041393384
1923,AIAN,FOOD_HYG,0.0421,0.1708603896103896
1923,AIAN,IP_HIGH,0.0191,0.07751623376623376
1923,AIAN,MANUF,0.1751,0.7106331168831169
1923,AIAN,OTHER,0.010100000000000001,0.040990259740259744
1924,White,FOOD_HYG,6.7838,0.21385697892891822
1924,White,MANUF,21.7656,0.6861531089618299
1924,White,OTHER,3.1718,0.09998991210925186
1924,Black,FOOD_HYG,1.3749,0.19986335620420978
1924,Black,MANUF,4.9011000000000005,0.7124520293057331
1924,Black,OTHER,0.6032,0.08768461449005696
1924,API,FOOD_HYG,0.08879999999999999,0.2073313098295587
1924,API,MANUF,0.31880000000000003,0.7443380807844969
1924,API,OTHER,0.0207,0.048330609385944426
1924,Hispanic,FOOD_HYG,0.5053,0.30799707424113126
1924,Hispanic,MANUF,1.0417,0.6349506278190906
1924,Hispanic,OTHER,0.0936,0.05705229793977813
1924,Two+,FOOD_HYG,0.1648,0.2074260541220894
1924,Two+,MANUF,0.5537,0.6969162995594714
1924,Two+,OTHER,0.076,0.09565764631843929
1924,AIAN,FOOD_HYG,0.0487,0.11496694995278565
1924,AIAN,MANUF,0.3485,0.822710103871577
1924,AIAN,OTHER,0.0264,0.0623229461756374
1925,White,FOOD_HYG,9.0349,0.23174194408891194
1925,White,IP_HIGH,0.7474999999999999,0.019173106864100505
1925,White,MANUF,24.4094,0.626092354098428
1925,White,OTHER,4.7951,0.12299259494855964
1925,Black,FOOD_HYG,0.8981,0.15503193509407903
1925,Black,IP_HIGH,0.3309,0.0571206628689798
1925,Black,MANUF,3.7303,0.6439323321249784
1925,Black,OTHER,0.8337000000000001,0.1439150699119627
1925,API,FOOD_HYG,0.3256,0.25314881044938575
1925,API,IP_HIGH,0.7410000000000001,0.5761156896283626
1925,API,MANUF,0.1837,0.14282382211164668
1925,API,OTHER,0.0359,0.027911677810604878
1925,Hispanic,FOOD_HYG,0.4404,0.2833794479119748
1925,Hispanic,IP_HIGH,0.0393,0.02528794800849366
1925,Hispanic,MANUF,0.9117000000000001,0.5866417862428416
1925,Hispanic,OTHER,0.1627,0.10469081783669006
1925,Two+,FOOD_HYG,0.1723,0.1946232915395911
1925,Two+,IP_HIGH,0.1193,0.1347565796905004
1925,Two+,MANUF,0.4678,0.5284084491132949
1925,Two+,OTHER,0.1259,0.14221167965661358
1925,AIAN,FOOD_HYG,0.0513,0.18695335276967928
1925,AIAN,IP_HIGH,0.0106,0.03862973760932944
1925,AIAN,MANUF,0.16570000000000001,0.6038629737609329
1925,AIAN,OTHER,0.0468,0.1705539358600583
1926,White,FOOD_HYG,3.2724,0.24371243660304007
1926,White,MANUF,8.8324,0.657794195407863
1926,White,OTHER,1.3225,0.09849336798909683
1926,Black,FOOD_HYG,1.4167,0.3262406447898676
1926,Black,MANUF,2.3715,0.5461139896373057
1926,Black,OTHER,0.5543,0.1276453655728267
1926,API,FOOD_HYG,0.0184,0.1928721174004193
1926,API,MANUF,0.0667,0.6991614255765198
1926,API,OTHER,0.0103,0.1079664570230608
1926,Hispanic,FOOD_HYG,0.11069999999999999,0.19803220035778177
1926,Hispanic,MANUF,0.4008,0.716994633273703
1926,Hispanic,OTHER,0.0475,0.08497316636851522
1926,Two+,FOOD_HYG,0.1424,0.3445439148318412
1926,Two+,MANUF,0.2252,0.5448826518267602
1926,Two+,OTHER,0.045700000000000005,0.11057343334139849
1926,AIAN,FOOD_HYG,0.0352,0.27265685515104565
1926,AIAN,MANUF,0.0741,0.573973663826491
1926,AIAN,OTHER,0.0198,0.1533694810224632
1927,White,FOOD_HYG,0.7391000000000001,0.06647419639163205
1927,White,MANUF,8.828100000000001,0.7939938481463494
1927,White,OTHER,1.5514000000000001,0.1395319554620186
1927,Black,FOOD_HYG,0.37529999999999997,0.24008444216990787
1927,Black,MANUF,0.8851,0.5662103377686797
1927,Black,OTHER,0.3028,0.1937052200614125
1927,API,FOOD_HYG,0.5761000000000001,0.28550897016552684
1927,API,MANUF,1.4365,0.7119139657052236
1927,API,OTHER,0.005200000000000001,0.0025770641292496782
1927,Hispanic,FOOD_HYG,0.2467,0.2962295869356388
1927,Hispanic,MANUF,0.49040000000000006,0.5888568683957733
1927,Hispanic,OTHER,0.09570000000000001,0.11491354466858789
1927,Two+,FOOD_HYG,0.0435,0.1424361493123772
1927,Two+,MANUF,0.224,0.733464309102816
1927,Two+,OTHER,0.0379,0.12409954158480682
1927,AIAN,FOOD_HYG,0.0,0.0
1927,AIAN,MANUF,0.0542,0.9296740994854202
1927,AIAN,OTHER,0.0040999999999999995,0.07032590051457975
1928,White,FOOD_HYG,3.3552,0.1356392655298712
1928,White,MANUF,18.7615,0.7584633047921671
1928,White,OTHER,2.6195,0.10589742967796185
1928,Black,FOOD_HYG,0.7493,0.17451149358362253
1928,Black,MANUF,2.9974,0.6980925542073271
1928,Black,OTHER,0.547,0.1273959522090505
1928,API,FOOD_HYG,0.1271,0.06493970978949519
1928,API,MANUF,1.7939,0.9165644798692009
1928,API,OTHER,0.036199999999999996,0.0184958103413039
1928,Hispanic,FOOD_HYG,0.6655,0.22068576734314896
1928,Hispanic,MANUF,1.6784000000000001,0.5565724897201221
1928,Hispanic,OTHER,0.6717000000000001,0.22274174293672902
1928,Two+,FOOD_HYG,0.0674,0.10226065847367623
1928,Two+,MANUF,0.5072,0.7695342133211955
1928,Two+,OTHER,0.0845,0.12820512820512822
1928,AIAN,FOOD_HYG,0.0161,0.07954545454545453
1928,AIAN,MANUF,0.1451,0.7168972332015809
1928,AIAN,OTHER,0.0412,0.20355731225296442
1929,White,FOOD_HYG,7.4861,0.23004990596536082
1929,White,IP_HIGH,0.9403,0.028895676865020342
1929,White,MANUF,22.3416,0.6865634948926284
1929,White,OTHER,1.7732,0.0544909222769904
1929,Black,FOOD_HYG,1.8325,0.30279246530072707
1929,Black,IP_HIGH,0.0,0.0
1929,Black,MANUF,4.0252,0.665102445472571
1929,Black,OTHER,0.1943,0.03210508922670192
1929,API,FOOD_HYG,0.05910000000000001,0.028012133851549915
1929,API,IP_HIGH,0.0,0.0
1929,API,MANUF,1.9962,0.9461560337472746
1929,API,OTHER,0.0545,0.025831832401175467
1929,Hispanic,FOOD_HYG,0.31,0.10382477058074886
1929,Hispanic,IP_HIGH,0.0362,0.012124053854913256
1929,Hispanic,MANUF,1.7207,0.5762944604461115
1929,Hispanic,OTHER,0.9189000000000002,0.3077567151182263
1929,Two+,FOOD_HYG,0.19619999999999999,0.23744402759288394
1929,Two+,IP_HIGH,0.0149,0.018032191697930536
1929,Two+,MANUF,0.5716,0.6917584412441002
1929,Two+,OTHER,0.0436,0.052765339465085326
1929,AIAN,FOOD_HYG,0.027200000000000002,0.13730439172135284
1929,AIAN,IP_HIGH,0.0,0.0
1929,AIAN,MANUF,0.15560000000000002,0.7854618879353862
1929,AIAN,OTHER,0.0153,0.07723372034326097
1930,White,FOOD_HYG,5.8585,0.20360677843578837
1930,White,MANUF,21.106,0.7335196152028248
1930,White,OTHER,1.8091000000000002,0.06287360636138682
1930,Black,FOOD_HYG,0.7307,0.21209218623011725
1930,Black,MANUF,2.5476,0.7394636015325671
1930,Black,OTHER,0.16690000000000002,0.04844421223731569
1930,API,FOOD_HYG,0.0352,0.02033036848792884
1930,API,MANUF,0.8613000000000001,0.4974587039390089
1930,API,OTHER,0.8349000000000001,0.4822109275730622
1930,Hispanic,FOOD_HYG,0.2113,0.2022783840704576
1930,Hispanic,MANUF,0.7626000000000001,0.7300402067777141
1930,Hispanic,OTHER,0.0707,0.06768140915182845
1930,Two+,FOOD_HYG,0.121,0.17682303083442932
1930,Two+,MANUF,0.4605,0.6729504603244191
1930,Two+,OTHER,0.1028,0.15022650884115155
1930,AIAN,FOOD_HYG,0.0335,0.19442832269297736
1930,AIAN,MANUF,0.12480000000000001,0.7243180499129426
1930,AIAN,OTHER,0.014000000000000002,0.0812536273940801
1931,White,FOOD_HYG,7.9216,0.2903716519616288
1931,White,MANUF,17.5718,0.6441063161405964
1931,White,OTHER,1.7875,0.06552203189777463
1931,Black,FOOD_HYG,0.5372,0.1681061459506822
1931,Black,MANUF,2.5515,0.7984416072099136
1931,Black,OTHER,0.1069,0.03345224683940418
1931,API,FOOD_HYG,0.0417,0.028918169209431344
1931,API,MANUF,1.3921000000000001,0.9653952843273231
1931,API,OTHER,0.008199999999999999,0.005686546463245491
1931,Hispanic,FOOD_HYG,0.3038,0.23358449946178683
1931,Hispanic,MANUF,0.9312,0.7159772412732585
1931,Hispanic,OTHER,0.0656,0.050438259264954634
1931,Two+,FOOD_HYG,0.1173,0.2381242387332521
1931,Two+,MANUF,0.3567,0.7241169305724726
1931,Two+,OTHER,0.018600000000000002,0.037758830694275276
1931,AIAN,FOOD_HYG,0.0327,0.229312762973352
1931,AIAN,MANUF,0.1075,0.7538569424964936
1931,AIAN,OTHER,0.0024,0.016830294530154277
1932,White,FOOD_HYG,4.9475,0.22376651394611513
1932,White,IP_HIGH,0.9177,0.04150591810982311
1932,White,MANUF,13.040000000000001,0.5897757133617668
1932,White,OTHER,3.2049,0.14495185458229498
1932,Black,FOOD_HYG,1.301,0.33495533070724237
1932,Black,IP_HIGH,0.0,0.0
1932,Black,MANUF,2.0246,0.5212533147962205
1932,Black,OTHER,0.5585,0.14379135449653718
1932,API,FOOD_HYG,0.21930000000000002,0.6308975834292291
1932,API,IP_HIGH,0.0209,0.06012658227848101
1932,API,MANUF,0.08950000000000001,0.2574798619102417
1932,API,OTHER,0.0179,0.051495972382048325
1932,Hispanic,FOOD_HYG,1.0243,0.6557618437900128
1932,Hispanic,IP_HIGH,0.0359,0.022983354673495517
1932,Hispanic,MANUF,0.3914,0.2505761843790013
1932,Hispanic,OTHER,0.1104,0.0706786171574904
1932,Two+,FOOD_HYG,0.065,0.15098722415795587
1932,Two+,IP_HIGH,0.0197,0.04576074332171893
1932,Two+,MANUF,0.2647,0.6148664343786295
1932,Two+,OTHER,0.0811,0.18838559814169573
1932,AIAN,FOOD_HYG,0.3387,0.7053311120366514
1932,AIAN,IP_HIGH,0.0,0.0
1932,AIAN,MANUF,0.12419999999999999,0.25864223240316536
1932,AIAN,OTHER,0.0173,0.03602665556018326
1933,White,FOOD_HYG,19.6443,0.47049848989631665
1933,White,IP_HIGH,0.9298000000000001,0.022269538538181314
1933,White,MANUF,20.2637,0.4853336718392608
1933,White,OTHER,0.9143000000000001,0.021898299726241317
1933,Black,FOOD_HYG,2.5545,0.5305185769765945
1933,Black,IP_HIGH,0.0115,0.0023883200764262427
1933,Black,MANUF,2.2491,0.46709310294697937
1933,Black,OTHER,0.0,0.0
1933,API,FOOD_HYG,0.1351,0.47122427624694807
1933,API,IP_HIGH,0.0087,0.030345308685036626
1933,API,MANUF,0.1429,0.49843041506801544
1933,API,OTHER,0.0,0.0
1933,Hispanic,FOOD_HYG,2.0649,0.7345784418356458
1933,Hispanic,IP_HIGH,0.0248,0.008822483102098898
1933,Hispanic,MANUF,0.6927,0.2464247598719317
1933,Hispanic,OTHER,0.0286,0.010174315190323729
1933,Two+,FOOD_HYG,0.32330000000000003,0.38511018463371055
1933,Two+,IP_HIGH,0.0161,0.01917808219178082
1933,Two+,MANUF,0.4608,0.5488981536628945
1933,Two+,OTHER,0.0393,0.04681357951161406
1933,AIAN,FOOD_HYG,0.11270000000000001,0.4538864277084173
1933,AIAN,IP_HIGH,0.009000000000000001,0.03624647603705196
1933,AIAN,MANUF,0.1266,0.5098670962545307
1933,AIAN,OTHER,0.0,0.0
1934,White,FOOD_HYG,11.231300000000001,0.35575074356919556
1934,White,IP_HIGH,0.8804000000000001,0.02788661638798
1934,White,MANUF,18.711,0.5926697855923372
1934,White,OTHER,0.748,0.02369285445048732
1934,Black,FOOD_HYG,1.3175,0.3527443105756359
1934,Black,IP_HIGH,0.0674,0.018045515394912986
1934,Black,MANUF,2.1925,0.5870147255689424
1934,Black,OTHER,0.1576,0.0421954484605087
1934,API,FOOD_HYG,1.9851000000000003,0.8107412701654074
1934,API,IP_HIGH,0.0059,0.0024096385542168672
1934,API,MANUF,0.44850000000000007,0.18317337145190934
1934,API,OTHER,0.009000000000000001,0.0036757198284664084
1934,Hispanic,FOOD_HYG,1.9152,0.634971155758902
1934,Hispanic,IP_HIGH,0.026400000000000003,0.008752735229759301
1934,Hispanic,MANUF,1.019,0.33784231814866383
1934,Hispanic,OTHER,0.0556,0.01843379086267489
1934,Two+,FOOD_HYG,0.33190000000000003,0.5192428035043806
1934,Two+,IP_HIGH,0.0161,0.025187734668335418
1934,Two+,MANUF,0.271,0.42396745932415525
1934,Two+,OTHER,0.0202,0.03160200250312891
1934,AIAN,FOOD_HYG,0.1405,0.4706867671691793
1934,AIAN,IP_HIGH,0.0038,0.012730318257956449
1934,AIAN,MANUF,0.1444,0.4837520938023451
1934,AIAN,OTHER,0.0098,0.03283082077051926
1935,White,FOOD_HYG,6.1525,0.20446516697850164
1935,White,IP_HIGH,0.9493,0.03154795335435866
1935,White,MANUF,18.7387,0.6227405809768467
1935,White,OTHER,4.2502,0.141246298690293
1935,Black,FOOD_HYG,1.3429,0.2548680964129816
1935,Black,IP_HIGH,0.0091,0.0017270829379388878
1935,Black,MANUF,3.455,0.6557221484152591
1935,Black,OTHER,0.462,0.08768267223382047
1935,API,FOOD_HYG,0.9823,0.23995407577497127
1935,API,IP_HIGH,0.0054,0.0013191000806116716
1935,API,MANUF,3.0724000000000005,0.7505190903095
1935,API,OTHER,0.033600000000000005,0.008207733834917068
1935,Hispanic,FOOD_HYG,0.3327,0.2760079641612742
1935,Hispanic,IP_HIGH,0.0192,0.015928322548531604
1935,Hispanic,MANUF,0.7273000000000001,0.6033681765389082
1935,Hispanic,OTHER,0.1262,0.10469553675128586
1935,Two+,FOOD_HYG,0.1252,0.13377497595896998
1935,Two+,IP_HIGH,0.011399999999999999,0.012180788545784806
1935,Two+,MANUF,0.7088,0.7573458702852869
1935,Two+,OTHER,0.0905,0.09669836520995834
1935,AIAN,FOOD_HYG,0.0322,0.14342984409799553
1935,AIAN,IP_HIGH,0.005600000000000001,0.02494432071269488
1935,AIAN,MANUF,0.1532,0.6824053452115812
1935,AIAN,OTHER,0.0335,0.1492204899777283
1936,White,FOOD_HYG,2.5466,0.14981586285606713
1936,White,MANUF,12.8668,0.7569507359602781
1936,White,OTHER,1.5848,0.09323340118365474
1936,Black,FOOD_HYG,0.23400000000000004,0.0703315199422921
1936,Black,MANUF,2.8532,0.8575636440143067
1936,Black,OTHER,0.2399,0.07210483604340116
1936,API,FOOD_HYG,0.0266,0.10366328916601716
1936,API,MANUF,0.22489999999999996,0.8764614185502728
1936,API,OTHER,0.0051,0.01987529228371006
1936,Hispanic,FOOD_HYG,0.1348,0.07334856894112525
1936,Hispanic,MANUF,1.6006,0.8709326368484057
1936,Hispanic,OTHER,0.1024,0.05571879421046904
1936,Two+,FOOD_HYG,0.038,0.10201342281879194
1936,Two+,MANUF,0.31320000000000003,0.8408053691275169
1936,Two+,OTHER,0.0213,0.05718120805369127
1936,AIAN,FOOD_HYG,0.0119,0.10759493670886076
1936,AIAN,MANUF,0.0907,0.8200723327305606
1936,AIAN,OTHER,0.008,0.07233273056057866
1937,White,FOOD_HYG,0.6900000000000001,0.09115529427306955
1937,White,MANUF,6.8795,0.9088447057269304
1937,Black,FOOD_HYG,0.2495,0.27933273622928795
1937,Black,MANUF,0.6437,0.7206672637707121
1937,API,FOOD_HYG,0.0055000000000000005,0.006820436507936508
1937,API,MANUF,0.8009000000000002,0.9931795634920636
1937,Hispanic,FOOD_HYG,0.023700000000000002,0.06192840344917691
1937,Hispanic,MANUF,0.359,0.9380715965508231
1937,Two+,FOOD_HYG,0.0223,0.0884920634920635
1937,Two+,MANUF,0.22970000000000002,0.9115079365079366
1937,AIAN,FOOD_HYG,0.0089,0.10933660933660931
1937,AIAN,MANUF,0.07250000000000001,0.8906633906633906
1938,White,FOOD_HYG,1.8205,0.19056641299682825
1938,White,MANUF,7.732600000000001,0.8094335870031718
1938,Black,FOOD_HYG,0.0059,0.004099784587589465
1938,Black,MANUF,1.4332,0.9959002154124105
1938,API,FOOD_HYG,0.0471,0.37321711568938193
1938,API,MANUF,0.0791,0.626782884310618
1938,Hispanic,FOOD_HYG,0.0912,0.1558707913177235
1938,Hispanic,MANUF,0.4939,0.8441292086822766
1938,Two+,FOOD_HYG,0.024799999999999996,0.15836526181353766
1938,Two+,MANUF,0.1318,0.8416347381864624
1938,AIAN,FOOD_HYG,0.0034999999999999996,0.07172131147540983
1938,AIAN,MANUF,0.0453,0.9282786885245903
1939,White,FOOD_HYG,1.5838,0.17904542268647267
1939,White,IP_HIGH,0.8765000000000001,0.09908657215853851
1939,White,MANUF,6.3355,0.7162156051459448
1939,White,OTHER,0.05,0.00565240000904384
1939,Black,FOOD_HYG,0.3066,0.20157790927021696
1939,Black,IP_HIGH,0.0,0.0
1939,Black,MANUF,1.2144,0.798422090729783
1939,Black,OTHER,0.0,0.0
1939,API,FOOD_HYG,0.0112,0.011435572799673268
1939,API,IP_HIGH,0.0855,0.08729834592607719
1939,API,MANUF,0.0427,0.04359812129875434
1939,API,OTHER,0.84,0.8576679599754952
1939,Hispanic,FOOD_HYG,0.0454,0.1792341097512831
1939,Hispanic,IP_HIGH,0.0204,0.08053691275167786
1939,Hispanic,MANUF,0.1875,0.7402289774970392
1939,Hispanic,OTHER,0.0,0.0
1939,Two+,FOOD_HYG,0.0401,0.12334666256536449
1939,Two+,IP_HIGH,0.0122,0.03752691479544756
1939,Two+,MANUF,0.1678,0.5161488772685328
1939,Two+,OTHER,0.105,0.32297754537065515
1939,AIAN,FOOD_HYG,0.012799999999999999,0.22260869565217392
1939,AIAN,IP_HIGH,0.0,0.0
1939,AIAN,MANUF,0.0447,0.7773913043478261
1939,AIAN,OTHER,0.0,0.0
1940,White,FOOD_HYG,0.6204,0.0763992365002155
1940,White,MANUF,4.4708,0.5505572316975555
1940,White,OTHER,3.0293,0.37304353180222893
1940,Black,FOOD_HYG,0.0,0.0
1940,Black,MANUF,0.9432,0.5642160674762219
1940,Black,OTHER,0.7284999999999999,0.4357839325237782
1940,API,FOOD_HYG,0.2701,0.2094285492750252
1940,API,MANUF,0.9982000000000001,0.7739784445995193
1940,API,OTHER,0.021400000000000002,0.016593006125455532
1940,Hispanic,FOOD_HYG,0.0876,0.1683644051508745
1940,Hispanic,MANUF,0.3204,0.6157985777436095
1940,Hispanic,OTHER,0.11230000000000001,0.2158370171055161
1940,Two+,FOOD_HYG,0.0,0.0
1940,Two+,MANUF,0.2136,0.7267778155835317
1940,Two+,OTHER,0.08030000000000001,0.2732221844164682
1940,AIAN,FOOD_HYG,0.0,0.0
1940,AIAN,MANUF,0.0162,0.39416058394160586
1940,AIAN,OTHER,0.0249,0.6058394160583942
1941,White,FOOD_HYG,5.8067,0.18145086949049263
1941,White,IP_HIGH,0.9267,0.02895801759292533
1941,White,MANUF,24.0383,0.751161664296986
1941,White,OTHER,1.2298,0.038429448619595956
1941,Black,FOOD_HYG,0.7445999999999999,0.1122839822661881
1941,Black,IP_HIGH,0.9531000000000001,0.14372530687336005
1941,Black,MANUF,4.2689,0.6437403866453538
1941,Black,OTHER,0.6648000000000001,0.10025032421509786
1941,API,FOOD_HYG,0.020200000000000003,0.012244650542522884
1941,API,IP_HIGH,0.0,0.0
1941,API,MANUF,1.6247000000000003,0.9848457295265807
1941,API,OTHER,0.0048,0.002909619930896526
1941,Hispanic,FOOD_HYG,0.263,0.10884860524790994
1941,Hispanic,IP_HIGH,0.06670000000000001,0.027605330684545987
1941,Hispanic,MANUF,2.0658,0.8549788924757884
1941,Hispanic,OTHER,0.0207,0.00856717159175565
1941,Two+,FOOD_HYG,0.08810000000000001,0.10861792627296266
1941,Two+,IP_HIGH,0.0358,0.04413759092590309
1941,Two+,MANUF,0.6671,0.8224633214153618
1941,Two+,OTHER,0.0201,0.024781161385772407
1941,AIAN,FOOD_HYG,0.015300000000000001,0.058530986993114
1941,AIAN,IP_HIGH,0.0,0.0
1941,AIAN,MANUF,0.23900000000000002,0.9143075745983168
1941,AIAN,OTHER,0.0070999999999999995,0.027161438408569237
1942,White,FOOD_HYG,3.7297,0.0763120904033408
1942,White,IP_HIGH,3.3049999999999997,0.06762245188166377
1942,White,MANUF,36.3108,0.7429426099197328
1942,White,OTHER,5.5288,0.11312284779526253
1942,Black,FOOD_HYG,1.005,0.1509757086844833
1942,Black,IP_HIGH,0.4592,0.06898312977901963
1942,Black,MANUF,5.0186,0.7539171060735801
1942,Black,OTHER,0.1739,0.026124055462917063
1942,API,FOOD_HYG,0.0211,0.07056856187290969
1942,API,IP_HIGH,0.0138,0.04615384615384615
1942,API,MANUF,0.221,0.7391304347826086
1942,API,OTHER,0.0431,0.14414715719063542
1942,Hispanic,FOOD_HYG,0.1096,0.04438325099214384
1942,Hispanic,IP_HIGH,0.0993,0.040212197294889444
1942,Hispanic,MANUF,1.1944000000000001,0.48368024621365513
1942,Hispanic,OTHER,1.0661,0.43172430549931157
1942,Two+,FOOD_HYG,0.09280000000000001,0.09235668789808917
1942,Two+,IP_HIGH,0.0837,0.08330015923566877
1942,Two+,MANUF,0.7778,0.7740843949044586
1942,Two+,OTHER,0.0505,0.05025875796178344
1942,AIAN,FOOD_HYG,0.0144,0.04208065458796026
1942,AIAN,IP_HIGH,0.03,0.08766803039158387
1942,AIAN,MANUF,0.2564,0.7492694330800702
1942,AIAN,OTHER,0.041400000000000006,0.12098188194038575
1943,White,FOOD_HYG,4.2683,0.09262562606876558
1943,White,IP_HIGH,2.4556,0.05328854283308595
1943,White,MANUF,35.5252,0.7709261043549214
1943,White,OTHER,3.8321,0.08315972674322718
1943,Black,FOOD_HYG,0.49640000000000006,0.09987726605098489
1943,Black,IP_HIGH,0.3864,0.07774491458924368
1943,Black,MANUF,3.1835,0.6405303716223013
1943,Black,OTHER,0.9037999999999999,0.18184744773747005
1943,API,FOOD_HYG,0.0197,0.01678881881711266
1943,API,IP_HIGH,0.010199999999999999,0.008692687915459347
1943,API,MANUF,1.1257000000000001,0.9593489006306459
1943,API,OTHER,0.0178,0.015169592636781998
1943,Hispanic,FOOD_HYG,0.1047,0.0787751109773531
1943,Hispanic,IP_HIGH,0.0652,0.04905575201264013
1943,Hispanic,MANUF,1.0652,0.8014445865623354
1943,Hispanic,OTHER,0.094,0.07072455044767136
1943,Two+,FOOD_HYG,0.0821,0.08851752021563342
1943,Two+,IP_HIGH,0.057600000000000005,0.06210242587601078
1943,Two+,MANUF,0.7217,0.7781132075471697
1943,Two+,OTHER,0.0661,0.07126684636118598
1943,AIAN,FOOD_HYG,0.0194,0.05729474305965741
1943,AIAN,IP_HIGH,0.0182,0.05375073833431778
1943,AIAN,MANUF,0.26739999999999997,0.7897223862965149
1943,AIAN,OTHER,0.0336,0.09923213230950974
1944,White,FOOD_HYG,9.3366,0.1618953158108291
1944,White,IP_HIGH,5.7956,0.10049487954000826
1944,White,MANUF,39.6688,0.6878513488675339
1944,White,OTHER,2.8696,0.04975845578162877
1944,Black,FOOD_HYG,0.5942999999999999,0.07146980301609061
1944,Black,IP_HIGH,0.2894,0.0348028958318301
1944,Black,MANUF,6.3945,0.7689948769752507
1944,Black,OTHER,1.0372,0.12473242417682852
1944,API,FOOD_HYG,0.0784,0.0556936847339632
1944,API,IP_HIGH,0.054799999999999995,0.038928749023229375
1944,API,MANUF,1.2509,0.8886126305320735
1944,API,OTHER,0.023600000000000003,0.016764935710733824
1944,Hispanic,FOOD_HYG,2.705,0.515916156472316
1944,Hispanic,IP_HIGH,0.2334,0.04451564913886823
1944,Hispanic,MANUF,1.3689,0.2610859987412027
1944,Hispanic,OTHER,0.9358000000000001,0.17848219564761306
1944,Two+,FOOD_HYG,0.158,0.1238535705886964
1944,Two+,IP_HIGH,0.1028,0.08058320921846829
1944,Two+,MANUF,0.9177000000000001,0.7193697577800423
1944,Two+,OTHER,0.09720000000000001,0.07619346241279298
1944,AIAN,FOOD_HYG,0.09079999999999999,0.09785537234615799
1944,AIAN,IP_HIGH,0.47719999999999996,0.5142795559866364
1944,AIAN,MANUF,0.3235,0.34863670654165324
1944,AIAN,OTHER,0.0364,0.03922836512555233
1945,White,FOOD_HYG,4.8189,0.06538286198082027
1945,White,IP_HIGH,3.9163,0.053136380164661316
1945,White,MANUF,60.676700000000004,0.8232618028080345
1945,White,OTHER,4.290900000000001,0.058218955046484
1945,Black,FOOD_HYG,0.7449,0.06635370828953698
1945,Black,IP_HIGH,0.7536,0.0671286811209492
1945,Black,MANUF,8.325800000000001,0.7416400919278118
1945,Black,OTHER,1.4019,0.12487751866170207
1945,API,FOOD_HYG,0.042300000000000004,0.05374841168996188
1945,API,IP_HIGH,0.0434,0.055146124523506986
1945,API,MANUF,0.6842,0.8693773824650571
1945,API,OTHER,0.0171,0.02172808132147395
1945,Hispanic,FOOD_HYG,0.2506,0.08411936490886508
1945,Hispanic,IP_HIGH,0.1396,0.04685978986942365
1945,Hispanic,MANUF,2.4368000000000003,0.8179651572622604
1945,Hispanic,OTHER,0.1521,0.05105568795945084
1945,Two+,FOOD_HYG,0.1032,0.07152758525090103
1945,Two+,IP_HIGH,0.10629999999999999,0.07367618519545327
1945,Two+,MANUF,1.1715,0.8119628500138619
1945,Two+,OTHER,0.0618,0.04283337953978375
1945,AIAN,FOOD_HYG,0.0402,0.08575085324232082
1945,AIAN,IP_HIGH,0.0409,0.08724402730375426
1945,AIAN,MANUF,0.3759,0.8018344709897611
1945,AIAN,OTHER,0.011800000000000001,0.025170648464163826
1946,White,FOOD_HYG,12.3861,0.11856857316807001
1946,White,IP_HIGH,8.1218,0.07774765564273105
1946,White,MANUF,79.2519,0.7586556465601415
1946,White,OTHER,4.7038,0.04502812462905739
1946,Black,FOOD_HYG,1.9614,0.13331611429814308
1946,Black,IP_HIGH,1.1365999999999998,0.0772545607786629
1946,Black,MANUF,10.741299999999999,0.7300848264049373
1946,Black,OTHER,0.8731,0.05934449851825671
1946,API,FOOD_HYG,0.0935,0.026411683285782885
1946,API,IP_HIGH,0.101,0.028530267506567612
1946,API,MANUF,3.2967,0.931244880088133
1946,API,OTHER,0.0489,0.013813169119516397
1946,Hispanic,FOOD_HYG,1.0988,0.23643836205969054
1946,Hispanic,IP_HIGH,0.4067,0.0875131796957373
1946,Hispanic,MANUF,2.9271000000000003,0.6298495900845652
1946,Hispanic,OTHER,0.2147,0.04619886816000688
1946,Two+,FOOD_HYG,0.2393,0.10081732389619144
1946,Two+,IP_HIGH,0.1468,0.061846983485001686
1946,Two+,MANUF,1.862,0.7844624199528143
1946,Two+,OTHER,0.1255,0.05287327266599258
1946,AIAN,FOOD_HYG,0.1452,0.19531880548829705
1946,AIAN,IP_HIGH,0.046,0.061877858488027994
1946,AIAN,MANUF,0.5275,0.7095776163572775
1946,AIAN,OTHER,0.0247,0.03322571966639764
1947,White,FOOD_HYG,21.0948,0.1363907919340197
1947,White,IP_HIGH,11.0723,0.07158919570373014
1947,White,MANUF,107.9389,0.6978910466791324
1947,White,OTHER,13.9364,0.09010735502158222
1947,White,PRO_SVC,0.622,0.004021610661535557
1947,Black,FOOD_HYG,3.9028,0.15529638339441257
1947,Black,IP_HIGH,1.7832,0.07095534254097481
1947,Black,MANUF,15.5177,0.617465073434323
1947,Black,OTHER,3.6115999999999997,0.1437092390763709
1947,Black,PRO_SVC,0.316,0.01257396155391882
1947,API,FOOD_HYG,0.6027,0.054961790293457845
1947,API,IP_HIGH,3.0933,0.282086122307538
1947,API,MANUF,6.8969000000000005,0.6289463605026537
1947,API,OTHER,0.36800000000000005,0.03355888307282643
1947,API,PRO_SVC,0.0049,0.0004468438235240475
1947,Hispanic,FOOD_HYG,1.7133,0.20718302194812266
1947,Hispanic,IP_HIGH,0.5696,0.06887961787290647
1947,Hispanic,MANUF,5.4123,0.6544893887175768
1947,Hispanic,OTHER,0.5498999999999999,0.06649736985307456
1947,Hispanic,PRO_SVC,0.0244,0.00295060160831973
1947,Two+,FOOD_HYG,0.4747,0.11535564141819155
1947,Two+,IP_HIGH,0.3463,0.08415348351194382
1947,Two+,MANUF,2.9324,0.7125950766688537
1947,Two+,OTHER,0.3372,0.08194211562294962
1947,Two+,PRO_SVC,0.0245,0.0059536827780612865
1947,AIAN,FOOD_HYG,0.1261,0.11777341925842906
1947,AIAN,IP_HIGH,0.062200000000000005,0.05809283646212759
1947,AIAN,MANUF,0.734,0.6855328289903801
1947,AIAN,OTHER,0.1402,0.1309423741477538
1947,AIAN,PRO_SVC,0.008199999999999999,0.007658541141309423
1948,White,FOOD_HYG,19.6067,0.1467016136152434
1948,White,IP_HIGH,10.3569,0.07749258886256812
1948,White,MANUF,93.0508,0.6962264179178184
1948,White,OTHER,8.0982,0.06059250191918906
1948,White,PRO_SVC,2.5376000000000003,0.01898687768518117
1948,Black,FOOD_HYG,3.5717,0.14358766135872994
1948,Black,IP_HIGH,1.2587000000000002,0.05060161529586287
1948,Black,MANUF,18.8767,0.7588714637764475
1948,Black,OTHER,1.1554,0.046448801392579606
1948,Black,PRO_SVC,0.0122,0.0004904581763800166
1948,API,FOOD_HYG,0.2697,0.041703391009880776
1948,API,IP_HIGH,2.3882000000000003,0.3692845324797823
1948,API,MANUF,2.7174,0.4201883378948833
1948,API,OTHER,0.7772,0.12017751387793602
1948,API,PRO_SVC,0.3146,0.048646224737517584
1948,Hispanic,FOOD_HYG,2.7975000000000003,0.29011583892478254
1948,Hispanic,IP_HIGH,0.46249999999999997,0.04796374459435635
1948,Hispanic,MANUF,5.7462,0.5959119333796551
1948,Hispanic,OTHER,0.5940000000000001,0.0616010038682112
1948,Hispanic,PRO_SVC,0.0425,0.004407479232994909
1948,Two+,FOOD_HYG,0.42010000000000003,0.12047259900777149
1948,Two+,IP_HIGH,0.41000000000000003,0.11757620945771557
1948,Two+,MANUF,2.3325,0.6688939233173696
1948,Two+,OTHER,0.2944,0.08442545381549138
1948,Two+,PRO_SVC,0.030100000000000002,0.008631814401651802
1948,AIAN,FOOD_HYG,0.2122,0.17063364425860406
1948,AIAN,IP_HIGH,0.06330000000000001,0.05090061112898039
1948,AIAN,MANUF,0.8966,0.7209713734319716
1948,AIAN,OTHER,0.0334,0.02685751045352203
1948,AIAN,PRO_SVC,0.038099999999999995,0.030636860726921834
1949,White,FOOD_HYG,18.9937,0.14293917200232392
1949,White,IP_HIGH,6.4164,0.048287321755935454
1949,White,MANUF,98.3359,0.7400375979458097
1949,White,OTHER,7.2552,0.054599803130051576
1949,White,PRO_SVC,1.8784,0.01413610516587949
1949,Black,FOOD_HYG,1.6531,0.07667510830341655
1949,Black,IP_HIGH,1.2309,0.0570923663484819
1949,Black,MANUF,15.5845,0.7228499336728541
1949,Black,OTHER,3.072,0.14248740711880445
1949,Black,PRO_SVC,0.0193,0.0008951845564430098
1949,API,FOOD_HYG,0.7297,0.11107559290041708
1949,API,IP_HIGH,0.8498000000000001,0.1293573233476421
1949,API,MANUF,4.8815,0.7430663378695161
1949,API,OTHER,0.0978,0.01488720431089597
1949,API,PRO_SVC,0.0106,0.001613541571528602
1949,Hispanic,FOOD_HYG,0.9749,0.1685686620327143
1949,Hispanic,IP_HIGH,0.1842,0.03184977694781616
1949,Hispanic,MANUF,4.3636,0.7545042708441401
1949,Hispanic,OTHER,0.21050000000000002,0.03639727495936646
1949,Hispanic,PRO_SVC,0.0502,0.008680015215962927
1949,Two+,FOOD_HYG,0.447,0.1337002362934825
1949,Two+,IP_HIGH,0.2376,0.07106750815062962
1949,Two+,MANUF,2.4367,0.7288307959201986
1949,Two+,OTHER,0.1961,0.0586546226781922
1949,Two+,PRO_SVC,0.0259,0.007746836957497083
1949,AIAN,FOOD_HYG,0.1076,0.10240791853050346
1949,AIAN,IP_HIGH,0.0636,0.0605310745217474
1949,AIAN,MANUF,0.7968000000000001,0.7583515751403825
1949,AIAN,OTHER,0.0671,0.063862187113353
1949,AIAN,PRO_SVC,0.0156,0.01484724469401351
1950,White,FOOD_HYG,11.3938,0.10508093790579624
1950,White,IP_HIGH,4.6873,0.043229289635226056
1950,White,MANUF,80.83840000000001,0.7455436194073899
1950,White,OTHER,10.1346,0.09346778715617991
1950,White,PRO_SVC,1.3746999999999998,0.01267836589540786
1950,Black,FOOD_HYG,1.7845000000000002,0.1060642983232985
1950,Black,IP_HIGH,1.1103,0.06599226137761743
1950,Black,MANUF,11.4853,0.682645158606097
1950,Black,OTHER,1.9327,0.1148727763347935
1950,Black,PRO_SVC,0.5119,0.03042550535819361
1950,API,FOOD_HYG,0.6547,0.07888902277382817
1950,API,IP_HIGH,1.7319,0.20868779371008556
1950,API,MANUF,5.838,0.7034582479816845
1950,API,OTHER,0.06420000000000001,0.007735871791782143
1950,API,PRO_SVC,0.0102,0.0012290637426195928
1950,Hispanic,FOOD_HYG,0.6789,0.12790128108515447
1950,Hispanic,IP_HIGH,0.1963,0.0369819140919367
1950,Hispanic,MANUF,3.9092000000000002,0.7364732479276564
1950,Hispanic,OTHER,0.47800000000000004,0.09005275056518464
1950,Hispanic,PRO_SVC,0.0456,0.008590806330067823
1950,Two+,FOOD_HYG,0.33590000000000003,0.12542942494398807
1950,Two+,IP_HIGH,0.2122,0.07923823749066468
1950,Two+,MANUF,1.872,0.6990291262135923
1950,Two+,OTHER,0.2125,0.07935026138909634
1950,Two+,PRO_SVC,0.045399999999999996,0.016952949962658698
1950,AIAN,FOOD_HYG,0.060899999999999996,0.08837614279494992
1950,AIAN,IP_HIGH,0.0315,0.04571179799738789
1950,AIAN,MANUF,0.5032,0.7302278334058917
1950,AIAN,OTHER,0.0812,0.11783485705993323
1950,AIAN,PRO_SVC,0.0123,0.01784936874183718
1951,White,FOOD_HYG,13.3171,0.13877804953537787
1951,White,IP_HIGH,8.305900000000001,0.08655612720756736
1951,White,MANUF,63.2938,0.6595873059211315
1951,White,OTHER,10.2517,0.1068333894332725
1951,White,PRO_SVC,0.7912,0.008245127902650801
1951,Black,FOOD_HYG,1.8772000000000002,0.12506995709298296
1951,Black,IP_HIGH,0.9855,0.06565972869973083
1951,Black,MANUF,10.0623,0.6704088159262319
1951,Black,OTHER,1.9282,0.12846787303787008
1951,Black,PRO_SVC,0.156,0.01039362524318418
1951,API,FOOD_HYG,0.7356,0.2538565068847707
1951,API,IP_HIGH,0.11669999999999998,0.04027332021948441
1951,API,MANUF,1.8354000000000001,0.6333989025779065
1951,API,OTHER,0.20520000000000002,0.07081478413914484
1951,API,PRO_SVC,0.0048,0.001656486178693446
1951,Hispanic,FOOD_HYG,0.5908,0.10185153260007584
1951,Hispanic,IP_HIGH,0.2399,0.04135779057338896
1951,Hispanic,MANUF,3.8155,0.6577767817122366
1951,Hispanic,OTHER,1.1337000000000002,0.19544529876219705
1951,Hispanic,PRO_SVC,0.0207,0.0035685963521015066
1951,Two+,FOOD_HYG,0.27290000000000003,0.12243707658486251
1951,Two+,IP_HIGH,0.1972,0.08847413522365292
1951,Two+,MANUF,1.4649,0.6572300237785456
1951,Two+,OTHER,0.2738,0.12284086320606577
1951,Two+,PRO_SVC,0.0201,0.009017901206873347
1951,AIAN,FOOD_HYG,0.1315,0.09959857608119366
1951,AIAN,IP_HIGH,0.1432,0.10846019843974852
1951,AIAN,MANUF,0.9800000000000001,0.7422555479815193
1951,AIAN,OTHER,0.058499999999999996,0.04430811179277436
1951,AIAN,PRO_SVC,0.0070999999999999995,0.005377565704764067
1952,White,FOOD_HYG,14.9415,0.1266654967815443
1952,White,IP_HIGH,8.4443,0.07158594883193753
1952,White,MANUF,83.729,0.7098066044253871
1952,White,OTHER,9.2178,0.07814323971709126
1952,White,PRO_SVC,1.6277,0.013798710244039732
1952,Black,FOOD_HYG,1.9098,0.11510158326452632
1952,Black,IP_HIGH,1.9294,0.11628285409497177
1952,Black,MANUF,10.6498,0.641851943371323
1952,Black,OTHER,1.8361,0.11065976386637177
1952,Black,PRO_SVC,0.2672,0.01610385540280733
1952,API,FOOD_HYG,1.6934,0.26492905082995666
1952,API,IP_HIGH,0.0528,0.008260454637901093
1952,API,MANUF,4.3009,0.6728672225785761
1952,API,OTHER,0.334,0.052253633504904654
1952,API,PRO_SVC,0.0108,0.0016896384486615875
1952,Hispanic,FOOD_HYG,0.7888000000000001,0.13783703496601254
1952,Hispanic,IP_HIGH,0.22840000000000002,0.039911230712775435
1952,Hispanic,MANUF,4.3855,0.7663340730773935
1952,Hispanic,OTHER,0.2755,0.04814161147709997
1952,Hispanic,PRO_SVC,0.0445,0.007776049766718506
1952,Two+,FOOD_HYG,0.3875,0.14329031542358467
1952,Two+,IP_HIGH,0.2154,0.0796509263025552
1952,Two+,MANUF,1.8869,0.6977406352845469
1952,Two+,OTHER,0.1766,0.06530340568723884
1952,Two+,PRO_SVC,0.037899999999999996,0.014014717302074473
1952,AIAN,FOOD_HYG,0.0973,0.13363548963054522
1952,AIAN,IP_HIGH,0.0659,0.09050954539211646
1952,AIAN,MANUF,0.49060000000000004,0.6738085427825847
1952,AIAN,OTHER,0.0624,0.0857025133910177
1952,AIAN,PRO_SVC,0.0119,0.01634390880373575
1953,White,FOOD_HYG,11.2837,0.09951651538296004
1953,White,IP_HIGH,15.052100000000001,0.13275189354518932
1953,White,MANUF,78.5938,0.6931574843983166
1953,White,OTHER,5.0137,0.04421829304000875
1953,White,PRO_SVC,3.4419,0.030355813633525363
1953,Black,FOOD_HYG,1.0763,0.06663694843267272
1953,Black,IP_HIGH,1.2618,0.07812180761158267
1953,Black,MANUF,12.796700000000001,0.7922819269798226
1953,Black,OTHER,0.6831,0.04229276175263285
1953,Black,PRO_SVC,0.3338,0.020666555223289185
1953,API,FOOD_HYG,0.1521,0.025925547146655757
1953,API,IP_HIGH,0.5846,0.09964546260312265
1953,API,MANUF,4.3163,0.7357162337219608
1953,API,OTHER,0.7972000000000001,0.135883275380105
1953,API,PRO_SVC,0.0166,0.0028294811481557234
1953,Hispanic,FOOD_HYG,1.1054000000000002,0.19729421003783826
1953,Hispanic,IP_HIGH,0.43310000000000004,0.07730063539658742
1953,Hispanic,MANUF,3.6813000000000002,0.6570464767616192
1953,Hispanic,OTHER,0.27280000000000004,0.048689940743913765
1953,Hispanic,PRO_SVC,0.11019999999999999,0.019668737060041405
1953,Two+,FOOD_HYG,0.22870000000000001,0.08345497007736098
1953,Two+,IP_HIGH,0.4641,0.16935483870967744
1953,Two+,MANUF,1.8073,0.6595022624434389
1953,Two+,OTHER,0.17020000000000002,0.06210772150051089
1953,Two+,PRO_SVC,0.0701,0.025580207269011824
1953,AIAN,FOOD_HYG,0.0679,0.0982349537037037
1953,AIAN,IP_HIGH,0.09870000000000001,0.1427951388888889
1953,AIAN,MANUF,0.4694,0.6791087962962963
1953,AIAN,OTHER,0.0323,0.04673032407407408
1953,AIAN,PRO_SVC,0.0229,0.033130787037037035
1954,White,FOOD_HYG,16.8874,0.11601086507006377
1954,White,IP_HIGH,10.2975,0.07074042677137876
1954,White,MANUF,98.5841,0.6772402337336519
1954,White,OTHER,14.629900000000001,0.10050258505681905
1954,White,PRO_SVC,5.1685,0.03550588936808654
1954,Black,FOOD_HYG,2.7069,0.12755700694120475
1954,Black,IP_HIGH,1.3659000000000001,0.06436518370866733
1954,Black,MANUF,14.444,0.680643321976712
1954,Black,OTHER,2.2023,0.1037787862080665
1954,Black,PRO_SVC,0.502,0.023655701165349582
1954,API,FOOD_HYG,0.20940000000000003,0.03093788783168844
1954,API,IP_HIGH,0.5912999999999999,0.08736185804621475
1954,API,MANUF,5.8301,0.8613704863778736
1954,API,OTHER,0.1061,0.01567578748300928
1954,API,PRO_SVC,0.0315,0.004653980261213876
1954,Hispanic,FOOD_HYG,0.5797,0.07890510154080688
1954,Hispanic,IP_HIGH,0.3163,0.04305275766320031
1954,Hispanic,MANUF,5.7699,0.7853623346218762
1954,Hispanic,OTHER,0.5195,0.07071105787553765
1954,Hispanic,PRO_SVC,0.1614,0.02196874829857897
1954,Two+,FOOD_HYG,0.4103,0.1242241666414363
1954,Two+,IP_HIGH,0.2405,0.07281479911592842
1954,Two+,MANUF,2.1993,0.6658693875079476
1954,Two+,OTHER,0.3453,0.1045444912046989
1954,Two+,PRO_SVC,0.1075,0.0325471555299888
1954,AIAN,FOOD_HYG,0.0904,0.08970923886077205
1954,AIAN,IP_HIGH,0.11549999999999999,0.11461744566835366
1954,AIAN,MANUF,0.6458,0.6408653369058251
1954,AIAN,OTHER,0.1315,0.13049518705964078
1954,AIAN,PRO_SVC,0.0245,0.024312791505408354
1955,White,FOOD_HYG,11.337200000000001,0.0996124347724471
1955,White,IP_HIGH,14.956,0.13140842310770903
1955,White,MANUF,74.9941,0.6589232698169192
1955,White,OTHER,12.5258,0.1100558723029247
1955,Black,FOOD_HYG,1.0537,0.0674368
1955,Black,IP_HIGH,1.7147,0.1097408
1955,Black,MANUF,11.0521,0.7073343999999999
1955,Black,OTHER,1.8045,0.115488
1955,API,FOOD_HYG,1.0638,0.17313889521825462
1955,API,IP_HIGH,1.131,0.18407603919143256
1955,API,MANUF,3.4499,0.5614888838253963
1955,API,OTHER,0.4995,0.0812961817649165
1955,Hispanic,FOOD_HYG,2.1644,0.3050771008936374
1955,Hispanic,IP_HIGH,0.4744,0.06686775857694584
1955,Hispanic,MANUF,3.869,0.5453443464043075
1955,Hispanic,OTHER,0.5868,0.08271079412510923
1955,Two+,FOOD_HYG,0.26630000000000004,0.0994176062122004
1955,Two+,IP_HIGH,0.4514,0.16852086911072947
1955,Two+,MANUF,1.762,0.6578063167326215
1955,Two+,OTHER,0.19890000000000002,0.07425520794444859
1955,AIAN,FOOD_HYG,0.061000000000000006,0.07777636108631902
1955,AIAN,IP_HIGH,0.0699,0.08912405967104425
1955,AIAN,MANUF,0.574,0.7318628075991329
1955,AIAN,OTHER,0.0794,0.10123677164350375
1956,White,FOOD_HYG,11.3064,0.1499679674660873
1956,White,IP_HIGH,1.749,0.02319871710696479
1956,White,MANUF,55.145900000000005,0.731454621903356
1956,White,OTHER,5.4858,0.07276359194133072
1956,White,PRO_SVC,1.705,0.022615101582261272
1956,Black,FOOD_HYG,1.4791,0.1331646754836909
1956,Black,IP_HIGH,0.12279999999999999,0.011055792136702889
1956,Black,MANUF,8.3307,0.7500202569481332
1956,Black,OTHER,1.0036,0.09035499176217443
1956,Black,PRO_SVC,0.1711,0.01540428366929857
1956,API,FOOD_HYG,0.34390000000000004,0.21165681930083702
1956,API,IP_HIGH,0.0216,0.01329394387001477
1956,API,MANUF,1.2085000000000001,0.7437838503200394
1956,API,OTHER,0.0338,0.020802560315115702
1956,API,PRO_SVC,0.017,0.010462826193993106
1956,Hispanic,FOOD_HYG,1.1098000000000001,0.18934043061384653
1956,Hispanic,IP_HIGH,0.0606,0.010338826901422868
1956,Hispanic,MANUF,4.4165,0.7534889275599685
1956,Hispanic,OTHER,0.22660000000000002,0.03865970587231719
1956,Hispanic,PRO_SVC,0.0479,0.008172109052444807
1956,Two+,FOOD_HYG,0.22920000000000001,0.13710594006101576
1956,Two+,IP_HIGH,0.031400000000000004,0.018783274510976854
1956,Two+,MANUF,1.2425,0.7432553687862654
1956,Two+,OTHER,0.1233,0.07375725309565113
1956,Two+,PRO_SVC,0.04530000000000001,0.02709816354609081
1956,AIAN,FOOD_HYG,1.4424000000000001,0.7463134475086667
1956,AIAN,IP_HIGH,0.003,0.001552232627929839
1956,AIAN,MANUF,0.3907,0.2021524292440627
1956,AIAN,OTHER,0.08290000000000002,0.042893361618461225
1956,AIAN,PRO_SVC,0.013700000000000002,0.007088529000879599
1957,White,FOOD_HYG,6.665500000000001,0.10800383696775846
1957,White,IP_HIGH,6.4436,0.10440830003532343
1957,White,MANUF,39.0275,0.6323786283488401
1957,White,OTHER,9.5788,0.1552092346480781
1957,Black,FOOD_HYG,1.5933,0.16383042168364986
1957,Black,IP_HIGH,1.0856,0.1116263765642191
1957,Black,MANUF,6.3251,0.6503758238820397
1957,Black,OTHER,0.7212999999999999,0.07416737787009141
1957,API,FOOD_HYG,0.10320000000000001,0.038283191749823794
1957,API,IP_HIGH,0.8707,0.32299588233111987
1957,API,MANUF,1.6414000000000002,0.6088956486255889
1957,API,OTHER,0.0804,0.02982527729346737
1957,Hispanic,FOOD_HYG,0.2738,0.07418445865395036
1957,Hispanic,IP_HIGH,0.3167,0.08580795491492359
1957,Hispanic,MANUF,2.6906,0.7290018424189878
1957,Hispanic,OTHER,0.4097,0.1110057440121383
1957,Two+,FOOD_HYG,0.2082,0.15604856843052015
1957,Two+,IP_HIGH,0.1814,0.13596162494378652
1957,Two+,MANUF,0.8131,0.6094288712336982
1957,Two+,OTHER,0.1315,0.0985609353919952
1957,AIAN,FOOD_HYG,0.0622,0.1356893542757417
1957,AIAN,IP_HIGH,0.0567,0.12369109947643979
1957,AIAN,MANUF,0.2833,0.6180191972076788
1957,AIAN,OTHER,0.0562,0.12260034904013961
1958,White,FOOD_HYG,8.2309,0.15061694959916117
1958,White,IP_HIGH,9.5943,0.17556575824505607
1958,White,MANUF,32.7014,0.5984017684119608
1958,White,OTHER,2.9579,0.05412650806343884
1958,White,PRO_SVC,1.1634,0.021289015680382956
1958,Black,FOOD_HYG,0.8785000000000001,0.10380234426694394
1958,Black,IP_HIGH,0.8327,0.09839067964835996
1958,Black,MANUF,5.4724,0.646611210889498
1958,Black,OTHER,0.5719000000000001,0.06757491256262407
1958,Black,PRO_SVC,0.7077,0.08362085263257396
1958,API,FOOD_HYG,1.0175,0.567674626199509
1958,API,IP_HIGH,0.061000000000000006,0.03403258201294354
1958,API,MANUF,0.6721,0.374972104440973
1958,API,OTHER,0.0378,0.021089042624414193
1958,API,PRO_SVC,0.004,0.0022316447221602323
1958,Hispanic,FOOD_HYG,0.43350000000000005,0.20447148719400027
1958,Hispanic,IP_HIGH,0.2494,0.11763596056789773
1958,Hispanic,MANUF,1.0808,0.5097872741851799
1958,Hispanic,OTHER,0.29779999999999995,0.14046507240224512
1958,Hispanic,PRO_SVC,0.0586,0.02764020565067685
1958,Two+,FOOD_HYG,0.309,0.24533545057562522
1958,Two+,IP_HIGH,0.15940000000000001,0.12655815799920603
1958,Two+,MANUF,0.7188,0.5707026597856292
1958,Two+,OTHER,0.048400000000000006,0.03842794759825328
1958,Two+,PRO_SVC,0.0239,0.018975784041286223
1958,AIAN,FOOD_HYG,0.08220000000000001,0.22471295790049206
1958,AIAN,IP_HIGH,0.057300000000000004,0.15664297430289773
1958,AIAN,MANUF,0.20370000000000002,0.5568616730453799
1958,AIAN,OTHER,0.017499999999999998,0.04784034991798796
1958,AIAN,PRO_SVC,0.0051,0.013942044833242207
1959,White,FOOD_HYG,7.2752,0.11217397203668411
1959,White,IP_HIGH,8.3666,0.12900191808364322
1959,White,MANUF,40.4653,0.6239214634176425
1959,White,OTHER,6.427,0.09909584867491873
1959,White,PRO_SVC,2.3223000000000003,0.03580679778711122
1959,Black,FOOD_HYG,0.638,0.06660472496842018
1959,Black,IP_HIGH,2.0133,0.21018070968482813
1959,Black,MANUF,4.9492,0.5166772802722651
1959,Black,OTHER,1.8342,0.19148336447817602
1959,Black,PRO_SVC,0.14420000000000002,0.015053920596310645
1959,API,FOOD_HYG,0.3775,0.12677144200416413
1959,API,IP_HIGH,0.056100000000000004,0.018839411646181744
1959,API,MANUF,1.2108,0.4066089059036873
1959,API,OTHER,0.9420000000000001,0.3163409228289341
1959,API,PRO_SVC,0.3914,0.1314393176170327
1959,Hispanic,FOOD_HYG,0.4905,0.15683453237410072
1959,Hispanic,IP_HIGH,0.3017,0.096466826538769
1959,Hispanic,MANUF,1.9967000000000001,0.6384332533972822
1959,Hispanic,OTHER,0.2686,0.08588329336530776
1959,Hispanic,PRO_SVC,0.07,0.02238209432454037
1959,Two+,FOOD_HYG,0.1323,0.08397867208328044
1959,Two+,IP_HIGH,0.1903,0.1207947188015742
1959,Two+,MANUF,0.8150000000000001,0.5173289323346453
1959,Two+,OTHER,0.3874,0.24590580170115528
1959,Two+,PRO_SVC,0.0504,0.03199187507934493
1959,AIAN,FOOD_HYG,0.0332,0.0738269957749611
1959,AIAN,IP_HIGH,0.0563,0.1251945741605515
1959,AIAN,MANUF,0.3092,0.6875694907716255
1959,AIAN,OTHER,0.0368,0.08183233266622193
1959,AIAN,PRO_SVC,0.0142,0.03157660662663999
1960,White,FOOD_HYG,14.4057,0.09620257053065442
1960,White,IP_HIGH,20.895400000000002,0.1395413754462634
1960,White,MANUF,100.8387,0.6734099800057965
1960,White,OTHER,10.3778,0.06930388918643493
1960,White,PRO_SVC,3.2258,0.02154218483085064
1960,Black,FOOD_HYG,1.6545,0.0810060515853587
1960,Black,IP_HIGH,3.3301,0.1630451812537945
1960,Black,MANUF,13.0477,0.6388290476097218
1960,Black,OTHER,1.8327,0.08973091008793405
1960,Black,PRO_SVC,0.5594,0.027388809463191086
1960,API,FOOD_HYG,0.9094000000000001,0.29407579873237616
1960,API,IP_HIGH,0.24830000000000002,0.08029362307592808
1960,API,MANUF,1.7905000000000002,0.5790001293493726
1960,API,OTHER,0.1231,0.039807269434743234
1960,API,PRO_SVC,0.0211,0.006823179407579872
1960,Hispanic,FOOD_HYG,1.4788,0.17520496658926116
1960,Hispanic,IP_HIGH,0.715,0.08471162504146722
1960,Hispanic,MANUF,4.849600000000001,0.5745699255959433
1960,Hispanic,OTHER,1.3026,0.15432917871190938
1960,Hispanic,PRO_SVC,0.0944,0.01118430406141889
1960,Two+,FOOD_HYG,0.3226,0.09464018540792678
1960,Two+,IP_HIGH,0.5205,0.15269750931440138
1960,Two+,MANUF,2.2685,0.6655029776747734
1960,Two+,OTHER,0.2257,0.0662129257488192
1960,Two+,PRO_SVC,0.0714,0.02094640185407927
1960,AIAN,FOOD_HYG,0.0818,0.07655591951333646
1960,AIAN,IP_HIGH,0.2237,0.20935891436593357
1960,AIAN,MANUF,0.649,0.6073935423490875
1960,AIAN,OTHER,0.0859,0.08039307440336921
1960,AIAN,PRO_SVC,0.0281,0.02629854936827328
1961,White,FOOD_HYG,31.3149,0.09645616782410331
1961,White,IP_HIGH,31.874000000000002,0.09817830787342348
1961,White,MANUF,224.4966,0.6914945193994102
1961,White,OTHER,28.3575,0.08734678313109764
1961,White,PRO_SVC,8.6112,0.02652422177196537
1961,Black,FOOD_HYG,4.5516000000000005,0.11054575835662885
1961,Black,IP_HIGH,5.0869,0.12354671284478759
1961,Black,MANUF,27.2074,0.6607923951823849
1961,Black,OTHER,3.4731,0.08435198025933904
1961,Black,PRO_SVC,0.8549,0.020763153356859562
1961,API,FOOD_HYG,1.0509,0.07492086577123791
1961,API,IP_HIGH,1.1952,0.08520831551030884
1961,API,MANUF,9.1784,0.6543473921350558
1961,API,OTHER,2.5451,0.18144551857872074
1961,API,PRO_SVC,0.0572,0.0040779080046767615
1961,Hispanic,FOOD_HYG,2.9783000000000004,0.13985255447032308
1961,Hispanic,IP_HIGH,2.5264,0.11863260706235912
1961,Hispanic,MANUF,11.3008,0.5306536438767844
1961,Hispanic,OTHER,4.3082,0.20230090157776107
1961,Hispanic,PRO_SVC,0.18230000000000002,0.008560293012772351
1961,Two+,FOOD_HYG,0.6972,0.09803011768675919
1961,Two+,IP_HIGH,0.7217,0.10147495113960715
1961,Two+,MANUF,4.7662,0.6701536817536312
1961,Two+,OTHER,0.8057000000000001,0.11328580869222875
1961,Two+,PRO_SVC,0.1213,0.017055440727773794
1961,AIAN,FOOD_HYG,0.1789,0.07301742786008733
1961,AIAN,IP_HIGH,0.2885,0.1177502959062895
1961,AIAN,MANUF,1.6844000000000001,0.687482143585976
1961,AIAN,OTHER,0.2465,0.10060813844332883
1961,AIAN,PRO_SVC,0.051800000000000006,0.02114199420431819
1962,White,FOOD_HYG,24.225,0.06703733446828672
1962,White,IP_HIGH,36.7547,0.10171051051316976
1962,White,MANUF,271.886,0.7523844259750093
1962,White,OTHER,19.0963,0.05284479051421025
1962,White,PRO_SVC,9.4038,0.026022938529324028
1962,Black,FOOD_HYG,4.5003,0.0945749141001797
1962,Black,IP_HIGH,5.5134,0.11586546039151405
1962,Black,MANUF,33.422,0.7023715705744518
1962,Black,OTHER,3.144,0.06607193518897961
1962,Black,PRO_SVC,1.0048000000000001,0.02111611974487491
1962,API,FOOD_HYG,1.0516,0.09972687959942342
1962,API,IP_HIGH,0.4186,0.039697291556027615
1962,API,MANUF,7.7995,0.7396536681587133
1962,API,OTHER,1.2226,0.11594340338365829
1962,API,PRO_SVC,0.0525,0.004978757302177376
1962,Hispanic,FOOD_HYG,3.283,0.1751101439071484
1962,Hispanic,IP_HIGH,1.1869,0.06330741084477444
1962,Hispanic,MANUF,12.3115,0.6566763742652628
1962,Hispanic,OTHER,1.73,0.0922755251170779
1962,Hispanic,PRO_SVC,0.2368,0.012630545865736444
1962,Two+,FOOD_HYG,0.6064,0.08014591208268351
1962,Two+,IP_HIGH,0.7373,0.0974465385530385
1962,Two+,MANUF,5.4799,0.7242605270809653
1962,Two+,OTHER,0.5286,0.06986333958922576
1962,Two+,PRO_SVC,0.214,0.02828368269408686
1962,AIAN,FOOD_HYG,0.1751,0.058411448777396006
1962,AIAN,IP_HIGH,0.33590000000000003,0.11205257363979051
1962,AIAN,MANUF,2.3252,0.7756613403609435
1962,AIAN,OTHER,0.1028,0.03429295793441638
1962,AIAN,PRO_SVC,0.0587,0.019581679287453715
1963,White,FOOD_HYG,11.7287,0.04707984309796422
1963,White,IP_HIGH,26.8052,0.10759799553314098
1963,White,MANUF,183.4728,0.7364729796775576
1963,White,OTHER,18.7646,0.07532245038205936
1963,White,PRO_SVC,8.3523,0.0335267313092778
1963,Black,FOOD_HYG,2.3447999999999998,0.06844612582317501
1963,Black,IP_HIGH,3.9702,0.11589253187613845
1963,Black,MANUF,22.534,0.6577810471253095
1963,Black,OTHER,3.4987,0.10212916257998227
1963,Black,PRO_SVC,1.9099000000000002,0.0557511325953949
1963,API,FOOD_HYG,0.07970000000000001,0.007741697345287472
1963,API,IP_HIGH,1.1511,0.11181264509611553
1963,API,MANUF,7.305200000000001,0.7095940708506153
1963,API,OTHER,1.6912,0.16427551506085536
1963,API,PRO_SVC,0.0677,0.006576071647126245
1963,Hispanic,FOOD_HYG,0.4487,0.03655963041122455
1963,Hispanic,IP_HIGH,2.048,0.16686900620055245
1963,Hispanic,MANUF,8.433,0.6871124654732709
1963,Hispanic,OTHER,1.0145,0.08266045253440452
1963,Hispanic,PRO_SVC,0.32889999999999997,0.0267984453805477
1963,Two+,FOOD_HYG,0.21710000000000002,0.03835892361785961
1963,Two+,IP_HIGH,0.7044,0.12445889358093186
1963,Two+,MANUF,4.0302,0.712087213103168
1963,Two+,OTHER,0.48400000000000004,0.08551690018905596
1963,Two+,PRO_SVC,0.224,0.03957806950898458
1963,AIAN,FOOD_HYG,0.08700000000000001,0.041187331344979414
1963,AIAN,IP_HIGH,0.1916,0.09070681247928798
1963,AIAN,MANUF,1.4071,0.6661459073048337
1963,AIAN,OTHER,0.3186,0.1508308478909246
1963,AIAN,PRO_SVC,0.108,0.05112910097997444
1964,White,FOOD_HYG,13.3093,0.05920899561403313
1964,White,IP_HIGH,32.213,0.14330576181428395
1964,White,MANUF,155.50050000000002,0.6917740544190873
1964,White,OTHER,13.4225,0.059712587711552044
1964,White,PRO_SVC,10.3398,0.045998600441043466
1964,Black,FOOD_HYG,4.1850000000000005,0.11139414362258546
1964,Black,IP_HIGH,4.0904,0.10887613024464121
1964,Black,MANUF,23.8283,0.6342492407364523
1964,Black,OTHER,2.9287,0.07795460655375532
1964,Black,PRO_SVC,2.5369,0.0675258788425656
1964,API,FOOD_HYG,0.3267,0.044219160282612816
1964,API,IP_HIGH,1.3040999999999998,0.17651119352480982
1964,API,MANUF,4.4348,0.6002544598142985
1964,API,OTHER,0.31829999999999997,0.043082212176172814
1964,API,PRO_SVC,1.0043000000000002,0.1359329742021061
1964,Hispanic,FOOD_HYG,1.5596,0.11330926104867009
1964,Hispanic,IP_HIGH,1.2091,0.08784446494867082
1964,Hispanic,MANUF,9.8002,0.7120116825655146
1964,Hispanic,OTHER,0.6666,0.04843033689089733
1964,Hispanic,PRO_SVC,0.5286000000000001,0.03840425454624712
1964,Two+,FOOD_HYG,0.316,0.06059676305898596
1964,Two+,IP_HIGH,0.7552,0.14481859323463986
1964,Two+,MANUF,3.3723,0.6466786837462606
1964,Two+,OTHER,0.364,0.06980133466288256
1964,Two+,PRO_SVC,0.4073,0.07810462529723096
1964,AIAN,FOOD_HYG,0.16590000000000002,0.08407662679910806
1964,AIAN,IP_HIGH,0.2414,0.12233934725319279
1964,AIAN,MANUF,1.3056,0.6616663288060004
1964,AIAN,OTHER,0.2044,0.1035880802756943
1964,AIAN,PRO_SVC,0.0559,0.028329616866004458
1965,White,FOOD_HYG,17.8581,0.07959761930550152
1965,White,IP_HIGH,36.2768,0.16169396050093893
1965,White,MANUF,148.2949,0.6609841469779774
1965,White,OTHER,17.0048,0.0757942668462038
1965,White,PRO_SVC,4.9201,0.021930006369378488
1965,Black,FOOD_HYG,2.6996,0.07334932766739032
1965,Black,IP_HIGH,7.0351,0.1911467828837078
1965,Black,MANUF,24.1329,0.6557015815914815
1965,Black,OTHER,2.1727,0.05903322130054042
1965,Black,PRO_SVC,0.7644,0.020769086556879965
1965,API,FOOD_HYG,1.4492,0.1494421185059913
1965,API,IP_HIGH,0.5172,0.053333883308928166
1965,API,MANUF,6.5697,0.677470249757667
1965,API,OTHER,0.3608,0.03720584899045105
1965,API,PRO_SVC,0.8005000000000001,0.0825478994369625
1965,Hispanic,FOOD_HYG,3.327,0.19732744968950733
1965,Hispanic,IP_HIGH,4.643800000000001,0.27542807660599167
1965,Hispanic,MANUF,7.8346,0.4646773782198419
1965,Hispanic,OTHER,0.8322,0.04935855233892636
1965,Hispanic,PRO_SVC,0.2227,0.013208543145732877
1965,Two+,FOOD_HYG,0.3499,0.06608245670362047
1965,Two+,IP_HIGH,0.9218000000000001,0.17409205084137566
1965,Two+,MANUF,3.4411,0.6498895163270316
1965,Two+,OTHER,0.4137,0.07813178719144838
1965,Two+,PRO_SVC,0.1684,0.03180418893652382
1965,AIAN,FOOD_HYG,0.2381,0.08843739553541582
1965,AIAN,IP_HIGH,0.3718,0.1380975374215355
1965,AIAN,MANUF,1.856,0.6893733982097092
1965,AIAN,OTHER,0.1712,0.06358875311072318
1965,AIAN,PRO_SVC,0.0552,0.020502915722616352
1966,White,FOOD_HYG,22.6357,0.08597080387337104
1966,White,IP_HIGH,42.966300000000004,0.16318679565749777
1966,White,MANUF,170.4357,0.6473179154044586
1966,White,OTHER,16.8542,0.06401256080627372
1966,White,PRO_SVC,10.4033,0.039511924258398945
1966,Black,FOOD_HYG,2.324,0.061657482602455155
1966,Black,IP_HIGH,7.9021,0.20964870622756496
1966,Black,MANUF,20.7744,0.55116058802773
1966,Black,OTHER,4.596,0.12193536576630118
1966,Black,PRO_SVC,2.0956,0.055597857375948814
1966,API,FOOD_HYG,0.6217,0.06181579549183181
1966,API,IP_HIGH,2.0986000000000002,0.20866435325584404
1966,API,MANUF,5.4031,0.5372316625734541
1966,API,OTHER,0.8667,0.08617621031489565
1966,API,PRO_SVC,1.0672000000000001,0.10611197836397444
1966,Hispanic,FOOD_HYG,2.6718,0.13793281466988122
1966,Hispanic,IP_HIGH,3.3453000000000004,0.17270253945473227
1966,Hispanic,MANUF,11.5193,0.5946887761160127
1966,Hispanic,OTHER,0.9139,0.04718047732869393
1966,Hispanic,PRO_SVC,0.9199999999999999,0.047495392430679954
1966,Two+,FOOD_HYG,0.5025000000000001,0.08031261986958191
1966,Two+,IP_HIGH,1.1836,0.1891701828410689
1966,Two+,MANUF,3.7519,0.5996515790819588
1966,Two+,OTHER,0.4882,0.07802710650811917
1966,Two+,PRO_SVC,0.3306,0.052838511699271194
1966,AIAN,FOOD_HYG,0.0885,0.04581931141599793
1966,AIAN,IP_HIGH,0.2596,0.13440331348692727
1966,AIAN,MANUF,1.3301,0.6886357753041679
1966,AIAN,OTHER,0.1535,0.07947191302096816
1966,AIAN,PRO_SVC,0.0998,0.051669686771938915
1967,White,FOOD_HYG,16.900000000000002,0.05561682181785392
1967,White,IP_HIGH,45.1048,0.1484370192147892
1967,White,MANUF,204.5084,0.6730240972221536
1967,White,OTHER,25.8552,0.08508781369615245
1967,White,PRO_SVC,11.4965,0.03783424804905074
1967,Black,FOOD_HYG,2.2053000000000003,0.04955351725935547
1967,Black,IP_HIGH,7.0682,0.15882382020250138
1967,Black,MANUF,26.8957,0.6043515776322709
1967,Black,OTHER,5.4479,0.12241536601697847
1967,Black,PRO_SVC,2.8863000000000003,0.0648557188888939
1967,API,FOOD_HYG,0.6939,0.03973384792455206
1967,API,IP_HIGH,1.6286,0.09325629734821371
1967,API,MANUF,12.989600000000001,0.7438057227277152
1967,API,OTHER,1.6597000000000002,0.09503713416973493
1967,API,PRO_SVC,0.4919,0.028166997829784064
1967,Hispanic,FOOD_HYG,3.6498,0.15502433803104054
1967,Hispanic,IP_HIGH,2.6504,0.11257507411843658
1967,Hispanic,MANUF,14.8925,0.632555195936016
1967,Hispanic,OTHER,1.9254000000000002,0.08178088126608732
1967,Hispanic,PRO_SVC,0.4253,0.018064510648419515
1967,Two+,FOOD_HYG,0.3955,0.05262317548598267
1967,Two+,IP_HIGH,0.9954000000000001,0.13244275317003074
1967,Two+,MANUF,5.1517,0.6854584403315725
1967,Two+,OTHER,0.716,0.09526724057639341
1967,Two+,PRO_SVC,0.2571,0.03420839043602059
1967,AIAN,FOOD_HYG,0.09419999999999999,0.03965147114534663
1967,AIAN,IP_HIGH,0.3647,0.15351264890348107
1967,AIAN,MANUF,1.4322000000000001,0.6028538956939008
1967,AIAN,OTHER,0.1645,0.06924274950540893
1967,AIAN,PRO_SVC,0.3201,0.13473923475186259
1968,White,FOOD_HYG,21.676000000000002,0.05978006364111223
1968,White,IP_HIGH,62.9467,0.17360019062548435
1968,White,MANUF,232.5019,0.6412150940523856
1968,White,OTHER,25.9402,0.07154026604831054
1968,White,PRO_SVC,19.531,0.05386438563270727
1968,Black,FOOD_HYG,3.8439,0.0704767387709153
1968,Black,IP_HIGH,7.7476,0.14204989237533322
1968,Black,MANUF,35.3512,0.6481535127444473
1968,Black,OTHER,3.3594,0.06159357845599856
1968,Black,PRO_SVC,4.2393,0.07772627765330556
1968,API,FOOD_HYG,1.1404,0.09283545396081114
1968,API,IP_HIGH,1.3892,0.11308927800978501
1968,API,MANUF,8.6583,0.7048379612670037
1968,API,OTHER,0.2675,0.021776117094455434
1968,API,PRO_SVC,0.8287,0.06746118966794473
1968,Hispanic,FOOD_HYG,2.5826000000000002,0.1197427658696489
1968,Hispanic,IP_HIGH,2.7087,0.1255894176067211
1968,Hispanic,MANUF,13.1072,0.6077179512145365
1968,Hispanic,OTHER,2.5873000000000004,0.11996068231028523
1968,Hispanic,PRO_SVC,0.5821000000000001,0.02698918299880842
1968,Two+,FOOD_HYG,0.4554,0.05532069970845482
1968,Two+,IP_HIGH,1.3728,0.16676384839650146
1968,Two+,MANUF,5.324,0.6467444120505346
1968,Two+,OTHER,0.55,0.06681243926141886
1968,Two+,PRO_SVC,0.5298,0.06435860058309038
1968,AIAN,FOOD_HYG,0.157,0.04983019646427777
1968,AIAN,IP_HIGH,0.5923,0.18798997048274985
1968,AIAN,MANUF,1.9712,0.6256387469451232
1968,AIAN,OTHER,0.20850000000000002,0.06617577046370647
1968,AIAN,PRO_SVC,0.2217,0.07036531564414256
1969,White,FOOD_HYG,22.9104,0.06460436369337628
1969,White,IP_HIGH,68.92660000000001,0.19436409379792016
1969,White,MANUF,220.8339,0.6227230249767219
1969,White,OTHER,20.6891,0.058340585100593235
1969,White,PRO_SVC,21.2662,0.059967932431388316
1969,Black,FOOD_HYG,2.2398,0.044245934541776624
1969,Black,IP_HIGH,9.0907,0.17958144349447663
1969,Black,MANUF,33.2242,0.656324572909588
1969,Black,OTHER,2.8843,0.05697765380786067
1969,Black,PRO_SVC,3.1826000000000003,0.06287039524629802
1969,API,FOOD_HYG,0.8889000000000001,0.0734591673140175
1969,API,IP_HIGH,3.5409,0.2926218534618118
1969,API,MANUF,6.3374,0.5237260962266334
1969,API,OTHER,0.2568,0.021222088160917637
1969,API,PRO_SVC,1.0766,0.08897079483661967
1969,Hispanic,FOOD_HYG,2.1746,0.0805091334513117
1969,Hispanic,IP_HIGH,3.7431,0.1385789282726041
1969,Hispanic,MANUF,15.946200000000001,0.5903682258076459
1969,Hispanic,OTHER,4.4664,0.16535730416947422
1969,Hispanic,PRO_SVC,0.6803,0.02518640829896411
1969,Two+,FOOD_HYG,0.4963,0.060676080445014983
1969,Two+,IP_HIGH,1.8737000000000001,0.2290726817042607
1969,Two+,MANUF,4.8968,0.5986674002078367
1969,Two+,OTHER,0.3865,0.047252277034048544
1969,Two+,PRO_SVC,0.5262,0.06433156060883918
1969,AIAN,FOOD_HYG,0.1618,0.06296209821776014
1969,AIAN,IP_HIGH,0.5004000000000001,0.19472332477235585
1969,AIAN,MANUF,1.6221,0.6312164370768154
1969,AIAN,OTHER,0.1443,0.056152229745505496
1969,AIAN,PRO_SVC,0.1412,0.054945910187563236
1970,White,FOOD_HYG,22.880200000000002,0.06201747478868029
1970,White,IP_HIGH,70.4068,0.1908397629370222
1970,White,MANUF,227.7425,0.6173029410608745
1970,White,OTHER,30.8212,0.08354179569920163
1970,White,PRO_SVC,17.0808,0.04629802551422148
1970,Black,FOOD_HYG,3.6426,0.07449216856751965
1970,Black,IP_HIGH,10.9,0.22290798808158024
1970,Black,MANUF,26.5793,0.5435539713409858
1970,Black,OTHER,4.5916,0.09389947872251228
1970,Black,PRO_SVC,3.1856,0.06514639328740202
1970,API,FOOD_HYG,0.3532,0.02421666095303394
1970,API,IP_HIGH,2.9633000000000003,0.20317449434350363
1970,API,MANUF,9.7293,0.6670757627699692
1970,API,OTHER,0.2174,0.014905725059993146
1970,API,PRO_SVC,1.3218,0.09062735687350018
1970,Hispanic,FOOD_HYG,1.3382,0.06546102031532038
1970,Hispanic,IP_HIGH,3.952,0.19332084313715897
1970,Hispanic,MANUF,13.0089,0.6363591893438734
1970,Hispanic,OTHER,1.4237,0.06964344240242237
1970,Hispanic,PRO_SVC,0.7199,0.03521550480122488
1970,Two+,FOOD_HYG,0.4413,0.05299882304902362
1970,Two+,IP_HIGH,1.9513,0.2343453510436433
1970,Two+,MANUF,4.9596,0.5956332716835203
1970,Two+,OTHER,0.5267000000000001,0.06325511012898423
1970,Two+,PRO_SVC,0.4477,0.05376744409482863
1970,AIAN,FOOD_HYG,0.195,0.07589025102159953
1970,AIAN,IP_HIGH,0.43970000000000004,0.1711227865343452
1970,AIAN,MANUF,1.6534,0.6434714925082701
1970,AIAN,OTHER,0.1775,0.06907958746837906
1970,AIAN,PRO_SVC,0.1039,0.04043588246740611
1971,White,FOOD_HYG,20.1096,0.061962477907518465
1971,White,IP_HIGH,63.149100000000004,0.19457745124864118
1971,White,MANUF,207.4489,0.6391995804585376
1971,White,OTHER,12.1072,0.03730517327653994
1971,White,PRO_SVC,21.73,0.06695531710876279
1971,Black,FOOD_HYG,1.7846000000000002,0.042702259061009724
1971,Black,IP_HIGH,7.882,0.18860204298939742
1971,Black,MANUF,26.5472,0.6352266119827622
1971,Black,OTHER,4.1631,0.09961547388596301
1971,Black,PRO_SVC,1.4148,0.033853612080867734
1971,API,FOOD_HYG,0.31880000000000003,0.02571195831888313
1971,API,IP_HIGH,4.087400000000001,0.3296582761373993
1971,API,MANUF,6.1391,0.4951326327335489
1971,API,OTHER,1.6748,0.13507649872166078
1971,API,PRO_SVC,0.17880000000000001,0.014420634088507852
1971,Hispanic,FOOD_HYG,2.126,0.09487428933534446
1971,Hispanic,IP_HIGH,2.3591,0.10527654561195256
1971,Hispanic,MANUF,14.6846,0.6553109074194728
1971,Hispanic,OTHER,2.3688,0.10570941513526057
1971,Hispanic,PRO_SVC,0.8701,0.03882884249796953
1971,Two+,FOOD_HYG,0.4558,0.062627095355867
1971,Two+,IP_HIGH,1.7365,0.23859576806815055
1971,Two+,MANUF,4.351,0.5978290739214069
1971,Two+,OTHER,0.4607,0.06330035724100028
1971,Two+,PRO_SVC,0.274,0.03764770541357516
1971,AIAN,FOOD_HYG,0.1437,0.056247064349459835
1971,AIAN,IP_HIGH,0.4163,0.16294817598246436
1971,AIAN,MANUF,1.4761,0.5777751683106309
1971,AIAN,OTHER,0.0854,0.03342727415061844
1971,AIAN,PRO_SVC,0.4333,0.16960231720682636
1972,White,FOOD_HYG,21.7923,0.07008977877896487
1972,White,IP_HIGH,66.4688,0.2137811744379097
1972,White,MANUF,183.7593,0.5910183269125993
1972,White,OTHER,19.796,0.06366915198067154
1972,White,PRO_SVC,19.1034,0.061441567889854554
1972,Black,FOOD_HYG,2.9908,0.06425347337846346
1972,Black,IP_HIGH,11.6285,0.24982329650309693
1972,Black,MANUF,25.3719,0.545082486696214
1972,Black,OTHER,2.9124,0.06256915068457836
1972,Black,PRO_SVC,3.6433,0.07827159273764742
1972,API,FOOD_HYG,3.0909,0.20895895726715297
1972,API,IP_HIGH,4.0914,0.2765973269154064
1972,API,MANUF,5.1882,0.35074601640086805
1972,API,OTHER,0.8984000000000001,0.06073594332033073
1972,API,PRO_SVC,1.5230000000000001,0.10296175609624188
1972,Hispanic,FOOD_HYG,6.2528,0.25564832001831667
1972,Hispanic,IP_HIGH,4.093,0.16734400170083324
1972,Hispanic,MANUF,10.4024,0.42530643618195646
1972,Hispanic,OTHER,2.7069,0.11067272861079538
1972,Hispanic,PRO_SVC,1.0035,0.04102851348809826
1972,Two+,FOOD_HYG,0.5159,0.06796832799757585
1972,Two+,IP_HIGH,1.907,0.25124171640119625
1972,Two+,MANUF,4.1471,0.546368391236183
1972,Two+,OTHER,0.5002,0.06589989855473433
1972,Two+,PRO_SVC,0.5201,0.06852166581031052
1972,AIAN,FOOD_HYG,0.24319999999999997,0.07557958853875317
1972,AIAN,IP_HIGH,0.5368,0.16682205233389275
1972,AIAN,MANUF,2.181,0.6777922804400522
1972,AIAN,OTHER,0.13,0.04040027347877432
1972,AIAN,PRO_SVC,0.1268,0.039405805208527565
1973,White,FOOD_HYG,20.418400000000002,0.06070698556683867
1973,White,IP_HIGH,85.9212,0.2554566982861271
1973,White,MANUF,196.2236,0.5834023847643852
1973,White,OTHER,19.9494,0.05931257776647981
1973,White,PRO_SVC,13.8309,0.041121353616169184
1973,Black,FOOD_HYG,1.5112,0.03277508122199522
1973,Black,IP_HIGH,9.7419,0.2112834593412885
1973,Black,MANUF,29.3459,0.6364572895927405
1973,Black,OTHER,2.7937000000000003,0.06059009026593968
1973,Black,PRO_SVC,2.7155,0.05889407957803601
1973,API,FOOD_HYG,1.9745,0.1646020207409383
1973,API,IP_HIGH,4.747800000000001,0.3957951248791223
1973,API,MANUF,4.5756000000000006,0.3814398612824702
1973,API,OTHER,0.1218,0.010153723031778316
1973,API,PRO_SVC,0.5759000000000001,0.048009270065690744
1973,Hispanic,FOOD_HYG,2.0053,0.09597216505700037
1973,Hispanic,IP_HIGH,5.8581,0.2803643046528768
1973,Hispanic,MANUF,12.0997,0.5790826337905488
1973,Hispanic,OTHER,0.5733,0.027437711178964902
1973,Hispanic,PRO_SVC,0.3582,0.017143185320609152
1973,Two+,FOOD_HYG,0.7015,0.09051262531772963
1973,Two+,IP_HIGH,2.0645000000000002,0.2663767854147582
1973,Two+,MANUF,4.3742,0.5643910558300969
1973,Two+,OTHER,0.30870000000000003,0.03983071623033947
1973,Two+,PRO_SVC,0.3014,0.038888817207075856
1973,AIAN,FOOD_HYG,0.1311,0.04712775900496081
1973,AIAN,IP_HIGH,0.9540000000000001,0.3429434179308361
1973,AIAN,MANUF,1.4779,0.5312747142138183
1973,AIAN,OTHER,0.0897,0.032245308792867924
1973,AIAN,PRO_SVC,0.12910000000000002,0.046408800057516714
1974,White,FOOD_HYG,30.1832,0.08809200055919938
1974,White,IP_HIGH,78.092,0.22791753384892915
1974,White,MANUF,208.5483,0.6086643218817117
1974,White,OTHER,10.6369,0.03104461424726828
1974,White,PRO_SVC,15.1723,0.0442815294628913
1974,Black,FOOD_HYG,4.1898,0.09050905673827808
1974,Black,IP_HIGH,9.4825,0.2048432217577741
1974,Black,MANUF,28.7601,0.6212825248695766
1974,Black,OTHER,1.6963,0.03664387630558526
1974,Black,PRO_SVC,2.1628,0.04672132032878606
1974,API,FOOD_HYG,0.514,0.031815987224086066
1974,API,IP_HIGH,6.2586,0.3873998786783367
1974,API,MANUF,7.3094,0.4524431459450091
1974,API,OTHER,1.5671,0.09700162174876512
1974,API,PRO_SVC,0.5063,0.03133936640380306
1974,Hispanic,FOOD_HYG,4.8764,0.18834707711322685
1974,Hispanic,IP_HIGH,5.4353,0.2099341457291284
1974,Hispanic,MANUF,12.6552,0.4887970491106776
1974,Hispanic,OTHER,2.3764000000000003,0.09178656263880575
1974,Hispanic,PRO_SVC,0.5472,0.021135165408161294
1974,Two+,FOOD_HYG,0.5623,0.0692180806538973
1974,Two+,IP_HIGH,1.7882,0.22012408291890295
1974,Two+,MANUF,4.9236,0.6060859717366686
1974,Two+,OTHER,0.5154,0.06344477817716283
1974,Two+,PRO_SVC,0.3341,0.04112708651336846
1974,AIAN,FOOD_HYG,0.3598,0.12241426238432226
1974,AIAN,IP_HIGH,0.5978,0.2033886771910724
1974,AIAN,MANUF,1.7099,0.5817569406641263
1974,AIAN,OTHER,0.0712,0.024224278715296678
1974,AIAN,PRO_SVC,0.2005,0.06821584104518237
1975,White,FOOD_HYG,33.8091,0.06264664959356418
1975,White,IP_HIGH,136.0468,0.2520882309178803
1975,White,MANUF,314.5283,0.5828059367850499
1975,White,OTHER,29.2192,0.054141783833472956
1975,White,PRO_SVC,26.0759,0.04831739887003263
1975,Black,FOOD_HYG,6.0769,0.07453547944751829
1975,Black,IP_HIGH,20.092200000000002,0.24643844067788298
1975,Black,MANUF,46.2192,0.5668959883626088
1975,Black,OTHER,4.449400000000001,0.05457357571356908
1975,Black,PRO_SVC,4.6926000000000005,0.057556515798420964
1975,API,FOOD_HYG,4.0437,0.1443173504166741
1975,API,IP_HIGH,7.5475,0.26936597726583267
1975,API,MANUF,12.521500000000001,0.44688520494655504
1975,API,OTHER,2.3065,0.08231767162154928
1975,API,PRO_SVC,1.6003,0.05711379574938881
1975,Hispanic,FOOD_HYG,2.5541,0.08049327778232998
1975,Hispanic,IP_HIGH,7.7366,0.24382142159303635
1975,Hispanic,MANUF,18.0832,0.569897827333867
1975,Hispanic,OTHER,1.8881,0.059504074930823866
1975,Hispanic,PRO_SVC,1.4686000000000001,0.046283398359942766
1975,Two+,FOOD_HYG,0.8897,0.06843688222579479
1975,Two+,IP_HIGH,3.3843,0.2603247617362676
1975,Two+,MANUF,7.3031,0.5617639592932471
1975,Two+,OTHER,0.7782,0.05986015707329831
1975,Two+,PRO_SVC,0.645,0.0496142396713922
1975,AIAN,FOOD_HYG,0.2407,0.055102788333867496
1975,AIAN,IP_HIGH,1.1654,0.2667918135616501
1975,AIAN,MANUF,2.5242,0.5778581566778078
1975,AIAN,OTHER,0.1849,0.042328647955679685
1975,AIAN,PRO_SVC,0.253,0.05791859347099492
1976,White,FOOD_HYG,37.6334,0.04747137184915635
1976,White,IP_HIGH,207.4858,0.2617259021300144
1976,White,MANUF,468.8229,0.5913806942051433
1976,White,OTHER,39.5852,0.04993340354374635
1976,White,PRO_SVC,39.2326,0.04948862827193958
1976,Black,FOOD_HYG,6.6599,0.06028902958552027
1976,Black,IP_HIGH,28.2478,0.25571441762276603
1976,Black,MANUF,63.7622,0.5772100425288459
1976,Black,OTHER,4.1105,0.037210477050898826
1976,Black,PRO_SVC,7.6858,0.06957603321196891
1976,API,FOOD_HYG,2.3473,0.06301814862542955
1976,API,IP_HIGH,10.2017,0.27388584621993123
1976,API,MANUF,21.4143,0.5749114046391752
1976,API,OTHER,0.9333,0.02505637886597938
1976,API,PRO_SVC,2.3514000000000004,0.06312822164948453
1976,Hispanic,FOOD_HYG,4.8091,0.09207543557342523
1976,Hispanic,IP_HIGH,13.5287,0.2590216350756271
1976,Hispanic,MANUF,27.7242,0.5308098793796668
1976,Hispanic,OTHER,4.0920000000000005,0.07834577828834005
1976,Hispanic,PRO_SVC,2.076,0.03974727168294084
1976,Two+,FOOD_HYG,1.0559,0.05776195008807344
1976,Two+,IP_HIGH,4.4581,0.24387588757234602
1976,Two+,MANUF,10.7908,0.5902998873097669
1976,Two+,OTHER,0.8852,0.04842397785582214
1976,Two+,PRO_SVC,1.0902,0.05963829717399153
1976,AIAN,FOOD_HYG,0.2224,0.038633244740910594
1976,AIAN,IP_HIGH,1.6073,0.2792051001441798
1976,AIAN,MANUF,3.4745,0.6035575937603141
1976,AIAN,OTHER,0.1982,0.034429447426476974
1976,AIAN,PRO_SVC,0.25429999999999997,0.04417461392811854
1977,White,FOOD_HYG,51.8195,0.048898291610068687
1977,White,IP_HIGH,272.8822,0.2574990764248417
1977,White,MANUF,614.1106,0.5794914887182285
1977,White,OTHER,68.811,0.06493193380832384
1977,White,PRO_SVC,52.117200000000004,0.049179209438537076
1977,Black,FOOD_HYG,9.205,0.05846664320802438
1977,Black,IP_HIGH,40.2464,0.25562975656789055
1977,Black,MANUF,86.3946,0.5487454919391617
1977,Black,OTHER,11.3515,0.07210039113263321
1977,Black,PRO_SVC,10.2427,0.0650577171522902
1977,API,FOOD_HYG,3.2304,0.06400469177532576
1977,API,IP_HIGH,16.5619,0.3281449061149604
1977,API,MANUF,22.1877,0.4396102339349293
1977,API,OTHER,5.3532,0.10606423848801198
1977,API,PRO_SVC,3.1381,0.06217592968677248
1977,Hispanic,FOOD_HYG,3.2242,0.04644074778793567
1977,Hispanic,IP_HIGH,19.7593,0.2846091023404743
1977,Hispanic,MANUF,34.9441,0.5033279991242487
1977,Hispanic,OTHER,8.1655,0.11761426898529517
1977,Hispanic,PRO_SVC,3.333,0.04800788176204627
1977,Two+,FOOD_HYG,1.2921,0.051034433727516176
1977,Two+,IP_HIGH,7.0416,0.2781240372538332
1977,Two+,MANUF,13.6648,0.5397224131257357
1977,Two+,OTHER,1.9706000000000001,0.0778333372830612
1977,Two+,PRO_SVC,1.3491,0.05328577860985378
1977,AIAN,FOOD_HYG,0.9305,0.08595128349606038
1977,AIAN,IP_HIGH,2.9785,0.2751272411531605
1977,AIAN,MANUF,5.5537,0.513001228535272
1977,AIAN,OTHER,0.7967,0.07359203391865804
1977,AIAN,PRO_SVC,0.5665,0.052328212896849226
1978,White,FOOD_HYG,50.5906,0.04764920953074609
1978,White,IP_HIGH,253.9871,0.2392200239966824
1978,White,MANUF,644.2834,0.6068240883441093
1978,White,OTHER,55.9107,0.052659993344824636
1978,White,PRO_SVC,56.9583,0.05364668478363758
1978,Black,FOOD_HYG,5.4953,0.03447462473643565
1978,Black,IP_HIGH,38.6289,0.24233742133847092
1978,Black,MANUF,96.3217,0.6042717342957681
1978,Black,OTHER,10.6261,0.06666256799662236
1978,Black,PRO_SVC,8.3293,0.052253651632703124
1978,API,FOOD_HYG,2.3129000000000004,0.054074210886850736
1978,API,IP_HIGH,14.4886,0.33873475370972606
1978,API,MANUF,23.9727,0.5604673074180494
1978,API,OTHER,1.5248000000000002,0.03564890689622119
1978,API,PRO_SVC,0.4737,0.011074821089152661
1978,Hispanic,FOOD_HYG,2.8616,0.042174951769104824
1978,Hispanic,IP_HIGH,15.998000000000001,0.23578238691715786
1978,Hispanic,MANUF,41.8653,0.6170209003002181
1978,Hispanic,OTHER,4.9402,0.07280986047306809
1978,Hispanic,PRO_SVC,2.1856,0.03221190054045132
1978,Two+,FOOD_HYG,1.0386,0.04288970746130594
1978,Two+,IP_HIGH,6.3196,0.26097226581212113
1978,Two+,MANUF,14.3153,0.5911602438097756
1978,Two+,OTHER,1.3239,0.05467136886965428
1978,Two+,PRO_SVC,1.2182,0.050306414047143165
1978,AIAN,FOOD_HYG,0.3738,0.04682391552153926
1978,AIAN,IP_HIGH,1.9002000000000001,0.23802783379890022
1978,AIAN,MANUF,4.8506,0.6076085731106964
1978,AIAN,OTHER,0.44980000000000003,0.05634402675652316
1978,AIAN,PRO_SVC,0.4087,0.05119565081234108
1979,White,FOOD_HYG,22.3674,0.057006846204309576
1979,White,IP_HIGH,107.4467,0.273844859128043
1979,White,MANUF,211.7562,0.5396940693245088
1979,White,OTHER,25.590700000000002,0.06522193456372333
1979,White,PRO_SVC,25.2024,0.06423229077941521
1979,Black,FOOD_HYG,4.4046,0.0665453985079182
1979,Black,IP_HIGH,14.1564,0.21387714649173434
1979,Black,MANUF,35.8701,0.5419311853559634
1979,Black,OTHER,5.7255,0.08650176614382364
1979,Black,PRO_SVC,6.0328,0.09114450350056053
1979,API,FOOD_HYG,3.4446000000000003,0.15268210951836386
1979,API,IP_HIGH,7.631200000000001,0.3382534152460484
1979,API,MANUF,10.068100000000001,0.4462691595081691
1979,API,OTHER,0.379,0.016799198602874033
1979,API,PRO_SVC,1.0377,0.04599611712454455
1979,Hispanic,FOOD_HYG,1.6049000000000002,0.0664675965807435
1979,Hispanic,IP_HIGH,6.341,0.26261513484858523
1979,Hispanic,MANUF,13.5991,0.5632123451063548
1979,Hispanic,OTHER,1.1634,0.0481826916705321
1979,Hispanic,PRO_SVC,1.4372,0.05952223179378437
1979,Two+,FOOD_HYG,0.8051,0.08194819074762075
1979,Two+,IP_HIGH,2.9487,0.300137411573108
1979,Two+,MANUF,4.8455,0.4932057611074355
1979,Two+,OTHER,0.5242,0.05335640490610209
1979,Two+,PRO_SVC,0.7010000000000001,0.07135223166573362
1979,AIAN,FOOD_HYG,0.2336,0.05943869112745223
1979,AIAN,IP_HIGH,1.4747000000000001,0.3752321823872167
1979,AIAN,MANUF,1.5607,0.39711457723722043
1979,AIAN,OTHER,0.3907,0.09941222869647083
1979,AIAN,PRO_SVC,0.27040000000000003,0.06880232055163991
1980,White,FOOD_HYG,40.7844,0.07282555340467373
1980,White,IP_HIGH,179.5018,0.3205225017932117
1980,White,MANUF,279.1589,0.4984724889992246
1980,White,OTHER,29.1853,0.052113936303621586
1980,White,PRO_SVC,31.398300000000003,0.05606551949926853
1980,Black,FOOD_HYG,5.9676,0.06686528900895368
1980,Black,IP_HIGH,27.156200000000002,0.30427762607831427
1980,Black,MANUF,42.5648,0.476926679671612
1980,Black,OTHER,6.4549,0.07232534922312071
1980,Black,PRO_SVC,7.1046000000000005,0.07960505601799926
1980,API,FOOD_HYG,1.6572,0.04633865357298646
1980,API,IP_HIGH,13.378400000000001,0.3740870401646404
1980,API,MANUF,18.451800000000002,0.5159495341528069
1980,API,OTHER,1.8857000000000002,0.052727974319684144
1980,API,PRO_SVC,0.3897,0.010896797789882224
1980,Hispanic,FOOD_HYG,5.7319,0.12840795551791961
1980,Hispanic,IP_HIGH,15.2668,0.34201199869170346
1980,Hispanic,MANUF,20.538800000000002,0.4601171194178977
1980,Hispanic,OTHER,1.1891,0.026638618940727894
1980,Hispanic,PRO_SVC,1.9116,0.04282430743175127
1980,Two+,FOOD_HYG,1.0467,0.07243297856144382
1980,Two+,IP_HIGH,4.8445,0.3352455953386019
1980,Two+,MANUF,6.8865,0.47655460672913236
1980,Two+,OTHER,0.8558,0.05922245443095789
1980,Two+,PRO_SVC,0.8171,0.056544364939864096
1980,AIAN,FOOD_HYG,0.3801,0.06134206958879349
1980,AIAN,IP_HIGH,3.5575,0.5741236847201602
1980,AIAN,MANUF,1.814,0.29275062939771485
1980,AIAN,OTHER,0.1827,0.029484862178038862
1980,AIAN,PRO_SVC,0.2621,0.042298754115292755
1981,White,FOOD_HYG,76.1982,0.06700716254897046
1981,White,IP_HIGH,304.1016,0.26742082283573626
1981,White,MANUF,623.1831,0.5480146680560868
1981,White,OTHER,54.6224,0.04803383853706367
1981,White,PRO_SVC,79.0597,0.0695235080221428
1981,Black,FOOD_HYG,11.8734,0.06353618063723471
1981,Black,IP_HIGH,49.339600000000004,0.26402291998660077
1981,Black,MANUF,99.5613,0.5327660772211763
1981,Black,OTHER,10.591800000000001,0.05667816447466291
1981,Black,PRO_SVC,15.5101,0.08299665768032526
1981,API,FOOD_HYG,4.445,0.07923676015237703
1981,API,IP_HIGH,16.8165,0.2997716483920019
1981,API,MANUF,30.8575,0.5500671150510628
1981,API,OTHER,1.9454,0.03467878362214494
1981,API,PRO_SVC,2.0333,0.03624569278241355
1981,Hispanic,FOOD_HYG,8.4739,0.10775148455679462
1981,Hispanic,IP_HIGH,14.9485,0.1900804903170021
1981,Hispanic,MANUF,48.5521,0.6173734470963721
1981,Hispanic,OTHER,2.7544,0.03502409623234108
1981,Hispanic,PRO_SVC,3.9141,0.04977048179748991
1981,Two+,FOOD_HYG,1.7608,0.0637873946718253
1981,Two+,IP_HIGH,7.6705000000000005,0.2778743814347092
1981,Two+,MANUF,14.9284,0.5408017620507024
1981,Two+,OTHER,1.2866,0.04660884937799321
1981,Two+,PRO_SVC,1.9579,0.07092761246476986
1981,AIAN,FOOD_HYG,0.711,0.06271555716289286
1981,AIAN,IP_HIGH,3.9801,0.35107480881016856
1981,AIAN,MANUF,5.4175,0.47786431917014355
1981,AIAN,OTHER,0.3492,0.030802071112914466
1981,AIAN,PRO_SVC,0.8791,0.07754324374388061
1982,White,FOOD_HYG,103.6194,0.06269080133307962
1982,White,IP_HIGH,480.3806,0.29063519725906145
1982,White,MANUF,854.8429,0.5171887350717497
1982,White,OTHER,96.9233,0.05863959205367408
1982,White,PRO_SVC,117.0983,0.07084567428243511
1982,Black,FOOD_HYG,17.4816,0.06977028201695885
1982,Black,IP_HIGH,68.2034,0.2722045151768403
1982,Black,MANUF,130.4494,0.5206326324216932
1982,Black,OTHER,15.0515,0.06007158382403534
1982,Black,PRO_SVC,19.3735,0.07732098656047229
1982,API,FOOD_HYG,11.275500000000001,0.14339253603412272
1982,API,IP_HIGH,22.2679,0.28318483908955183
1982,API,MANUF,37.665600000000005,0.4790001246283405
1982,API,OTHER,2.7598000000000003,0.03509686674178279
1982,API,PRO_SVC,4.665,0.05932563350620216
1982,Hispanic,FOOD_HYG,12.5149,0.10177371492885542
1982,Hispanic,IP_HIGH,28.2131,0.2294346736018099
1982,Hispanic,MANUF,62.548,0.5086530712486755
1982,Hispanic,OTHER,8.478,0.06894482218530201
1982,Hispanic,PRO_SVC,11.2139,0.0911937180353572
1982,Two+,FOOD_HYG,2.6201,0.06863913696128847
1982,Two+,IP_HIGH,11.1826,0.29295218235307985
1982,Two+,MANUF,19.3134,0.5059559206855267
1982,Two+,OTHER,2.1176,0.055475072107638815
1982,Two+,PRO_SVC,2.9384,0.07697768789246595
1982,AIAN,FOOD_HYG,0.8483,0.06442181365289834
1982,AIAN,IP_HIGH,3.6815,0.2795814062986505
1982,AIAN,MANUF,6.8776,0.522300442743338
1982,AIAN,OTHER,0.8374,0.06359404308963465
1982,AIAN,PRO_SVC,0.9231,0.07010229421547856
1983,White,FOOD_HYG,106.3319,0.089033545696553
1983,White,IP_HIGH,335.5621,0.2809719713875261
1983,White,MANUF,627.4540000000001,0.5253781262394913
1983,White,OTHER,59.6954,0.04998399467868071
1983,White,PRO_SVC,65.2469,0.054632361997748784
1983,Black,FOOD_HYG,15.0132,0.08505329852613258
1983,Black,IP_HIGH,55.9956,0.3172282047098493
1983,Black,MANUF,82.0147,0.46463250756875324
1983,Black,OTHER,11.5059,0.06518362158046445
1983,Black,PRO_SVC,11.9858,0.0679023676148003
1983,API,FOOD_HYG,5.2891,0.07579157638912773
1983,API,IP_HIGH,16.2027,0.23218093338377416
1983,API,MANUF,46.074,0.6602297348419713
1983,API,OTHER,1.0895000000000001,0.015612282330822761
1983,API,PRO_SVC,1.1295,0.01618547305430409
1983,Hispanic,FOOD_HYG,8.9418,0.10024270892305626
1983,Hispanic,IP_HIGH,26.8795,0.301334618812464
1983,Hispanic,MANUF,44.9148,0.5035206807060421
1983,Hispanic,OTHER,4.4664,0.05007090687936863
1983,Hispanic,PRO_SVC,3.999,0.04483108467906931
1983,Two+,FOOD_HYG,2.2623,0.08321562568969325
1983,Two+,IP_HIGH,7.9124,0.29104686235562427
1983,Two+,MANUF,14.1137,0.519153240638564
1983,Two+,OTHER,1.2781,0.047013168542632246
1983,Two+,PRO_SVC,1.6195,0.05957110277348636
1983,AIAN,FOOD_HYG,0.5739,0.059872930424712846
1983,AIAN,IP_HIGH,2.6612,0.2776334595682973
1983,AIAN,MANUF,5.3401,0.5571134967085016
1983,AIAN,OTHER,0.4781,0.049878459724786925
1983,AIAN,PRO_SVC,0.532,0.05550165357370141
1984,White,FOOD_HYG,137.3043,0.07004408711232221
1984,White,IP_HIGH,527.2008,0.2689449548257844
1984,White,MANUF,1084.1298,0.5530553824772017
1984,White,OTHER,83.1831,0.042434827625012536
1984,White,PRO_SVC,128.4374,0.06552074795967913
1984,Black,FOOD_HYG,18.941300000000002,0.06634939772963319
1984,Black,IP_HIGH,76.8626,0.26924166862536913
1984,Black,MANUF,153.0941,0.5362726597942188
1984,Black,OTHER,15.2654,0.05347310354104219
1984,Black,PRO_SVC,21.314700000000002,0.07466317030973654
1984,API,FOOD_HYG,15.2406,0.13491901194304942
1984,API,IP_HIGH,25.867900000000002,0.22899830118509826
1984,API,MANUF,60.2246,0.5331445957944815
1984,API,OTHER,5.0704,0.0448862484519007
1984,API,PRO_SVC,6.5576,0.05805184262547018
1984,Hispanic,FOOD_HYG,11.2934,0.08567717697897179
1984,Hispanic,IP_HIGH,29.0187,0.22014984819449313
1984,Hispanic,MANUF,80.4869,0.610612426354225
1984,Hispanic,OTHER,4.1285,0.0313207913611211
1984,Hispanic,PRO_SVC,6.8859,0.052239757111189
1984,Two+,FOOD_HYG,3.0239000000000003,0.06563607672555442
1984,Two+,IP_HIGH,12.1822,0.26442402655049735
1984,Two+,MANUF,25.6996,0.5578295966850948
1984,Two+,OTHER,2.0613,0.04474210289837142
1984,Two+,PRO_SVC,3.1037,0.06736819714048191
1984,AIAN,FOOD_HYG,0.9676,0.05980222496909765
1984,AIAN,IP_HIGH,3.9979,0.24708899876390605
1984,AIAN,MANUF,9.6273,0.5950123609394314
1984,AIAN,OTHER,0.5401,0.03338071693448702
1984,AIAN,PRO_SVC,1.0471,0.06471569839307786
1985,White,FOOD_HYG,201.7043,0.07364186682716381
1985,White,IP_HIGH,706.1347000000001,0.257808472796263
1985,White,MANUF,1542.4736,0.5631542581671087
1985,White,OTHER,136.8503,0.04996379139094911
1985,White,PRO_SVC,151.8266,0.05543161081851537
1985,Black,FOOD_HYG,28.9647,0.072950011661041
1985,Black,IP_HIGH,103.4354,0.2605106780379027
1985,Black,MANUF,208.5278,0.5251946487155477
1985,Black,OTHER,22.2154,0.0559513369396089
1985,Black,PRO_SVC,33.905300000000004,0.08539332464589977
1985,API,FOOD_HYG,10.998700000000001,0.07372697016721243
1985,API,IP_HIGH,29.9007,0.20043168891585084
1985,API,MANUF,97.3572,0.6526090701595038
1985,API,OTHER,2.6011,0.017435808059310304
1985,API,PRO_SVC,8.3238,0.05579646269812276
1985,Hispanic,FOOD_HYG,25.1824,0.11337780068929655
1985,Hispanic,IP_HIGH,47.7638,0.21504521398132911
1985,Hispanic,MANUF,128.9399,0.5805214071374383
1985,Hispanic,OTHER,9.3886,0.04226995121797484
1985,Hispanic,PRO_SVC,10.8358,0.04878562697396116
1985,Two+,FOOD_HYG,4.4788,0.07038077084449695
1985,Two+,IP_HIGH,16.2068,0.254676939564748
1985,Two+,MANUF,35.7447,0.5616994595885707
1985,Two+,OTHER,3.0388,0.04775231902345659
1985,Two+,PRO_SVC,4.1676,0.06549051097872768
1985,AIAN,FOOD_HYG,1.8537000000000001,0.08629807916127412
1985,AIAN,IP_HIGH,5.7003,0.26537462407240164
1985,AIAN,MANUF,11.418800000000001,0.5315965400694594
1985,AIAN,OTHER,0.8039000000000001,0.03742516363907227
1985,AIAN,PRO_SVC,1.7035,0.07930559305779278
1986,White,FOOD_HYG,175.6326,0.06294944857414782
1986,White,IP_HIGH,784.006,0.28099991333512875
1986,White,MANUF,1535.5605,0.5503687056232311
1986,White,OTHER,132.8537,0.04761682714960242
1986,White,PRO_SVC,162.005,0.058065105317889824
1986,Black,FOOD_HYG,28.7724,0.07344057093558086
1986,Black,IP_HIGH,113.5577,0.28985216117290913
1986,Black,MANUF,203.2106,0.5186881346068436
1986,Black,OTHER,19.8291,0.05061310231814956
1986,Black,PRO_SVC,26.4082,0.06740603096651675
1986,API,FOOD_HYG,12.886800000000001,0.08565258686524745
1986,API,IP_HIGH,36.5409,0.24287042643513676
1986,API,MANUF,86.5038,0.5749506660826575
1986,API,OTHER,4.9652,0.03300138314425045
1986,API,PRO_SVC,9.5576,0.06352493747270765
1986,Hispanic,FOOD_HYG,14.7658,0.07372026261264636
1986,Hispanic,IP_HIGH,53.3746,0.266479942085424
1986,Hispanic,MANUF,110.1725,0.5500511745175866
1986,Hispanic,OTHER,11.4953,0.05739184702563719
1986,Hispanic,PRO_SVC,10.4868,0.05235677375870591
1986,Two+,FOOD_HYG,4.0429,0.06277551337292807
1986,Two+,IP_HIGH,18.5817,0.28852451379993016
1986,Two+,MANUF,34.800200000000004,0.5403547998913086
1986,Two+,OTHER,2.882,0.044749815612747955
1986,Two+,PRO_SVC,4.0957,0.06359535732308529
1986,AIAN,FOOD_HYG,1.6380000000000001,0.07343776620069403
1986,AIAN,IP_HIGH,6.6043,0.2960958726002708
1986,AIAN,MANUF,11.5504,0.5178483362176411
1986,AIAN,OTHER,1.1783000000000001,0.05282766783533442
1986,AIAN,PRO_SVC,1.3336000000000001,0.05979035714605956
1987,White,FOOD_HYG,189.3026,0.062170573150622445
1987,White,IP_HIGH,843.0973,0.2768891835756206
1987,White,MANUF,1696.8404,0.5572746502854765
1987,White,OTHER,143.679,0.047186915444945195
1987,White,PRO_SVC,171.97140000000002,0.05647867754333513
1987,Black,FOOD_HYG,29.0692,0.06653038281541807
1987,Black,IP_HIGH,127.48700000000001,0.2917782021517346
1987,Black,MANUF,230.3693,0.5272438772969291
1987,Black,OTHER,23.9715,0.05486332859727114
1987,Black,PRO_SVC,26.0342,0.05958420913864699
1987,API,FOOD_HYG,16.1191,0.09997339269223159
1987,API,IP_HIGH,37.7599,0.23419330550213077
1987,API,MANUF,89.3566,0.5542047919203096
1987,API,OTHER,6.659800000000001,0.04130520938834823
1987,API,PRO_SVC,11.3385,0.07032330049697985
1987,Hispanic,FOOD_HYG,17.0842,0.07843286686126211
1987,Hispanic,IP_HIGH,52.8219,0.24250319301219264
1987,Hispanic,MANUF,126.31280000000001,0.5798969237818119
1987,Hispanic,OTHER,12.5149,0.05745539653492755
1987,Hispanic,PRO_SVC,9.0856,0.04171161980980573
1987,Two+,FOOD_HYG,4.7219,0.06778456626720489
1987,Two+,IP_HIGH,19.5385,0.28048216777394325
1987,Two+,MANUF,37.6122,0.539936606737831
1987,Two+,OTHER,3.3544,0.04815361381789366
1987,Two+,PRO_SVC,4.4334,0.06364304540312717
1987,AIAN,FOOD_HYG,1.4811,0.06038331233717787
1987,AIAN,IP_HIGH,7.5055000000000005,0.30599348507642193
1987,AIAN,MANUF,12.4852,0.5090120391547722
1987,AIAN,OTHER,1.8546,0.07561062120081702
1987,AIAN,PRO_SVC,1.2019,0.049000542230810934
1988,White,FOOD_HYG,176.63400000000001,0.054254746852647834
1988,White,IP_HIGH,953.2019,0.2927846721693611
1988,White,MANUF,1748.6184,0.5371041171794902
1988,White,OTHER,180.193,0.05534792621816395
1988,White,PRO_SVC,196.9941,0.060508537580336696
1988,Black,FOOD_HYG,23.8533,0.050502477772456526
1988,Black,IP_HIGH,132.6036,0.2807498485135271
1988,Black,MANUF,259.2836,0.5489581838052809
1988,Black,OTHER,25.8298,0.05468714602872548
1988,Black,PRO_SVC,30.749100000000002,0.06510234388001002
1988,API,FOOD_HYG,11.1721,0.057698366053915366
1988,API,IP_HIGH,55.5251,0.2867596553002798
1988,API,MANUF,107.2415,0.5538492604945323
1988,API,OTHER,9.6028,0.04959370839345678
1988,API,PRO_SVC,10.087900000000001,0.05209900975781571
1988,Hispanic,FOOD_HYG,23.1992,0.09018959907008207
1988,Hispanic,IP_HIGH,71.7961,0.27911572268852025
1988,Hispanic,MANUF,135.1037,0.5252314103884896
1988,Hispanic,OTHER,16.5261,0.0642471435735751
1988,Hispanic,PRO_SVC,10.6019,0.04121612427933305
1988,Two+,FOOD_HYG,3.9456,0.05285812464582404
1988,Two+,IP_HIGH,22.063100000000002,0.29557331961508526
1988,Two+,MANUF,39.8579,0.5339653908963884
1988,Two+,OTHER,4.3261,0.057955579133794455
1988,Two+,PRO_SVC,4.4524,0.05964758570890789
1988,AIAN,FOOD_HYG,1.249,0.04762758205176115
1988,AIAN,IP_HIGH,8.1352,0.3102160972838169
1988,AIAN,MANUF,14.156600000000001,0.5398275645107782
1988,AIAN,OTHER,1.1948,0.04556079666568793
1988,AIAN,PRO_SVC,1.4887,0.056767959487955814
1989,White,FOOD_HYG,210.2482,0.05377148358596386
1989,White,IP_HIGH,1082.5766,0.2768715731095371
1989,White,MANUF,2158.2809,0.5519855389404015
1989,White,OTHER,182.5222,0.04668049230088064
1989,White,PRO_SVC,276.4037,0.07069091206321709
1989,Black,FOOD_HYG,34.1501,0.06221145310408738
1989,Black,IP_HIGH,158.3985,0.28855554901765396
1989,Black,MANUF,286.1189,0.521224609284982
1989,Black,OTHER,24.8847,0.04533261533814785
1989,Black,PRO_SVC,45.383700000000005,0.08267577325512869
1989,API,FOOD_HYG,17.1498,0.07739861791083574
1989,API,IP_HIGH,66.6346,0.3007280519330474
1989,API,MANUF,116.1949,0.5243982243692503
1989,API,OTHER,6.8544,0.030934534898834538
1989,API,PRO_SVC,14.7439,0.066540570888032
1989,Hispanic,FOOD_HYG,20.8319,0.07381437395848134
1989,Hispanic,IP_HIGH,76.5218,0.27114227512498223
1989,Hispanic,MANUF,155.0254,0.5493067290387892
1989,Hispanic,OTHER,14.1272,0.0500573842897795
1989,Hispanic,PRO_SVC,15.7138,0.055679237587967695
1989,Two+,FOOD_HYG,5.1886,0.058175074616490303
1989,Two+,IP_HIGH,24.6357,0.27621780166701426
1989,Two+,MANUF,48.6481,0.5454471047007828
1989,Two+,OTHER,3.9015,0.04374398751421133
1989,Two+,PRO_SVC,6.8155,0.07641603150150131
1989,AIAN,FOOD_HYG,1.8751,0.06305230876834304
1989,AIAN,IP_HIGH,8.0521,0.2707607569908671
1989,AIAN,MANUF,16.169900000000002,0.5437307490551065
1989,AIAN,OTHER,1.5477,0.05204312211656153
1989,AIAN,PRO_SVC,2.094,0.07041306306912182
1990,White,FOOD_HYG,349.66360000000003,0.05256883208505317
1990,White,IP_HIGH,1925.3661,0.28946177758609615
1990,White,MANUF,3739.7998000000002,0.5622458492045367
1990,White,OTHER,259.7848,0.0390563488148298
1990,White,PRO_SVC,376.92400000000004,0.05666719230948426
1990,Black,FOOD_HYG,48.5424,0.05021336521838165
1990,Black,IP_HIGH,287.07890000000003,0.29696095891820895
1990,Black,MANUF,532.3696,0.550695251078722
1990,Black,OTHER,41.773,0.0432109435311698
1990,Black,PRO_SVC,56.958800000000004,0.05891948125351769
1990,API,FOOD_HYG,23.2269,0.06012912271473014
1990,API,IP_HIGH,113.0427,0.29264165171867207
1990,API,MANUF,219.1517,0.5673335426786065
1990,API,OTHER,13.757800000000001,0.03561579222731894
1990,API,PRO_SVC,17.1046,0.044279890660672463
1990,Hispanic,FOOD_HYG,35.4582,0.07164459567039388
1990,Hispanic,IP_HIGH,135.8996,0.27459013412322847
1990,Hispanic,MANUF,282.9981,0.571808057092286
1990,Hispanic,OTHER,18.6961,0.03777615685830784
1990,Hispanic,PRO_SVC,21.866,0.044181056255783786
1990,Two+,FOOD_HYG,8.3817,0.05440034165312343
1990,Two+,IP_HIGH,45.0215,0.29220623283296904
1990,Two+,MANUF,85.333,0.5538428187940372
1990,Two+,OTHER,6.4066,0.04158121011667091
1990,Two+,PRO_SVC,8.9316,0.05796939660319949
1990,AIAN,FOOD_HYG,2.4179,0.046278963828948326
1990,AIAN,IP_HIGH,16.2808,0.3116169214220364
1990,AIAN,MANUF,28.5668,0.5467727796471322
1990,AIAN,OTHER,2.0443000000000002,0.0391282045392775
1990,AIAN,PRO_SVC,2.9364,0.05620313056260551
1991,White,FOOD_HYG,338.35020000000003,0.052172439996949385
1991,White,IP_HIGH,1981.6304,0.3055606089197843
1991,White,MANUF,3493.9213,0.5387506771927825
1991,White,OTHER,251.9356,0.038847605156123566
1991,White,PRO_SVC,419.3911,0.06466866873436042
1991,Black,FOOD_HYG,46.8601,0.050770659258745625
1991,Black,IP_HIGH,281.8976,0.3054224595222411
1991,Black,MANUF,497.2094,0.5387024147973511
1991,Black,OTHER,38.0604,0.04123660853586659
1991,Black,PRO_SVC,58.9485,0.06386785788579552
1991,API,FOOD_HYG,37.3965,0.09366610119440465
1991,API,IP_HIGH,109.40050000000001,0.27401276332593866
1991,API,MANUF,220.36,0.5519303159172384
1991,API,OTHER,17.2001,0.04308067084229484
1991,API,PRO_SVC,14.8962,0.03731014872012328
1991,Hispanic,FOOD_HYG,40.4033,0.0787896019480503
1991,Hispanic,IP_HIGH,151.3052,0.29505699981610767
1991,Hispanic,MANUF,273.0618,0.5324919135124636
1991,Hispanic,OTHER,20.226,0.03944228538266096
1991,Hispanic,PRO_SVC,27.8036,0.0542191993407175
1991,Two+,FOOD_HYG,8.2612,0.05490774711543574
1991,Two+,IP_HIGH,44.9584,0.2988142712819694
1991,Two+,MANUF,81.9568,0.5447227096293933
1991,Two+,OTHER,6.1201,0.04067700856064231
1991,Two+,PRO_SVC,9.1595,0.06087826341255914
1991,AIAN,FOOD_HYG,2.3783,0.04742060841460083
1991,AIAN,IP_HIGH,15.7407,0.3138517305939988
1991,AIAN,MANUF,27.3597,0.5455214312916598
1991,AIAN,OTHER,1.9932,0.03974215056636353
1991,AIAN,PRO_SVC,2.6814,0.053464079133377064
1992,White,FOOD_HYG,328.3392,0.055600993267748824
1992,White,IP_HIGH,1815.9094,0.3075062810783537
1992,White,MANUF,3164.4631,0.5358705007478228
1992,White,OTHER,244.0958,0.041335207408941005
1992,White,PRO_SVC,352.4683,0.05968701749713367
1992,Black,FOOD_HYG,45.4724,0.05312626981673514
1992,Black,IP_HIGH,266.0077,0.3107818554448223
1992,Black,MANUF,454.7034,0.5312386307955341
1992,Black,OTHER,35.2435,0.04117565139042814
1992,Black,PRO_SVC,54.5036,0.0636775925524803
1992,API,FOOD_HYG,25.4636,0.07111464120530372
1992,API,IP_HIGH,104.56490000000001,0.2920284384835006
1992,API,MANUF,206.7014,0.5772748510671691
1992,API,OTHER,12.0516,0.033657660737281395
1992,API,PRO_SVC,9.2826,0.025924408506745017
1992,Hispanic,FOOD_HYG,42.4123,0.09169830493816485
1992,Hispanic,IP_HIGH,143.8188,0.3109461212488109
1992,Hispanic,MANUF,235.6652,0.5095243448931939
1992,Hispanic,OTHER,16.0603,0.034723471417452224
1992,Hispanic,PRO_SVC,24.5634,0.05310775750237828
1992,Two+,FOOD_HYG,7.2704,0.052396786891578485
1992,Two+,IP_HIGH,43.4403,0.3130683513432874
1992,Two+,MANUF,74.0279,0.5335090366872638
1992,Two+,OTHER,6.0428,0.04354964016126079
1992,Two+,PRO_SVC,7.9752,0.057476184916609364
1992,AIAN,FOOD_HYG,2.3737,0.04757361915851793
1992,AIAN,IP_HIGH,15.2886,0.3064136301415163
1992,AIAN,MANUF,27.3418,0.5479834774016791
1992,AIAN,OTHER,2.2458,0.04501025146657099
1992,AIAN,PRO_SVC,2.6454,0.053019021831715606
1993,White,FOOD_HYG,366.8852,0.049657106487254125
1993,White,IP_HIGH,2273.8168,0.3077561127298333
1993,White,MANUF,4038.6135,0.5466174722511622
1993,White,OTHER,286.6146,0.03879265697553825
1993,White,PRO_SVC,422.4424,0.05717665155621214
1993,Black,FOOD_HYG,48.3403,0.04489874809989565
1993,Black,IP_HIGH,326.67810000000003,0.3034204943215603
1993,Black,MANUF,594.1775,0.5518754724138193
1993,Black,OTHER,38.3834,0.035650722230055144
1993,Black,PRO_SVC,69.0721,0.06415456293466947
1993,API,FOOD_HYG,31.1553,0.06934280656826189
1993,API,IP_HIGH,113.60300000000001,0.2528478574937252
1993,API,MANUF,276.4836,0.6153735895368266
1993,API,OTHER,14.277000000000001,0.03177652756914795
1993,API,PRO_SVC,13.775,0.03065921883203845
1993,Hispanic,FOOD_HYG,50.9504,0.08774925026216929
1993,Hispanic,IP_HIGH,170.609,0.2938310953001044
1993,Hispanic,MANUF,312.1071,0.5375259865771396
1993,Hispanic,OTHER,20.8462,0.03590233679843992
1993,Hispanic,PRO_SVC,26.1236,0.04499133106214682
1993,Two+,FOOD_HYG,9.2376,0.05318676687261742
1993,Two+,IP_HIGH,51.417500000000004,0.29604340799263945
1993,Two+,MANUF,96.5017,0.5556219603264121
1993,Two+,OTHER,6.4195,0.036961164148563215
1993,Two+,PRO_SVC,10.106,0.058186700659767866
1993,AIAN,FOOD_HYG,2.8223000000000003,0.048762409595256274
1993,AIAN,IP_HIGH,17.4404,0.30132726085288863
1993,AIAN,MANUF,32.5448,0.56229418126907
1993,AIAN,OTHER,1.8076,0.031230886718061596
1993,AIAN,PRO_SVC,3.2635,0.0563852615647234
1994,White,FOOD_HYG,369.5153,0.05125947926437384
1994,White,IP_HIGH,2259.9209,0.3134981650629218
1994,White,MANUF,3824.9164,0.5305956827599924
1994,White,OTHER,298.1657,0.041361801572215036
1994,White,PRO_SVC,456.20300000000003,0.06328487134049697
1994,Black,FOOD_HYG,50.6621,0.047607820289337556
1994,Black,IP_HIGH,329.575,0.3097058229299303
1994,Black,MANUF,575.6558,0.5409510832538493
1994,Black,OTHER,41.7871,0.03926786981219842
1994,Black,PRO_SVC,66.47500000000001,0.06246740371468443
1994,API,FOOD_HYG,35.3035,0.07326111845148404
1994,API,IP_HIGH,136.7088,0.2836953727012971
1994,API,MANUF,266.99420000000003,0.5540610339501529
1994,API,OTHER,18.4218,0.038228551613566614
1994,API,PRO_SVC,24.4576,0.05075392328349926
1994,Hispanic,FOOD_HYG,35.6289,0.06014343715753645
1994,Hispanic,IP_HIGH,182.156,0.30748880652695454
1994,Hispanic,MANUF,314.6274,0.5311074229049756
1994,Hispanic,OTHER,24.6095,0.04154211656066826
1994,Hispanic,PRO_SVC,35.377,0.059718216849865335
1994,Two+,FOOD_HYG,8.9904,0.0533827037047373
1994,Two+,IP_HIGH,52.1873,0.3098748857726283
1994,Two+,MANUF,90.2826,0.536075067348874
1994,Two+,OTHER,6.5465,0.03887144841197975
1994,Two+,PRO_SVC,10.407300000000001,0.061795894761780636
1994,AIAN,FOOD_HYG,2.4094,0.04074819462531076
1994,AIAN,IP_HIGH,19.006800000000002,0.3214463292124
1994,AIAN,MANUF,32.6907,0.5528708417189534
1994,AIAN,OTHER,1.8164,0.030719274805932787
1994,AIAN,PRO_SVC,3.2057,0.05421535963740297
1995,White,FOOD_HYG,430.55740000000003,0.05207399961282912
1995,White,IP_HIGH,2723.9407,0.32944849387600694
1995,White,MANUF,4258.2231,0.5150131156977908
1995,White,OTHER,335.2551,0.040547610951754604
1995,White,PRO_SVC,520.2075,0.06291677986161845
1995,Black,FOOD_HYG,63.0285,0.05394568636499957
1995,Black,IP_HIGH,360.1973,0.30829054436198955
1995,Black,MANUF,614.546,0.5259859551292674
1995,Black,OTHER,52.5423,0.04497061546277822
1995,Black,PRO_SVC,78.0555,0.06680719868096534
1995,API,FOOD_HYG,31.6325,0.06040598474215386
1995,API,IP_HIGH,165.9965,0.3169898694776241
1995,API,MANUF,287.7702,0.5495310933516657
1995,API,OTHER,12.7491,0.02434590816648048
1995,API,PRO_SVC,25.5167,0.04872714426207595
1995,Hispanic,FOOD_HYG,49.952,0.07287001239688831
1995,Hispanic,IP_HIGH,217.264,0.31694487454751646
1995,Hispanic,MANUF,363.3335,0.5300311629004808
1995,Hispanic,OTHER,25.1597,0.03670298788641077
1995,Hispanic,PRO_SVC,29.7854,0.04345096226870349
1995,Two+,FOOD_HYG,10.1691,0.052670534003211276
1995,Two+,IP_HIGH,62.3478,0.32292847153882015
1995,Two+,MANUF,100.2645,0.5193168280934376
1995,Two+,OTHER,7.6668,0.03970994975915471
1995,Two+,PRO_SVC,12.6218,0.06537421660537629
1995,AIAN,FOOD_HYG,3.9148,0.0591644614247651
1995,AIAN,IP_HIGH,20.4462,0.30900388555814656
1995,AIAN,MANUF,34.5343,0.5219176612295048
1995,AIAN,OTHER,2.4607,0.037188615057709075
1995,AIAN,PRO_SVC,4.8121,0.07272537672987435
1996,White,FOOD_HYG,453.1736,0.04962052214122881
1996,White,IP_HIGH,3057.5334000000003,0.3347865007410992
1996,White,MANUF,4469.7467,0.48941766487066846
1996,White,OTHER,366.4363,0.040123168113720575
1996,White,PRO_SVC,785.8958,0.08605214413328298
1996,Black,FOOD_HYG,68.1318,0.05030025424102333
1996,Black,IP_HIGH,443.4636,0.3273997138874868
1996,Black,MANUF,656.1957,0.48445528434396673
1996,Black,OTHER,54.4808,0.04022201220655177
1996,Black,PRO_SVC,132.2302,0.09762273532097145
1996,API,FOOD_HYG,52.3256,0.07865755306787245
1996,API,IP_HIGH,220.4528,0.3313918581910398
1996,API,MANUF,329.91610000000003,0.4959406704117204
1996,API,OTHER,34.3964,0.05170579330850995
1996,API,PRO_SVC,28.1421,0.04230412502085735
1996,Hispanic,FOOD_HYG,54.8245,0.07202218868527338
1996,Hispanic,IP_HIGH,233.2041,0.3063570063088466
1996,Hispanic,MANUF,366.5525,0.4815349582405434
1996,Hispanic,OTHER,46.144600000000004,0.06061952389910471
1996,Hispanic,PRO_SVC,60.4911,0.07946632286623208
1996,Two+,FOOD_HYG,12.1746,0.05513214488524439
1996,Two+,IP_HIGH,73.9705,0.3349721816925378
1996,Two+,MANUF,106.9344,0.48424776452751445
1996,Two+,OTHER,9.2165,0.04173651810612709
1996,Two+,PRO_SVC,18.5298,0.08391139078857635
1996,AIAN,FOOD_HYG,3.6713,0.0478031364419977
1996,AIAN,IP_HIGH,26.7692,0.3485554762735611
1996,AIAN,MANUF,35.6064,0.46362258529903494
1996,AIAN,OTHER,3.6199,0.0471338690944318
1996,AIAN,PRO_SVC,7.1336,0.09288493289097453
1997,White,FOOD_HYG,456.5243,0.04813991166432612
1997,White,IP_HIGH,3033.5818,0.31988737484183744
1997,White,MANUF,4648.2771,0.49015495776524937
1997,White,OTHER,424.5188,0.04476497205481883
1997,White,PRO_SVC,920.3788000000001,0.09705278367376827
1997,Black,FOOD_HYG,63.4816,0.04410068207057904
1997,Black,IP_HIGH,445.8795,0.3097525908497698
1997,Black,MANUF,711.7259,0.49443614586426193
1997,Black,OTHER,67.7609,0.0470735127614348
1997,Black,PRO_SVC,150.6219,0.10463706845395437
1997,API,FOOD_HYG,32.9918,0.04657626648697877
1997,API,IP_HIGH,225.98760000000001,0.3190386302157737
1997,API,MANUF,371.2599,0.5241272085284553
1997,API,OTHER,23.763,0.03354748211768005
1997,API,PRO_SVC,54.337,0.07671041265111227
1997,Hispanic,FOOD_HYG,67.8314,0.07742153598280806
1997,Hispanic,IP_HIGH,253.08280000000002,0.28886414119168724
1997,Hispanic,MANUF,403.7246,0.4608039734701744
1997,Hispanic,OTHER,78.6429,0.08976158699573317
1997,Hispanic,PRO_SVC,72.8492,0.08314876235959717
1997,Two+,FOOD_HYG,10.743,0.04719163017365097
1997,Two+,IP_HIGH,71.7383,0.3151305336392465
1997,Two+,MANUF,113.4551,0.49838323750484853
1997,Two+,OTHER,9.31,0.04089677714946389
1997,Two+,PRO_SVC,22.3999,0.09839782153279011
1997,AIAN,FOOD_HYG,3.7958000000000003,0.047697854111769154
1997,AIAN,IP_HIGH,25.4155,0.3193700435159041
1997,AIAN,MANUF,38.9475,0.489412554143561
1997,AIAN,OTHER,2.9738,0.03736863864207258
1997,AIAN,PRO_SVC,8.4475,0.10615090958669315
1998,White,FOOD_HYG,472.4139,0.04547251026032362
1998,White,IP_HIGH,3431.0741000000003,0.33026029127462303
1998,White,MANUF,4878.6386,0.4695965630878153
1998,White,OTHER,414.1725,0.0398664460461343
1998,White,PRO_SVC,1192.7007,0.11480418933110387
1998,Black,FOOD_HYG,71.0378,0.04611379294317675
1998,Black,IP_HIGH,494.3303,0.32089176607015485
1998,Black,MANUF,728.9536,0.4731961769027657
1998,Black,OTHER,62.746500000000005,0.0407315416427457
1998,Black,PRO_SVC,183.421,0.119066722441157
1998,API,FOOD_HYG,48.2276,0.05886755788178542
1998,API,IP_HIGH,249.8527,0.30497512377083597
1998,API,MANUF,419.7859,0.5123989326901481
1998,API,OTHER,24.3442,0.029715009716132685
1998,API,PRO_SVC,77.04560000000001,0.09404337594109778
1998,Hispanic,FOOD_HYG,64.7483,0.07140986966557025
1998,Hispanic,IP_HIGH,280.2955,0.30913344632748424
1998,Hispanic,MANUF,442.7767,0.4883313760817087
1998,Hispanic,OTHER,39.2532,0.043291729604585175
1998,Hispanic,PRO_SVC,79.6399,0.08783357832065163
1998,Two+,FOOD_HYG,12.2817,0.04862189083679439
1998,Two+,IP_HIGH,81.5443,0.3228248575492654
1998,Two+,MANUF,119.9699,0.4749475546138677
1998,Two+,OTHER,9.6664,0.038268207624741625
1998,Two+,PRO_SVC,29.1338,0.1153374893753308
1998,AIAN,FOOD_HYG,4.6365,0.0539220075989733
1998,AIAN,IP_HIGH,28.5186,0.33166832005005503
1998,AIAN,MANUF,40.5178,0.4712177546627156
1998,AIAN,OTHER,3.2395,0.037675044455273164
1998,AIAN,PRO_SVC,9.0729,0.10551687323298284
1999,White,FOOD_HYG,631.3734000000001,0.036504851661021076
1999,White,IP_HIGH,6270.9105,0.3625725404048373
1999,White,MANUF,6967.2544,0.40283386718001796
1999,White,OTHER,746.0401,0.0431346698857971
1999,White,PRO_SVC,2680.024,0.1549540708683266
1999,Black,FOOD_HYG,94.8575,0.03565160570254306
1999,Black,IP_HIGH,931.3126,0.35002809056753764
1999,Black,MANUF,1119.0796,0.42059915820003274
1999,Black,OTHER,105.5103,0.039655394809656894
1999,Black,PRO_SVC,409.9196,0.1540657507202295
1999,API,FOOD_HYG,52.7256,0.038424472448381715
1999,API,IP_HIGH,514.7522,0.3751324162578306
1999,API,MANUF,552.8855,0.4029225587164441
1999,API,OTHER,57.84,0.04215165851909506
1999,API,PRO_SVC,193.9847,0.1413688940582486
1999,Hispanic,FOOD_HYG,79.6708,0.05010934066594123
1999,Hispanic,IP_HIGH,538.0894000000001,0.3384339689488736
1999,Hispanic,MANUF,687.4942,0.4324028511532297
1999,Hispanic,OTHER,70.3906,0.04427251333085651
1999,Hispanic,PRO_SVC,214.29410000000001,0.13478132590109898
1999,Two+,FOOD_HYG,15.1727,0.035792883602770165
1999,Two+,IP_HIGH,152.8682,0.3606209632540675
1999,Two+,MANUF,173.3142,0.40885372987716284
1999,Two+,OTHER,17.2394,0.040668294870497404
1999,Two+,PRO_SVC,65.3082,0.1540641283955021
1999,AIAN,FOOD_HYG,5.0612,0.0350911738195937
1999,AIAN,IP_HIGH,52.746,0.365707550440269
1999,AIAN,MANUF,59.6861,0.4138258337377799
1999,AIAN,OTHER,6.228800000000001,0.0431865769950773
1999,AIAN,PRO_SVC,20.5079,0.14218886500728
2000,White,FOOD_HYG,626.3979,0.03613246573208593
2000,White,IP_HIGH,6595.7767,0.3804637205668167
2000,White,MANUF,6577.6937,0.37942064015764976
2000,White,OTHER,778.0412,0.044879695473358086
2000,White,PRO_SVC,2758.242,0.15910347807008957
2000,Black,FOOD_HYG,88.3929,0.032448636822021856
2000,Black,IP_HIGH,1016.6386,0.37320346668848686
2000,Black,MANUF,1068.0224,0.39206622902274
2000,Black,OTHER,115.0861,0.04224759072462709
2000,Black,PRO_SVC,435.9467,0.16003407674212428
2000,API,FOOD_HYG,68.5488,0.04414782483304842
2000,API,IP_HIGH,584.3281000000001,0.3763277344581963
2000,API,MANUF,596.7342,0.3843176967866583
2000,API,OTHER,63.4889,0.04088907225280279
2000,API,PRO_SVC,239.6107,0.15431767166929422
2000,Hispanic,FOOD_HYG,94.5427,0.05461181718837928
2000,Hispanic,IP_HIGH,651.5881,0.37638453523459137
2000,Hispanic,MANUF,634.3011,0.3663988411118773
2000,Hispanic,OTHER,89.4674,0.051680111665095285
2000,Hispanic,PRO_SVC,261.2773,0.1509246948000568
2000,Two+,FOOD_HYG,15.6059,0.036235319795115656
2000,Two+,IP_HIGH,164.0869,0.3809931689738601
2000,Two+,MANUF,163.726,0.3801551957128461
2000,Two+,OTHER,19.4294,0.04511309968840119
2000,Two+,PRO_SVC,67.8338,0.15750321582977694
2000,AIAN,FOOD_HYG,5.6101,0.038678261205292414
2000,AIAN,IP_HIGH,54.2973,0.3743471867064979
2000,AIAN,MANUF,57.249700000000004,0.394702206827798
2000,AIAN,OTHER,6.1403,0.04233367092901321
2000,AIAN,PRO_SVC,21.7479,0.14993867433139854
2001,White,FOOD_HYG,611.414,0.04631698762907193
2001,White,IP_HIGH,4678.067,0.35438176320295195
2001,White,MANUF,5773.5541,0.4373691701947904
2001,White,OTHER,505.10630000000003,0.03826376603817756
2001,White,PRO_SVC,1632.5012,0.12366831293500817
2001,Black,FOOD_HYG,91.1478,0.04241328925346947
2001,Black,IP_HIGH,751.9112,0.3498825777311502
2001,Black,MANUF,958.9735000000001,0.44623370440001847
2001,Black,OTHER,79.5555,0.037019109986246405
2001,Black,PRO_SVC,267.4507,0.12445131862911542
2001,API,FOOD_HYG,72.5083,0.06285195776173132
2001,API,IP_HIGH,373.0627,0.3233798208326142
2001,API,MANUF,561.7618,0.48694878966620586
2001,API,OTHER,33.2368,0.028810466522247957
2001,API,PRO_SVC,113.0667,0.0980089652172006
2001,Hispanic,FOOD_HYG,95.657,0.07141931335560646
2001,Hispanic,IP_HIGH,482.6437,0.36035085408709583
2001,Hispanic,MANUF,579.4765,0.4326480418130413
2001,Hispanic,OTHER,50.703,0.03785581238246354
2001,Hispanic,PRO_SVC,130.8914,0.09772597836179296
2001,Two+,FOOD_HYG,15.7048,0.04744122258236994
2001,Two+,IP_HIGH,115.03790000000001,0.34750768041034685
2001,Two+,MANUF,147.70080000000002,0.44617610720251816
2001,Two+,OTHER,12.2661,0.03705356198853904
2001,Two+,PRO_SVC,40.327400000000004,0.12182142781622599
2001,AIAN,FOOD_HYG,5.8087,0.05054005565000704
2001,AIAN,IP_HIGH,38.9664,0.3390369660131242
2001,AIAN,MANUF,52.610800000000005,0.45775350074739457
2001,AIAN,OTHER,4.5022,0.039172523722599155
2001,AIAN,PRO_SVC,13.044500000000001,0.11349695386687503
2002,White,FOOD_HYG,1312.4551000000001,0.08593475689941059
2002,White,IP_HIGH,4502.9665,0.2948377674052924
2002,White,MANUF,6888.1963000000005,0.45101388574429674
2002,White,OTHER,622.0032,0.04072649325882117
2002,White,PRO_SVC,1947.0712,0.12748709669217914
2002,Black,FOOD_HYG,193.3564,0.07875716789718885
2002,Black,IP_HIGH,725.1911,0.2953819848748067
2002,Black,MANUF,1110.0225,0.452129996225402
2002,Black,OTHER,97.6974,0.03979372048155023
2002,Black,PRO_SVC,328.8285,0.13393713052105213
2002,API,FOOD_HYG,173.3451,0.12045120552933565
2002,API,IP_HIGH,331.5405,0.23037543551446626
2002,API,MANUF,737.3214,0.5123378249086793
2002,API,OTHER,39.480000000000004,0.02743321613531719
2002,API,PRO_SVC,157.4443,0.10940231791220162
2002,Hispanic,FOOD_HYG,197.3679,0.11889100385446601
2002,Hispanic,IP_HIGH,497.1754,0.29948984813511054
2002,Hispanic,MANUF,716.0288,0.4313233449852214
2002,Hispanic,OTHER,75.2915,0.045354295286662766
2002,Hispanic,PRO_SVC,174.2107,0.10494150773853916
2002,Two+,FOOD_HYG,33.2805,0.08662855726834694
2002,Two+,IP_HIGH,109.7563,0.28569372215296845
2002,Two+,MANUF,176.2703,0.4588284965147367
2002,Two+,OTHER,15.5189,0.04039542426921919
2002,Two+,PRO_SVC,49.3487,0.12845379979472882
2002,AIAN,FOOD_HYG,10.2361,0.07976519525372114
2002,AIAN,IP_HIGH,35.876400000000004,0.2795681999004114
2002,AIAN,MANUF,60.283100000000005,0.4697583300279986
2002,AIAN,OTHER,5.0061,0.0390102230302218
2002,AIAN,PRO_SVC,16.9262,0.13189805178764713
2003,White,FOOD_HYG,1670.2322,0.0968785696711203
2003,White,IP_HIGH,4531.6756000000005,0.26285102774423574
2003,White,MANUF,7871.457,0.456568551000111
2003,White,OTHER,773.3231000000001,0.04485510207600879
2003,White,PRO_SVC,2393.7834000000003,0.1388467495085242
2003,Black,FOOD_HYG,228.7049,0.08163891591982222
2003,Black,IP_HIGH,744.2596,0.2656722567243663
2003,Black,MANUF,1299.7529,0.46396215262394946
2003,Black,OTHER,117.51180000000001,0.04194722526621409
2003,Black,PRO_SVC,411.1909,0.14677944946564778
2003,API,FOOD_HYG,210.91670000000002,0.1304958437054569
2003,API,IP_HIGH,341.7293,0.21143064215576662
2003,API,MANUF,830.8557000000001,0.5140570451224961
2003,API,OTHER,59.508,0.036818073994256156
2003,API,PRO_SVC,173.2617,0.10719839502202412
2003,Hispanic,FOOD_HYG,231.2948,0.12293398626052929
2003,Hispanic,IP_HIGH,496.5722,0.263929841968608
2003,Hispanic,MANUF,849.3102,0.4514113091073702
2003,Hispanic,OTHER,71.121,0.03780105751117233
2003,Hispanic,PRO_SVC,233.1571,0.12392380515232013
2003,Two+,FOOD_HYG,41.1734,0.0946033009391078
2003,Two+,IP_HIGH,112.0894,0.25754558137739486
2003,Two+,MANUF,203.345,0.46722175553786854
2003,Two+,OTHER,19.3064,0.04435993066520596
2003,Two+,PRO_SVC,59.3074,0.13626943148042286
2003,AIAN,FOOD_HYG,12.822700000000001,0.08564070402940824
2003,AIAN,IP_HIGH,40.0491,0.2674813510215613
2003,AIAN,MANUF,70.0673,0.4679679709764524
2003,AIAN,OTHER,5.9435,0.03969565882371013
2003,AIAN,PRO_SVC,20.8441,0.1392143151488679
2004,White,FOOD_HYG,1860.4414,0.09767615670075891
2004,White,IP_HIGH,4708.6579,0.24721209003985098
2004,White,MANUF,9009.1043,0.4729924217662975
2004,White,OTHER,793.9398,0.04168311257520349
2004,White,PRO_SVC,2674.8939,0.14043621891788913
2004,Black,FOOD_HYG,270.55740000000003,0.08800680719158101
2004,Black,IP_HIGH,760.6257,0.2474160356540288
2004,Black,MANUF,1461.3220000000001,0.47533825908592975
2004,Black,OTHER,124.0374,0.0403468378478837
2004,Black,PRO_SVC,457.73560000000003,0.14889206022057666
2004,API,FOOD_HYG,244.25990000000002,0.13711468615874783
2004,API,IP_HIGH,385.91200000000003,0.21663073949057826
2004,API,MANUF,916.7045,0.5145897866076743
2004,API,OTHER,47.902,0.02688966832614088
2004,API,PRO_SVC,186.6493,0.10477511941685873
2004,Hispanic,FOOD_HYG,273.4714,0.12487691944139703
2004,Hispanic,IP_HIGH,533.541,0.24363409290946847
2004,Hispanic,MANUF,1021.3041000000001,0.46636434311181535
2004,Hispanic,OTHER,90.0518,0.041120904687483945
2004,Hispanic,PRO_SVC,271.55920000000003,0.12400373984983522
2004,Two+,FOOD_HYG,49.5686,0.1022567465675358
2004,Two+,IP_HIGH,116.72840000000001,0.24080297640106735
2004,Two+,MANUF,232.2019,0.47901717701932855
2004,Two+,OTHER,19.0874,0.039376045004966505
2004,Two+,PRO_SVC,67.1602,0.13854705500710163
2004,AIAN,FOOD_HYG,15.8909,0.09817597030545885
2004,AIAN,IP_HIGH,37.885400000000004,0.23406074579856592
2004,AIAN,MANUF,76.571,0.4730652274106117
2004,AIAN,OTHER,6.9678,0.04304794101620275
2004,AIAN,PRO_SVC,24.546300000000002,0.15165011546916063
2005,White,FOOD_HYG,1910.5617,0.09486950846181874
2005,White,IP_HIGH,5031.5701,0.2498441071953783
2005,White,MANUF,9350.2349,0.46428869005672146
2005,White,OTHER,859.9894,0.042703028989000684
2005,White,PRO_SVC,2986.4823,0.1482946652970809
2005,Black,FOOD_HYG,275.7053,0.08341549919737196
2005,Black,IP_HIGH,838.0346000000001,0.2535499843625419
2005,Black,MANUF,1547.8443,0.4683051249443037
2005,Black,OTHER,130.8012,0.039574311388338515
2005,Black,PRO_SVC,512.8193,0.15515508010744386
2005,API,FOOD_HYG,251.1988,0.12680428800440346
2005,API,IP_HIGH,399.1266,0.20147773132920355
2005,API,MANUF,1038.4532,0.5242075943511448
2005,API,OTHER,62.3357,0.03146684640116152
2005,API,PRO_SVC,229.8818,0.11604353991408667
2005,Hispanic,FOOD_HYG,287.025,0.11785103760237468
2005,Hispanic,IP_HIGH,585.3435000000001,0.24033913014129646
2005,Hispanic,MANUF,1095.9491,0.4499912502199763
2005,Hispanic,OTHER,120.8015,0.04960049514475487
2005,Hispanic,PRO_SVC,346.3707,0.14221808689159776
2005,Two+,FOOD_HYG,48.4313,0.09428496227339997
2005,Two+,IP_HIGH,126.5239,0.24631387425453025
2005,Two+,MANUF,241.949,0.4710208550480134
2005,Two+,OTHER,20.8292,0.04054981667196839
2005,Two+,PRO_SVC,75.936,0.14783049175208804
2005,AIAN,FOOD_HYG,14.227400000000001,0.08216303246812498
2005,AIAN,IP_HIGH,42.216300000000004,0.2437985315366198
2005,AIAN,MANUF,82.4263,0.476010709133602
2005,AIAN,OTHER,8.166,0.047158533754214305
2005,AIAN,PRO_SVC,26.1246,0.15086919310743901
2006,White,FOOD_HYG,2138.3868,0.10102434184353867
2006,White,IP_HIGH,5369.0622,0.2536519469125145
2006,White,MANUF,9207.0418,0.43497057603000056
2006,White,OTHER,1057.4421,0.04995700131994333
2006,White,PRO_SVC,3395.1122,0.160396133894003
2006,Black,FOOD_HYG,323.4312,0.09134377281961928
2006,Black,IP_HIGH,931.3001,0.26301873400367287
2006,Black,MANUF,1532.0051,0.4326704591668897
2006,Black,OTHER,171.9293,0.04855645008965174
2006,Black,PRO_SVC,582.1471,0.1644105839201666
2006,API,FOOD_HYG,303.5437,0.1318514151614422
2006,API,IP_HIGH,486.0863,0.21114312880020022
2006,API,MANUF,1126.8659,0.4894809663721309
2006,API,OTHER,83.5956,0.03631173422894251
2006,API,PRO_SVC,302.0734,0.13121275543728428
2006,Hispanic,FOOD_HYG,310.498,0.11612458389357729
2006,Hispanic,IP_HIGH,688.7208,0.2575778791452817
2006,Hispanic,MANUF,1136.8067,0.4251595984674
2006,Hispanic,OTHER,123.9556,0.04635872846613733
2006,Hispanic,PRO_SVC,413.8541,0.1547792100276038
2006,Two+,FOOD_HYG,59.4974,0.10740357039510535
2006,Two+,IP_HIGH,138.55100000000002,0.2501096196104745
2006,Two+,MANUF,241.70080000000002,0.4363136689561776
2006,Two+,OTHER,27.424400000000002,0.049506003219359634
2006,Two+,PRO_SVC,86.78750000000001,0.15666713781888297
2006,AIAN,FOOD_HYG,17.381,0.09253762651982178
2006,AIAN,IP_HIGH,48.202600000000004,0.2566339218735609
2006,AIAN,MANUF,80.5129,0.42865615731130313
2006,AIAN,OTHER,10.8567,0.057801809437762454
2006,AIAN,PRO_SVC,30.8731,0.16437048485755193
2007,White,FOOD_HYG,2406.9162,0.10122736034033429
2007,White,IP_HIGH,5877.6744,0.24719658476350698
2007,White,MANUF,10421.7549,0.438306385008728
2007,White,OTHER,1254.4035000000001,0.0527562842057719
2007,White,PRO_SVC,3816.5795000000003,0.1605133856816589
2007,Black,FOOD_HYG,362.3748,0.09037927516965998
2007,Black,IP_HIGH,1001.937,0.24989138269455716
2007,Black,MANUF,1774.6789,0.4426196099753335
2007,Black,OTHER,205.2988,0.05120322035969661
2007,Black,PRO_SVC,665.2005,0.16590651180075272
2007,API,FOOD_HYG,347.0322,0.1384731002455415
2007,API,IP_HIGH,514.9729,0.20548494925092606
2007,API,MANUF,1232.2611,0.49169793128413225
2007,API,OTHER,97.5667,0.038931152295742795
2007,API,PRO_SVC,314.30150000000003,0.1254128669236574
2007,Hispanic,FOOD_HYG,405.2169,0.12996752647248236
2007,Hispanic,IP_HIGH,800.39,0.25671364771141125
2007,Hispanic,MANUF,1337.1586,0.42887450089916646
2007,Hispanic,OTHER,137.2977,0.04403627405313288
2007,Hispanic,PRO_SVC,437.7687,0.140408050863807
2007,Two+,FOOD_HYG,64.7127,0.10476735526486207
2007,Two+,IP_HIGH,147.1411,0.23821574277943272
2007,Two+,MANUF,278.2994,0.4505559513016449
2007,Two+,OTHER,30.0287,0.04861530242196607
2007,Two+,PRO_SVC,97.49810000000001,0.15784564823209432
2007,AIAN,FOOD_HYG,20.484,0.09623289827143468
2007,AIAN,IP_HIGH,52.0536,0.2445454400245046
2007,AIAN,MANUF,94.0311,0.4417538215510203
2007,AIAN,OTHER,11.965,0.05621102459567056
2007,AIAN,PRO_SVC,34.3249,0.16125681555737004
2008,White,FOOD_HYG,2276.4388,0.10045565864220385
2008,White,IP_HIGH,5523.5217,0.24374431256311638
2008,White,MANUF,10165.6072,0.44859223396382536
2008,White,OTHER,1106.1707000000001,0.048813570669770566
2008,White,PRO_SVC,3589.3922000000002,0.15839422416108404
2008,Black,FOOD_HYG,335.4896,0.08860629544663354
2008,Black,IP_HIGH,956.7631,0.25269109358691594
2008,Black,MANUF,1685.5819000000001,0.4451797248883361
2008,Black,OTHER,178.2784,0.047085181126786384
2008,Black,PRO_SVC,630.1823,0.166437704951328
2008,API,FOOD_HYG,324.2221,0.14403581547168848
2008,API,IP_HIGH,466.3704,0.2071852624354032
2008,API,MANUF,1097.0368,0.4873590976384757
2008,API,OTHER,79.9479,0.03551689095761518
2008,API,PRO_SVC,283.4053,0.1259029334968175
2008,Hispanic,FOOD_HYG,402.3216,0.13331165381839513
2008,Hispanic,IP_HIGH,755.8290000000001,0.2504484322837844
2008,Hispanic,MANUF,1292.8521,0.42839422887954604
2008,Hispanic,OTHER,135.6072,0.04493425185642996
2008,Hispanic,PRO_SVC,431.2928,0.1429114331618445
2008,Two+,FOOD_HYG,61.1976,0.10382880334138266
2008,Two+,IP_HIGH,140.604,0.23855094096846555
2008,Two+,MANUF,269.6816,0.4575460117911392
2008,Two+,OTHER,26.2133,0.04447389392114504
2008,Two+,PRO_SVC,91.7122,0.15560034997786765
2008,AIAN,FOOD_HYG,20.092,0.1006095057255081
2008,AIAN,IP_HIGH,46.8862,0.23477988290599833
2008,AIAN,MANUF,89.12650000000001,0.44629569540336944
2008,AIAN,OTHER,10.6658,0.05340836483013759
2008,AIAN,PRO_SVC,32.9323,0.1649065511349866
2009,White,FOOD_HYG,2184.402,0.10174861144876805
2009,White,IP_HIGH,5511.3334,0.2567158062852981
2009,White,MANUF,9359.1815,0.4359471021918119
2009,White,OTHER,980.8999,0.04568994296619186
2009,White,PRO_SVC,3432.8005000000003,0.1598985371079301
2009,Black,FOOD_HYG,308.5477,0.0861494977855882
2009,Black,IP_HIGH,968.1264,0.2703102410193609
2009,Black,MANUF,1560.567,0.43572537831512603
2009,Black,OTHER,156.7699,0.04377167015957949
2009,Black,PRO_SVC,587.527,0.16404321272034528
2009,API,FOOD_HYG,310.65250000000003,0.14054171802441512
2009,API,IP_HIGH,469.2731,0.21230296777474236
2009,API,MANUF,1058.3356,0.4787996345447089
2009,API,OTHER,79.2086,0.03583461496787789
2009,API,PRO_SVC,292.9237,0.13252106468825572
2009,Hispanic,FOOD_HYG,375.9781,0.12950502672385106
2009,Hispanic,IP_HIGH,776.2326,0.26737201876099803
2009,Hispanic,MANUF,1259.3451,0.4337793100982501
2009,Hispanic,OTHER,138.393,0.047669237020437946
2009,Hispanic,PRO_SVC,353.2443,0.12167440739646289
2009,Two+,FOOD_HYG,55.9782,0.0998100374540383
2009,Two+,IP_HIGH,143.1421,0.2552246832204268
2009,Two+,MANUF,248.621,0.44329527069217045
2009,Two+,OTHER,25.0207,0.04461231343855744
2009,Two+,PRO_SVC,88.0854,0.15705769519480703
2009,AIAN,FOOD_HYG,18.5595,0.09770554251727002
2009,AIAN,IP_HIGH,47.0026,0.24744279386417933
2009,AIAN,MANUF,85.3531,0.44933704792859724
2009,AIAN,OTHER,8.9441,0.047085758928242405
2009,AIAN,PRO_SVC,30.0941,0.15842885676171103
2010,White,FOOD_HYG,2370.9132,0.10992114628465696
2010,White,IP_HIGH,5602.1291,0.25972796149038
2010,White,MANUF,9440.8102,0.4376983008234471
2010,White,OTHER,896.8675000000001,0.04158089957298082
2010,White,PRO_SVC,3258.4983,0.1510716918285351
2010,Black,FOOD_HYG,351.0733,0.09685648790977157
2010,Black,IP_HIGH,975.0161,0.26899406790970043
2010,Black,MANUF,1584.5184,0.4371477046315131
2010,Black,OTHER,141.4473,0.03902344240453442
2010,Black,PRO_SVC,572.62,0.15797829714448064
2010,API,FOOD_HYG,365.26890000000003,0.15423878830703727
2010,API,IP_HIGH,499.5461,0.21093880472031992
2010,API,MANUF,1138.5055,0.4807464002571738
2010,API,OTHER,64.0801,0.027058523128012754
2010,API,PRO_SVC,300.8033,0.1270174835874563
2010,Hispanic,FOOD_HYG,420.3838,0.1411482753964039
2010,Hispanic,IP_HIGH,724.909,0.24339580918515827
2010,Hispanic,MANUF,1304.7713,0.4380906656767552
2010,Hispanic,OTHER,130.68970000000002,0.043880439177421696
2010,Hispanic,PRO_SVC,397.5596,0.13348481056426095
2010,Two+,FOOD_HYG,66.1266,0.11602928868090392
2010,Two+,IP_HIGH,142.6528,0.25030627481738443
2010,Two+,MANUF,252.165,0.442462270557085
2010,Two+,OTHER,23.1049,0.040541100132827294
2010,Two+,PRO_SVC,85.86370000000001,0.15066106581179936
2010,AIAN,FOOD_HYG,21.3032,0.10794978909881041
2010,AIAN,IP_HIGH,51.6862,0.2619096844285804
2010,AIAN,MANUF,84.3693,0.4275248855296042
2010,AIAN,OTHER,8.7301,0.0442380700463557
2010,AIAN,PRO_SVC,31.2548,0.1583775708966493
2011,White,FOOD_HYG,2669.7972,0.11269880899336426
2011,White,IP_HIGH,6100.8778,0.25753329199463404
2011,White,MANUF,10162.7324,0.4289943212159614
2011,White,OTHER,1008.2921,0.042562528265224844
2011,White,PRO_SVC,3747.967,0.15821104953081547
2011,Black,FOOD_HYG,391.9962,0.09611501783760003
2011,Black,IP_HIGH,1081.3565,0.2651418541463023
2011,Black,MANUF,1762.9964,0.4322756966358976
2011,Black,OTHER,167.6839,0.041115044073331164
2011,Black,PRO_SVC,674.3744,0.16535238730686885
2011,API,FOOD_HYG,380.7266,0.14764650768856094
2011,API,IP_HIGH,613.0395,0.23773789708977924
2011,API,MANUF,1200.3254,0.46548849857056207
2011,API,OTHER,72.0667,0.02794760485776201
2011,API,PRO_SVC,312.4778,0.1211794917933357
2011,Hispanic,FOOD_HYG,491.4794,0.14649127076623153
2011,Hispanic,IP_HIGH,792.5882,0.23624032383111088
2011,Hispanic,MANUF,1462.0866,0.4357922712615806
2011,Hispanic,OTHER,136.5015,0.04068589282988616
2011,Hispanic,PRO_SVC,472.3524,0.14079024131119086
2011,Two+,FOOD_HYG,73.6166,0.11714673266141919
2011,Two+,IP_HIGH,160.0388,0.25467112742308573
2011,Two+,MANUF,270.7124,0.43078698487747563
2011,Two+,OTHER,26.1747,0.04165202662704945
2011,Two+,PRO_SVC,97.8711,0.1557431284109701
2011,AIAN,FOOD_HYG,24.491,0.11475859974921887
2011,AIAN,IP_HIGH,53.9538,0.2528137903372425
2011,AIAN,MANUF,89.7456,0.42052506592844296
2011,AIAN,OTHER,9.2062,0.0431379127439165
2011,AIAN,PRO_SVC,36.016600000000004,0.16876463124117907
2012,White,FOOD_HYG,2711.3961,0.11466256729426094
2012,White,IP_HIGH,6242.4554,0.2639879737172753
2012,White,MANUF,10318.9349,0.4363787228934747
2012,White,OTHER,900.414,0.038077719764992905
2012,White,PRO_SVC,3473.5412,0.14689301632999618
2012,Black,FOOD_HYG,416.5597,0.1003564202172269
2012,Black,IP_HIGH,1073.9949,0.25874390512466416
2012,Black,MANUF,1892.2389,0.4558730049973226
2012,Black,OTHER,147.2741,0.035480872169616734
2012,Black,PRO_SVC,620.7351,0.14954579749116959
2012,API,FOOD_HYG,409.94620000000003,0.14523078340148565
2012,API,IP_HIGH,683.0025,0.24196586805823106
2012,API,MANUF,1345.3206,0.47660391696314464
2012,API,OTHER,75.2748,0.026667446056068213
2012,API,PRO_SVC,309.1784,0.10953198552107053
2012,Hispanic,FOOD_HYG,473.2274,0.1370474636638908
2012,Hispanic,IP_HIGH,870.5035,0.2520993010665481
2012,Hispanic,MANUF,1522.6857,0.44097238059815674
2012,Hispanic,OTHER,152.56470000000002,0.04418299781382567
2012,Hispanic,PRO_SVC,434.03700000000003,0.12569785685757878
2012,Two+,FOOD_HYG,72.5388,0.11415986611567697
2012,Two+,IP_HIGH,162.28040000000001,0.25539309634565927
2012,Two+,MANUF,283.8448,0.44670830459879557
2012,Two+,OTHER,23.6163,0.037166780345796485
2012,Two+,PRO_SVC,93.1339,0.14657195259407169
2012,AIAN,FOOD_HYG,22.4482,0.1035002487432587
2012,AIAN,IP_HIGH,56.844500000000004,0.2620887148941193
2012,AIAN,MANUF,96.3285,0.44413466162387166
2012,AIAN,OTHER,9.2347,0.042577745523889265
2012,AIAN,PRO_SVC,32.0344,0.14769862921486115
2013,White,FOOD_HYG,2802.0293,0.12147303669696746
2013,White,IP_HIGH,5879.7595,0.25489820592270146
2013,White,MANUF,10182.9908,0.44145106374629345
2013,White,OTHER,963.8887,0.041786318018477625
2013,White,PRO_SVC,3238.4203,0.1403913756155599
2013,Black,FOOD_HYG,416.49920000000003,0.10062881897973827
2013,Black,IP_HIGH,1044.8698,0.2524470970450731
2013,Black,MANUF,1927.3698,0.46566463203582226
2013,Black,OTHER,158.7784,0.03836185728926364
2013,Black,PRO_SVC,591.4482,0.14289759465010266
2013,API,FOOD_HYG,449.60790000000003,0.1449955968358621
2013,API,IP_HIGH,691.125,0.2228832764352788
2013,API,MANUF,1511.7854,0.48754086919011547
2013,API,OTHER,100.49600000000001,0.032409300414020306
2013,API,PRO_SVC,347.824,0.11217095712472334
2013,Hispanic,FOOD_HYG,511.4894,0.14665405214977076
2013,Hispanic,IP_HIGH,830.7382,0.23818895035871063
2013,Hispanic,MANUF,1557.1027000000001,0.44645191194255224
2013,Hispanic,OTHER,164.4874,0.04716176667117677
2013,Hispanic,PRO_SVC,423.91,0.1215433188777897
2013,Two+,FOOD_HYG,77.7512,0.12296894809161464
2013,Two+,IP_HIGH,155.0817,0.24527252977779582
2013,Two+,MANUF,286.2428,0.4527129615336925
2013,Two+,OTHER,26.0292,0.04116699605493235
2013,Two+,PRO_SVC,87.17830000000001,0.13787856454196476
2013,AIAN,FOOD_HYG,23.2557,0.11037482646922722
2013,AIAN,IP_HIGH,51.6524,0.24514956276177935
2013,AIAN,MANUF,97.8082,0.46421148803379253
2013,AIAN,OTHER,8.4627,0.04016516569964048
2013,AIAN,PRO_SVC,29.5185,0.14009895703556047
2014,White,FOOD_HYG,2759.6962,0.11627551987736268
2014,White,IP_HIGH,6194.7007,0.2610041077627177
2014,White,MANUF,10286.169100000001,0.4333917840844089
2014,White,OTHER,960.1856,0.0404559312792319
2014,White,PRO_SVC,3533.3603000000003,0.14887265699627886
2014,Black,FOOD_HYG,414.9053,0.09594347209555948
2014,Black,IP_HIGH,1118.2785000000001,0.258592797102891
2014,Black,MANUF,1972.7481,0.45618193424841275
2014,Black,OTHER,151.7482,0.03509053558065269
2014,Black,PRO_SVC,666.7965,0.1541912609724839
2014,API,FOOD_HYG,486.9076,0.12439551023270591
2014,API,IP_HIGH,1014.1389,0.25909294887230166
2014,API,MANUF,1905.2503,0.486754741945938
2014,API,OTHER,107.4238,0.027444711095362142
2014,API,PRO_SVC,400.4689,0.10231208785369232
2014,Hispanic,FOOD_HYG,524.7085,0.13753815462068286
2014,Hispanic,IP_HIGH,941.7322,0.24684964877617926
2014,Hispanic,MANUF,1730.938,0.4537186233552832
2014,Hispanic,OTHER,141.752,0.03715645638252676
2014,Hispanic,PRO_SVC,475.8725,0.12473711686532792
2014,Two+,FOOD_HYG,81.2804,0.12199106203743282
2014,Two+,IP_HIGH,169.0537,0.25372710277456256
2014,Two+,MANUF,292.85880000000003,0.4395420795051222
2014,Two+,OTHER,25.5731,0.03838181933885012
2014,Two+,PRO_SVC,97.5156,0.14635793634403232
2014,AIAN,FOOD_HYG,25.0899,0.10827100569449935
2014,AIAN,IP_HIGH,56.3116,0.24300270484403563
2014,AIAN,MANUF,104.0335,0.448938085481357
2014,AIAN,OTHER,8.9279,0.03852676621827591
2014,AIAN,PRO_SVC,37.3695,0.16126143776183222
2015,White,FOOD_HYG,3019.5961,0.11445638204773965
2015,White,IP_HIGH,6987.587,0.2648612267262562
2015,White,MANUF,11530.3601,0.4370529226586342
2015,White,OTHER,1102.5656000000001,0.04179223491058798
2015,White,PRO_SVC,3741.9596,0.1418372336567818
2015,Black,FOOD_HYG,496.2805,0.1006419252204156
2015,Black,IP_HIGH,1305.9117,0.2648289982295613
2015,Black,MANUF,2240.0027,0.4542555756813516
2015,Black,OTHER,181.3874,0.03678399039802211
2015,Black,PRO_SVC,707.5684,0.14348951047064937
2015,API,FOOD_HYG,507.3147,0.08845347220643329
2015,API,IP_HIGH,1573.564,0.2743606671343133
2015,API,MANUF,3079.7958,0.5369815465563879
2015,API,OTHER,134.028,0.02336861512761968
2015,API,PRO_SVC,440.6823,0.07683569897524573
2015,Hispanic,FOOD_HYG,554.9431,0.12952043491213225
2015,Hispanic,IP_HIGH,1085.3408,0.2533121187449336
2015,Hispanic,MANUF,1902.7327,0.4440865501806144
2015,Hispanic,OTHER,178.3918,0.04163559024476224
2015,Hispanic,PRO_SVC,563.1904,0.13144530591755754
2015,Two+,FOOD_HYG,85.0413,0.11111397108781321
2015,Two+,IP_HIGH,200.4942,0.2619633841683304
2015,Two+,MANUF,345.6732,0.4516525729337612
2015,Two+,OTHER,29.4667,0.038500846669245005
2015,Two+,PRO_SVC,104.67660000000001,0.13676922514085024
2015,AIAN,FOOD_HYG,31.2246,0.12336526582246474
2015,AIAN,IP_HIGH,65.2375,0.25774682555078504
2015,AIAN,MANUF,111.8837,0.44204128769306567
2015,AIAN,OTHER,10.413400000000001,0.041142299953102826
2015,AIAN,PRO_SVC,34.3477,0.13570432098058174
2016,White,FOOD_HYG,3055.1435,0.11547899609430959
2016,White,IP_HIGH,6898.0348,0.2607334594030073
2016,White,MANUF,11805.1347,0.4462131169662239
2016,White,OTHER,1084.548,0.04099398743662655
2016,White,PRO_SVC,3613.409,0.13658044009983267
2016,Black,FOOD_HYG,500.9116,0.09663857196925864
2016,Black,IP_HIGH,1336.6591,0.2578754946655547
2016,Black,MANUF,2420.7679,0.46702762109126855
2016,Black,OTHER,190.711,0.03679299640661004
2016,Black,PRO_SVC,734.301,0.1416653158673079
2016,API,FOOD_HYG,554.8433,0.06859860524746784
2016,API,IP_HIGH,1932.8266,0.2389669460642409
2016,API,MANUF,5010.1159,0.6194306804608833
2016,API,OTHER,131.97220000000002,0.016316514683406787
2016,API,PRO_SVC,458.50120000000004,0.05668725354400117
2016,Hispanic,FOOD_HYG,610.7667,0.13727501167732825
2016,Hispanic,IP_HIGH,1082.7763,0.2433631847093731
2016,Hispanic,MANUF,2055.0086,0.46188066501007663
2016,Hispanic,OTHER,190.52270000000001,0.042821597620328854
2016,Hispanic,PRO_SVC,510.1455,0.11465954098289323
2016,Two+,FOOD_HYG,89.7818,0.1094494636559606
2016,Two+,IP_HIGH,205.9444,0.2510587237385373
2016,Two+,MANUF,388.9995,0.4742140014728692
2016,Two+,OTHER,30.0917,0.03668360876587537
2016,Two+,PRO_SVC,105.4863,0.1285942023667576
2016,AIAN,FOOD_HYG,28.4654,0.1071617609744675
2016,AIAN,IP_HIGH,66.1135,0.24889300990625313
2016,AIAN,MANUF,125.17060000000001,0.4712212692683287
2016,AIAN,OTHER,10.2314,0.038517457728827524
2016,AIAN,PRO_SVC,35.649300000000004,0.13420650212212318
2017,White,FOOD_HYG,3353.7354,0.11170277246838733
2017,White,IP_HIGH,7683.562,0.25591618761359264
2017,White,MANUF,13652.0143,0.4547072637537446
2017,White,OTHER,1216.7523,0.040526335296841534
2017,White,PRO_SVC,4117.6796,0.13714744086743402
2017,Black,FOOD_HYG,582.1801,0.09568395865726591
2017,Black,IP_HIGH,1508.8758,0.24799062981738643
2017,Black,MANUF,2930.6896,0.4816722222619412
2017,Black,OTHER,235.4322,0.03869435745294138
2017,Black,PRO_SVC,827.2288,0.13595883181046498
2017,API,FOOD_HYG,603.5118,0.06549579548547123
2017,API,IP_HIGH,2036.3382000000001,0.2209925146226679
2017,API,MANUF,5913.9299,0.6418060810837722
2017,API,OTHER,145.6048,0.015801683086400203
2017,API,PRO_SVC,515.1274,0.05590392572168851
2017,Hispanic,FOOD_HYG,700.8819,0.13552872854932732
2017,Hispanic,IP_HIGH,1170.3285,0.22630507877295938
2017,Hispanic,MANUF,2451.3916,0.4740227800496791
2017,Hispanic,OTHER,228.5386,0.0441922467714508
2017,Hispanic,PRO_SVC,620.3231000000001,0.11995116585658332
2017,Two+,FOOD_HYG,98.15050000000001,0.10418012253388119
2017,Two+,IP_HIGH,231.1175,0.245315606845857
2017,Two+,MANUF,460.40950000000004,0.4886935688128229
2017,Two+,OTHER,33.3003,0.035346017946062465
2017,Two+,PRO_SVC,119.1453,0.1264646838613765
2017,AIAN,FOOD_HYG,35.4749,0.11451705945832874
2017,AIAN,IP_HIGH,73.7232,0.23798697326442816
2017,AIAN,MANUF,149.625,0.48300671803028167
2017,AIAN,OTHER,11.9595,0.038606642234139704
2017,AIAN,PRO_SVC,38.9957,0.12588260701282175
2018,White,FOOD_HYG,3389.156,0.1087791351694847
2018,White,IP_HIGH,7943.2808,0.2549493784978834
2018,White,MANUF,14445.7448,0.46365396760228234
2018,White,OTHER,1254.0765000000001,0.04025112951613154
2018,White,PRO_SVC,4124.0477,0.1323663892142181
2018,Black,FOOD_HYG,597.5342,0.09229168087001964
2018,Black,IP_HIGH,1695.3277,0.26185052346544246
2018,Black,MANUF,3092.3606,0.4776281552256296
2018,Black,OTHER,239.0572,0.03692339419581416
2018,Black,PRO_SVC,850.1305,0.13130624624309406
2018,API,FOOD_HYG,667.9014,0.07101088649149948
2018,API,IP_HIGH,1897.0395,0.20169213091092625
2018,API,MANUF,6166.4832,0.6556168898087927
2018,API,OTHER,152.0884,0.016169949799586837
2018,API,PRO_SVC,522.1073,0.05551014298919461
2018,Hispanic,FOOD_HYG,737.9806,0.13367804820861456
2018,Hispanic,IP_HIGH,1254.3175,0.22720748381991193
2018,Hispanic,MANUF,2628.7421,0.4761712071724035
2018,Hispanic,OTHER,240.672,0.04359540510748342
2018,Hispanic,PRO_SVC,658.8696,0.11934785569158674
2018,Two+,FOOD_HYG,104.22970000000001,0.10579023288330826
2018,Two+,IP_HIGH,240.4429,0.2440428245129555
2018,Two+,MANUF,487.7649,0.49506774329489156
2018,Two+,OTHER,34.8771,0.035399281886971085
2018,Two+,PRO_SVC,117.9342,0.11969991742187354
2018,AIAN,FOOD_HYG,34.4512,0.10798547497065374
2018,AIAN,IP_HIGH,78.6093,0.24639671760666132
2018,AIAN,MANUF,153.9385,0.48251213422957634
2018,AIAN,OTHER,12.7919,0.040095537957374645
2018,AIAN,PRO_SVC,39.2446,0.12301013523573394
2019,White,FOOD_HYG,3466.9251,0.1071000892190511
2019,White,IP_HIGH,8096.101000000001,0.25010437618812387
2019,White,MANUF,15086.7582,0.4660594338326637
2019,White,OTHER,1329.9122,0.041083585934263346
2019,White,PRO_SVC,4391.1925,0.13565251482589805
2019,Black,FOOD_HYG,661.2926,0.09321118814585112
2019,Black,IP_HIGH,1761.535,0.2482936756142468
2019,Black,MANUF,3462.6366000000003,0.4880690810744144
2019,Black,OTHER,260.2934,0.036689140450873466
2019,Black,PRO_SVC,948.8049,0.13373691471461416
2019,API,FOOD_HYG,709.3348,0.05341000906570283
2019,API,IP_HIGH,2216.9336,0.16692603221223773
2019,API,MANUF,9661.6968,0.7274862500445094
2019,API,OTHER,172.7065,0.013004093032945524
2019,API,PRO_SVC,520.2622,0.039173615644604635
2019,Hispanic,FOOD_HYG,787.8494000000001,0.13323982664485018
2019,Hispanic,IP_HIGH,1340.849,0.22676223186426325
2019,Hispanic,MANUF,2823.6755000000003,0.4775354707654923
2019,Hispanic,OTHER,258.755,0.043760230500255765
2019,Hispanic,PRO_SVC,701.8884,0.11870224022513852
2019,Two+,FOOD_HYG,109.4163,0.09957829323659237
2019,Two+,IP_HIGH,248.8872,0.22650887102227377
2019,Two+,MANUF,575.163,0.5234480591359622
2019,Two+,OTHER,37.3329,0.03397616683777809
2019,Two+,PRO_SVC,127.9973,0.11648860976739374
2019,AIAN,FOOD_HYG,32.8772,0.09744900756865066
2019,AIAN,IP_HIGH,80.0619,0.23730587455928578
2019,AIAN,MANUF,167.29330000000002,0.49586236230228076
2019,AIAN,OTHER,14.067,0.041695010203673326
2019,AIAN,PRO_SVC,43.079100000000004,0.1276877453661096
2020,White,FOOD_HYG,4139.1465,0.0933847901789553
2020,White,IP_HIGH,10421.8459,0.23513105724789052
2020,White,MANUF,22021.8772,0.49684358397769196
2020,White,OTHER,1851.8791,0.041780918165204496
2020,White,PRO_SVC,5888.8129,0.13285965043025785
2020,Black,FOOD_HYG,1008.4977,0.08609985490369845
2020,Black,IP_HIGH,2600.2249,0.22199256042624968
2020,Black,MANUF,6098.7682,0.520678487527825
2020,Black,OTHER,444.7779,0.03797263261420596
2020,Black,PRO_SVC,1560.8486,0.1332564645280211
2020,API,FOOD_HYG,659.0282,0.018908205234385522
2020,API,IP_HIGH,4214.8583,0.12092867311331028
2020,API,MANUF,29067.672300000002,0.8339817833808373
2020,API,OTHER,222.3589,0.006379708359812535
2020,API,PRO_SVC,690.1677,0.01980162991165449
2020,Hispanic,FOOD_HYG,1011.8198,0.11474112717354655
2020,Hispanic,IP_HIGH,1813.6794,0.20567260957676614
2020,Hispanic,MANUF,4600.3785,0.5216863857723968
2020,Hispanic,OTHER,372.7119,0.04226581009483523
2020,Hispanic,PRO_SVC,1019.6940000000001,0.11563406738245524
2020,Two+,FOOD_HYG,136.00560000000002,0.07508149457031332
2020,Two+,IP_HIGH,356.6453,0.19688499705510484
2020,Two+,MANUF,1077.1399000000001,0.5946319383416406
2020,Two+,OTHER,55.280100000000004,0.03051721787923716
2020,Two+,PRO_SVC,186.3688,0.10288435215370403
2020,AIAN,FOOD_HYG,43.6799,0.08844557557487225
2020,AIAN,IP_HIGH,104.5408,0.2116802288251027
2020,AIAN,MANUF,257.2061,0.5208057151199555
2020,AIAN,OTHER,21.3389,0.04320823290883544
2020,AIAN,PRO_SVC,67.0962,0.13586024757123397
2021,White,FOOD_HYG,4099.9246,0.10204141741181748
2021,White,IP_HIGH,9594.928600000001,0.2388044195518097
2021,White,MANUF,18879.4955,0.46988436832229297
2021,White,OTHER,1885.7948000000001,0.04693480810350387
2021,White,PRO_SVC,5718.8809,0.1423349866105758
2021,Black,FOOD_HYG,970.9413000000001,0.0918514234312219
2021,Black,IP_HIGH,2464.4739,0.23314018646039136
2021,Black,MANUF,5195.1891000000005,0.4914669031272731
2021,Black,OTHER,445.7006,0.04216344956605477
2021,Black,PRO_SVC,1494.4763,0.14137803741505878
2021,API,FOOD_HYG,705.8533,0.02053619834474913
2021,API,IP_HIGH,4003.2047000000002,0.11646981849320806
2021,API,MANUF,28690.3088,0.8347200078102651
2021,API,OTHER,315.6794,0.009184422275494637
2021,API,PRO_SVC,656.1304,0.01908955307628311
2021,Hispanic,FOOD_HYG,1113.4204,0.13165452258521276
2021,Hispanic,IP_HIGH,1800.9988,0.21295607408535097
2021,Hispanic,MANUF,4067.9555,0.48100855638210915
2021,Hispanic,OTHER,424.51210000000003,0.05019571929627489
2021,Hispanic,PRO_SVC,1050.2507,0.12418512765105214
2021,Two+,FOOD_HYG,133.4134,0.07915928232407772
2021,Two+,IP_HIGH,332.91700000000003,0.19753241273728864
2021,Two+,MANUF,983.2177,0.5833807361204373
2021,Two+,OTHER,58.04,0.034437355963414996
2021,Two+,PRO_SVC,177.791,0.10549021285478147
2021,AIAN,FOOD_HYG,44.4081,0.09732454533181617
2021,AIAN,IP_HIGH,102.4477,0.22452381035870264
2021,AIAN,MANUF,226.6307,0.4966825834865988
2021,AIAN,OTHER,23.2572,0.05097035035705457
2021,AIAN,PRO_SVC,59.5451,0.13049871046582778
2022,White,FOOD_HYG,3198.6308,0.10406641946472153
2022,White,IP_HIGH,7691.2077,0.2502309571640766
2022,White,MANUF,13907.9662,0.4524911860632272
2022,White,OTHER,1489.3857,0.048456682465809406
2022,White,PRO_SVC,4449.2452,0.14475475484216524
2022,Black,FOOD_HYG,682.0945,0.09256210219416156
2022,Black,IP_HIGH,1835.779,0.24912026618583744
2022,Black,MANUF,3392.9317,0.4604301761020068
2022,Black,OTHER,325.2925,0.04414308813220792
2022,Black,PRO_SVC,1132.9495,0.1537443673857863
2022,API,FOOD_HYG,640.0614,0.029627185004165023
2022,API,IP_HIGH,2571.3927,0.1190247173806441
2022,API,MANUF,17502.9598,0.8101776300134068
2022,API,OTHER,277.567,0.012848031235833113
2022,API,PRO_SVC,611.8738,0.028322436365950932
2022,Hispanic,FOOD_HYG,910.715,0.13654826251607569
2022,Hispanic,IP_HIGH,1481.4245,0.2221177223651155
2022,Hispanic,MANUF,3056.9393,0.45834289545259344
2022,Hispanic,OTHER,356.544,0.053458506459794435
2022,Hispanic,PRO_SVC,863.9238,0.12953261320642098
2022,Two+,FOOD_HYG,105.7791,0.0870147158782478
2022,Two+,IP_HIGH,252.4925,0.20770230743964055
2022,Two+,MANUF,668.6935,0.5500725087671486
2022,Two+,OTHER,45.5495,0.03746937533876019
2022,Two+,PRO_SVC,143.1315,0.1177410925762029
2022,AIAN,FOOD_HYG,34.2735,0.10127480343997766
2022,AIAN,IP_HIGH,78.5492,0.2321051188343033
2022,AIAN,MANUF,159.2273,0.47050092665699034
2022,AIAN,OTHER,16.5448,0.0488882480036688
2022,AIAN,PRO_SVC,49.826,0.14723090306505981
2023,White,FOOD_HYG,3251.0771,0.10429358185075766
2023,White,IP_HIGH,7424.1346,0.2381640194187157
2023,White,MANUF,14352.8707,0.46043580299704095
2023,White,OTHER,1543.1692,0.049504406791757785
2023,White,PRO_SVC,4601.1086000000005,0.14760218894172794
2023,Black,FOOD_HYG,647.7584,0.09236106804825722
2023,Black,IP_HIGH,1661.9665,0.23697261355533772
2023,Black,MANUF,3242.2751,0.46230198040236903
2023,Black,OTHER,329.3745,0.0469640850784192
2023,Black,PRO_SVC,1131.9528,0.16140025291561683
2023,API,FOOD_HYG,670.5979,0.037245702862160716
2023,API,IP_HIGH,2047.7573,0.11373456422935489
2023,API,MANUF,14273.5447,0.7927674761372933
2023,API,OTHER,305.8781,0.016988786908879797
2023,API,PRO_SVC,706.9272,0.03926346986231132
2023,Hispanic,FOOD_HYG,886.7023,0.12882987845825308
2023,Hispanic,IP_HIGH,1373.6944,0.19958545567185618
2023,Hispanic,MANUF,3300.4962,0.47953244769741343
2023,Hispanic,OTHER,370.467,0.05382552699231032
2023,Hispanic,PRO_SVC,951.3781,0.13822669118016695
2023,Two+,FOOD_HYG,105.5224,0.09012842068311382
2023,Two+,IP_HIGH,237.2182,0.2026119736026761
2023,Two+,MANUF,633.6766,0.5412336260532857
2023,Two+,OTHER,47.7402,0.04077569150337739
2023,Two+,PRO_SVC,146.6431,0.1252502881575469
2023,AIAN,FOOD_HYG,34.2624,0.10247232304574504
2023,AIAN,IP_HIGH,77.8667,0.23288449253134966
2023,AIAN,MANUF,158.6609,0.4745245808679091
2023,AIAN,OTHER,16.1331,0.04825103422204251
2023,AIAN,PRO_SVC,47.4345,0.1418675693329537
2024,White,FOOD_HYG,3240.4711,0.10174555706974266
2024,White,IP_HIGH,7787.920700000001,0.2445281274184115
2024,White,MANUF,14377.2988,0.45142395362333043
2024,White,OTHER,1750.0156,0.0549476624256084
2024,White,PRO_SVC,4693.0663,0.1473546994629071
2024,Black,FOOD_HYG,662.1649,0.09545725381534988
2024,Black,IP_HIGH,1729.8222,0.24937002369172231
2024,Black,MANUF,3125.0173,0.4505004260773402
2024,Black,OTHER,345.66110000000003,0.049830275444671016
2024,Black,PRO_SVC,1074.1033,0.1548420209709166
2024,API,FOOD_HYG,817.2919,0.030289404995042558
2024,API,IP_HIGH,3236.955,0.11996379866939581
2024,API,MANUF,21766.8986,0.8066963678233259
2024,API,OTHER,423.4081,0.015691798021100514
2024,API,PRO_SVC,738.2115,0.027358630491135245
2024,Hispanic,FOOD_HYG,976.7676,0.13457724973835927
2024,Hispanic,IP_HIGH,1518.5901000000001,0.20922856075273175
2024,Hispanic,MANUF,3378.9904,0.4655511044022329
2024,Hispanic,OTHER,417.0153,0.05745560374117325
2024,Hispanic,PRO_SVC,966.6806,0.13318748136550287
2024,Two+,FOOD_HYG,112.9853,0.08568679736690406
2024,Two+,IP_HIGH,263.379,0.19974371005518265
2024,Two+,MANUF,740.0416,0.5612393348716999
2024,Two+,OTHER,53.4209,0.04051381758031926
2024,Two+,PRO_SVC,148.7579,0.11281634012589407
2024,AIAN,FOOD_HYG,34.224000000000004,0.09973975105862741
2024,AIAN,IP_HIGH,80.4328,0.2344070666476264
2024,AIAN,MANUF,159.4966,0.46482442668003365
2024,AIAN,OTHER,18.4192,0.05367947705408689
2024,AIAN,PRO_SVC,50.5604,0.14734927855962557
2025,White,FOOD_HYG,4806.5387,0.10670122709308039
2025,White,IP_HIGH,12955.7007,0.28760595697287955
2025,White,MANUF,18469.9512,0.4100178070737915
2025,White,OTHER,2323.8806,0.05158824824146405
2025,White,PRO_SVC,6490.6338000000005,0.14408676061878445
2025,Black,FOOD_HYG,981.9397,0.0999322627298292
2025,Black,IP_HIGH,2870.324,0.2921136319141942
2025,Black,MANUF,4043.7608,0.41153460511086815
2025,Black,OTHER,460.2312,0.046837850832250255
2025,Black,PRO_SVC,1469.7972,0.14958164941285837
2025,API,FOOD_HYG,1149.5038,0.040425551391884064
2025,API,IP_HIGH,3849.1102,0.1353648436857061
2025,API,MANUF,22167.8717,0.7795958888148454
2025,API,OTHER,395.0027,0.013891386830372342
2025,API,PRO_SVC,873.5919,0.03072232927719216
2025,Hispanic,FOOD_HYG,1379.6747,0.13906895032345237
2025,Hispanic,IP_HIGH,2465.9912,0.24856787450757103
2025,Hispanic,MANUF,4270.8396,0.4304936375015308
2025,Hispanic,OTHER,582.1511,0.0586798775150716
2025,Hispanic,PRO_SVC,1222.1395,0.12318966015237427
2025,Two+,FOOD_HYG,163.9682,0.09628425147112994
2025,Two+,IP_HIGH,414.9499,0.24366395752054498
2025,Two+,MANUF,859.0889,0.5044681327455958
2025,Two+,OTHER,69.7631,0.040965796195881796
2025,Two+,PRO_SVC,195.1896,0.11461786206684751
2025,AIAN,FOOD_HYG,44.4319,0.09899591288910436
2025,AIAN,IP_HIGH,125.092,0.2787095923227196
2025,AIAN,MANUF,190.8894,0.42530862767186184
2025,AIAN,OTHER,22.2429,0.04955800203909937
2025,AIAN,PRO_SVC,66.1694,0.14742786507721484
2026,White,FOOD_HYG,1455.441,0.1003499255153424
2026,White,IP_HIGH,4731.6859,0.3262408628223308
2026,White,MANUF,5643.4435,0.3891048382414974
2026,White,OTHER,712.884,0.049152013926417736
2026,White,PRO_SVC,1960.2036,0.13515235949441168
2026,Black,FOOD_HYG,309.5931,0.09577779131428897
2026,Black,IP_HIGH,1048.3812,0.3243342173692626
2026,Black,MANUF,1284.7758000000001,0.3974668313281164
2026,Black,OTHER,153.9331,0.04762177299223263
2026,Black,PRO_SVC,435.7269,0.13479938699609928
2026,API,FOOD_HYG,309.1494,0.049146991616427424
2026,API,IP_HIGH,939.8472,0.14941210450068088
2026,API,MANUF,4742.4792,0.7539351054327824
2026,API,OTHER,87.7706,0.013953321411488442
2026,API,PRO_SVC,211.0552,0.033552477038620854
2026,Hispanic,FOOD_HYG,452.2083,0.13779724631792983
2026,Hispanic,IP_HIGH,933.9174,0.28458399814510393
2026,Hispanic,MANUF,1335.8562,0.40706308538948477
2026,Hispanic,OTHER,177.0199,0.053941634338589776
2026,Hispanic,PRO_SVC,382.6915,0.11661403580889172
2026,Two+,FOOD_HYG,47.9866,0.09523297314632823
2026,Two+,IP_HIGH,143.8947,0.2855697236519978
2026,Two+,MANUF,233.7243,0.4638432392698037
2026,Two+,OTHER,20.0913,0.03987267765115312
2026,Two+,PRO_SVC,58.1895,0.11548138628071725
2026,AIAN,FOOD_HYG,15.110800000000001,0.10401013201910767
2026,AIAN,IP_HIGH,46.6124,0.32084084745529384
2026,AIAN,MANUF,59.610800000000005,0.41031098140168776
2026,AIAN,OTHER,6.2408,0.04295645709723159
2026,AIAN,PRO_SVC,17.7072,0.12188158202667915
